,year,month,Vessel Type,Country,CO2eq,Vessel
0,2009,1,Cargo,Cook Islands,5762.0,23
1,2009,1,Cargo,Fiji,4756.0,22
2,2009,1,Cargo,Kiribati,8441.0,58
3,2009,1,Cargo,Marshall Islands,4713.0,39
4,2009,1,Cargo,Micronesia,71055.0,343
5,2009,1,Cargo,Nauru,284.0,4
6,2009,1,Cargo,Niue,948.0,8
7,2009,1,Cargo,Palau,14188.0,122
8,2009,1,Cargo,Papua New Guinea,172276.0,521
9,2009,1,Cargo,Samoa,1220.0,7
10,2009,1,Cargo,Solomon Islands,6930.0,62
11,2009,1,Cargo,Tokelau,504.0,5
12,2009,1,Cargo,Tonga,790.0,8
13,2009,1,Cargo,Tuvalu,516.0,8
14,2009,1,Cargo,Vanuatu,2143.0,24
15,2009,1,Fishing,Fiji,15.0,1
16,2009,1,Fishing,Kiribati,1013.0,15
17,2009,1,Fishing,Marshall Islands,558.0,7
18,2009,1,Fishing,Micronesia,983.0,17
19,2009,1,Fishing,Nauru,106.0,3
20,2009,1,Fishing,Palau,11.0,1
21,2009,1,Fishing,Papua New Guinea,2086.0,19
22,2009,1,Fishing,Solomon Islands,542.0,16
23,2009,1,Fishing,Tuvalu,10.0,1
24,2009,1,Fishing,Vanuatu,22.0,1
25,2009,1,Others,Cook Islands,267.0,12
26,2009,1,Others,Fiji,567.0,9
27,2009,1,Others,Kiribati,1058.0,17
28,2009,1,Others,Marshall Islands,1264.0,29
29,2009,1,Others,Micronesia,3401.0,91
30,2009,1,Others,Nauru,34.0,2
31,2009,1,Others,Palau,822.0,27
32,2009,1,Others,Papua New Guinea,6571.0,131
33,2009,1,Others,Samoa,66.0,4
34,2009,1,Others,Solomon Islands,937.0,32
35,2009,1,Others,Tokelau,32.0,2
36,2009,1,Others,Tonga,429.0,3
37,2009,1,Others,Tuvalu,69.0,4
38,2009,1,Others,Vanuatu,190.0,10
39,2009,1,Passenger,Cook Islands,752.0,5
40,2009,1,Passenger,Fiji,2031.0,3
41,2009,1,Passenger,Kiribati,1381.0,2
42,2009,1,Passenger,Marshall Islands,153.0,2
43,2009,1,Passenger,Micronesia,924.0,3
44,2009,1,Passenger,Niue,238.0,2
45,2009,1,Passenger,Palau,242.0,1
46,2009,1,Passenger,Papua New Guinea,1427.0,7
47,2009,1,Passenger,Solomon Islands,812.0,2
48,2009,1,Passenger,Tonga,0.0,1
49,2009,1,Passenger,Vanuatu,5026.0,5
50,2009,1,Tanker,Cook Islands,1194.0,9
51,2009,1,Tanker,Fiji,2423.0,10
52,2009,1,Tanker,Kiribati,879.0,12
53,2009,1,Tanker,Marshall Islands,2242.0,13
54,2009,1,Tanker,Micronesia,7704.0,40
55,2009,1,Tanker,Nauru,119.0,4
56,2009,1,Tanker,Niue,402.0,5
57,2009,1,Tanker,Palau,2593.0,21
58,2009,1,Tanker,Papua New Guinea,17271.0,76
59,2009,1,Tanker,Solomon Islands,1476.0,11
60,2009,1,Tanker,Tokelau,120.0,1
61,2009,1,Tanker,Tonga,643.0,5
62,2009,1,Tanker,Tuvalu,17.0,1
63,2009,1,Tanker,Vanuatu,990.0,7
64,2009,2,Cargo,Cook Islands,5203.0,28
65,2009,2,Cargo,Fiji,3921.0,21
66,2009,2,Cargo,Kiribati,7827.0,51
67,2009,2,Cargo,Marshall Islands,3422.0,30
68,2009,2,Cargo,Micronesia,60657.0,327
69,2009,2,Cargo,Nauru,338.0,5
70,2009,2,Cargo,Niue,929.0,11
71,2009,2,Cargo,Palau,12487.0,108
72,2009,2,Cargo,Papua New Guinea,149575.0,469
73,2009,2,Cargo,Samoa,145.0,4
74,2009,2,Cargo,Solomon Islands,7800.0,68
75,2009,2,Cargo,Tokelau,533.0,5
76,2009,2,Cargo,Tonga,1480.0,13
77,2009,2,Cargo,Tuvalu,110.0,2
78,2009,2,Cargo,Vanuatu,2605.0,21
79,2009,2,Fishing,Cook Islands,19.0,1
80,2009,2,Fishing,Fiji,34.0,1
81,2009,2,Fishing,Kiribati,637.0,11
82,2009,2,Fishing,Marshall Islands,211.0,6
83,2009,2,Fishing,Micronesia,994.0,15
84,2009,2,Fishing,Nauru,78.0,1
85,2009,2,Fishing,Niue,11.0,1
86,2009,2,Fishing,Palau,44.0,4
87,2009,2,Fishing,Papua New Guinea,1695.0,14
88,2009,2,Fishing,Solomon Islands,911.0,13
89,2009,2,Fishing,Tonga,16.0,1
90,2009,2,Fishing,Tuvalu,81.0,3
91,2009,2,Fishing,Vanuatu,33.0,1
92,2009,2,Others,Fiji,63.0,1
93,2009,2,Others,Kiribati,50.0,2
94,2009,2,Others,Marshall Islands,293.0,4
95,2009,2,Others,Micronesia,625.0,7
96,2009,2,Others,Nauru,51.0,1
97,2009,2,Others,Palau,468.0,4
98,2009,2,Others,Papua New Guinea,941.0,7
99,2009,2,Others,Solomon Islands,137.0,2
100,2009,2,Others,Tonga,275.0,1
101,2009,2,Others,Tuvalu,107.0,1
102,2009,2,Others,Vanuatu,202.0,2
103,2009,2,Passenger,Cook Islands,757.0,5
104,2009,2,Passenger,Fiji,3498.0,6
105,2009,2,Passenger,Kiribati,330.0,1
106,2009,2,Passenger,Marshall Islands,26.0,1
107,2009,2,Passenger,Micronesia,1259.0,2
108,2009,2,Passenger,Nauru,2.0,1
109,2009,2,Passenger,Niue,551.0,2
110,2009,2,Passenger,Palau,347.0,1
111,2009,2,Passenger,Papua New Guinea,8063.0,11
112,2009,2,Passenger,Samoa,438.0,4
113,2009,2,Passenger,Solomon Islands,311.0,2
114,2009,2,Passenger,Tokelau,930.0,3
115,2009,2,Passenger,Tonga,5523.0,6
116,2009,2,Passenger,Tuvalu,216.0,1
117,2009,2,Passenger,Vanuatu,2229.0,5
118,2009,2,Tanker,Cook Islands,663.0,5
119,2009,2,Tanker,Fiji,1403.0,8
120,2009,2,Tanker,Kiribati,388.0,9
121,2009,2,Tanker,Marshall Islands,694.0,6
122,2009,2,Tanker,Micronesia,3452.0,23
123,2009,2,Tanker,Nauru,75.0,3
124,2009,2,Tanker,Niue,117.0,3
125,2009,2,Tanker,Palau,1294.0,20
126,2009,2,Tanker,Papua New Guinea,16063.0,71
127,2009,2,Tanker,Samoa,255.0,3
128,2009,2,Tanker,Solomon Islands,2348.0,17
129,2009,2,Tanker,Tokelau,113.0,2
130,2009,2,Tanker,Tonga,496.0,6
131,2009,2,Tanker,Tuvalu,432.0,3
132,2009,2,Tanker,Vanuatu,353.0,2
133,2009,3,Cargo,Cook Islands,7510.0,34
134,2009,3,Cargo,Fiji,5063.0,24
135,2009,3,Cargo,Kiribati,6992.0,55
136,2009,3,Cargo,Marshall Islands,3878.0,30
137,2009,3,Cargo,Micronesia,72217.0,387
138,2009,3,Cargo,Nauru,489.0,8
139,2009,3,Cargo,Niue,1254.0,10
140,2009,3,Cargo,Palau,16372.0,136
141,2009,3,Cargo,Papua New Guinea,180937.0,541
142,2009,3,Cargo,Samoa,479.0,10
143,2009,3,Cargo,Solomon Islands,9898.0,79
144,2009,3,Cargo,Tokelau,853.0,8
145,2009,3,Cargo,Tonga,1405.0,12
146,2009,3,Cargo,Tuvalu,1268.0,11
147,2009,3,Cargo,Vanuatu,2783.0,25
148,2009,3,Fishing,Cook Islands,24.0,2
149,2009,3,Fishing,Fiji,0.0,1
150,2009,3,Fishing,Kiribati,1085.0,22
151,2009,3,Fishing,Marshall Islands,603.0,18
152,2009,3,Fishing,Micronesia,995.0,22
153,2009,3,Fishing,Nauru,221.0,9
154,2009,3,Fishing,Papua New Guinea,1462.0,19
155,2009,3,Fishing,Solomon Islands,1355.0,21
156,2009,3,Fishing,Tokelau,13.0,1
157,2009,3,Fishing,Tuvalu,225.0,6
158,2009,3,Fishing,Vanuatu,6.0,1
159,2009,3,Others,Cook Islands,156.0,6
160,2009,3,Others,Fiji,561.0,8
161,2009,3,Others,Kiribati,1693.0,27
162,2009,3,Others,Marshall Islands,763.0,23
163,2009,3,Others,Micronesia,2904.0,69
164,2009,3,Others,Nauru,30.0,2
165,2009,3,Others,Niue,0.0,1
166,2009,3,Others,Palau,662.0,27
167,2009,3,Others,Papua New Guinea,4914.0,105
168,2009,3,Others,Samoa,25.0,4
169,2009,3,Others,Solomon Islands,1122.0,29
170,2009,3,Others,Tokelau,22.0,1
171,2009,3,Others,Tonga,115.0,4
172,2009,3,Others,Tuvalu,22.0,4
173,2009,3,Others,Vanuatu,219.0,6
174,2009,3,Passenger,Cook Islands,472.0,2
175,2009,3,Passenger,Fiji,3251.0,5
176,2009,3,Passenger,Kiribati,822.0,2
177,2009,3,Passenger,Micronesia,3628.0,6
178,2009,3,Passenger,Nauru,14.0,1
179,2009,3,Passenger,Palau,108.0,2
180,2009,3,Passenger,Papua New Guinea,2276.0,10
181,2009,3,Passenger,Samoa,636.0,3
182,2009,3,Passenger,Solomon Islands,122.0,3
183,2009,3,Passenger,Tokelau,323.0,1
184,2009,3,Passenger,Tonga,1144.0,4
185,2009,3,Passenger,Vanuatu,1724.0,3
186,2009,3,Tanker,Cook Islands,1119.0,7
187,2009,3,Tanker,Fiji,1914.0,7
188,2009,3,Tanker,Kiribati,1052.0,11
189,2009,3,Tanker,Marshall Islands,624.0,6
190,2009,3,Tanker,Micronesia,7117.0,35
191,2009,3,Tanker,Nauru,221.0,2
192,2009,3,Tanker,Niue,451.0,4
193,2009,3,Tanker,Palau,1378.0,15
194,2009,3,Tanker,Papua New Guinea,25103.0,89
195,2009,3,Tanker,Samoa,207.0,3
196,2009,3,Tanker,Solomon Islands,2058.0,15
197,2009,3,Tanker,Tonga,675.0,6
198,2009,3,Tanker,Tuvalu,44.0,1
199,2009,3,Tanker,Vanuatu,889.0,7
200,2009,4,Cargo,Cook Islands,5355.0,28
201,2009,4,Cargo,Fiji,3567.0,19
202,2009,4,Cargo,Kiribati,5989.0,48
203,2009,4,Cargo,Marshall Islands,3178.0,25
204,2009,4,Cargo,Micronesia,66921.0,380
205,2009,4,Cargo,Nauru,337.0,6
206,2009,4,Cargo,Niue,907.0,9
207,2009,4,Cargo,Palau,15427.0,139
208,2009,4,Cargo,Papua New Guinea,176590.0,548
209,2009,4,Cargo,Samoa,261.0,6
210,2009,4,Cargo,Solomon Islands,9980.0,76
211,2009,4,Cargo,Tokelau,89.0,1
212,2009,4,Cargo,Tonga,656.0,8
213,2009,4,Cargo,Tuvalu,51.0,3
214,2009,4,Cargo,Vanuatu,3379.0,29
215,2009,4,Fishing,Fiji,40.0,2
216,2009,4,Fishing,Kiribati,406.0,15
217,2009,4,Fishing,Marshall Islands,427.0,11
218,2009,4,Fishing,Micronesia,1752.0,23
219,2009,4,Fishing,Nauru,77.0,9
220,2009,4,Fishing,Papua New Guinea,943.0,17
221,2009,4,Fishing,Solomon Islands,1332.0,21
222,2009,4,Fishing,Tuvalu,193.0,4
223,2009,4,Fishing,Vanuatu,38.0,2
224,2009,4,Others,Cook Islands,179.0,6
225,2009,4,Others,Fiji,588.0,11
226,2009,4,Others,Kiribati,909.0,16
227,2009,4,Others,Marshall Islands,491.0,15
228,2009,4,Others,Micronesia,2973.0,56
229,2009,4,Others,Nauru,279.0,5
230,2009,4,Others,Niue,32.0,2
231,2009,4,Others,Palau,320.0,22
232,2009,4,Others,Papua New Guinea,3211.0,91
233,2009,4,Others,Samoa,186.0,7
234,2009,4,Others,Solomon Islands,776.0,21
235,2009,4,Others,Tokelau,10.0,1
236,2009,4,Others,Tonga,200.0,6
237,2009,4,Others,Tuvalu,308.0,2
238,2009,4,Others,Vanuatu,237.0,10
239,2009,4,Passenger,Cook Islands,1314.0,4
240,2009,4,Passenger,Fiji,750.0,4
241,2009,4,Passenger,Kiribati,3422.0,2
242,2009,4,Passenger,Micronesia,80.0,3
243,2009,4,Passenger,Niue,66.0,1
244,2009,4,Passenger,Papua New Guinea,550.0,10
245,2009,4,Passenger,Solomon Islands,78.0,2
246,2009,4,Passenger,Tonga,60.0,1
247,2009,4,Passenger,Vanuatu,3696.0,5
248,2009,4,Tanker,Cook Islands,653.0,3
249,2009,4,Tanker,Fiji,2059.0,9
250,2009,4,Tanker,Kiribati,1213.0,13
251,2009,4,Tanker,Marshall Islands,1895.0,8
252,2009,4,Tanker,Micronesia,4544.0,28
253,2009,4,Tanker,Nauru,81.0,2
254,2009,4,Tanker,Niue,75.0,2
255,2009,4,Tanker,Palau,2242.0,26
256,2009,4,Tanker,Papua New Guinea,18704.0,73
257,2009,4,Tanker,Samoa,169.0,2
258,2009,4,Tanker,Solomon Islands,1645.0,13
259,2009,4,Tanker,Tonga,870.0,7
260,2009,4,Tanker,Tuvalu,33.0,2
261,2009,4,Tanker,Vanuatu,722.0,5
262,2009,5,Cargo,Cook Islands,5802.0,28
263,2009,5,Cargo,Fiji,5289.0,27
264,2009,5,Cargo,Kiribati,5079.0,36
265,2009,5,Cargo,Marshall Islands,2581.0,24
266,2009,5,Cargo,Micronesia,66694.0,391
267,2009,5,Cargo,Nauru,546.0,9
268,2009,5,Cargo,Niue,1320.0,14
269,2009,5,Cargo,Palau,16355.0,144
270,2009,5,Cargo,Papua New Guinea,181565.0,581
271,2009,5,Cargo,Samoa,332.0,9
272,2009,5,Cargo,Solomon Islands,10209.0,93
273,2009,5,Cargo,Tokelau,295.0,3
274,2009,5,Cargo,Tonga,2159.0,15
275,2009,5,Cargo,Tuvalu,316.0,5
276,2009,5,Cargo,Vanuatu,2913.0,25
277,2009,5,Fishing,Fiji,11.0,1
278,2009,5,Fishing,Kiribati,1153.0,20
279,2009,5,Fishing,Marshall Islands,275.0,9
280,2009,5,Fishing,Micronesia,1064.0,19
281,2009,5,Fishing,Nauru,281.0,10
282,2009,5,Fishing,Papua New Guinea,357.0,12
283,2009,5,Fishing,Solomon Islands,1026.0,15
284,2009,5,Fishing,Tonga,10.0,1
285,2009,5,Fishing,Tuvalu,285.0,6
286,2009,5,Others,Cook Islands,121.0,4
287,2009,5,Others,Fiji,540.0,10
288,2009,5,Others,Kiribati,1003.0,26
289,2009,5,Others,Marshall Islands,328.0,11
290,2009,5,Others,Micronesia,1374.0,43
291,2009,5,Others,Nauru,66.0,2
292,2009,5,Others,Niue,74.0,3
293,2009,5,Others,Palau,243.0,13
294,2009,5,Others,Papua New Guinea,2479.0,68
295,2009,5,Others,Samoa,74.0,3
296,2009,5,Others,Solomon Islands,812.0,17
297,2009,5,Others,Tokelau,21.0,2
298,2009,5,Others,Tonga,222.0,7
299,2009,5,Others,Vanuatu,400.0,9
300,2009,5,Passenger,Cook Islands,163.0,1
301,2009,5,Passenger,Fiji,1200.0,4
302,2009,5,Passenger,Micronesia,7.0,1
303,2009,5,Passenger,Niue,92.0,1
304,2009,5,Passenger,Papua New Guinea,322.0,6
305,2009,5,Passenger,Samoa,273.0,2
306,2009,5,Passenger,Tonga,382.0,2
307,2009,5,Passenger,Vanuatu,2639.0,2
308,2009,5,Tanker,Cook Islands,209.0,2
309,2009,5,Tanker,Fiji,2273.0,10
310,2009,5,Tanker,Kiribati,468.0,8
311,2009,5,Tanker,Marshall Islands,1214.0,4
312,2009,5,Tanker,Micronesia,4186.0,30
313,2009,5,Tanker,Nauru,186.0,3
314,2009,5,Tanker,Niue,134.0,3
315,2009,5,Tanker,Palau,1356.0,14
316,2009,5,Tanker,Papua New Guinea,16681.0,75
317,2009,5,Tanker,Samoa,94.0,3
318,2009,5,Tanker,Solomon Islands,2428.0,18
319,2009,5,Tanker,Tonga,482.0,7
320,2009,5,Tanker,Tuvalu,96.0,2
321,2009,5,Tanker,Vanuatu,849.0,5
322,2009,6,Cargo,Cook Islands,5398.0,28
323,2009,6,Cargo,Fiji,3586.0,20
324,2009,6,Cargo,Kiribati,7087.0,56
325,2009,6,Cargo,Marshall Islands,2172.0,23
326,2009,6,Cargo,Micronesia,75342.0,412
327,2009,6,Cargo,Nauru,459.0,10
328,2009,6,Cargo,Niue,1278.0,8
329,2009,6,Cargo,Palau,18489.0,155
330,2009,6,Cargo,Papua New Guinea,197506.0,636
331,2009,6,Cargo,Samoa,424.0,7
332,2009,6,Cargo,Solomon Islands,9759.0,76
333,2009,6,Cargo,Tokelau,274.0,3
334,2009,6,Cargo,Tonga,1919.0,10
335,2009,6,Cargo,Tuvalu,491.0,7
336,2009,6,Cargo,Vanuatu,2850.0,23
337,2009,6,Fishing,Cook Islands,29.0,1
338,2009,6,Fishing,Kiribati,1606.0,23
339,2009,6,Fishing,Marshall Islands,302.0,11
340,2009,6,Fishing,Micronesia,1346.0,21
341,2009,6,Fishing,Nauru,203.0,10
342,2009,6,Fishing,Papua New Guinea,434.0,13
343,2009,6,Fishing,Solomon Islands,852.0,14
344,2009,6,Fishing,Tonga,2.0,1
345,2009,6,Fishing,Tuvalu,861.0,11
346,2009,6,Others,Cook Islands,570.0,8
347,2009,6,Others,Fiji,492.0,13
348,2009,6,Others,Kiribati,1557.0,29
349,2009,6,Others,Marshall Islands,734.0,16
350,2009,6,Others,Micronesia,2651.0,61
351,2009,6,Others,Niue,32.0,2
352,2009,6,Others,Palau,904.0,19
353,2009,6,Others,Papua New Guinea,1961.0,63
354,2009,6,Others,Samoa,387.0,4
355,2009,6,Others,Solomon Islands,1157.0,15
356,2009,6,Others,Tokelau,20.0,1
357,2009,6,Others,Tonga,335.0,7
358,2009,6,Others,Tuvalu,1379.0,9
359,2009,6,Others,Vanuatu,692.0,9
360,2009,6,Passenger,Cook Islands,2182.0,2
361,2009,6,Passenger,Fiji,2535.0,3
362,2009,6,Passenger,Micronesia,69.0,1
363,2009,6,Passenger,Niue,785.0,2
364,2009,6,Passenger,Papua New Guinea,290.0,3
365,2009,6,Passenger,Samoa,380.0,2
366,2009,6,Passenger,Tonga,1055.0,2
367,2009,6,Passenger,Vanuatu,197.0,1
368,2009,6,Tanker,Cook Islands,671.0,3
369,2009,6,Tanker,Fiji,1963.0,8
370,2009,6,Tanker,Kiribati,574.0,6
371,2009,6,Tanker,Marshall Islands,1130.0,9
372,2009,6,Tanker,Micronesia,6127.0,34
373,2009,6,Tanker,Nauru,79.0,3
374,2009,6,Tanker,Niue,303.0,3
375,2009,6,Tanker,Palau,1415.0,20
376,2009,6,Tanker,Papua New Guinea,18791.0,76
377,2009,6,Tanker,Samoa,137.0,3
378,2009,6,Tanker,Solomon Islands,1393.0,10
379,2009,6,Tanker,Tonga,718.0,5
380,2009,6,Tanker,Tuvalu,259.0,2
381,2009,6,Tanker,Vanuatu,1244.0,7
382,2009,7,Cargo,Cook Islands,5488.0,33
383,2009,7,Cargo,Fiji,4432.0,25
384,2009,7,Cargo,Kiribati,7839.0,60
385,2009,7,Cargo,Marshall Islands,2944.0,28
386,2009,7,Cargo,Micronesia,73786.0,421
387,2009,7,Cargo,Nauru,306.0,8
388,2009,7,Cargo,Niue,1310.0,12
389,2009,7,Cargo,Palau,16443.0,128
390,2009,7,Cargo,Papua New Guinea,203353.0,644
391,2009,7,Cargo,Samoa,528.0,10
392,2009,7,Cargo,Solomon Islands,8943.0,67
393,2009,7,Cargo,Tokelau,490.0,5
394,2009,7,Cargo,Tonga,2556.0,18
395,2009,7,Cargo,Tuvalu,398.0,6
396,2009,7,Cargo,Vanuatu,2669.0,24
397,2009,7,Fishing,Cook Islands,18.0,3
398,2009,7,Fishing,Fiji,50.0,2
399,2009,7,Fishing,Kiribati,1538.0,26
400,2009,7,Fishing,Marshall Islands,346.0,11
401,2009,7,Fishing,Micronesia,1613.0,16
402,2009,7,Fishing,Nauru,44.0,6
403,2009,7,Fishing,Niue,6.0,1
404,2009,7,Fishing,Palau,15.0,1
405,2009,7,Fishing,Papua New Guinea,77.0,5
406,2009,7,Fishing,Solomon Islands,793.0,13
407,2009,7,Fishing,Tonga,6.0,1
408,2009,7,Fishing,Tuvalu,646.0,14
409,2009,7,Others,Cook Islands,133.0,6
410,2009,7,Others,Fiji,760.0,17
411,2009,7,Others,Kiribati,1204.0,25
412,2009,7,Others,Marshall Islands,734.0,14
413,2009,7,Others,Micronesia,1455.0,43
414,2009,7,Others,Nauru,55.0,2
415,2009,7,Others,Niue,34.0,2
416,2009,7,Others,Palau,441.0,14
417,2009,7,Others,Papua New Guinea,2864.0,66
418,2009,7,Others,Samoa,215.0,7
419,2009,7,Others,Solomon Islands,896.0,16
420,2009,7,Others,Tonga,539.0,9
421,2009,7,Others,Tuvalu,750.0,9
422,2009,7,Others,Vanuatu,261.0,8
423,2009,7,Passenger,Fiji,243.0,1
424,2009,7,Passenger,Micronesia,17.0,1
425,2009,7,Passenger,Papua New Guinea,339.0,5
426,2009,7,Passenger,Vanuatu,1746.0,2
427,2009,7,Tanker,Cook Islands,275.0,3
428,2009,7,Tanker,Fiji,2149.0,8
429,2009,7,Tanker,Kiribati,619.0,8
430,2009,7,Tanker,Marshall Islands,1013.0,6
431,2009,7,Tanker,Micronesia,5757.0,38
432,2009,7,Tanker,Nauru,200.0,5
433,2009,7,Tanker,Niue,137.0,1
434,2009,7,Tanker,Palau,2258.0,24
435,2009,7,Tanker,Papua New Guinea,15521.0,75
436,2009,7,Tanker,Samoa,282.0,2
437,2009,7,Tanker,Solomon Islands,2459.0,13
438,2009,7,Tanker,Tokelau,14.0,1
439,2009,7,Tanker,Tonga,456.0,3
440,2009,7,Tanker,Tuvalu,329.0,4
441,2009,7,Tanker,Vanuatu,618.0,7
442,2009,8,Cargo,Cook Islands,6735.0,32
443,2009,8,Cargo,Fiji,4296.0,24
444,2009,8,Cargo,Kiribati,6503.0,52
445,2009,8,Cargo,Marshall Islands,3671.0,32
446,2009,8,Cargo,Micronesia,72445.0,382
447,2009,8,Cargo,Nauru,1210.0,11
448,2009,8,Cargo,Niue,1444.0,11
449,2009,8,Cargo,Palau,16900.0,122
450,2009,8,Cargo,Papua New Guinea,184778.0,620
451,2009,8,Cargo,Samoa,140.0,5
452,2009,8,Cargo,Solomon Islands,7594.0,60
453,2009,8,Cargo,Tokelau,120.0,3
454,2009,8,Cargo,Tonga,1575.0,14
455,2009,8,Cargo,Tuvalu,349.0,7
456,2009,8,Cargo,Vanuatu,3166.0,23
457,2009,8,Fishing,Cook Islands,11.0,1
458,2009,8,Fishing,Kiribati,3100.0,37
459,2009,8,Fishing,Marshall Islands,289.0,7
460,2009,8,Fishing,Micronesia,1358.0,22
461,2009,8,Fishing,Nauru,124.0,7
462,2009,8,Fishing,Papua New Guinea,183.0,8
463,2009,8,Fishing,Samoa,47.0,1
464,2009,8,Fishing,Solomon Islands,716.0,13
465,2009,8,Fishing,Tuvalu,228.0,11
466,2009,8,Others,Cook Islands,341.0,13
467,2009,8,Others,Fiji,636.0,18
468,2009,8,Others,Kiribati,2180.0,20
469,2009,8,Others,Marshall Islands,175.0,9
470,2009,8,Others,Micronesia,2280.0,42
471,2009,8,Others,Nauru,441.0,3
472,2009,8,Others,Niue,63.0,3
473,2009,8,Others,Palau,537.0,16
474,2009,8,Others,Papua New Guinea,2760.0,65
475,2009,8,Others,Samoa,144.0,3
476,2009,8,Others,Solomon Islands,1483.0,16
477,2009,8,Others,Tonga,243.0,8
478,2009,8,Others,Tuvalu,365.0,5
479,2009,8,Others,Vanuatu,247.0,6
480,2009,8,Passenger,Cook Islands,15.0,1
481,2009,8,Passenger,Fiji,2637.0,2
482,2009,8,Passenger,Micronesia,40.0,1
483,2009,8,Passenger,Papua New Guinea,399.0,5
484,2009,8,Passenger,Vanuatu,2269.0,2
485,2009,8,Tanker,Cook Islands,231.0,3
486,2009,8,Tanker,Fiji,1611.0,7
487,2009,8,Tanker,Kiribati,1389.0,9
488,2009,8,Tanker,Marshall Islands,450.0,4
489,2009,8,Tanker,Micronesia,4268.0,30
490,2009,8,Tanker,Nauru,109.0,4
491,2009,8,Tanker,Niue,64.0,2
492,2009,8,Tanker,Palau,1863.0,19
493,2009,8,Tanker,Papua New Guinea,15739.0,75
494,2009,8,Tanker,Samoa,154.0,3
495,2009,8,Tanker,Solomon Islands,2004.0,13
496,2009,8,Tanker,Tokelau,28.0,1
497,2009,8,Tanker,Tonga,85.0,2
498,2009,8,Tanker,Tuvalu,192.0,3
499,2009,8,Tanker,Vanuatu,302.0,3
500,2009,9,Cargo,Cook Islands,5909.0,33
501,2009,9,Cargo,Fiji,3357.0,20
502,2009,9,Cargo,Kiribati,5573.0,58
503,2009,9,Cargo,Marshall Islands,1924.0,20
504,2009,9,Cargo,Micronesia,59427.0,336
505,2009,9,Cargo,Nauru,485.0,8
506,2009,9,Cargo,Niue,1078.0,10
507,2009,9,Cargo,Palau,14744.0,124
508,2009,9,Cargo,Papua New Guinea,179453.0,598
509,2009,9,Cargo,Samoa,517.0,8
510,2009,9,Cargo,Solomon Islands,8477.0,63
511,2009,9,Cargo,Tokelau,211.0,3
512,2009,9,Cargo,Tonga,1755.0,9
513,2009,9,Cargo,Tuvalu,247.0,5
514,2009,9,Cargo,Vanuatu,2522.0,18
515,2009,9,Fishing,Cook Islands,65.0,3
516,2009,9,Fishing,Kiribati,1827.0,42
517,2009,9,Fishing,Marshall Islands,269.0,9
518,2009,9,Fishing,Micronesia,1024.0,19
519,2009,9,Fishing,Nauru,58.0,4
520,2009,9,Fishing,Niue,7.0,1
521,2009,9,Fishing,Palau,16.0,1
522,2009,9,Fishing,Papua New Guinea,583.0,12
523,2009,9,Fishing,Solomon Islands,38.0,2
524,2009,9,Fishing,Tonga,18.0,1
525,2009,9,Fishing,Tuvalu,716.0,17
526,2009,9,Others,Cook Islands,138.0,5
527,2009,9,Others,Fiji,273.0,12
528,2009,9,Others,Kiribati,1024.0,26
529,2009,9,Others,Marshall Islands,1308.0,12
530,2009,9,Others,Micronesia,2613.0,46
531,2009,9,Others,Nauru,213.0,4
532,2009,9,Others,Niue,45.0,2
533,2009,9,Others,Palau,191.0,9
534,2009,9,Others,Papua New Guinea,2141.0,58
535,2009,9,Others,Samoa,20.0,1
536,2009,9,Others,Solomon Islands,597.0,10
537,2009,9,Others,Tonga,236.0,3
538,2009,9,Others,Tuvalu,368.0,3
539,2009,9,Others,Vanuatu,122.0,5
540,2009,9,Passenger,Cook Islands,1186.0,1
541,2009,9,Passenger,Fiji,3186.0,3
542,2009,9,Passenger,Kiribati,2385.0,2
543,2009,9,Passenger,Micronesia,136.0,2
544,2009,9,Passenger,Niue,294.0,1
545,2009,9,Passenger,Papua New Guinea,850.0,6
546,2009,9,Passenger,Tonga,1912.0,2
547,2009,9,Passenger,Vanuatu,592.0,1
548,2009,9,Tanker,Cook Islands,405.0,4
549,2009,9,Tanker,Fiji,2008.0,11
550,2009,9,Tanker,Kiribati,1057.0,11
551,2009,9,Tanker,Marshall Islands,771.0,8
552,2009,9,Tanker,Micronesia,5932.0,35
553,2009,9,Tanker,Nauru,144.0,3
554,2009,9,Tanker,Niue,33.0,1
555,2009,9,Tanker,Palau,2359.0,23
556,2009,9,Tanker,Papua New Guinea,18458.0,72
557,2009,9,Tanker,Samoa,91.0,1
558,2009,9,Tanker,Solomon Islands,823.0,10
559,2009,9,Tanker,Tonga,370.0,4
560,2009,9,Tanker,Tuvalu,78.0,3
561,2009,9,Tanker,Vanuatu,615.0,6
562,2009,10,Cargo,Cook Islands,5609.0,28
563,2009,10,Cargo,Fiji,4636.0,23
564,2009,10,Cargo,Kiribati,6984.0,59
565,2009,10,Cargo,Marshall Islands,3069.0,31
566,2009,10,Cargo,Micronesia,75106.0,397
567,2009,10,Cargo,Nauru,509.0,10
568,2009,10,Cargo,Niue,1288.0,11
569,2009,10,Cargo,Palau,16979.0,152
570,2009,10,Cargo,Papua New Guinea,185314.0,633
571,2009,10,Cargo,Samoa,384.0,7
572,2009,10,Cargo,Solomon Islands,9663.0,70
573,2009,10,Cargo,Tokelau,346.0,4
574,2009,10,Cargo,Tonga,2469.0,16
575,2009,10,Cargo,Tuvalu,708.0,5
576,2009,10,Cargo,Vanuatu,2440.0,21
577,2009,10,Fishing,Cook Islands,40.0,2
578,2009,10,Fishing,Kiribati,3917.0,52
579,2009,10,Fishing,Marshall Islands,519.0,15
580,2009,10,Fishing,Micronesia,1370.0,21
581,2009,10,Fishing,Nauru,97.0,5
582,2009,10,Fishing,Palau,41.0,1
583,2009,10,Fishing,Papua New Guinea,354.0,11
584,2009,10,Fishing,Solomon Islands,468.0,4
585,2009,10,Fishing,Tuvalu,685.0,18
586,2009,10,Others,Cook Islands,201.0,8
587,2009,10,Others,Fiji,610.0,17
588,2009,10,Others,Kiribati,1497.0,16
589,2009,10,Others,Marshall Islands,323.0,18
590,2009,10,Others,Micronesia,2000.0,45
591,2009,10,Others,Nauru,95.0,5
592,2009,10,Others,Niue,39.0,3
593,2009,10,Others,Palau,1194.0,25
594,2009,10,Others,Papua New Guinea,3182.0,57
595,2009,10,Others,Samoa,153.0,3
596,2009,10,Others,Solomon Islands,287.0,11
597,2009,10,Others,Tokelau,18.0,1
598,2009,10,Others,Tonga,316.0,8
599,2009,10,Others,Tuvalu,266.0,2
600,2009,10,Others,Vanuatu,226.0,8
601,2009,10,Passenger,Cook Islands,1041.0,3
602,2009,10,Passenger,Fiji,2707.0,5
603,2009,10,Passenger,Kiribati,3192.0,4
604,2009,10,Passenger,Micronesia,48.0,4
605,2009,10,Passenger,Niue,279.0,2
606,2009,10,Passenger,Palau,63.0,1
607,2009,10,Passenger,Papua New Guinea,1850.0,12
608,2009,10,Passenger,Samoa,170.0,2
609,2009,10,Passenger,Solomon Islands,850.0,2
610,2009,10,Passenger,Tonga,530.0,2
611,2009,10,Passenger,Vanuatu,2803.0,3
612,2009,10,Tanker,Cook Islands,442.0,5
613,2009,10,Tanker,Fiji,1706.0,6
614,2009,10,Tanker,Kiribati,2708.0,18
615,2009,10,Tanker,Marshall Islands,1448.0,12
616,2009,10,Tanker,Micronesia,6588.0,37
617,2009,10,Tanker,Nauru,334.0,7
618,2009,10,Tanker,Niue,33.0,1
619,2009,10,Tanker,Palau,790.0,10
620,2009,10,Tanker,Papua New Guinea,13371.0,71
621,2009,10,Tanker,Samoa,60.0,3
622,2009,10,Tanker,Solomon Islands,2009.0,14
623,2009,10,Tanker,Tokelau,153.0,1
624,2009,10,Tanker,Tonga,560.0,6
625,2009,10,Tanker,Tuvalu,7.0,1
626,2009,10,Tanker,Vanuatu,646.0,5
627,2009,11,Cargo,Cook Islands,5361.0,28
628,2009,11,Cargo,Fiji,3767.0,24
629,2009,11,Cargo,Kiribati,6735.0,56
630,2009,11,Cargo,Marshall Islands,3843.0,41
631,2009,11,Cargo,Micronesia,67856.0,369
632,2009,11,Cargo,Nauru,664.0,9
633,2009,11,Cargo,Niue,873.0,9
634,2009,11,Cargo,Palau,16306.0,146
635,2009,11,Cargo,Papua New Guinea,175416.0,593
636,2009,11,Cargo,Samoa,384.0,8
637,2009,11,Cargo,Solomon Islands,8444.0,67
638,2009,11,Cargo,Tokelau,291.0,4
639,2009,11,Cargo,Tonga,2402.0,15
640,2009,11,Cargo,Tuvalu,349.0,7
641,2009,11,Cargo,Vanuatu,2627.0,19
642,2009,11,Fishing,Cook Islands,6.0,1
643,2009,11,Fishing,Fiji,14.0,3
644,2009,11,Fishing,Kiribati,4116.0,47
645,2009,11,Fishing,Marshall Islands,415.0,17
646,2009,11,Fishing,Micronesia,2310.0,22
647,2009,11,Fishing,Nauru,73.0,6
648,2009,11,Fishing,Niue,6.0,1
649,2009,11,Fishing,Palau,13.0,1
650,2009,11,Fishing,Papua New Guinea,145.0,8
651,2009,11,Fishing,Solomon Islands,435.0,7
652,2009,11,Fishing,Tonga,9.0,2
653,2009,11,Fishing,Tuvalu,135.0,7
654,2009,11,Others,Cook Islands,303.0,8
655,2009,11,Others,Fiji,304.0,8
656,2009,11,Others,Kiribati,2292.0,30
657,2009,11,Others,Marshall Islands,411.0,20
658,2009,11,Others,Micronesia,1270.0,35
659,2009,11,Others,Nauru,30.0,2
660,2009,11,Others,Niue,115.0,2
661,2009,11,Others,Palau,285.0,17
662,2009,11,Others,Papua New Guinea,1922.0,57
663,2009,11,Others,Samoa,51.0,2
664,2009,11,Others,Solomon Islands,245.0,9
665,2009,11,Others,Tokelau,52.0,3
666,2009,11,Others,Tonga,273.0,5
667,2009,11,Others,Tuvalu,165.0,3
668,2009,11,Others,Vanuatu,89.0,4
669,2009,11,Passenger,Cook Islands,1287.0,4
670,2009,11,Passenger,Fiji,3654.0,5
671,2009,11,Passenger,Kiribati,2760.0,2
672,2009,11,Passenger,Micronesia,13.0,2
673,2009,11,Passenger,Niue,113.0,2
674,2009,11,Passenger,Palau,63.0,1
675,2009,11,Passenger,Papua New Guinea,2341.0,9
676,2009,11,Passenger,Samoa,308.0,1
677,2009,11,Passenger,Solomon Islands,21.0,2
678,2009,11,Passenger,Tokelau,24.0,1
679,2009,11,Passenger,Tonga,513.0,4
680,2009,11,Passenger,Vanuatu,1824.0,3
681,2009,11,Tanker,Cook Islands,690.0,5
682,2009,11,Tanker,Fiji,2204.0,8
683,2009,11,Tanker,Kiribati,1172.0,10
684,2009,11,Tanker,Marshall Islands,954.0,7
685,2009,11,Tanker,Micronesia,4978.0,29
686,2009,11,Tanker,Nauru,84.0,4
687,2009,11,Tanker,Niue,297.0,4
688,2009,11,Tanker,Palau,791.0,11
689,2009,11,Tanker,Papua New Guinea,15064.0,71
690,2009,11,Tanker,Samoa,139.0,3
691,2009,11,Tanker,Solomon Islands,1671.0,12
692,2009,11,Tanker,Tonga,682.0,8
693,2009,11,Tanker,Tuvalu,225.0,2
694,2009,11,Tanker,Vanuatu,1142.0,7
695,2009,12,Cargo,Cook Islands,5677.0,29
696,2009,12,Cargo,Fiji,3953.0,21
697,2009,12,Cargo,Kiribati,7627.0,64
698,2009,12,Cargo,Marshall Islands,4358.0,41
699,2009,12,Cargo,Micronesia,81840.0,439
700,2009,12,Cargo,Nauru,619.0,7
701,2009,12,Cargo,Niue,1143.0,12
702,2009,12,Cargo,Palau,16817.0,159
703,2009,12,Cargo,Papua New Guinea,205401.0,649
704,2009,12,Cargo,Samoa,753.0,11
705,2009,12,Cargo,Solomon Islands,9162.0,67
706,2009,12,Cargo,Tokelau,576.0,6
707,2009,12,Cargo,Tonga,1350.0,12
708,2009,12,Cargo,Tuvalu,633.0,9
709,2009,12,Cargo,Vanuatu,2443.0,21
710,2009,12,Fishing,Fiji,2.0,2
711,2009,12,Fishing,Kiribati,4620.0,45
712,2009,12,Fishing,Marshall Islands,430.0,14
713,2009,12,Fishing,Micronesia,1409.0,21
714,2009,12,Fishing,Nauru,76.0,3
715,2009,12,Fishing,Palau,27.0,1
716,2009,12,Fishing,Papua New Guinea,1548.0,21
717,2009,12,Fishing,Solomon Islands,1669.0,26
718,2009,12,Fishing,Tuvalu,162.0,4
719,2009,12,Fishing,Vanuatu,17.0,2
720,2009,12,Others,Cook Islands,206.0,5
721,2009,12,Others,Fiji,530.0,13
722,2009,12,Others,Kiribati,1540.0,31
723,2009,12,Others,Marshall Islands,879.0,19
724,2009,12,Others,Micronesia,1378.0,37
725,2009,12,Others,Nauru,43.0,1
726,2009,12,Others,Niue,20.0,1
727,2009,12,Others,Palau,339.0,12
728,2009,12,Others,Papua New Guinea,2731.0,65
729,2009,12,Others,Samoa,0.0,1
730,2009,12,Others,Solomon Islands,414.0,18
731,2009,12,Others,Tokelau,52.0,2
732,2009,12,Others,Tonga,59.0,6
733,2009,12,Others,Tuvalu,20.0,1
734,2009,12,Others,Vanuatu,252.0,5
735,2009,12,Passenger,Cook Islands,254.0,1
736,2009,12,Passenger,Fiji,143.0,1
737,2009,12,Passenger,Micronesia,92.0,1
738,2009,12,Passenger,Papua New Guinea,592.0,8
739,2009,12,Passenger,Solomon Islands,64.0,1
740,2009,12,Passenger,Vanuatu,2990.0,4
741,2009,12,Tanker,Cook Islands,487.0,4
742,2009,12,Tanker,Fiji,1876.0,7
743,2009,12,Tanker,Kiribati,1366.0,13
744,2009,12,Tanker,Marshall Islands,1523.0,12
745,2009,12,Tanker,Micronesia,6403.0,41
746,2009,12,Tanker,Nauru,21.0,1
747,2009,12,Tanker,Niue,176.0,3
748,2009,12,Tanker,Palau,1524.0,18
749,2009,12,Tanker,Papua New Guinea,18596.0,80
750,2009,12,Tanker,Samoa,21.0,1
751,2009,12,Tanker,Solomon Islands,2649.0,20
752,2009,12,Tanker,Tonga,599.0,6
753,2009,12,Tanker,Tuvalu,165.0,3
754,2009,12,Tanker,Vanuatu,1348.0,7
755,2010,1,Cargo,Cook Islands,5793.0,30
756,2010,1,Cargo,Fiji,4204.0,22
757,2010,1,Cargo,Kiribati,8687.0,77
758,2010,1,Cargo,Marshall Islands,4877.0,52
759,2010,1,Cargo,Micronesia,68637.0,403
760,2010,1,Cargo,Nauru,258.0,6
761,2010,1,Cargo,Niue,1208.0,11
762,2010,1,Cargo,Palau,13510.0,134
763,2010,1,Cargo,Papua New Guinea,178731.0,587
764,2010,1,Cargo,Samoa,398.0,11
765,2010,1,Cargo,Solomon Islands,7639.0,67
766,2010,1,Cargo,Tokelau,787.0,9
767,2010,1,Cargo,Tonga,1670.0,14
768,2010,1,Cargo,Tuvalu,842.0,13
769,2010,1,Cargo,Vanuatu,1921.0,18
770,2010,1,Fishing,Cook Islands,61.0,1
771,2010,1,Fishing,Fiji,67.0,2
772,2010,1,Fishing,Kiribati,3451.0,43
773,2010,1,Fishing,Marshall Islands,300.0,15
774,2010,1,Fishing,Micronesia,823.0,18
775,2010,1,Fishing,Nauru,151.0,9
776,2010,1,Fishing,Papua New Guinea,1030.0,19
777,2010,1,Fishing,Solomon Islands,1559.0,25
778,2010,1,Fishing,Tokelau,90.0,1
779,2010,1,Fishing,Tuvalu,333.0,10
780,2010,1,Fishing,Vanuatu,9.0,1
781,2010,1,Others,Cook Islands,217.0,3
782,2010,1,Others,Fiji,674.0,14
783,2010,1,Others,Kiribati,2318.0,41
784,2010,1,Others,Marshall Islands,508.0,20
785,2010,1,Others,Micronesia,2261.0,47
786,2010,1,Others,Nauru,2.0,2
787,2010,1,Others,Niue,53.0,1
788,2010,1,Others,Palau,285.0,13
789,2010,1,Others,Papua New Guinea,1690.0,57
790,2010,1,Others,Samoa,204.0,2
791,2010,1,Others,Solomon Islands,416.0,16
792,2010,1,Others,Tonga,287.0,7
793,2010,1,Others,Tuvalu,17.0,1
794,2010,1,Others,Vanuatu,263.0,9
795,2010,1,Passenger,Cook Islands,972.0,3
796,2010,1,Passenger,Fiji,2866.0,7
797,2010,1,Passenger,Kiribati,651.0,1
798,2010,1,Passenger,Micronesia,25.0,2
799,2010,1,Passenger,Niue,0.0,1
800,2010,1,Passenger,Papua New Guinea,645.0,4
801,2010,1,Passenger,Tonga,428.0,3
802,2010,1,Passenger,Vanuatu,5256.0,4
803,2010,1,Tanker,Cook Islands,746.0,7
804,2010,1,Tanker,Fiji,2392.0,11
805,2010,1,Tanker,Kiribati,2446.0,17
806,2010,1,Tanker,Marshall Islands,1232.0,10
807,2010,1,Tanker,Micronesia,2854.0,21
808,2010,1,Tanker,Nauru,74.0,3
809,2010,1,Tanker,Niue,191.0,3
810,2010,1,Tanker,Palau,818.0,8
811,2010,1,Tanker,Papua New Guinea,13571.0,67
812,2010,1,Tanker,Samoa,246.0,2
813,2010,1,Tanker,Solomon Islands,2046.0,10
814,2010,1,Tanker,Tokelau,54.0,2
815,2010,1,Tanker,Tonga,904.0,6
816,2010,1,Tanker,Tuvalu,73.0,2
817,2010,1,Tanker,Vanuatu,1194.0,9
818,2010,2,Cargo,Cook Islands,6709.0,36
819,2010,2,Cargo,Fiji,5324.0,27
820,2010,2,Cargo,Kiribati,9164.0,83
821,2010,2,Cargo,Marshall Islands,6418.0,64
822,2010,2,Cargo,Micronesia,70645.0,423
823,2010,2,Cargo,Nauru,673.0,8
824,2010,2,Cargo,Niue,1383.0,13
825,2010,2,Cargo,Palau,15103.0,140
826,2010,2,Cargo,Papua New Guinea,171106.0,600
827,2010,2,Cargo,Samoa,249.0,10
828,2010,2,Cargo,Solomon Islands,8548.0,67
829,2010,2,Cargo,Tokelau,705.0,8
830,2010,2,Cargo,Tonga,1575.0,14
831,2010,2,Cargo,Tuvalu,573.0,8
832,2010,2,Cargo,Vanuatu,3336.0,25
833,2010,2,Fishing,Fiji,36.0,2
834,2010,2,Fishing,Kiribati,4095.0,80
835,2010,2,Fishing,Marshall Islands,593.0,21
836,2010,2,Fishing,Micronesia,1331.0,24
837,2010,2,Fishing,Nauru,198.0,10
838,2010,2,Fishing,Niue,23.0,1
839,2010,2,Fishing,Palau,0.0,1
840,2010,2,Fishing,Papua New Guinea,2052.0,21
841,2010,2,Fishing,Solomon Islands,1222.0,24
842,2010,2,Fishing,Tokelau,14.0,1
843,2010,2,Fishing,Tonga,27.0,2
844,2010,2,Fishing,Tuvalu,193.0,15
845,2010,2,Others,Cook Islands,40.0,3
846,2010,2,Others,Fiji,357.0,9
847,2010,2,Others,Kiribati,2108.0,44
848,2010,2,Others,Marshall Islands,732.0,24
849,2010,2,Others,Micronesia,1576.0,50
850,2010,2,Others,Nauru,125.0,7
851,2010,2,Others,Niue,56.0,2
852,2010,2,Others,Palau,606.0,16
853,2010,2,Others,Papua New Guinea,1487.0,58
854,2010,2,Others,Samoa,41.0,2
855,2010,2,Others,Solomon Islands,539.0,19
856,2010,2,Others,Tonga,99.0,4
857,2010,2,Others,Tuvalu,200.0,7
858,2010,2,Others,Vanuatu,51.0,3
859,2010,2,Passenger,Cook Islands,1728.0,6
860,2010,2,Passenger,Fiji,3769.0,9
861,2010,2,Passenger,Kiribati,3040.0,5
862,2010,2,Passenger,Micronesia,2011.0,3
863,2010,2,Passenger,Papua New Guinea,5146.0,7
864,2010,2,Passenger,Samoa,1454.0,5
865,2010,2,Passenger,Tokelau,476.0,2
866,2010,2,Passenger,Tonga,2178.0,5
867,2010,2,Passenger,Vanuatu,1015.0,5
868,2010,2,Tanker,Cook Islands,556.0,2
869,2010,2,Tanker,Fiji,2581.0,10
870,2010,2,Tanker,Kiribati,2033.0,20
871,2010,2,Tanker,Marshall Islands,1770.0,11
872,2010,2,Tanker,Micronesia,2760.0,24
873,2010,2,Tanker,Nauru,197.0,5
874,2010,2,Tanker,Niue,193.0,2
875,2010,2,Tanker,Palau,1025.0,16
876,2010,2,Tanker,Papua New Guinea,13142.0,71
877,2010,2,Tanker,Samoa,222.0,2
878,2010,2,Tanker,Solomon Islands,1453.0,10
879,2010,2,Tanker,Tokelau,17.0,1
880,2010,2,Tanker,Tonga,540.0,5
881,2010,2,Tanker,Tuvalu,27.0,1
882,2010,2,Tanker,Vanuatu,935.0,9
883,2010,3,Cargo,Cook Islands,8485.0,40
884,2010,3,Cargo,Fiji,6479.0,40
885,2010,3,Cargo,Kiribati,6851.0,64
886,2010,3,Cargo,Marshall Islands,4872.0,50
887,2010,3,Cargo,Micronesia,70715.0,432
888,2010,3,Cargo,Nauru,406.0,6
889,2010,3,Cargo,Niue,1563.0,18
890,2010,3,Cargo,Palau,13232.0,126
891,2010,3,Cargo,Papua New Guinea,173945.0,635
892,2010,3,Cargo,Samoa,717.0,10
893,2010,3,Cargo,Solomon Islands,12115.0,108
894,2010,3,Cargo,Tokelau,511.0,5
895,2010,3,Cargo,Tonga,1841.0,20
896,2010,3,Cargo,Tuvalu,821.0,11
897,2010,3,Cargo,Vanuatu,5077.0,39
898,2010,3,Fishing,Cook Islands,16.0,1
899,2010,3,Fishing,Fiji,83.0,2
900,2010,3,Fishing,Kiribati,4078.0,83
901,2010,3,Fishing,Marshall Islands,846.0,25
902,2010,3,Fishing,Micronesia,2582.0,35
903,2010,3,Fishing,Nauru,230.0,10
904,2010,3,Fishing,Niue,3.0,1
905,2010,3,Fishing,Papua New Guinea,2569.0,31
906,2010,3,Fishing,Samoa,16.0,2
907,2010,3,Fishing,Solomon Islands,1593.0,20
908,2010,3,Fishing,Tokelau,84.0,2
909,2010,3,Fishing,Tuvalu,420.0,27
910,2010,3,Others,Cook Islands,246.0,6
911,2010,3,Others,Fiji,334.0,7
912,2010,3,Others,Kiribati,1097.0,15
913,2010,3,Others,Marshall Islands,409.0,19
914,2010,3,Others,Micronesia,724.0,38
915,2010,3,Others,Nauru,71.0,4
916,2010,3,Others,Niue,44.0,2
917,2010,3,Others,Palau,64.0,7
918,2010,3,Others,Papua New Guinea,927.0,49
919,2010,3,Others,Samoa,36.0,4
920,2010,3,Others,Solomon Islands,543.0,11
921,2010,3,Others,Tonga,102.0,4
922,2010,3,Others,Tuvalu,424.0,7
923,2010,3,Others,Vanuatu,314.0,4
924,2010,3,Passenger,Cook Islands,1800.0,4
925,2010,3,Passenger,Fiji,3233.0,7
926,2010,3,Passenger,Kiribati,1077.0,2
927,2010,3,Passenger,Micronesia,11.0,1
928,2010,3,Passenger,Niue,47.0,1
929,2010,3,Passenger,Palau,587.0,2
930,2010,3,Passenger,Papua New Guinea,3105.0,15
931,2010,3,Passenger,Solomon Islands,744.0,4
932,2010,3,Passenger,Tonga,418.0,2
933,2010,3,Passenger,Tuvalu,234.0,1
934,2010,3,Passenger,Vanuatu,3536.0,6
935,2010,3,Tanker,Cook Islands,472.0,3
936,2010,3,Tanker,Fiji,2461.0,13
937,2010,3,Tanker,Kiribati,824.0,11
938,2010,3,Tanker,Marshall Islands,1552.0,8
939,2010,3,Tanker,Micronesia,5899.0,43
940,2010,3,Tanker,Nauru,197.0,6
941,2010,3,Tanker,Niue,252.0,3
942,2010,3,Tanker,Palau,3048.0,23
943,2010,3,Tanker,Papua New Guinea,16953.0,80
944,2010,3,Tanker,Samoa,210.0,2
945,2010,3,Tanker,Solomon Islands,2660.0,23
946,2010,3,Tanker,Tonga,819.0,6
947,2010,3,Tanker,Tuvalu,46.0,2
948,2010,3,Tanker,Vanuatu,1665.0,10
949,2010,4,Cargo,Cook Islands,7713.0,46
950,2010,4,Cargo,Fiji,5954.0,34
951,2010,4,Cargo,Kiribati,9192.0,73
952,2010,4,Cargo,Marshall Islands,4219.0,44
953,2010,4,Cargo,Micronesia,80776.0,438
954,2010,4,Cargo,Nauru,914.0,12
955,2010,4,Cargo,Niue,1952.0,20
956,2010,4,Cargo,Palau,13956.0,137
957,2010,4,Cargo,Papua New Guinea,194299.0,686
958,2010,4,Cargo,Samoa,483.0,11
959,2010,4,Cargo,Solomon Islands,12132.0,112
960,2010,4,Cargo,Tokelau,329.0,4
961,2010,4,Cargo,Tonga,2333.0,19
962,2010,4,Cargo,Tuvalu,813.0,15
963,2010,4,Cargo,Vanuatu,3824.0,33
964,2010,4,Fishing,Cook Islands,288.0,4
965,2010,4,Fishing,Fiji,242.0,7
966,2010,4,Fishing,Kiribati,2919.0,50
967,2010,4,Fishing,Marshall Islands,722.0,24
968,2010,4,Fishing,Micronesia,2296.0,44
969,2010,4,Fishing,Nauru,74.0,6
970,2010,4,Fishing,Palau,21.0,1
971,2010,4,Fishing,Papua New Guinea,3066.0,37
972,2010,4,Fishing,Samoa,14.0,1
973,2010,4,Fishing,Solomon Islands,1314.0,26
974,2010,4,Fishing,Tokelau,47.0,4
975,2010,4,Fishing,Tonga,74.0,1
976,2010,4,Fishing,Tuvalu,460.0,20
977,2010,4,Fishing,Vanuatu,48.0,4
978,2010,4,Others,Cook Islands,304.0,8
979,2010,4,Others,Fiji,615.0,11
980,2010,4,Others,Kiribati,420.0,11
981,2010,4,Others,Marshall Islands,285.0,10
982,2010,4,Others,Micronesia,677.0,14
983,2010,4,Others,Nauru,8.0,1
984,2010,4,Others,Niue,178.0,8
985,2010,4,Others,Palau,372.0,11
986,2010,4,Others,Papua New Guinea,1950.0,42
987,2010,4,Others,Samoa,21.0,2
988,2010,4,Others,Solomon Islands,196.0,9
989,2010,4,Others,Tokelau,13.0,1
990,2010,4,Others,Tonga,490.0,9
991,2010,4,Others,Tuvalu,130.0,2
992,2010,4,Others,Vanuatu,91.0,4
993,2010,4,Passenger,Cook Islands,1691.0,4
994,2010,4,Passenger,Fiji,2290.0,7
995,2010,4,Passenger,Kiribati,3975.0,3
996,2010,4,Passenger,Micronesia,1040.0,4
997,2010,4,Passenger,Niue,587.0,2
998,2010,4,Passenger,Palau,52.0,1
999,2010,4,Passenger,Papua New Guinea,2314.0,14
1000,2010,4,Passenger,Samoa,614.0,2
1001,2010,4,Passenger,Solomon Islands,166.0,2
1002,2010,4,Passenger,Tokelau,754.0,2
1003,2010,4,Passenger,Tonga,1088.0,3
1004,2010,4,Passenger,Vanuatu,4181.0,5
1005,2010,4,Tanker,Cook Islands,707.0,6
1006,2010,4,Tanker,Fiji,1836.0,13
1007,2010,4,Tanker,Kiribati,1550.0,13
1008,2010,4,Tanker,Marshall Islands,1341.0,14
1009,2010,4,Tanker,Micronesia,8930.0,45
1010,2010,4,Tanker,Nauru,174.0,6
1011,2010,4,Tanker,Niue,205.0,3
1012,2010,4,Tanker,Palau,2644.0,22
1013,2010,4,Tanker,Papua New Guinea,18265.0,96
1014,2010,4,Tanker,Samoa,121.0,1
1015,2010,4,Tanker,Solomon Islands,3394.0,22
1016,2010,4,Tanker,Tokelau,94.0,1
1017,2010,4,Tanker,Tonga,378.0,6
1018,2010,4,Tanker,Tuvalu,238.0,4
1019,2010,4,Tanker,Vanuatu,999.0,10
1020,2010,5,Cargo,Cook Islands,7872.0,49
1021,2010,5,Cargo,Fiji,7044.0,43
1022,2010,5,Cargo,Kiribati,9414.0,70
1023,2010,5,Cargo,Marshall Islands,4684.0,40
1024,2010,5,Cargo,Micronesia,95653.0,512
1025,2010,5,Cargo,Nauru,659.0,11
1026,2010,5,Cargo,Niue,1608.0,18
1027,2010,5,Cargo,Palau,15154.0,138
1028,2010,5,Cargo,Papua New Guinea,215209.0,727
1029,2010,5,Cargo,Samoa,549.0,15
1030,2010,5,Cargo,Solomon Islands,13965.0,110
1031,2010,5,Cargo,Tokelau,284.0,4
1032,2010,5,Cargo,Tonga,1923.0,20
1033,2010,5,Cargo,Tuvalu,995.0,9
1034,2010,5,Cargo,Vanuatu,4381.0,38
1035,2010,5,Fishing,Cook Islands,14.0,1
1036,2010,5,Fishing,Fiji,47.0,2
1037,2010,5,Fishing,Kiribati,2680.0,47
1038,2010,5,Fishing,Marshall Islands,766.0,24
1039,2010,5,Fishing,Micronesia,2634.0,43
1040,2010,5,Fishing,Nauru,529.0,15
1041,2010,5,Fishing,Palau,58.0,3
1042,2010,5,Fishing,Papua New Guinea,2557.0,35
1043,2010,5,Fishing,Solomon Islands,972.0,26
1044,2010,5,Fishing,Tokelau,14.0,2
1045,2010,5,Fishing,Tuvalu,849.0,29
1046,2010,5,Fishing,Vanuatu,16.0,1
1047,2010,5,Others,Cook Islands,279.0,6
1048,2010,5,Others,Fiji,446.0,12
1049,2010,5,Others,Kiribati,538.0,35
1050,2010,5,Others,Marshall Islands,124.0,11
1051,2010,5,Others,Micronesia,1009.0,20
1052,2010,5,Others,Nauru,266.0,7
1053,2010,5,Others,Niue,61.0,3
1054,2010,5,Others,Palau,57.0,5
1055,2010,5,Others,Papua New Guinea,1849.0,32
1056,2010,5,Others,Samoa,31.0,3
1057,2010,5,Others,Solomon Islands,233.0,10
1058,2010,5,Others,Tokelau,38.0,1
1059,2010,5,Others,Tonga,456.0,8
1060,2010,5,Others,Tuvalu,679.0,5
1061,2010,5,Others,Vanuatu,9.0,5
1062,2010,5,Passenger,Cook Islands,1085.0,3
1063,2010,5,Passenger,Fiji,4178.0,7
1064,2010,5,Passenger,Kiribati,329.0,2
1065,2010,5,Passenger,Micronesia,442.0,2
1066,2010,5,Passenger,Niue,361.0,3
1067,2010,5,Passenger,Papua New Guinea,411.0,8
1068,2010,5,Passenger,Samoa,316.0,2
1069,2010,5,Passenger,Tonga,1352.0,4
1070,2010,5,Passenger,Vanuatu,2857.0,5
1071,2010,5,Tanker,Cook Islands,948.0,6
1072,2010,5,Tanker,Fiji,2196.0,12
1073,2010,5,Tanker,Kiribati,1448.0,10
1074,2010,5,Tanker,Marshall Islands,3440.0,21
1075,2010,5,Tanker,Micronesia,11631.0,49
1076,2010,5,Tanker,Nauru,316.0,4
1077,2010,5,Tanker,Niue,496.0,5
1078,2010,5,Tanker,Palau,3124.0,25
1079,2010,5,Tanker,Papua New Guinea,22379.0,92
1080,2010,5,Tanker,Samoa,151.0,2
1081,2010,5,Tanker,Solomon Islands,3188.0,22
1082,2010,5,Tanker,Tokelau,147.0,2
1083,2010,5,Tanker,Tonga,897.0,10
1084,2010,5,Tanker,Tuvalu,389.0,3
1085,2010,5,Tanker,Vanuatu,1078.0,10
1086,2010,6,Cargo,Cook Islands,5905.0,35
1087,2010,6,Cargo,Fiji,5294.0,33
1088,2010,6,Cargo,Kiribati,5729.0,58
1089,2010,6,Cargo,Marshall Islands,3550.0,41
1090,2010,6,Cargo,Micronesia,88354.0,482
1091,2010,6,Cargo,Nauru,1185.0,16
1092,2010,6,Cargo,Niue,1397.0,14
1093,2010,6,Cargo,Palau,14605.0,138
1094,2010,6,Cargo,Papua New Guinea,210229.0,675
1095,2010,6,Cargo,Samoa,330.0,11
1096,2010,6,Cargo,Solomon Islands,10799.0,104
1097,2010,6,Cargo,Tokelau,361.0,5
1098,2010,6,Cargo,Tonga,1566.0,14
1099,2010,6,Cargo,Tuvalu,516.0,10
1100,2010,6,Cargo,Vanuatu,4160.0,28
1101,2010,6,Fishing,Fiji,35.0,3
1102,2010,6,Fishing,Kiribati,3463.0,64
1103,2010,6,Fishing,Marshall Islands,317.0,11
1104,2010,6,Fishing,Micronesia,2661.0,38
1105,2010,6,Fishing,Nauru,668.0,15
1106,2010,6,Fishing,Palau,78.0,1
1107,2010,6,Fishing,Papua New Guinea,773.0,23
1108,2010,6,Fishing,Solomon Islands,993.0,21
1109,2010,6,Fishing,Tokelau,8.0,1
1110,2010,6,Fishing,Tuvalu,1469.0,49
1111,2010,6,Fishing,Vanuatu,42.0,2
1112,2010,6,Others,Cook Islands,199.0,7
1113,2010,6,Others,Fiji,506.0,18
1114,2010,6,Others,Kiribati,622.0,22
1115,2010,6,Others,Marshall Islands,148.0,10
1116,2010,6,Others,Micronesia,940.0,14
1117,2010,6,Others,Nauru,240.0,4
1118,2010,6,Others,Niue,72.0,5
1119,2010,6,Others,Palau,436.0,5
1120,2010,6,Others,Papua New Guinea,1445.0,30
1121,2010,6,Others,Samoa,13.0,1
1122,2010,6,Others,Solomon Islands,73.0,7
1123,2010,6,Others,Tokelau,14.0,2
1124,2010,6,Others,Tonga,283.0,8
1125,2010,6,Others,Tuvalu,396.0,8
1126,2010,6,Others,Vanuatu,178.0,10
1127,2010,6,Passenger,Fiji,1865.0,5
1128,2010,6,Passenger,Kiribati,1.0,1
1129,2010,6,Passenger,Micronesia,15.0,1
1130,2010,6,Passenger,Papua New Guinea,308.0,8
1131,2010,6,Passenger,Tuvalu,1.0,1
1132,2010,6,Passenger,Vanuatu,1724.0,3
1133,2010,6,Tanker,Cook Islands,982.0,6
1134,2010,6,Tanker,Fiji,2540.0,9
1135,2010,6,Tanker,Kiribati,850.0,10
1136,2010,6,Tanker,Marshall Islands,1442.0,13
1137,2010,6,Tanker,Micronesia,8935.0,48
1138,2010,6,Tanker,Nauru,156.0,3
1139,2010,6,Tanker,Niue,477.0,4
1140,2010,6,Tanker,Palau,3018.0,26
1141,2010,6,Tanker,Papua New Guinea,19317.0,95
1142,2010,6,Tanker,Samoa,213.0,3
1143,2010,6,Tanker,Solomon Islands,2010.0,14
1144,2010,6,Tanker,Tonga,826.0,6
1145,2010,6,Tanker,Tuvalu,184.0,4
1146,2010,6,Tanker,Vanuatu,923.0,4
1147,2010,7,Cargo,Cook Islands,6540.0,33
1148,2010,7,Cargo,Fiji,4994.0,29
1149,2010,7,Cargo,Kiribati,7029.0,64
1150,2010,7,Cargo,Marshall Islands,3922.0,41
1151,2010,7,Cargo,Micronesia,93432.0,479
1152,2010,7,Cargo,Nauru,859.0,12
1153,2010,7,Cargo,Niue,1481.0,10
1154,2010,7,Cargo,Palau,15410.0,138
1155,2010,7,Cargo,Papua New Guinea,221318.0,677
1156,2010,7,Cargo,Samoa,217.0,6
1157,2010,7,Cargo,Solomon Islands,10946.0,88
1158,2010,7,Cargo,Tokelau,315.0,4
1159,2010,7,Cargo,Tonga,1363.0,11
1160,2010,7,Cargo,Tuvalu,449.0,8
1161,2010,7,Cargo,Vanuatu,3816.0,33
1162,2010,7,Fishing,Cook Islands,26.0,3
1163,2010,7,Fishing,Fiji,164.0,2
1164,2010,7,Fishing,Kiribati,3190.0,52
1165,2010,7,Fishing,Marshall Islands,302.0,10
1166,2010,7,Fishing,Micronesia,1098.0,26
1167,2010,7,Fishing,Nauru,725.0,11
1168,2010,7,Fishing,Niue,30.0,1
1169,2010,7,Fishing,Papua New Guinea,1380.0,23
1170,2010,7,Fishing,Samoa,19.0,1
1171,2010,7,Fishing,Solomon Islands,1336.0,19
1172,2010,7,Fishing,Tonga,16.0,1
1173,2010,7,Fishing,Tuvalu,810.0,20
1174,2010,7,Others,Cook Islands,403.0,11
1175,2010,7,Others,Fiji,848.0,18
1176,2010,7,Others,Kiribati,286.0,6
1177,2010,7,Others,Marshall Islands,73.0,6
1178,2010,7,Others,Micronesia,543.0,18
1179,2010,7,Others,Nauru,151.0,4
1180,2010,7,Others,Niue,110.0,4
1181,2010,7,Others,Palau,387.0,11
1182,2010,7,Others,Papua New Guinea,720.0,26
1183,2010,7,Others,Samoa,59.0,2
1184,2010,7,Others,Solomon Islands,290.0,4
1185,2010,7,Others,Tonga,504.0,9
1186,2010,7,Others,Tuvalu,140.0,1
1187,2010,7,Others,Vanuatu,368.0,7
1188,2010,7,Passenger,Cook Islands,153.0,1
1189,2010,7,Passenger,Fiji,812.0,5
1190,2010,7,Passenger,Papua New Guinea,339.0,9
1191,2010,7,Passenger,Tonga,55.0,1
1192,2010,7,Passenger,Vanuatu,2485.0,3
1193,2010,7,Tanker,Cook Islands,591.0,7
1194,2010,7,Tanker,Fiji,2351.0,12
1195,2010,7,Tanker,Kiribati,1722.0,14
1196,2010,7,Tanker,Marshall Islands,2138.0,13
1197,2010,7,Tanker,Micronesia,8065.0,47
1198,2010,7,Tanker,Nauru,308.0,6
1199,2010,7,Tanker,Niue,278.0,5
1200,2010,7,Tanker,Palau,2731.0,27
1201,2010,7,Tanker,Papua New Guinea,19426.0,90
1202,2010,7,Tanker,Samoa,158.0,3
1203,2010,7,Tanker,Solomon Islands,2356.0,14
1204,2010,7,Tanker,Tonga,817.0,8
1205,2010,7,Tanker,Tuvalu,90.0,2
1206,2010,7,Tanker,Vanuatu,731.0,5
1207,2010,8,Cargo,Cook Islands,5662.0,36
1208,2010,8,Cargo,Fiji,5335.0,32
1209,2010,8,Cargo,Kiribati,8268.0,64
1210,2010,8,Cargo,Marshall Islands,3804.0,38
1211,2010,8,Cargo,Micronesia,96039.0,484
1212,2010,8,Cargo,Nauru,563.0,10
1213,2010,8,Cargo,Niue,1088.0,11
1214,2010,8,Cargo,Palau,19718.0,166
1215,2010,8,Cargo,Papua New Guinea,230691.0,683
1216,2010,8,Cargo,Samoa,411.0,9
1217,2010,8,Cargo,Solomon Islands,10355.0,88
1218,2010,8,Cargo,Tokelau,807.0,9
1219,2010,8,Cargo,Tonga,1449.0,13
1220,2010,8,Cargo,Tuvalu,601.0,8
1221,2010,8,Cargo,Vanuatu,3902.0,29
1222,2010,8,Fishing,Cook Islands,70.0,2
1223,2010,8,Fishing,Fiji,76.0,4
1224,2010,8,Fishing,Kiribati,2616.0,49
1225,2010,8,Fishing,Marshall Islands,516.0,14
1226,2010,8,Fishing,Micronesia,1429.0,24
1227,2010,8,Fishing,Nauru,368.0,10
1228,2010,8,Fishing,Palau,35.0,1
1229,2010,8,Fishing,Papua New Guinea,1852.0,27
1230,2010,8,Fishing,Solomon Islands,957.0,22
1231,2010,8,Fishing,Tokelau,9.0,2
1232,2010,8,Fishing,Tuvalu,939.0,25
1233,2010,8,Fishing,Vanuatu,4.0,1
1234,2010,8,Others,Cook Islands,320.0,12
1235,2010,8,Others,Fiji,570.0,21
1236,2010,8,Others,Kiribati,703.0,13
1237,2010,8,Others,Marshall Islands,236.0,9
1238,2010,8,Others,Micronesia,2075.0,23
1239,2010,8,Others,Nauru,332.0,5
1240,2010,8,Others,Niue,53.0,4
1241,2010,8,Others,Palau,1230.0,10
1242,2010,8,Others,Papua New Guinea,1424.0,36
1243,2010,8,Others,Samoa,47.0,1
1244,2010,8,Others,Solomon Islands,213.0,6
1245,2010,8,Others,Tokelau,79.0,1
1246,2010,8,Others,Tonga,474.0,11
1247,2010,8,Others,Tuvalu,130.0,3
1248,2010,8,Others,Vanuatu,236.0,9
1249,2010,8,Passenger,Cook Islands,676.0,1
1250,2010,8,Passenger,Fiji,267.0,4
1251,2010,8,Passenger,Kiribati,808.0,1
1252,2010,8,Passenger,Micronesia,48.0,1
1253,2010,8,Passenger,Papua New Guinea,322.0,10
1254,2010,8,Passenger,Tonga,1518.0,1
1255,2010,8,Passenger,Vanuatu,330.0,1
1256,2010,8,Tanker,Cook Islands,994.0,7
1257,2010,8,Tanker,Fiji,2438.0,10
1258,2010,8,Tanker,Kiribati,1226.0,13
1259,2010,8,Tanker,Marshall Islands,1762.0,11
1260,2010,8,Tanker,Micronesia,8267.0,43
1261,2010,8,Tanker,Nauru,82.0,2
1262,2010,8,Tanker,Niue,370.0,4
1263,2010,8,Tanker,Palau,3603.0,27
1264,2010,8,Tanker,Papua New Guinea,20813.0,94
1265,2010,8,Tanker,Samoa,13.0,1
1266,2010,8,Tanker,Solomon Islands,1566.0,12
1267,2010,8,Tanker,Tokelau,13.0,1
1268,2010,8,Tanker,Tonga,621.0,6
1269,2010,8,Tanker,Tuvalu,170.0,3
1270,2010,8,Tanker,Vanuatu,1128.0,7
1271,2010,9,Cargo,Cook Islands,6694.0,37
1272,2010,9,Cargo,Fiji,4475.0,33
1273,2010,9,Cargo,Kiribati,8283.0,71
1274,2010,9,Cargo,Marshall Islands,3717.0,41
1275,2010,9,Cargo,Micronesia,95023.0,493
1276,2010,9,Cargo,Nauru,946.0,12
1277,2010,9,Cargo,Niue,1480.0,13
1278,2010,9,Cargo,Palau,20188.0,186
1279,2010,9,Cargo,Papua New Guinea,243374.0,743
1280,2010,9,Cargo,Samoa,317.0,10
1281,2010,9,Cargo,Solomon Islands,11699.0,104
1282,2010,9,Cargo,Tokelau,292.0,5
1283,2010,9,Cargo,Tonga,1565.0,14
1284,2010,9,Cargo,Tuvalu,457.0,6
1285,2010,9,Cargo,Vanuatu,3185.0,27
1286,2010,9,Fishing,Fiji,52.0,4
1287,2010,9,Fishing,Kiribati,2405.0,71
1288,2010,9,Fishing,Marshall Islands,461.0,13
1289,2010,9,Fishing,Micronesia,2348.0,39
1290,2010,9,Fishing,Nauru,1106.0,23
1291,2010,9,Fishing,Palau,7.0,1
1292,2010,9,Fishing,Papua New Guinea,2248.0,33
1293,2010,9,Fishing,Solomon Islands,1434.0,27
1294,2010,9,Fishing,Tokelau,13.0,1
1295,2010,9,Fishing,Tuvalu,1417.0,38
1296,2010,9,Others,Cook Islands,450.0,10
1297,2010,9,Others,Fiji,1273.0,24
1298,2010,9,Others,Kiribati,987.0,11
1299,2010,9,Others,Marshall Islands,129.0,6
1300,2010,9,Others,Micronesia,2950.0,23
1301,2010,9,Others,Nauru,490.0,7
1302,2010,9,Others,Niue,66.0,3
1303,2010,9,Others,Palau,521.0,6
1304,2010,9,Others,Papua New Guinea,1322.0,34
1305,2010,9,Others,Samoa,81.0,1
1306,2010,9,Others,Solomon Islands,629.0,10
1307,2010,9,Others,Tokelau,316.0,3
1308,2010,9,Others,Tonga,394.0,10
1309,2010,9,Others,Tuvalu,595.0,5
1310,2010,9,Others,Vanuatu,138.0,6
1311,2010,9,Passenger,Cook Islands,41.0,1
1312,2010,9,Passenger,Fiji,1491.0,4
1313,2010,9,Passenger,Kiribati,23.0,1
1314,2010,9,Passenger,Marshall Islands,26.0,1
1315,2010,9,Passenger,Micronesia,15.0,2
1316,2010,9,Passenger,Niue,19.0,1
1317,2010,9,Passenger,Papua New Guinea,492.0,12
1318,2010,9,Passenger,Tonga,699.0,2
1319,2010,9,Passenger,Tuvalu,59.0,1
1320,2010,9,Passenger,Vanuatu,1344.0,1
1321,2010,9,Tanker,Cook Islands,611.0,5
1322,2010,9,Tanker,Fiji,2208.0,10
1323,2010,9,Tanker,Kiribati,1265.0,8
1324,2010,9,Tanker,Marshall Islands,1096.0,9
1325,2010,9,Tanker,Micronesia,6738.0,38
1326,2010,9,Tanker,Nauru,121.0,3
1327,2010,9,Tanker,Niue,231.0,3
1328,2010,9,Tanker,Palau,3646.0,23
1329,2010,9,Tanker,Papua New Guinea,18465.0,95
1330,2010,9,Tanker,Samoa,222.0,3
1331,2010,9,Tanker,Solomon Islands,2749.0,17
1332,2010,9,Tanker,Tokelau,60.0,1
1333,2010,9,Tanker,Tonga,688.0,5
1334,2010,9,Tanker,Tuvalu,41.0,1
1335,2010,9,Tanker,Vanuatu,827.0,7
1336,2010,10,Cargo,Cook Islands,7713.0,44
1337,2010,10,Cargo,Fiji,6661.0,37
1338,2010,10,Cargo,Kiribati,9807.0,80
1339,2010,10,Cargo,Marshall Islands,6242.0,58
1340,2010,10,Cargo,Micronesia,95640.0,489
1341,2010,10,Cargo,Nauru,923.0,8
1342,2010,10,Cargo,Niue,1451.0,17
1343,2010,10,Cargo,Palau,21241.0,175
1344,2010,10,Cargo,Papua New Guinea,232523.0,693
1345,2010,10,Cargo,Samoa,739.0,11
1346,2010,10,Cargo,Solomon Islands,11324.0,105
1347,2010,10,Cargo,Tokelau,447.0,4
1348,2010,10,Cargo,Tonga,2029.0,16
1349,2010,10,Cargo,Tuvalu,880.0,10
1350,2010,10,Cargo,Vanuatu,3950.0,33
1351,2010,10,Fishing,Cook Islands,0.0,1
1352,2010,10,Fishing,Fiji,18.0,1
1353,2010,10,Fishing,Kiribati,4140.0,83
1354,2010,10,Fishing,Marshall Islands,512.0,18
1355,2010,10,Fishing,Micronesia,1802.0,39
1356,2010,10,Fishing,Nauru,165.0,11
1357,2010,10,Fishing,Palau,13.0,2
1358,2010,10,Fishing,Papua New Guinea,4879.0,42
1359,2010,10,Fishing,Solomon Islands,1715.0,30
1360,2010,10,Fishing,Tuvalu,401.0,19
1361,2010,10,Others,Cook Islands,626.0,7
1362,2010,10,Others,Fiji,1224.0,29
1363,2010,10,Others,Kiribati,1340.0,17
1364,2010,10,Others,Marshall Islands,538.0,10
1365,2010,10,Others,Micronesia,1196.0,18
1366,2010,10,Others,Nauru,307.0,6
1367,2010,10,Others,Niue,79.0,5
1368,2010,10,Others,Palau,405.0,9
1369,2010,10,Others,Papua New Guinea,1525.0,30
1370,2010,10,Others,Samoa,40.0,2
1371,2010,10,Others,Solomon Islands,831.0,17
1372,2010,10,Others,Tokelau,102.0,2
1373,2010,10,Others,Tonga,421.0,10
1374,2010,10,Others,Tuvalu,625.0,6
1375,2010,10,Others,Vanuatu,152.0,6
1376,2010,10,Passenger,Cook Islands,2062.0,6
1377,2010,10,Passenger,Fiji,6927.0,10
1378,2010,10,Passenger,Kiribati,2772.0,6
1379,2010,10,Passenger,Micronesia,131.0,3
1380,2010,10,Passenger,Nauru,16.0,1
1381,2010,10,Passenger,Papua New Guinea,726.0,16
1382,2010,10,Passenger,Samoa,934.0,3
1383,2010,10,Passenger,Solomon Islands,13.0,1
1384,2010,10,Passenger,Tokelau,450.0,2
1385,2010,10,Passenger,Tonga,755.0,4
1386,2010,10,Passenger,Vanuatu,6177.0,6
1387,2010,10,Tanker,Cook Islands,1076.0,7
1388,2010,10,Tanker,Fiji,2677.0,10
1389,2010,10,Tanker,Kiribati,2742.0,16
1390,2010,10,Tanker,Marshall Islands,2891.0,16
1391,2010,10,Tanker,Micronesia,7761.0,42
1392,2010,10,Tanker,Nauru,20.0,1
1393,2010,10,Tanker,Niue,492.0,6
1394,2010,10,Tanker,Palau,3648.0,31
1395,2010,10,Tanker,Papua New Guinea,19293.0,90
1396,2010,10,Tanker,Samoa,290.0,2
1397,2010,10,Tanker,Solomon Islands,2649.0,14
1398,2010,10,Tanker,Tonga,996.0,8
1399,2010,10,Tanker,Tuvalu,149.0,3
1400,2010,10,Tanker,Vanuatu,998.0,5
1401,2010,11,Cargo,Cook Islands,7248.0,36
1402,2010,11,Cargo,Fiji,5416.0,36
1403,2010,11,Cargo,Kiribati,9400.0,78
1404,2010,11,Cargo,Marshall Islands,3808.0,41
1405,2010,11,Cargo,Micronesia,86975.0,458
1406,2010,11,Cargo,Nauru,644.0,10
1407,2010,11,Cargo,Niue,2007.0,19
1408,2010,11,Cargo,Palau,19176.0,167
1409,2010,11,Cargo,Papua New Guinea,224354.0,684
1410,2010,11,Cargo,Samoa,382.0,11
1411,2010,11,Cargo,Solomon Islands,12414.0,119
1412,2010,11,Cargo,Tokelau,91.0,2
1413,2010,11,Cargo,Tonga,2102.0,18
1414,2010,11,Cargo,Tuvalu,689.0,9
1415,2010,11,Cargo,Vanuatu,3918.0,30
1416,2010,11,Fishing,Cook Islands,27.0,2
1417,2010,11,Fishing,Fiji,18.0,1
1418,2010,11,Fishing,Kiribati,2826.0,74
1419,2010,11,Fishing,Marshall Islands,518.0,17
1420,2010,11,Fishing,Micronesia,2222.0,35
1421,2010,11,Fishing,Nauru,257.0,10
1422,2010,11,Fishing,Palau,49.0,2
1423,2010,11,Fishing,Papua New Guinea,2987.0,39
1424,2010,11,Fishing,Solomon Islands,4005.0,50
1425,2010,11,Fishing,Tokelau,166.0,3
1426,2010,11,Fishing,Tonga,0.0,1
1427,2010,11,Fishing,Tuvalu,1082.0,26
1428,2010,11,Others,Cook Islands,540.0,3
1429,2010,11,Others,Fiji,417.0,8
1430,2010,11,Others,Kiribati,1997.0,17
1431,2010,11,Others,Marshall Islands,186.0,10
1432,2010,11,Others,Micronesia,2119.0,19
1433,2010,11,Others,Nauru,437.0,4
1434,2010,11,Others,Niue,25.0,2
1435,2010,11,Others,Palau,304.0,6
1436,2010,11,Others,Papua New Guinea,1730.0,29
1437,2010,11,Others,Samoa,21.0,2
1438,2010,11,Others,Solomon Islands,821.0,15
1439,2010,11,Others,Tokelau,1167.0,6
1440,2010,11,Others,Tonga,415.0,5
1441,2010,11,Others,Tuvalu,162.0,4
1442,2010,11,Others,Vanuatu,1.0,1
1443,2010,11,Passenger,Cook Islands,1325.0,4
1444,2010,11,Passenger,Fiji,3113.0,9
1445,2010,11,Passenger,Kiribati,2193.0,3
1446,2010,11,Passenger,Marshall Islands,1.0,1
1447,2010,11,Passenger,Micronesia,47.0,1
1448,2010,11,Passenger,Niue,117.0,2
1449,2010,11,Passenger,Papua New Guinea,1489.0,20
1450,2010,11,Passenger,Samoa,339.0,3
1451,2010,11,Passenger,Solomon Islands,202.0,2
1452,2010,11,Passenger,Tokelau,184.0,1
1453,2010,11,Passenger,Tonga,647.0,5
1454,2010,11,Passenger,Vanuatu,4917.0,9
1455,2010,11,Tanker,Cook Islands,526.0,3
1456,2010,11,Tanker,Fiji,2399.0,12
1457,2010,11,Tanker,Kiribati,1376.0,12
1458,2010,11,Tanker,Marshall Islands,2259.0,11
1459,2010,11,Tanker,Micronesia,5980.0,31
1460,2010,11,Tanker,Nauru,27.0,1
1461,2010,11,Tanker,Niue,283.0,3
1462,2010,11,Tanker,Palau,2052.0,18
1463,2010,11,Tanker,Papua New Guinea,17743.0,85
1464,2010,11,Tanker,Samoa,252.0,3
1465,2010,11,Tanker,Solomon Islands,2259.0,22
1466,2010,11,Tanker,Tokelau,16.0,1
1467,2010,11,Tanker,Tonga,805.0,9
1468,2010,11,Tanker,Tuvalu,268.0,2
1469,2010,11,Tanker,Vanuatu,467.0,7
1470,2010,12,Cargo,Cook Islands,6756.0,38
1471,2010,12,Cargo,Fiji,5784.0,41
1472,2010,12,Cargo,Kiribati,11168.0,80
1473,2010,12,Cargo,Marshall Islands,5422.0,50
1474,2010,12,Cargo,Micronesia,69914.0,455
1475,2010,12,Cargo,Nauru,279.0,7
1476,2010,12,Cargo,Niue,1193.0,11
1477,2010,12,Cargo,Palau,16572.0,169
1478,2010,12,Cargo,Papua New Guinea,171174.0,669
1479,2010,12,Cargo,Samoa,536.0,12
1480,2010,12,Cargo,Solomon Islands,8186.0,94
1481,2010,12,Cargo,Tokelau,341.0,5
1482,2010,12,Cargo,Tonga,1717.0,12
1483,2010,12,Cargo,Tuvalu,1152.0,14
1484,2010,12,Cargo,Vanuatu,3187.0,30
1485,2010,12,Fishing,Cook Islands,32.0,2
1486,2010,12,Fishing,Fiji,73.0,3
1487,2010,12,Fishing,Kiribati,4078.0,66
1488,2010,12,Fishing,Marshall Islands,683.0,21
1489,2010,12,Fishing,Micronesia,1472.0,33
1490,2010,12,Fishing,Nauru,329.0,18
1491,2010,12,Fishing,Palau,333.0,3
1492,2010,12,Fishing,Papua New Guinea,3066.0,42
1493,2010,12,Fishing,Solomon Islands,3719.0,49
1494,2010,12,Fishing,Tokelau,102.0,2
1495,2010,12,Fishing,Tuvalu,669.0,21
1496,2010,12,Fishing,Vanuatu,8.0,1
1497,2010,12,Others,Cook Islands,0.0,1
1498,2010,12,Others,Fiji,135.0,9
1499,2010,12,Others,Kiribati,1481.0,15
1500,2010,12,Others,Marshall Islands,206.0,6
1501,2010,12,Others,Micronesia,947.0,25
1502,2010,12,Others,Niue,10.0,1
1503,2010,12,Others,Palau,217.0,12
1504,2010,12,Others,Papua New Guinea,2293.0,41
1505,2010,12,Others,Samoa,24.0,1
1506,2010,12,Others,Solomon Islands,663.0,14
1507,2010,12,Others,Tokelau,279.0,5
1508,2010,12,Others,Tonga,427.0,4
1509,2010,12,Others,Tuvalu,238.0,1
1510,2010,12,Others,Vanuatu,39.0,3
1511,2010,12,Passenger,Cook Islands,867.0,1
1512,2010,12,Passenger,Fiji,768.0,5
1513,2010,12,Passenger,Kiribati,1116.0,2
1514,2010,12,Passenger,Micronesia,16.0,1
1515,2010,12,Passenger,Papua New Guinea,836.0,16
1516,2010,12,Passenger,Samoa,243.0,1
1517,2010,12,Passenger,Solomon Islands,84.0,2
1518,2010,12,Passenger,Tonga,87.0,1
1519,2010,12,Passenger,Vanuatu,1089.0,6
1520,2010,12,Tanker,Cook Islands,256.0,3
1521,2010,12,Tanker,Fiji,2398.0,16
1522,2010,12,Tanker,Kiribati,1143.0,13
1523,2010,12,Tanker,Marshall Islands,1232.0,10
1524,2010,12,Tanker,Micronesia,6006.0,40
1525,2010,12,Tanker,Nauru,3.0,1
1526,2010,12,Tanker,Niue,262.0,3
1527,2010,12,Tanker,Palau,2177.0,29
1528,2010,12,Tanker,Papua New Guinea,16305.0,92
1529,2010,12,Tanker,Samoa,321.0,2
1530,2010,12,Tanker,Solomon Islands,2535.0,19
1531,2010,12,Tanker,Tonga,630.0,8
1532,2010,12,Tanker,Tuvalu,136.0,3
1533,2010,12,Tanker,Vanuatu,602.0,9
1534,2011,1,Cargo,Cook Islands,8463.0,47
1535,2011,1,Cargo,Fiji,5942.0,37
1536,2011,1,Cargo,Kiribati,12582.0,102
1537,2011,1,Cargo,Marshall Islands,8504.0,82
1538,2011,1,Cargo,Micronesia,108255.0,586
1539,2011,1,Cargo,Nauru,387.0,9
1540,2011,1,Cargo,Niue,1937.0,22
1541,2011,1,Cargo,Palau,26693.0,290
1542,2011,1,Cargo,Papua New Guinea,266192.0,838
1543,2011,1,Cargo,Samoa,578.0,14
1544,2011,1,Cargo,Solomon Islands,14469.0,146
1545,2011,1,Cargo,Tokelau,444.0,7
1546,2011,1,Cargo,Tonga,2663.0,22
1547,2011,1,Cargo,Tuvalu,422.0,7
1548,2011,1,Cargo,Vanuatu,2478.0,28
1549,2011,1,Fishing,Cook Islands,7.0,1
1550,2011,1,Fishing,Fiji,83.0,4
1551,2011,1,Fishing,Kiribati,5179.0,65
1552,2011,1,Fishing,Marshall Islands,808.0,20
1553,2011,1,Fishing,Micronesia,1864.0,40
1554,2011,1,Fishing,Nauru,1196.0,28
1555,2011,1,Fishing,Palau,652.0,6
1556,2011,1,Fishing,Papua New Guinea,6308.0,47
1557,2011,1,Fishing,Samoa,4.0,2
1558,2011,1,Fishing,Solomon Islands,5339.0,55
1559,2011,1,Fishing,Tokelau,59.0,2
1560,2011,1,Fishing,Tonga,4.0,1
1561,2011,1,Fishing,Tuvalu,947.0,17
1562,2011,1,Others,Cook Islands,103.0,3
1563,2011,1,Others,Fiji,59.0,6
1564,2011,1,Others,Kiribati,343.0,9
1565,2011,1,Others,Marshall Islands,456.0,10
1566,2011,1,Others,Micronesia,1342.0,17
1567,2011,1,Others,Nauru,3.0,3
1568,2011,1,Others,Palau,352.0,13
1569,2011,1,Others,Papua New Guinea,3049.0,43
1570,2011,1,Others,Samoa,15.0,2
1571,2011,1,Others,Solomon Islands,532.0,8
1572,2011,1,Others,Tokelau,709.0,4
1573,2011,1,Others,Tonga,156.0,4
1574,2011,1,Others,Vanuatu,8.0,1
1575,2011,1,Passenger,Cook Islands,2784.0,7
1576,2011,1,Passenger,Fiji,3481.0,7
1577,2011,1,Passenger,Kiribati,2885.0,5
1578,2011,1,Passenger,Marshall Islands,1268.0,1
1579,2011,1,Passenger,Micronesia,501.0,3
1580,2011,1,Passenger,Palau,354.0,1
1581,2011,1,Passenger,Papua New Guinea,2204.0,18
1582,2011,1,Passenger,Samoa,114.0,1
1583,2011,1,Passenger,Solomon Islands,150.0,1
1584,2011,1,Passenger,Tonga,240.0,2
1585,2011,1,Passenger,Vanuatu,5389.0,9
1586,2011,1,Tanker,Cook Islands,1627.0,7
1587,2011,1,Tanker,Fiji,4022.0,18
1588,2011,1,Tanker,Kiribati,2054.0,18
1589,2011,1,Tanker,Marshall Islands,4582.0,17
1590,2011,1,Tanker,Micronesia,9937.0,44
1591,2011,1,Tanker,Nauru,81.0,3
1592,2011,1,Tanker,Niue,561.0,5
1593,2011,1,Tanker,Palau,2681.0,34
1594,2011,1,Tanker,Papua New Guinea,27182.0,112
1595,2011,1,Tanker,Samoa,330.0,7
1596,2011,1,Tanker,Solomon Islands,4290.0,29
1597,2011,1,Tanker,Tokelau,287.0,3
1598,2011,1,Tanker,Tonga,1030.0,9
1599,2011,1,Tanker,Tuvalu,880.0,7
1600,2011,1,Tanker,Vanuatu,955.0,8
1601,2011,2,Cargo,Cook Islands,8164.0,45
1602,2011,2,Cargo,Fiji,5547.0,37
1603,2011,2,Cargo,Kiribati,11597.0,88
1604,2011,2,Cargo,Marshall Islands,6937.0,62
1605,2011,2,Cargo,Micronesia,97180.0,547
1606,2011,2,Cargo,Nauru,672.0,14
1607,2011,2,Cargo,Niue,1489.0,15
1608,2011,2,Cargo,Palau,21760.0,249
1609,2011,2,Cargo,Papua New Guinea,241487.0,792
1610,2011,2,Cargo,Samoa,409.0,13
1611,2011,2,Cargo,Solomon Islands,14450.0,148
1612,2011,2,Cargo,Tokelau,741.0,12
1613,2011,2,Cargo,Tonga,1652.0,19
1614,2011,2,Cargo,Tuvalu,1087.0,18
1615,2011,2,Cargo,Vanuatu,3202.0,34
1616,2011,2,Fishing,Cook Islands,43.0,1
1617,2011,2,Fishing,Fiji,0.0,1
1618,2011,2,Fishing,Kiribati,6672.0,67
1619,2011,2,Fishing,Marshall Islands,1041.0,29
1620,2011,2,Fishing,Micronesia,2070.0,44
1621,2011,2,Fishing,Nauru,721.0,23
1622,2011,2,Fishing,Palau,354.0,6
1623,2011,2,Fishing,Papua New Guinea,5279.0,46
1624,2011,2,Fishing,Solomon Islands,2744.0,39
1625,2011,2,Fishing,Tuvalu,1203.0,17
1626,2011,2,Fishing,Vanuatu,49.0,1
1627,2011,2,Others,Cook Islands,191.0,2
1628,2011,2,Others,Fiji,221.0,12
1629,2011,2,Others,Kiribati,381.0,9
1630,2011,2,Others,Marshall Islands,433.0,11
1631,2011,2,Others,Micronesia,1856.0,23
1632,2011,2,Others,Nauru,61.0,5
1633,2011,2,Others,Palau,705.0,14
1634,2011,2,Others,Papua New Guinea,3132.0,40
1635,2011,2,Others,Solomon Islands,456.0,6
1636,2011,2,Others,Tokelau,291.0,3
1637,2011,2,Others,Tonga,26.0,1
1638,2011,2,Others,Tuvalu,16.0,2
1639,2011,2,Others,Vanuatu,15.0,1
1640,2011,2,Passenger,Cook Islands,2747.0,10
1641,2011,2,Passenger,Fiji,9077.0,12
1642,2011,2,Passenger,Kiribati,529.0,2
1643,2011,2,Passenger,Micronesia,891.0,3
1644,2011,2,Passenger,Niue,757.0,4
1645,2011,2,Passenger,Papua New Guinea,3349.0,20
1646,2011,2,Passenger,Samoa,651.0,3
1647,2011,2,Passenger,Solomon Islands,236.0,1
1648,2011,2,Passenger,Tokelau,1035.0,2
1649,2011,2,Passenger,Tonga,3528.0,10
1650,2011,2,Passenger,Vanuatu,3776.0,8
1651,2011,2,Tanker,Cook Islands,547.0,6
1652,2011,2,Tanker,Fiji,2500.0,13
1653,2011,2,Tanker,Kiribati,1308.0,16
1654,2011,2,Tanker,Marshall Islands,855.0,7
1655,2011,2,Tanker,Micronesia,8135.0,61
1656,2011,2,Tanker,Nauru,190.0,7
1657,2011,2,Tanker,Niue,155.0,2
1658,2011,2,Tanker,Palau,2577.0,33
1659,2011,2,Tanker,Papua New Guinea,28673.0,114
1660,2011,2,Tanker,Samoa,146.0,3
1661,2011,2,Tanker,Solomon Islands,3763.0,29
1662,2011,2,Tanker,Tokelau,25.0,1
1663,2011,2,Tanker,Tonga,797.0,9
1664,2011,2,Tanker,Tuvalu,482.0,6
1665,2011,2,Tanker,Vanuatu,1006.0,8
1666,2011,3,Cargo,Cook Islands,7372.0,41
1667,2011,3,Cargo,Fiji,6583.0,38
1668,2011,3,Cargo,Kiribati,11644.0,95
1669,2011,3,Cargo,Marshall Islands,6997.0,70
1670,2011,3,Cargo,Micronesia,117296.0,652
1671,2011,3,Cargo,Nauru,822.0,18
1672,2011,3,Cargo,Niue,1706.0,18
1673,2011,3,Cargo,Palau,24113.0,257
1674,2011,3,Cargo,Papua New Guinea,279149.0,840
1675,2011,3,Cargo,Samoa,319.0,12
1676,2011,3,Cargo,Solomon Islands,13972.0,140
1677,2011,3,Cargo,Tokelau,450.0,8
1678,2011,3,Cargo,Tonga,2049.0,19
1679,2011,3,Cargo,Tuvalu,256.0,5
1680,2011,3,Cargo,Vanuatu,3952.0,36
1681,2011,3,Fishing,Cook Islands,44.0,4
1682,2011,3,Fishing,Fiji,130.0,4
1683,2011,3,Fishing,Kiribati,8360.0,93
1684,2011,3,Fishing,Marshall Islands,918.0,36
1685,2011,3,Fishing,Micronesia,2428.0,52
1686,2011,3,Fishing,Nauru,894.0,26
1687,2011,3,Fishing,Palau,96.0,3
1688,2011,3,Fishing,Papua New Guinea,4790.0,47
1689,2011,3,Fishing,Samoa,9.0,1
1690,2011,3,Fishing,Solomon Islands,3297.0,46
1691,2011,3,Fishing,Tuvalu,547.0,15
1692,2011,3,Others,Cook Islands,257.0,7
1693,2011,3,Others,Fiji,242.0,10
1694,2011,3,Others,Kiribati,1113.0,17
1695,2011,3,Others,Marshall Islands,249.0,17
1696,2011,3,Others,Micronesia,920.0,27
1697,2011,3,Others,Nauru,52.0,3
1698,2011,3,Others,Niue,53.0,2
1699,2011,3,Others,Palau,504.0,12
1700,2011,3,Others,Papua New Guinea,2934.0,49
1701,2011,3,Others,Samoa,6.0,1
1702,2011,3,Others,Solomon Islands,493.0,11
1703,2011,3,Others,Tokelau,110.0,2
1704,2011,3,Others,Tonga,129.0,4
1705,2011,3,Others,Tuvalu,156.0,2
1706,2011,3,Others,Vanuatu,25.0,2
1707,2011,3,Passenger,Cook Islands,1822.0,6
1708,2011,3,Passenger,Fiji,1366.0,5
1709,2011,3,Passenger,Kiribati,1089.0,5
1710,2011,3,Passenger,Micronesia,1535.0,4
1711,2011,3,Passenger,Palau,278.0,1
1712,2011,3,Passenger,Papua New Guinea,3800.0,23
1713,2011,3,Passenger,Samoa,540.0,4
1714,2011,3,Passenger,Solomon Islands,1967.0,4
1715,2011,3,Passenger,Tokelau,44.0,1
1716,2011,3,Passenger,Tonga,1358.0,5
1717,2011,3,Passenger,Vanuatu,1515.0,8
1718,2011,3,Tanker,Cook Islands,1042.0,6
1719,2011,3,Tanker,Fiji,3316.0,14
1720,2011,3,Tanker,Kiribati,1454.0,18
1721,2011,3,Tanker,Marshall Islands,1227.0,10
1722,2011,3,Tanker,Micronesia,7647.0,46
1723,2011,3,Tanker,Nauru,425.0,7
1724,2011,3,Tanker,Niue,435.0,3
1725,2011,3,Tanker,Palau,2096.0,28
1726,2011,3,Tanker,Papua New Guinea,31269.0,112
1727,2011,3,Tanker,Samoa,134.0,2
1728,2011,3,Tanker,Solomon Islands,3408.0,32
1729,2011,3,Tanker,Tokelau,240.0,1
1730,2011,3,Tanker,Tonga,1040.0,10
1731,2011,3,Tanker,Tuvalu,149.0,5
1732,2011,3,Tanker,Vanuatu,1331.0,14
1733,2011,4,Cargo,Cook Islands,8737.0,46
1734,2011,4,Cargo,Fiji,5880.0,36
1735,2011,4,Cargo,Kiribati,10838.0,94
1736,2011,4,Cargo,Marshall Islands,5901.0,66
1737,2011,4,Cargo,Micronesia,110198.0,622
1738,2011,4,Cargo,Nauru,601.0,15
1739,2011,4,Cargo,Niue,1545.0,16
1740,2011,4,Cargo,Palau,25301.0,268
1741,2011,4,Cargo,Papua New Guinea,274175.0,811
1742,2011,4,Cargo,Samoa,356.0,10
1743,2011,4,Cargo,Solomon Islands,14242.0,133
1744,2011,4,Cargo,Tokelau,828.0,12
1745,2011,4,Cargo,Tonga,1772.0,16
1746,2011,4,Cargo,Tuvalu,1039.0,12
1747,2011,4,Cargo,Vanuatu,3852.0,39
1748,2011,4,Fishing,Cook Islands,12.0,1
1749,2011,4,Fishing,Fiji,86.0,5
1750,2011,4,Fishing,Kiribati,11054.0,117
1751,2011,4,Fishing,Marshall Islands,538.0,23
1752,2011,4,Fishing,Micronesia,2368.0,41
1753,2011,4,Fishing,Nauru,1833.0,32
1754,2011,4,Fishing,Niue,0.0,1
1755,2011,4,Fishing,Palau,64.0,3
1756,2011,4,Fishing,Papua New Guinea,4754.0,40
1757,2011,4,Fishing,Solomon Islands,3144.0,39
1758,2011,4,Fishing,Tonga,0.0,1
1759,2011,4,Fishing,Tuvalu,877.0,14
1760,2011,4,Fishing,Vanuatu,59.0,1
1761,2011,4,Others,Cook Islands,572.0,13
1762,2011,4,Others,Fiji,913.0,17
1763,2011,4,Others,Kiribati,1478.0,17
1764,2011,4,Others,Marshall Islands,73.0,9
1765,2011,4,Others,Micronesia,506.0,21
1766,2011,4,Others,Nauru,150.0,4
1767,2011,4,Others,Niue,107.0,4
1768,2011,4,Others,Palau,294.0,14
1769,2011,4,Others,Papua New Guinea,2437.0,54
1770,2011,4,Others,Samoa,81.0,3
1771,2011,4,Others,Solomon Islands,381.0,7
1772,2011,4,Others,Tokelau,22.0,1
1773,2011,4,Others,Tonga,782.0,7
1774,2011,4,Others,Tuvalu,122.0,4
1775,2011,4,Others,Vanuatu,90.0,4
1776,2011,4,Passenger,Cook Islands,975.0,4
1777,2011,4,Passenger,Fiji,1982.0,8
1778,2011,4,Passenger,Kiribati,2499.0,4
1779,2011,4,Passenger,Micronesia,484.0,3
1780,2011,4,Passenger,Niue,539.0,2
1781,2011,4,Passenger,Papua New Guinea,2434.0,19
1782,2011,4,Passenger,Samoa,169.0,2
1783,2011,4,Passenger,Solomon Islands,116.0,2
1784,2011,4,Passenger,Tonga,1664.0,5
1785,2011,4,Passenger,Vanuatu,3850.0,7
1786,2011,4,Tanker,Cook Islands,756.0,7
1787,2011,4,Tanker,Fiji,2289.0,13
1788,2011,4,Tanker,Kiribati,2149.0,17
1789,2011,4,Tanker,Marshall Islands,1055.0,11
1790,2011,4,Tanker,Micronesia,9156.0,53
1791,2011,4,Tanker,Nauru,410.0,9
1792,2011,4,Tanker,Niue,429.0,6
1793,2011,4,Tanker,Palau,3102.0,42
1794,2011,4,Tanker,Papua New Guinea,27110.0,121
1795,2011,4,Tanker,Samoa,154.0,4
1796,2011,4,Tanker,Solomon Islands,3478.0,28
1797,2011,4,Tanker,Tokelau,48.0,2
1798,2011,4,Tanker,Tonga,659.0,8
1799,2011,4,Tanker,Tuvalu,230.0,4
1800,2011,4,Tanker,Vanuatu,599.0,7
1801,2011,5,Cargo,Cook Islands,6568.0,39
1802,2011,5,Cargo,Fiji,6996.0,38
1803,2011,5,Cargo,Kiribati,8751.0,81
1804,2011,5,Cargo,Marshall Islands,6373.0,62
1805,2011,5,Cargo,Micronesia,118902.0,656
1806,2011,5,Cargo,Nauru,754.0,15
1807,2011,5,Cargo,Niue,1739.0,19
1808,2011,5,Cargo,Palau,28742.0,299
1809,2011,5,Cargo,Papua New Guinea,285035.0,855
1810,2011,5,Cargo,Samoa,413.0,10
1811,2011,5,Cargo,Solomon Islands,16055.0,152
1812,2011,5,Cargo,Tokelau,750.0,8
1813,2011,5,Cargo,Tonga,1830.0,19
1814,2011,5,Cargo,Tuvalu,1317.0,16
1815,2011,5,Cargo,Vanuatu,5107.0,39
1816,2011,5,Fishing,Fiji,41.0,2
1817,2011,5,Fishing,Kiribati,11173.0,109
1818,2011,5,Fishing,Marshall Islands,695.0,24
1819,2011,5,Fishing,Micronesia,3599.0,53
1820,2011,5,Fishing,Nauru,1945.0,34
1821,2011,5,Fishing,Palau,55.0,4
1822,2011,5,Fishing,Papua New Guinea,3094.0,45
1823,2011,5,Fishing,Solomon Islands,4200.0,47
1824,2011,5,Fishing,Tokelau,18.0,2
1825,2011,5,Fishing,Tuvalu,1344.0,25
1826,2011,5,Fishing,Vanuatu,8.0,1
1827,2011,5,Others,Cook Islands,828.0,15
1828,2011,5,Others,Fiji,1989.0,45
1829,2011,5,Others,Kiribati,1168.0,16
1830,2011,5,Others,Marshall Islands,68.0,9
1831,2011,5,Others,Micronesia,3199.0,26
1832,2011,5,Others,Nauru,293.0,4
1833,2011,5,Others,Niue,103.0,5
1834,2011,5,Others,Palau,996.0,15
1835,2011,5,Others,Papua New Guinea,3750.0,53
1836,2011,5,Others,Samoa,24.0,2
1837,2011,5,Others,Solomon Islands,1194.0,14
1838,2011,5,Others,Tonga,977.0,22
1839,2011,5,Others,Tuvalu,1.0,2
1840,2011,5,Others,Vanuatu,753.0,10
1841,2011,5,Passenger,Cook Islands,835.0,2
1842,2011,5,Passenger,Fiji,1703.0,3
1843,2011,5,Passenger,Micronesia,28.0,1
1844,2011,5,Passenger,Niue,614.0,1
1845,2011,5,Passenger,Papua New Guinea,1233.0,20
1846,2011,5,Passenger,Solomon Islands,9.0,1
1847,2011,5,Passenger,Tonga,220.0,2
1848,2011,5,Passenger,Vanuatu,3845.0,6
1849,2011,5,Tanker,Cook Islands,1003.0,5
1850,2011,5,Tanker,Fiji,2758.0,13
1851,2011,5,Tanker,Kiribati,5110.0,19
1852,2011,5,Tanker,Marshall Islands,626.0,9
1853,2011,5,Tanker,Micronesia,9385.0,54
1854,2011,5,Tanker,Nauru,552.0,11
1855,2011,5,Tanker,Niue,483.0,5
1856,2011,5,Tanker,Palau,3486.0,34
1857,2011,5,Tanker,Papua New Guinea,28590.0,120
1858,2011,5,Tanker,Samoa,227.0,4
1859,2011,5,Tanker,Solomon Islands,3333.0,29
1860,2011,5,Tanker,Tonga,817.0,9
1861,2011,5,Tanker,Tuvalu,347.0,2
1862,2011,5,Tanker,Vanuatu,922.0,7
1863,2011,6,Cargo,Cook Islands,7965.0,40
1864,2011,6,Cargo,Fiji,4807.0,29
1865,2011,6,Cargo,Kiribati,8201.0,77
1866,2011,6,Cargo,Marshall Islands,4281.0,52
1867,2011,6,Cargo,Micronesia,118762.0,655
1868,2011,6,Cargo,Nauru,520.0,14
1869,2011,6,Cargo,Niue,1826.0,18
1870,2011,6,Cargo,Palau,32093.0,326
1871,2011,6,Cargo,Papua New Guinea,305376.0,890
1872,2011,6,Cargo,Samoa,495.0,14
1873,2011,6,Cargo,Solomon Islands,12774.0,134
1874,2011,6,Cargo,Tokelau,312.0,7
1875,2011,6,Cargo,Tonga,2113.0,19
1876,2011,6,Cargo,Tuvalu,1206.0,16
1877,2011,6,Cargo,Vanuatu,2861.0,27
1878,2011,6,Fishing,Cook Islands,25.0,2
1879,2011,6,Fishing,Fiji,30.0,3
1880,2011,6,Fishing,Kiribati,9050.0,104
1881,2011,6,Fishing,Marshall Islands,878.0,25
1882,2011,6,Fishing,Micronesia,3888.0,46
1883,2011,6,Fishing,Nauru,1711.0,31
1884,2011,6,Fishing,Palau,73.0,4
1885,2011,6,Fishing,Papua New Guinea,4064.0,39
1886,2011,6,Fishing,Samoa,12.0,2
1887,2011,6,Fishing,Solomon Islands,3079.0,38
1888,2011,6,Fishing,Tokelau,83.0,4
1889,2011,6,Fishing,Tuvalu,2062.0,33
1890,2011,6,Fishing,Vanuatu,8.0,1
1891,2011,6,Others,Cook Islands,982.0,13
1892,2011,6,Others,Fiji,2078.0,50
1893,2011,6,Others,Kiribati,2469.0,20
1894,2011,6,Others,Marshall Islands,178.0,13
1895,2011,6,Others,Micronesia,4231.0,31
1896,2011,6,Others,Nauru,504.0,7
1897,2011,6,Others,Niue,217.0,7
1898,2011,6,Others,Palau,482.0,9
1899,2011,6,Others,Papua New Guinea,2285.0,61
1900,2011,6,Others,Samoa,104.0,5
1901,2011,6,Others,Solomon Islands,756.0,11
1902,2011,6,Others,Tokelau,138.0,3
1903,2011,6,Others,Tonga,1122.0,24
1904,2011,6,Others,Tuvalu,542.0,3
1905,2011,6,Others,Vanuatu,662.0,17
1906,2011,6,Passenger,Cook Islands,134.0,1
1907,2011,6,Passenger,Fiji,841.0,3
1908,2011,6,Passenger,Micronesia,8.0,1
1909,2011,6,Passenger,Palau,71.0,2
1910,2011,6,Passenger,Papua New Guinea,1342.0,18
1911,2011,6,Passenger,Tonga,146.0,1
1912,2011,6,Passenger,Vanuatu,2676.0,5
1913,2011,6,Tanker,Cook Islands,1105.0,6
1914,2011,6,Tanker,Fiji,2899.0,12
1915,2011,6,Tanker,Kiribati,3556.0,21
1916,2011,6,Tanker,Marshall Islands,1117.0,11
1917,2011,6,Tanker,Micronesia,8439.0,53
1918,2011,6,Tanker,Nauru,357.0,6
1919,2011,6,Tanker,Niue,381.0,3
1920,2011,6,Tanker,Palau,2917.0,34
1921,2011,6,Tanker,Papua New Guinea,26677.0,106
1922,2011,6,Tanker,Samoa,121.0,5
1923,2011,6,Tanker,Solomon Islands,2988.0,25
1924,2011,6,Tanker,Tokelau,178.0,2
1925,2011,6,Tanker,Tonga,858.0,9
1926,2011,6,Tanker,Tuvalu,590.0,6
1927,2011,6,Tanker,Vanuatu,509.0,7
1928,2011,7,Cargo,Cook Islands,7209.0,40
1929,2011,7,Cargo,Fiji,6853.0,50
1930,2011,7,Cargo,Kiribati,8866.0,87
1931,2011,7,Cargo,Marshall Islands,4813.0,60
1932,2011,7,Cargo,Micronesia,122942.0,672
1933,2011,7,Cargo,Nauru,412.0,13
1934,2011,7,Cargo,Niue,1837.0,17
1935,2011,7,Cargo,Palau,33092.0,325
1936,2011,7,Cargo,Papua New Guinea,297791.0,892
1937,2011,7,Cargo,Samoa,481.0,14
1938,2011,7,Cargo,Solomon Islands,13706.0,143
1939,2011,7,Cargo,Tokelau,734.0,11
1940,2011,7,Cargo,Tonga,2068.0,20
1941,2011,7,Cargo,Tuvalu,1307.0,17
1942,2011,7,Cargo,Vanuatu,3986.0,43
1943,2011,7,Fishing,Fiji,97.0,5
1944,2011,7,Fishing,Kiribati,6635.0,92
1945,2011,7,Fishing,Marshall Islands,756.0,16
1946,2011,7,Fishing,Micronesia,3915.0,60
1947,2011,7,Fishing,Nauru,479.0,22
1948,2011,7,Fishing,Palau,53.0,3
1949,2011,7,Fishing,Papua New Guinea,8589.0,51
1950,2011,7,Fishing,Samoa,34.0,2
1951,2011,7,Fishing,Solomon Islands,1520.0,26
1952,2011,7,Fishing,Tokelau,44.0,2
1953,2011,7,Fishing,Tonga,40.0,3
1954,2011,7,Fishing,Tuvalu,1013.0,28
1955,2011,7,Fishing,Vanuatu,17.0,1
1956,2011,7,Others,Cook Islands,1226.0,22
1957,2011,7,Others,Fiji,3204.0,59
1958,2011,7,Others,Kiribati,2297.0,19
1959,2011,7,Others,Marshall Islands,595.0,12
1960,2011,7,Others,Micronesia,4055.0,29
1961,2011,7,Others,Nauru,423.0,5
1962,2011,7,Others,Niue,251.0,10
1963,2011,7,Others,Palau,739.0,18
1964,2011,7,Others,Papua New Guinea,4021.0,62
1965,2011,7,Others,Samoa,26.0,4
1966,2011,7,Others,Solomon Islands,1514.0,15
1967,2011,7,Others,Tokelau,165.0,2
1968,2011,7,Others,Tonga,869.0,24
1969,2011,7,Others,Tuvalu,288.0,3
1970,2011,7,Others,Vanuatu,1018.0,27
1971,2011,7,Passenger,Cook Islands,736.0,3
1972,2011,7,Passenger,Fiji,664.0,4
1973,2011,7,Passenger,Niue,233.0,3
1974,2011,7,Passenger,Papua New Guinea,1082.0,17
1975,2011,7,Passenger,Tonga,614.0,4
1976,2011,7,Passenger,Vanuatu,2437.0,5
1977,2011,7,Tanker,Cook Islands,934.0,6
1978,2011,7,Tanker,Fiji,3509.0,15
1979,2011,7,Tanker,Kiribati,3600.0,19
1980,2011,7,Tanker,Marshall Islands,1613.0,12
1981,2011,7,Tanker,Micronesia,11495.0,59
1982,2011,7,Tanker,Nauru,595.0,7
1983,2011,7,Tanker,Niue,610.0,7
1984,2011,7,Tanker,Palau,4342.0,40
1985,2011,7,Tanker,Papua New Guinea,25931.0,113
1986,2011,7,Tanker,Samoa,283.0,3
1987,2011,7,Tanker,Solomon Islands,2769.0,22
1988,2011,7,Tanker,Tonga,1126.0,11
1989,2011,7,Tanker,Tuvalu,91.0,3
1990,2011,7,Tanker,Vanuatu,825.0,10
1991,2011,8,Cargo,Cook Islands,9913.0,52
1992,2011,8,Cargo,Fiji,7140.0,42
1993,2011,8,Cargo,Kiribati,10448.0,85
1994,2011,8,Cargo,Marshall Islands,4438.0,46
1995,2011,8,Cargo,Micronesia,123580.0,660
1996,2011,8,Cargo,Nauru,326.0,7
1997,2011,8,Cargo,Niue,1802.0,22
1998,2011,8,Cargo,Palau,35925.0,326
1999,2011,8,Cargo,Papua New Guinea,326319.0,924
2000,2011,8,Cargo,Samoa,490.0,13
2001,2011,8,Cargo,Solomon Islands,13241.0,138
2002,2011,8,Cargo,Tokelau,1150.0,15
2003,2011,8,Cargo,Tonga,2587.0,23
2004,2011,8,Cargo,Tuvalu,1501.0,18
2005,2011,8,Cargo,Vanuatu,3637.0,31
2006,2011,8,Fishing,Cook Islands,27.0,1
2007,2011,8,Fishing,Fiji,42.0,5
2008,2011,8,Fishing,Kiribati,6755.0,86
2009,2011,8,Fishing,Marshall Islands,530.0,18
2010,2011,8,Fishing,Micronesia,7964.0,69
2011,2011,8,Fishing,Nauru,1277.0,20
2012,2011,8,Fishing,Niue,25.0,1
2013,2011,8,Fishing,Palau,200.0,5
2014,2011,8,Fishing,Papua New Guinea,4108.0,58
2015,2011,8,Fishing,Samoa,46.0,4
2016,2011,8,Fishing,Solomon Islands,1244.0,20
2017,2011,8,Fishing,Tokelau,94.0,4
2018,2011,8,Fishing,Tonga,35.0,3
2019,2011,8,Fishing,Tuvalu,459.0,12
2020,2011,8,Fishing,Vanuatu,14.0,1
2021,2011,8,Others,Cook Islands,1830.0,44
2022,2011,8,Others,Fiji,3073.0,72
2023,2011,8,Others,Kiribati,2386.0,18
2024,2011,8,Others,Marshall Islands,594.0,6
2025,2011,8,Others,Micronesia,3378.0,28
2026,2011,8,Others,Nauru,182.0,4
2027,2011,8,Others,Niue,406.0,19
2028,2011,8,Others,Palau,903.0,19
2029,2011,8,Others,Papua New Guinea,2101.0,59
2030,2011,8,Others,Samoa,143.0,7
2031,2011,8,Others,Solomon Islands,1297.0,14
2032,2011,8,Others,Tokelau,88.0,2
2033,2011,8,Others,Tonga,1224.0,32
2034,2011,8,Others,Tuvalu,181.0,2
2035,2011,8,Others,Vanuatu,1872.0,44
2036,2011,8,Passenger,Cook Islands,463.0,2
2037,2011,8,Passenger,Fiji,105.0,3
2038,2011,8,Passenger,Kiribati,1357.0,1
2039,2011,8,Passenger,Micronesia,0.0,1
2040,2011,8,Passenger,Papua New Guinea,1636.0,19
2041,2011,8,Passenger,Samoa,399.0,1
2042,2011,8,Passenger,Tonga,172.0,3
2043,2011,8,Passenger,Vanuatu,1994.0,4
2044,2011,8,Tanker,Cook Islands,1094.0,8
2045,2011,8,Tanker,Fiji,3432.0,16
2046,2011,8,Tanker,Kiribati,2939.0,14
2047,2011,8,Tanker,Marshall Islands,1218.0,12
2048,2011,8,Tanker,Micronesia,12013.0,60
2049,2011,8,Tanker,Nauru,306.0,6
2050,2011,8,Tanker,Niue,519.0,4
2051,2011,8,Tanker,Palau,3081.0,44
2052,2011,8,Tanker,Papua New Guinea,27482.0,122
2053,2011,8,Tanker,Samoa,191.0,3
2054,2011,8,Tanker,Solomon Islands,2877.0,22
2055,2011,8,Tanker,Tonga,893.0,10
2056,2011,8,Tanker,Tuvalu,230.0,3
2057,2011,8,Tanker,Vanuatu,751.0,9
2058,2011,9,Cargo,Cook Islands,6990.0,32
2059,2011,9,Cargo,Fiji,6918.0,37
2060,2011,9,Cargo,Kiribati,8054.0,70
2061,2011,9,Cargo,Marshall Islands,3122.0,33
2062,2011,9,Cargo,Micronesia,126220.0,661
2063,2011,9,Cargo,Nauru,830.0,15
2064,2011,9,Cargo,Niue,1539.0,16
2065,2011,9,Cargo,Palau,30929.0,300
2066,2011,9,Cargo,Papua New Guinea,315966.0,913
2067,2011,9,Cargo,Samoa,389.0,11
2068,2011,9,Cargo,Solomon Islands,16580.0,136
2069,2011,9,Cargo,Tokelau,734.0,7
2070,2011,9,Cargo,Tonga,1866.0,16
2071,2011,9,Cargo,Tuvalu,1529.0,17
2072,2011,9,Cargo,Vanuatu,4231.0,36
2073,2011,9,Fishing,Cook Islands,128.0,4
2074,2011,9,Fishing,Fiji,94.0,8
2075,2011,9,Fishing,Kiribati,5973.0,90
2076,2011,9,Fishing,Marshall Islands,393.0,18
2077,2011,9,Fishing,Micronesia,5840.0,69
2078,2011,9,Fishing,Nauru,446.0,24
2079,2011,9,Fishing,Palau,182.0,6
2080,2011,9,Fishing,Papua New Guinea,7344.0,57
2081,2011,9,Fishing,Samoa,5.0,1
2082,2011,9,Fishing,Solomon Islands,1421.0,21
2083,2011,9,Fishing,Tokelau,188.0,7
2084,2011,9,Fishing,Tonga,10.0,1
2085,2011,9,Fishing,Tuvalu,689.0,23
2086,2011,9,Fishing,Vanuatu,36.0,1
2087,2011,9,Others,Cook Islands,1271.0,27
2088,2011,9,Others,Fiji,2397.0,66
2089,2011,9,Others,Kiribati,1522.0,19
2090,2011,9,Others,Marshall Islands,293.0,6
2091,2011,9,Others,Micronesia,3609.0,30
2092,2011,9,Others,Nauru,188.0,5
2093,2011,9,Others,Niue,257.0,11
2094,2011,9,Others,Palau,456.0,12
2095,2011,9,Others,Papua New Guinea,3729.0,80
2096,2011,9,Others,Samoa,282.0,16
2097,2011,9,Others,Solomon Islands,1323.0,27
2098,2011,9,Others,Tokelau,275.0,5
2099,2011,9,Others,Tonga,1198.0,45
2100,2011,9,Others,Tuvalu,7.0,1
2101,2011,9,Others,Vanuatu,1264.0,33
2102,2011,9,Passenger,Cook Islands,181.0,1
2103,2011,9,Passenger,Fiji,2992.0,7
2104,2011,9,Passenger,Kiribati,1900.0,3
2105,2011,9,Passenger,Papua New Guinea,1182.0,18
2106,2011,9,Passenger,Samoa,0.0,1
2107,2011,9,Passenger,Solomon Islands,115.0,1
2108,2011,9,Passenger,Tonga,1704.0,4
2109,2011,9,Passenger,Tuvalu,80.0,1
2110,2011,9,Passenger,Vanuatu,3398.0,5
2111,2011,9,Tanker,Cook Islands,1522.0,11
2112,2011,9,Tanker,Fiji,2597.0,15
2113,2011,9,Tanker,Kiribati,2479.0,18
2114,2011,9,Tanker,Marshall Islands,1258.0,11
2115,2011,9,Tanker,Micronesia,9298.0,58
2116,2011,9,Tanker,Nauru,592.0,11
2117,2011,9,Tanker,Niue,307.0,3
2118,2011,9,Tanker,Palau,2433.0,36
2119,2011,9,Tanker,Papua New Guinea,26951.0,125
2120,2011,9,Tanker,Samoa,285.0,5
2121,2011,9,Tanker,Solomon Islands,2926.0,20
2122,2011,9,Tanker,Tokelau,329.0,4
2123,2011,9,Tanker,Tonga,929.0,9
2124,2011,9,Tanker,Tuvalu,261.0,7
2125,2011,9,Tanker,Vanuatu,869.0,9
2126,2011,10,Cargo,Cook Islands,8023.0,45
2127,2011,10,Cargo,Fiji,6675.0,42
2128,2011,10,Cargo,Kiribati,11588.0,92
2129,2011,10,Cargo,Marshall Islands,5001.0,47
2130,2011,10,Cargo,Micronesia,138868.0,717
2131,2011,10,Cargo,Nauru,603.0,11
2132,2011,10,Cargo,Niue,2228.0,24
2133,2011,10,Cargo,Palau,28668.0,298
2134,2011,10,Cargo,Papua New Guinea,330305.0,965
2135,2011,10,Cargo,Samoa,391.0,12
2136,2011,10,Cargo,Solomon Islands,15147.0,141
2137,2011,10,Cargo,Tokelau,893.0,11
2138,2011,10,Cargo,Tonga,2545.0,25
2139,2011,10,Cargo,Tuvalu,1164.0,16
2140,2011,10,Cargo,Vanuatu,4243.0,32
2141,2011,10,Fishing,Cook Islands,33.0,3
2142,2011,10,Fishing,Fiji,93.0,7
2143,2011,10,Fishing,Kiribati,5996.0,81
2144,2011,10,Fishing,Marshall Islands,368.0,19
2145,2011,10,Fishing,Micronesia,3934.0,66
2146,2011,10,Fishing,Nauru,604.0,17
2147,2011,10,Fishing,Palau,195.0,8
2148,2011,10,Fishing,Papua New Guinea,8877.0,58
2149,2011,10,Fishing,Samoa,27.0,1
2150,2011,10,Fishing,Solomon Islands,5335.0,46
2151,2011,10,Fishing,Tokelau,100.0,4
2152,2011,10,Fishing,Tonga,21.0,3
2153,2011,10,Fishing,Tuvalu,569.0,16
2154,2011,10,Fishing,Vanuatu,18.0,1
2155,2011,10,Others,Cook Islands,1514.0,21
2156,2011,10,Others,Fiji,2554.0,55
2157,2011,10,Others,Kiribati,2312.0,18
2158,2011,10,Others,Marshall Islands,970.0,13
2159,2011,10,Others,Micronesia,2305.0,26
2160,2011,10,Others,Nauru,186.0,2
2161,2011,10,Others,Niue,166.0,7
2162,2011,10,Others,Palau,557.0,13
2163,2011,10,Others,Papua New Guinea,4839.0,90
2164,2011,10,Others,Samoa,111.0,8
2165,2011,10,Others,Solomon Islands,1512.0,19
2166,2011,10,Others,Tokelau,269.0,4
2167,2011,10,Others,Tonga,1663.0,41
2168,2011,10,Others,Tuvalu,711.0,6
2169,2011,10,Others,Vanuatu,1073.0,26
2170,2011,10,Passenger,Cook Islands,3634.0,5
2171,2011,10,Passenger,Fiji,3350.0,6
2172,2011,10,Passenger,Kiribati,1388.0,2
2173,2011,10,Passenger,Micronesia,1521.0,4
2174,2011,10,Passenger,Papua New Guinea,3708.0,26
2175,2011,10,Passenger,Samoa,142.0,2
2176,2011,10,Passenger,Solomon Islands,6.0,1
2177,2011,10,Passenger,Tokelau,38.0,1
2178,2011,10,Passenger,Tonga,1672.0,4
2179,2011,10,Passenger,Vanuatu,2601.0,4
2180,2011,10,Tanker,Cook Islands,841.0,6
2181,2011,10,Tanker,Fiji,2484.0,13
2182,2011,10,Tanker,Kiribati,2536.0,19
2183,2011,10,Tanker,Marshall Islands,1529.0,13
2184,2011,10,Tanker,Micronesia,11933.0,64
2185,2011,10,Tanker,Nauru,219.0,5
2186,2011,10,Tanker,Niue,271.0,3
2187,2011,10,Tanker,Palau,3034.0,38
2188,2011,10,Tanker,Papua New Guinea,30833.0,123
2189,2011,10,Tanker,Samoa,205.0,3
2190,2011,10,Tanker,Solomon Islands,3026.0,26
2191,2011,10,Tanker,Tokelau,265.0,2
2192,2011,10,Tanker,Tonga,792.0,7
2193,2011,10,Tanker,Tuvalu,399.0,5
2194,2011,10,Tanker,Vanuatu,1016.0,12
2195,2011,11,Cargo,Cook Islands,7871.0,45
2196,2011,11,Cargo,Fiji,7273.0,37
2197,2011,11,Cargo,Kiribati,11431.0,89
2198,2011,11,Cargo,Marshall Islands,4987.0,47
2199,2011,11,Cargo,Micronesia,132460.0,719
2200,2011,11,Cargo,Nauru,308.0,6
2201,2011,11,Cargo,Niue,1424.0,15
2202,2011,11,Cargo,Palau,31312.0,311
2203,2011,11,Cargo,Papua New Guinea,326951.0,963
2204,2011,11,Cargo,Samoa,603.0,14
2205,2011,11,Cargo,Solomon Islands,16658.0,152
2206,2011,11,Cargo,Tokelau,633.0,10
2207,2011,11,Cargo,Tonga,2384.0,21
2208,2011,11,Cargo,Tuvalu,997.0,15
2209,2011,11,Cargo,Vanuatu,3442.0,29
2210,2011,11,Fishing,Cook Islands,1.0,1
2211,2011,11,Fishing,Fiji,194.0,6
2212,2011,11,Fishing,Kiribati,7536.0,97
2213,2011,11,Fishing,Marshall Islands,1201.0,37
2214,2011,11,Fishing,Micronesia,3011.0,61
2215,2011,11,Fishing,Nauru,763.0,19
2216,2011,11,Fishing,Palau,135.0,6
2217,2011,11,Fishing,Papua New Guinea,6757.0,64
2218,2011,11,Fishing,Solomon Islands,5528.0,44
2219,2011,11,Fishing,Tokelau,104.0,2
2220,2011,11,Fishing,Tuvalu,834.0,12
2221,2011,11,Others,Cook Islands,772.0,18
2222,2011,11,Others,Fiji,1308.0,43
2223,2011,11,Others,Kiribati,1390.0,34
2224,2011,11,Others,Marshall Islands,631.0,20
2225,2011,11,Others,Micronesia,2392.0,56
2226,2011,11,Others,Nauru,89.0,8
2227,2011,11,Others,Niue,147.0,7
2228,2011,11,Others,Palau,643.0,20
2229,2011,11,Others,Papua New Guinea,5112.0,101
2230,2011,11,Others,Samoa,115.0,4
2231,2011,11,Others,Solomon Islands,766.0,16
2232,2011,11,Others,Tokelau,52.0,1
2233,2011,11,Others,Tonga,910.0,18
2234,2011,11,Others,Tuvalu,87.0,27
2235,2011,11,Others,Vanuatu,195.0,9
2236,2011,11,Passenger,Cook Islands,1045.0,2
2237,2011,11,Passenger,Fiji,3302.0,7
2238,2011,11,Passenger,Kiribati,711.0,1
2239,2011,11,Passenger,Papua New Guinea,2015.0,21
2240,2011,11,Passenger,Samoa,245.0,3
2241,2011,11,Passenger,Solomon Islands,32.0,1
2242,2011,11,Passenger,Tokelau,835.0,4
2243,2011,11,Passenger,Tonga,1127.0,5
2244,2011,11,Passenger,Vanuatu,3136.0,6
2245,2011,11,Tanker,Cook Islands,1202.0,7
2246,2011,11,Tanker,Fiji,3522.0,15
2247,2011,11,Tanker,Kiribati,2078.0,15
2248,2011,11,Tanker,Marshall Islands,1106.0,8
2249,2011,11,Tanker,Micronesia,9434.0,62
2250,2011,11,Tanker,Nauru,72.0,2
2251,2011,11,Tanker,Niue,406.0,5
2252,2011,11,Tanker,Palau,3788.0,40
2253,2011,11,Tanker,Papua New Guinea,31609.0,126
2254,2011,11,Tanker,Samoa,134.0,3
2255,2011,11,Tanker,Solomon Islands,3358.0,20
2256,2011,11,Tanker,Tokelau,121.0,1
2257,2011,11,Tanker,Tonga,1042.0,10
2258,2011,11,Tanker,Tuvalu,207.0,3
2259,2011,11,Tanker,Vanuatu,743.0,8
2260,2011,12,Cargo,Cook Islands,7774.0,38
2261,2011,12,Cargo,Fiji,7823.0,41
2262,2011,12,Cargo,Kiribati,12472.0,105
2263,2011,12,Cargo,Marshall Islands,5755.0,56
2264,2011,12,Cargo,Micronesia,125885.0,713
2265,2011,12,Cargo,Nauru,612.0,12
2266,2011,12,Cargo,Niue,1696.0,20
2267,2011,12,Cargo,Palau,31227.0,323
2268,2011,12,Cargo,Papua New Guinea,335038.0,995
2269,2011,12,Cargo,Samoa,640.0,13
2270,2011,12,Cargo,Solomon Islands,16287.0,145
2271,2011,12,Cargo,Tokelau,1227.0,13
2272,2011,12,Cargo,Tonga,2385.0,20
2273,2011,12,Cargo,Tuvalu,1471.0,21
2274,2011,12,Cargo,Vanuatu,3086.0,30
2275,2011,12,Fishing,Cook Islands,50.0,3
2276,2011,12,Fishing,Fiji,74.0,5
2277,2011,12,Fishing,Kiribati,8785.0,95
2278,2011,12,Fishing,Marshall Islands,697.0,25
2279,2011,12,Fishing,Micronesia,3066.0,58
2280,2011,12,Fishing,Nauru,876.0,20
2281,2011,12,Fishing,Niue,4.0,1
2282,2011,12,Fishing,Palau,120.0,4
2283,2011,12,Fishing,Papua New Guinea,6907.0,61
2284,2011,12,Fishing,Samoa,31.0,6
2285,2011,12,Fishing,Solomon Islands,6349.0,58
2286,2011,12,Fishing,Tokelau,109.0,6
2287,2011,12,Fishing,Tonga,10.0,1
2288,2011,12,Fishing,Tuvalu,377.0,11
2289,2011,12,Fishing,Vanuatu,11.0,1
2290,2011,12,Others,Cook Islands,391.0,19
2291,2011,12,Others,Fiji,1259.0,27
2292,2011,12,Others,Kiribati,1309.0,59
2293,2011,12,Others,Marshall Islands,880.0,31
2294,2011,12,Others,Micronesia,1846.0,252
2295,2011,12,Others,Nauru,198.0,23
2296,2011,12,Others,Niue,55.0,4
2297,2011,12,Others,Palau,663.0,21
2298,2011,12,Others,Papua New Guinea,4595.0,263
2299,2011,12,Others,Samoa,37.0,2
2300,2011,12,Others,Solomon Islands,770.0,22
2301,2011,12,Others,Tokelau,257.0,6
2302,2011,12,Others,Tonga,207.0,6
2303,2011,12,Others,Tuvalu,219.0,43
2304,2011,12,Others,Vanuatu,92.0,3
2305,2011,12,Passenger,Cook Islands,632.0,3
2306,2011,12,Passenger,Fiji,4015.0,9
2307,2011,12,Passenger,Kiribati,1000.0,2
2308,2011,12,Passenger,Micronesia,134.0,2
2309,2011,12,Passenger,Niue,133.0,1
2310,2011,12,Passenger,Palau,79.0,1
2311,2011,12,Passenger,Papua New Guinea,2295.0,22
2312,2011,12,Passenger,Samoa,92.0,1
2313,2011,12,Passenger,Solomon Islands,87.0,2
2314,2011,12,Passenger,Tokelau,27.0,1
2315,2011,12,Passenger,Tonga,721.0,4
2316,2011,12,Passenger,Vanuatu,4424.0,9
2317,2011,12,Tanker,Cook Islands,863.0,7
2318,2011,12,Tanker,Fiji,2737.0,12
2319,2011,12,Tanker,Kiribati,2637.0,14
2320,2011,12,Tanker,Marshall Islands,1527.0,12
2321,2011,12,Tanker,Micronesia,10018.0,55
2322,2011,12,Tanker,Nauru,230.0,7
2323,2011,12,Tanker,Niue,399.0,5
2324,2011,12,Tanker,Palau,3506.0,39
2325,2011,12,Tanker,Papua New Guinea,29125.0,121
2326,2011,12,Tanker,Samoa,284.0,5
2327,2011,12,Tanker,Solomon Islands,3666.0,25
2328,2011,12,Tanker,Tokelau,62.0,1
2329,2011,12,Tanker,Tonga,792.0,10
2330,2011,12,Tanker,Tuvalu,103.0,2
2331,2011,12,Tanker,Vanuatu,905.0,9
2332,2012,1,Cargo,Cook Islands,10450.0,54
2333,2012,1,Cargo,Fiji,6919.0,36
2334,2012,1,Cargo,Kiribati,11882.0,112
2335,2012,1,Cargo,Marshall Islands,6997.0,75
2336,2012,1,Cargo,Micronesia,127173.0,730
2337,2012,1,Cargo,Nauru,538.0,14
2338,2012,1,Cargo,Niue,2424.0,25
2339,2012,1,Cargo,Palau,29672.0,313
2340,2012,1,Cargo,Papua New Guinea,321982.0,981
2341,2012,1,Cargo,Samoa,529.0,16
2342,2012,1,Cargo,Solomon Islands,15647.0,140
2343,2012,1,Cargo,Tokelau,631.0,11
2344,2012,1,Cargo,Tonga,2412.0,22
2345,2012,1,Cargo,Tuvalu,1104.0,12
2346,2012,1,Cargo,Vanuatu,3309.0,26
2347,2012,1,Fishing,Cook Islands,192.0,6
2348,2012,1,Fishing,Fiji,48.0,6
2349,2012,1,Fishing,Kiribati,10914.0,191
2350,2012,1,Fishing,Marshall Islands,1595.0,57
2351,2012,1,Fishing,Micronesia,2590.0,66
2352,2012,1,Fishing,Nauru,765.0,38
2353,2012,1,Fishing,Niue,14.0,2
2354,2012,1,Fishing,Palau,115.0,7
2355,2012,1,Fishing,Papua New Guinea,4668.0,68
2356,2012,1,Fishing,Samoa,72.0,3
2357,2012,1,Fishing,Solomon Islands,2396.0,41
2358,2012,1,Fishing,Tokelau,86.0,6
2359,2012,1,Fishing,Tonga,6.0,1
2360,2012,1,Fishing,Tuvalu,152.0,10
2361,2012,1,Fishing,Vanuatu,15.0,1
2362,2012,1,Others,Cook Islands,458.0,19
2363,2012,1,Others,Fiji,629.0,14
2364,2012,1,Others,Kiribati,2528.0,70
2365,2012,1,Others,Marshall Islands,600.0,21
2366,2012,1,Others,Micronesia,5246.0,79
2367,2012,1,Others,Nauru,950.0,14
2368,2012,1,Others,Niue,1.0,2
2369,2012,1,Others,Palau,597.0,22
2370,2012,1,Others,Papua New Guinea,5162.0,109
2371,2012,1,Others,Solomon Islands,1306.0,15
2372,2012,1,Others,Tokelau,182.0,2
2373,2012,1,Others,Tonga,205.0,3
2374,2012,1,Others,Tuvalu,471.0,46
2375,2012,1,Others,Vanuatu,2.0,5
2376,2012,1,Passenger,Cook Islands,1034.0,6
2377,2012,1,Passenger,Fiji,3960.0,10
2378,2012,1,Passenger,Kiribati,1417.0,5
2379,2012,1,Passenger,Marshall Islands,616.0,1
2380,2012,1,Passenger,Micronesia,67.0,1
2381,2012,1,Passenger,Niue,159.0,2
2382,2012,1,Passenger,Palau,158.0,2
2383,2012,1,Passenger,Papua New Guinea,1698.0,16
2384,2012,1,Passenger,Samoa,346.0,4
2385,2012,1,Passenger,Solomon Islands,123.0,1
2386,2012,1,Passenger,Tokelau,153.0,1
2387,2012,1,Passenger,Tonga,619.0,6
2388,2012,1,Passenger,Tuvalu,735.0,2
2389,2012,1,Passenger,Vanuatu,7051.0,11
2390,2012,1,Tanker,Cook Islands,2095.0,10
2391,2012,1,Tanker,Fiji,2842.0,15
2392,2012,1,Tanker,Kiribati,3099.0,20
2393,2012,1,Tanker,Marshall Islands,2346.0,13
2394,2012,1,Tanker,Micronesia,8051.0,53
2395,2012,1,Tanker,Nauru,281.0,9
2396,2012,1,Tanker,Niue,698.0,7
2397,2012,1,Tanker,Palau,2867.0,33
2398,2012,1,Tanker,Papua New Guinea,28806.0,125
2399,2012,1,Tanker,Samoa,91.0,4
2400,2012,1,Tanker,Solomon Islands,2679.0,24
2401,2012,1,Tanker,Tokelau,243.0,1
2402,2012,1,Tanker,Tonga,1118.0,12
2403,2012,1,Tanker,Tuvalu,627.0,3
2404,2012,1,Tanker,Vanuatu,1115.0,10
2405,2012,2,Cargo,Cook Islands,7208.0,42
2406,2012,2,Cargo,Fiji,6662.0,32
2407,2012,2,Cargo,Kiribati,13225.0,105
2408,2012,2,Cargo,Marshall Islands,6654.0,55
2409,2012,2,Cargo,Micronesia,115597.0,633
2410,2012,2,Cargo,Nauru,502.0,11
2411,2012,2,Cargo,Niue,1640.0,15
2412,2012,2,Cargo,Palau,23302.0,256
2413,2012,2,Cargo,Papua New Guinea,284381.0,900
2414,2012,2,Cargo,Samoa,722.0,16
2415,2012,2,Cargo,Solomon Islands,13507.0,120
2416,2012,2,Cargo,Tokelau,934.0,12
2417,2012,2,Cargo,Tonga,2008.0,16
2418,2012,2,Cargo,Tuvalu,1577.0,11
2419,2012,2,Cargo,Vanuatu,3309.0,32
2420,2012,2,Fishing,Cook Islands,330.0,4
2421,2012,2,Fishing,Fiji,145.0,11
2422,2012,2,Fishing,Kiribati,8705.0,193
2423,2012,2,Fishing,Marshall Islands,1103.0,33
2424,2012,2,Fishing,Micronesia,3946.0,105
2425,2012,2,Fishing,Nauru,956.0,40
2426,2012,2,Fishing,Niue,0.0,1
2427,2012,2,Fishing,Palau,205.0,8
2428,2012,2,Fishing,Papua New Guinea,7541.0,96
2429,2012,2,Fishing,Samoa,27.0,2
2430,2012,2,Fishing,Solomon Islands,986.0,35
2431,2012,2,Fishing,Tokelau,218.0,8
2432,2012,2,Fishing,Tonga,0.0,1
2433,2012,2,Fishing,Tuvalu,484.0,20
2434,2012,2,Fishing,Vanuatu,84.0,6
2435,2012,2,Others,Cook Islands,478.0,13
2436,2012,2,Others,Fiji,595.0,15
2437,2012,2,Others,Kiribati,1298.0,59
2438,2012,2,Others,Marshall Islands,542.0,19
2439,2012,2,Others,Micronesia,2497.0,54
2440,2012,2,Others,Nauru,315.0,7
2441,2012,2,Others,Niue,181.0,2
2442,2012,2,Others,Palau,218.0,10
2443,2012,2,Others,Papua New Guinea,4220.0,99
2444,2012,2,Others,Solomon Islands,305.0,11
2445,2012,2,Others,Tokelau,35.0,2
2446,2012,2,Others,Tonga,168.0,4
2447,2012,2,Others,Tuvalu,252.0,36
2448,2012,2,Others,Vanuatu,89.0,5
2449,2012,2,Passenger,Cook Islands,1728.0,5
2450,2012,2,Passenger,Fiji,11232.0,16
2451,2012,2,Passenger,Kiribati,1829.0,6
2452,2012,2,Passenger,Micronesia,1003.0,3
2453,2012,2,Passenger,Niue,162.0,2
2454,2012,2,Passenger,Palau,175.0,1
2455,2012,2,Passenger,Papua New Guinea,2759.0,29
2456,2012,2,Passenger,Samoa,1051.0,8
2457,2012,2,Passenger,Solomon Islands,519.0,3
2458,2012,2,Passenger,Tokelau,938.0,6
2459,2012,2,Passenger,Tonga,2295.0,11
2460,2012,2,Passenger,Tuvalu,0.0,1
2461,2012,2,Passenger,Vanuatu,5507.0,12
2462,2012,2,Tanker,Cook Islands,1745.0,11
2463,2012,2,Tanker,Fiji,2252.0,13
2464,2012,2,Tanker,Kiribati,2055.0,20
2465,2012,2,Tanker,Marshall Islands,2359.0,12
2466,2012,2,Tanker,Micronesia,10522.0,49
2467,2012,2,Tanker,Nauru,319.0,11
2468,2012,2,Tanker,Niue,385.0,4
2469,2012,2,Tanker,Palau,3091.0,34
2470,2012,2,Tanker,Papua New Guinea,25372.0,111
2471,2012,2,Tanker,Samoa,190.0,5
2472,2012,2,Tanker,Solomon Islands,3081.0,19
2473,2012,2,Tanker,Tonga,858.0,8
2474,2012,2,Tanker,Tuvalu,505.0,2
2475,2012,2,Tanker,Vanuatu,780.0,10
2476,2012,3,Cargo,Cook Islands,7913.0,49
2477,2012,3,Cargo,Fiji,6285.0,37
2478,2012,3,Cargo,Kiribati,11132.0,96
2479,2012,3,Cargo,Marshall Islands,6107.0,58
2480,2012,3,Cargo,Micronesia,119612.0,724
2481,2012,3,Cargo,Nauru,363.0,9
2482,2012,3,Cargo,Niue,2083.0,23
2483,2012,3,Cargo,Palau,26126.0,308
2484,2012,3,Cargo,Papua New Guinea,301258.0,982
2485,2012,3,Cargo,Samoa,288.0,8
2486,2012,3,Cargo,Solomon Islands,13428.0,130
2487,2012,3,Cargo,Tokelau,369.0,5
2488,2012,3,Cargo,Tonga,2877.0,22
2489,2012,3,Cargo,Tuvalu,3651.0,13
2490,2012,3,Cargo,Vanuatu,2760.0,26
2491,2012,3,Fishing,Cook Islands,187.0,4
2492,2012,3,Fishing,Fiji,106.0,13
2493,2012,3,Fishing,Kiribati,7377.0,162
2494,2012,3,Fishing,Marshall Islands,916.0,29
2495,2012,3,Fishing,Micronesia,5023.0,95
2496,2012,3,Fishing,Nauru,983.0,37
2497,2012,3,Fishing,Niue,39.0,2
2498,2012,3,Fishing,Palau,272.0,13
2499,2012,3,Fishing,Papua New Guinea,6747.0,74
2500,2012,3,Fishing,Samoa,16.0,2
2501,2012,3,Fishing,Solomon Islands,2401.0,56
2502,2012,3,Fishing,Tokelau,129.0,4
2503,2012,3,Fishing,Tonga,35.0,2
2504,2012,3,Fishing,Tuvalu,814.0,24
2505,2012,3,Fishing,Vanuatu,92.0,6
2506,2012,3,Others,Cook Islands,351.0,18
2507,2012,3,Others,Fiji,347.0,16
2508,2012,3,Others,Kiribati,1515.0,65
2509,2012,3,Others,Marshall Islands,425.0,28
2510,2012,3,Others,Micronesia,3103.0,44
2511,2012,3,Others,Nauru,158.0,10
2512,2012,3,Others,Palau,379.0,22
2513,2012,3,Others,Papua New Guinea,7263.0,113
2514,2012,3,Others,Samoa,29.0,2
2515,2012,3,Others,Solomon Islands,782.0,13
2516,2012,3,Others,Tokelau,62.0,4
2517,2012,3,Others,Tonga,195.0,6
2518,2012,3,Others,Tuvalu,285.0,46
2519,2012,3,Others,Vanuatu,125.0,9
2520,2012,3,Passenger,Cook Islands,2108.0,8
2521,2012,3,Passenger,Fiji,5363.0,12
2522,2012,3,Passenger,Kiribati,1643.0,2
2523,2012,3,Passenger,Micronesia,1744.0,3
2524,2012,3,Passenger,Niue,151.0,2
2525,2012,3,Passenger,Palau,129.0,2
2526,2012,3,Passenger,Papua New Guinea,8200.0,30
2527,2012,3,Passenger,Samoa,183.0,3
2528,2012,3,Passenger,Solomon Islands,97.0,3
2529,2012,3,Passenger,Tokelau,47.0,1
2530,2012,3,Passenger,Tonga,775.0,7
2531,2012,3,Passenger,Tuvalu,0.0,1
2532,2012,3,Passenger,Vanuatu,5723.0,13
2533,2012,3,Tanker,Cook Islands,1072.0,3
2534,2012,3,Tanker,Fiji,2809.0,12
2535,2012,3,Tanker,Kiribati,2858.0,18
2536,2012,3,Tanker,Marshall Islands,1447.0,15
2537,2012,3,Tanker,Micronesia,9046.0,62
2538,2012,3,Tanker,Nauru,807.0,11
2539,2012,3,Tanker,Niue,434.0,4
2540,2012,3,Tanker,Palau,2959.0,36
2541,2012,3,Tanker,Papua New Guinea,26035.0,127
2542,2012,3,Tanker,Samoa,94.0,2
2543,2012,3,Tanker,Solomon Islands,2531.0,24
2544,2012,3,Tanker,Tokelau,25.0,1
2545,2012,3,Tanker,Tonga,823.0,7
2546,2012,3,Tanker,Tuvalu,167.0,5
2547,2012,3,Tanker,Vanuatu,462.0,6
2548,2012,4,Cargo,Cook Islands,9767.0,55
2549,2012,4,Cargo,Fiji,7469.0,41
2550,2012,4,Cargo,Kiribati,13516.0,97
2551,2012,4,Cargo,Marshall Islands,6496.0,66
2552,2012,4,Cargo,Micronesia,123274.0,698
2553,2012,4,Cargo,Nauru,686.0,16
2554,2012,4,Cargo,Niue,1925.0,23
2555,2012,4,Cargo,Palau,27034.0,314
2556,2012,4,Cargo,Papua New Guinea,296711.0,986
2557,2012,4,Cargo,Samoa,1019.0,21
2558,2012,4,Cargo,Solomon Islands,15755.0,143
2559,2012,4,Cargo,Tokelau,928.0,16
2560,2012,4,Cargo,Tonga,3342.0,28
2561,2012,4,Cargo,Tuvalu,3424.0,19
2562,2012,4,Cargo,Vanuatu,4240.0,39
2563,2012,4,Fishing,Cook Islands,120.0,3
2564,2012,4,Fishing,Fiji,142.0,11
2565,2012,4,Fishing,Kiribati,7331.0,192
2566,2012,4,Fishing,Marshall Islands,1084.0,40
2567,2012,4,Fishing,Micronesia,4066.0,76
2568,2012,4,Fishing,Nauru,546.0,23
2569,2012,4,Fishing,Niue,2.0,1
2570,2012,4,Fishing,Palau,271.0,11
2571,2012,4,Fishing,Papua New Guinea,5902.0,60
2572,2012,4,Fishing,Samoa,15.0,2
2573,2012,4,Fishing,Solomon Islands,2641.0,42
2574,2012,4,Fishing,Tokelau,157.0,3
2575,2012,4,Fishing,Tonga,60.0,2
2576,2012,4,Fishing,Tuvalu,662.0,22
2577,2012,4,Others,Cook Islands,475.0,28
2578,2012,4,Others,Fiji,421.0,18
2579,2012,4,Others,Kiribati,1546.0,72
2580,2012,4,Others,Marshall Islands,417.0,16
2581,2012,4,Others,Micronesia,3162.0,55
2582,2012,4,Others,Nauru,208.0,8
2583,2012,4,Others,Niue,114.0,5
2584,2012,4,Others,Palau,445.0,17
2585,2012,4,Others,Papua New Guinea,6453.0,115
2586,2012,4,Others,Samoa,34.0,3
2587,2012,4,Others,Solomon Islands,916.0,18
2588,2012,4,Others,Tokelau,21.0,3
2589,2012,4,Others,Tonga,415.0,16
2590,2012,4,Others,Tuvalu,375.0,49
2591,2012,4,Others,Vanuatu,215.0,15
2592,2012,4,Passenger,Cook Islands,1882.0,5
2593,2012,4,Passenger,Fiji,3886.0,11
2594,2012,4,Passenger,Kiribati,1629.0,2
2595,2012,4,Passenger,Micronesia,1191.0,5
2596,2012,4,Passenger,Niue,226.0,2
2597,2012,4,Passenger,Papua New Guinea,2999.0,27
2598,2012,4,Passenger,Samoa,1008.0,7
2599,2012,4,Passenger,Solomon Islands,333.0,4
2600,2012,4,Passenger,Tokelau,609.0,5
2601,2012,4,Passenger,Tonga,1954.0,9
2602,2012,4,Passenger,Vanuatu,3582.0,10
2603,2012,4,Tanker,Cook Islands,990.0,8
2604,2012,4,Tanker,Fiji,2768.0,11
2605,2012,4,Tanker,Kiribati,3974.0,17
2606,2012,4,Tanker,Marshall Islands,969.0,10
2607,2012,4,Tanker,Micronesia,9482.0,62
2608,2012,4,Tanker,Nauru,831.0,7
2609,2012,4,Tanker,Niue,372.0,5
2610,2012,4,Tanker,Palau,2943.0,40
2611,2012,4,Tanker,Papua New Guinea,30115.0,139
2612,2012,4,Tanker,Samoa,182.0,5
2613,2012,4,Tanker,Solomon Islands,3281.0,18
2614,2012,4,Tanker,Tokelau,7.0,1
2615,2012,4,Tanker,Tonga,849.0,9
2616,2012,4,Tanker,Tuvalu,168.0,3
2617,2012,4,Tanker,Vanuatu,889.0,6
2618,2012,5,Cargo,Cook Islands,8248.0,44
2619,2012,5,Cargo,Fiji,6459.0,37
2620,2012,5,Cargo,Kiribati,8589.0,79
2621,2012,5,Cargo,Marshall Islands,5540.0,49
2622,2012,5,Cargo,Micronesia,138205.0,761
2623,2012,5,Cargo,Nauru,187.0,7
2624,2012,5,Cargo,Niue,1934.0,20
2625,2012,5,Cargo,Palau,31464.0,363
2626,2012,5,Cargo,Papua New Guinea,331468.0,1011
2627,2012,5,Cargo,Samoa,676.0,16
2628,2012,5,Cargo,Solomon Islands,16331.0,144
2629,2012,5,Cargo,Tokelau,571.0,8
2630,2012,5,Cargo,Tonga,3448.0,23
2631,2012,5,Cargo,Tuvalu,1408.0,13
2632,2012,5,Cargo,Vanuatu,3480.0,35
2633,2012,5,Fishing,Cook Islands,83.0,5
2634,2012,5,Fishing,Fiji,216.0,16
2635,2012,5,Fishing,Kiribati,11469.0,226
2636,2012,5,Fishing,Marshall Islands,850.0,30
2637,2012,5,Fishing,Micronesia,6488.0,76
2638,2012,5,Fishing,Nauru,360.0,12
2639,2012,5,Fishing,Palau,220.0,13
2640,2012,5,Fishing,Papua New Guinea,4235.0,53
2641,2012,5,Fishing,Samoa,60.0,5
2642,2012,5,Fishing,Solomon Islands,2898.0,52
2643,2012,5,Fishing,Tokelau,123.0,7
2644,2012,5,Fishing,Tonga,36.0,7
2645,2012,5,Fishing,Tuvalu,1413.0,47
2646,2012,5,Fishing,Vanuatu,40.0,3
2647,2012,5,Others,Cook Islands,2468.0,51
2648,2012,5,Others,Fiji,4660.0,72
2649,2012,5,Others,Kiribati,2547.0,80
2650,2012,5,Others,Marshall Islands,599.0,20
2651,2012,5,Others,Micronesia,4738.0,47
2652,2012,5,Others,Nauru,460.0,12
2653,2012,5,Others,Niue,906.0,29
2654,2012,5,Others,Palau,784.0,14
2655,2012,5,Others,Papua New Guinea,4161.0,91
2656,2012,5,Others,Samoa,283.0,16
2657,2012,5,Others,Solomon Islands,352.0,15
2658,2012,5,Others,Tokelau,46.0,2
2659,2012,5,Others,Tonga,1574.0,44
2660,2012,5,Others,Tuvalu,1383.0,47
2661,2012,5,Others,Vanuatu,1133.0,24
2662,2012,5,Passenger,Cook Islands,1005.0,3
2663,2012,5,Passenger,Fiji,1767.0,6
2664,2012,5,Passenger,Kiribati,2984.0,5
2665,2012,5,Passenger,Micronesia,382.0,3
2666,2012,5,Passenger,Palau,38.0,1
2667,2012,5,Passenger,Papua New Guinea,1627.0,20
2668,2012,5,Passenger,Samoa,152.0,4
2669,2012,5,Passenger,Solomon Islands,373.0,3
2670,2012,5,Passenger,Tokelau,45.0,2
2671,2012,5,Passenger,Tonga,640.0,4
2672,2012,5,Passenger,Vanuatu,3035.0,8
2673,2012,5,Tanker,Cook Islands,805.0,3
2674,2012,5,Tanker,Fiji,2061.0,12
2675,2012,5,Tanker,Kiribati,3642.0,17
2676,2012,5,Tanker,Marshall Islands,1099.0,14
2677,2012,5,Tanker,Micronesia,11329.0,69
2678,2012,5,Tanker,Nauru,705.0,9
2679,2012,5,Tanker,Niue,345.0,2
2680,2012,5,Tanker,Palau,2913.0,36
2681,2012,5,Tanker,Papua New Guinea,28482.0,140
2682,2012,5,Tanker,Samoa,183.0,3
2683,2012,5,Tanker,Solomon Islands,2906.0,27
2684,2012,5,Tanker,Tonga,742.0,8
2685,2012,5,Tanker,Tuvalu,382.0,6
2686,2012,5,Tanker,Vanuatu,644.0,6
2687,2012,6,Cargo,Cook Islands,8290.0,42
2688,2012,6,Cargo,Fiji,8210.0,47
2689,2012,6,Cargo,Kiribati,11904.0,89
2690,2012,6,Cargo,Marshall Islands,6496.0,69
2691,2012,6,Cargo,Micronesia,128064.0,722
2692,2012,6,Cargo,Nauru,511.0,14
2693,2012,6,Cargo,Niue,2207.0,22
2694,2012,6,Cargo,Palau,32427.0,350
2695,2012,6,Cargo,Papua New Guinea,318651.0,1009
2696,2012,6,Cargo,Samoa,572.0,16
2697,2012,6,Cargo,Solomon Islands,14351.0,145
2698,2012,6,Cargo,Tokelau,775.0,11
2699,2012,6,Cargo,Tonga,2635.0,26
2700,2012,6,Cargo,Tuvalu,2402.0,17
2701,2012,6,Cargo,Vanuatu,3493.0,40
2702,2012,6,Fishing,Cook Islands,126.0,4
2703,2012,6,Fishing,Fiji,256.0,13
2704,2012,6,Fishing,Kiribati,9245.0,234
2705,2012,6,Fishing,Marshall Islands,876.0,34
2706,2012,6,Fishing,Micronesia,4585.0,61
2707,2012,6,Fishing,Nauru,646.0,22
2708,2012,6,Fishing,Palau,316.0,8
2709,2012,6,Fishing,Papua New Guinea,2493.0,43
2710,2012,6,Fishing,Solomon Islands,1679.0,49
2711,2012,6,Fishing,Tokelau,61.0,4
2712,2012,6,Fishing,Tonga,7.0,1
2713,2012,6,Fishing,Tuvalu,1714.0,61
2714,2012,6,Fishing,Vanuatu,70.0,6
2715,2012,6,Others,Cook Islands,2012.0,32
2716,2012,6,Others,Fiji,5863.0,114
2717,2012,6,Others,Kiribati,6107.0,142
2718,2012,6,Others,Marshall Islands,1588.0,46
2719,2012,6,Others,Micronesia,3841.0,133
2720,2012,6,Others,Nauru,135.0,12
2721,2012,6,Others,Niue,571.0,18
2722,2012,6,Others,Palau,1339.0,53
2723,2012,6,Others,Papua New Guinea,8579.0,365
2724,2012,6,Others,Samoa,226.0,15
2725,2012,6,Others,Solomon Islands,2224.0,56
2726,2012,6,Others,Tokelau,280.0,7
2727,2012,6,Others,Tonga,1934.0,64
2728,2012,6,Others,Tuvalu,1962.0,71
2729,2012,6,Others,Vanuatu,1704.0,34
2730,2012,6,Passenger,Cook Islands,220.0,1
2731,2012,6,Passenger,Fiji,2234.0,7
2732,2012,6,Passenger,Kiribati,35.0,2
2733,2012,6,Passenger,Micronesia,103.0,1
2734,2012,6,Passenger,Niue,117.0,1
2735,2012,6,Passenger,Papua New Guinea,916.0,17
2736,2012,6,Passenger,Samoa,80.0,3
2737,2012,6,Passenger,Solomon Islands,21.0,1
2738,2012,6,Passenger,Tokelau,51.0,2
2739,2012,6,Passenger,Tonga,282.0,3
2740,2012,6,Passenger,Vanuatu,2897.0,5
2741,2012,6,Tanker,Cook Islands,1344.0,11
2742,2012,6,Tanker,Fiji,2576.0,13
2743,2012,6,Tanker,Kiribati,4005.0,20
2744,2012,6,Tanker,Marshall Islands,1434.0,13
2745,2012,6,Tanker,Micronesia,10501.0,65
2746,2012,6,Tanker,Nauru,849.0,8
2747,2012,6,Tanker,Niue,481.0,5
2748,2012,6,Tanker,Palau,4284.0,42
2749,2012,6,Tanker,Papua New Guinea,24313.0,121
2750,2012,6,Tanker,Samoa,182.0,5
2751,2012,6,Tanker,Solomon Islands,2568.0,21
2752,2012,6,Tanker,Tokelau,27.0,1
2753,2012,6,Tanker,Tonga,899.0,9
2754,2012,6,Tanker,Tuvalu,126.0,4
2755,2012,6,Tanker,Vanuatu,876.0,9
2756,2012,7,Cargo,Cook Islands,8331.0,42
2757,2012,7,Cargo,Fiji,7527.0,44
2758,2012,7,Cargo,Kiribati,13384.0,97
2759,2012,7,Cargo,Marshall Islands,5771.0,56
2760,2012,7,Cargo,Micronesia,135958.0,729
2761,2012,7,Cargo,Nauru,607.0,20
2762,2012,7,Cargo,Niue,1706.0,19
2763,2012,7,Cargo,Palau,31283.0,338
2764,2012,7,Cargo,Papua New Guinea,322352.0,1014
2765,2012,7,Cargo,Samoa,625.0,19
2766,2012,7,Cargo,Solomon Islands,15173.0,140
2767,2012,7,Cargo,Tokelau,741.0,12
2768,2012,7,Cargo,Tonga,2717.0,21
2769,2012,7,Cargo,Tuvalu,1112.0,23
2770,2012,7,Cargo,Vanuatu,3384.0,33
2771,2012,7,Fishing,Cook Islands,103.0,4
2772,2012,7,Fishing,Fiji,135.0,9
2773,2012,7,Fishing,Kiribati,10952.0,216
2774,2012,7,Fishing,Marshall Islands,1807.0,31
2775,2012,7,Fishing,Micronesia,4308.0,67
2776,2012,7,Fishing,Nauru,922.0,38
2777,2012,7,Fishing,Niue,21.0,2
2778,2012,7,Fishing,Palau,264.0,13
2779,2012,7,Fishing,Papua New Guinea,4056.0,49
2780,2012,7,Fishing,Samoa,26.0,4
2781,2012,7,Fishing,Solomon Islands,2031.0,50
2782,2012,7,Fishing,Tokelau,60.0,3
2783,2012,7,Fishing,Tonga,23.0,3
2784,2012,7,Fishing,Tuvalu,2100.0,66
2785,2012,7,Fishing,Vanuatu,83.0,4
2786,2012,7,Others,Cook Islands,1423.0,33
2787,2012,7,Others,Fiji,5149.0,115
2788,2012,7,Others,Kiribati,4369.0,145
2789,2012,7,Others,Marshall Islands,775.0,37
2790,2012,7,Others,Micronesia,4054.0,133
2791,2012,7,Others,Nauru,699.0,20
2792,2012,7,Others,Niue,419.0,13
2793,2012,7,Others,Palau,651.0,32
2794,2012,7,Others,Papua New Guinea,4482.0,286
2795,2012,7,Others,Samoa,305.0,17
2796,2012,7,Others,Solomon Islands,2570.0,68
2797,2012,7,Others,Tokelau,198.0,5
2798,2012,7,Others,Tonga,1387.0,42
2799,2012,7,Others,Tuvalu,1303.0,50
2800,2012,7,Others,Vanuatu,2788.0,60
2801,2012,7,Passenger,Cook Islands,317.0,2
2802,2012,7,Passenger,Fiji,498.0,4
2803,2012,7,Passenger,Micronesia,26.0,1
2804,2012,7,Passenger,Palau,50.0,1
2805,2012,7,Passenger,Papua New Guinea,939.0,17
2806,2012,7,Passenger,Samoa,43.0,2
2807,2012,7,Passenger,Solomon Islands,100.0,1
2808,2012,7,Passenger,Tokelau,26.0,2
2809,2012,7,Passenger,Tonga,132.0,2
2810,2012,7,Passenger,Vanuatu,3347.0,5
2811,2012,7,Tanker,Cook Islands,674.0,7
2812,2012,7,Tanker,Fiji,2871.0,14
2813,2012,7,Tanker,Kiribati,2891.0,19
2814,2012,7,Tanker,Marshall Islands,1074.0,11
2815,2012,7,Tanker,Micronesia,8995.0,59
2816,2012,7,Tanker,Nauru,267.0,9
2817,2012,7,Tanker,Niue,453.0,5
2818,2012,7,Tanker,Palau,3336.0,39
2819,2012,7,Tanker,Papua New Guinea,25977.0,135
2820,2012,7,Tanker,Samoa,87.0,3
2821,2012,7,Tanker,Solomon Islands,3008.0,20
2822,2012,7,Tanker,Tokelau,46.0,1
2823,2012,7,Tanker,Tonga,927.0,10
2824,2012,7,Tanker,Tuvalu,232.0,4
2825,2012,7,Tanker,Vanuatu,656.0,9
2826,2012,8,Cargo,Cook Islands,8541.0,47
2827,2012,8,Cargo,Fiji,6796.0,39
2828,2012,8,Cargo,Kiribati,12490.0,99
2829,2012,8,Cargo,Marshall Islands,5394.0,50
2830,2012,8,Cargo,Micronesia,127652.0,693
2831,2012,8,Cargo,Nauru,850.0,22
2832,2012,8,Cargo,Niue,1899.0,18
2833,2012,8,Cargo,Palau,27783.0,303
2834,2012,8,Cargo,Papua New Guinea,305400.0,971
2835,2012,8,Cargo,Samoa,477.0,14
2836,2012,8,Cargo,Solomon Islands,13950.0,144
2837,2012,8,Cargo,Tokelau,539.0,7
2838,2012,8,Cargo,Tonga,2491.0,24
2839,2012,8,Cargo,Tuvalu,1117.0,17
2840,2012,8,Cargo,Vanuatu,3455.0,32
2841,2012,8,Fishing,Cook Islands,120.0,7
2842,2012,8,Fishing,Fiji,163.0,14
2843,2012,8,Fishing,Kiribati,13784.0,208
2844,2012,8,Fishing,Marshall Islands,1536.0,22
2845,2012,8,Fishing,Micronesia,2805.0,74
2846,2012,8,Fishing,Nauru,874.0,52
2847,2012,8,Fishing,Niue,10.0,2
2848,2012,8,Fishing,Palau,216.0,13
2849,2012,8,Fishing,Papua New Guinea,1775.0,40
2850,2012,8,Fishing,Samoa,45.0,4
2851,2012,8,Fishing,Solomon Islands,1237.0,40
2852,2012,8,Fishing,Tokelau,117.0,8
2853,2012,8,Fishing,Tonga,25.0,4
2854,2012,8,Fishing,Tuvalu,1244.0,56
2855,2012,8,Fishing,Vanuatu,34.0,6
2856,2012,8,Others,Cook Islands,1779.0,51
2857,2012,8,Others,Fiji,4056.0,93
2858,2012,8,Others,Kiribati,4022.0,67
2859,2012,8,Others,Marshall Islands,1149.0,24
2860,2012,8,Others,Micronesia,3501.0,50
2861,2012,8,Others,Nauru,446.0,12
2862,2012,8,Others,Niue,598.0,20
2863,2012,8,Others,Palau,171.0,10
2864,2012,8,Others,Papua New Guinea,3611.0,86
2865,2012,8,Others,Samoa,367.0,14
2866,2012,8,Others,Solomon Islands,547.0,14
2867,2012,8,Others,Tokelau,409.0,4
2868,2012,8,Others,Tonga,1011.0,43
2869,2012,8,Others,Tuvalu,578.0,28
2870,2012,8,Others,Vanuatu,2106.0,54
2871,2012,8,Passenger,Cook Islands,935.0,3
2872,2012,8,Passenger,Fiji,454.0,4
2873,2012,8,Passenger,Kiribati,1217.0,2
2874,2012,8,Passenger,Micronesia,117.0,1
2875,2012,8,Passenger,Palau,27.0,1
2876,2012,8,Passenger,Papua New Guinea,1046.0,15
2877,2012,8,Passenger,Samoa,45.0,2
2878,2012,8,Passenger,Solomon Islands,84.0,1
2879,2012,8,Passenger,Tokelau,3.0,1
2880,2012,8,Passenger,Tonga,1723.0,3
2881,2012,8,Passenger,Vanuatu,1558.0,3
2882,2012,8,Tanker,Cook Islands,2281.0,13
2883,2012,8,Tanker,Fiji,2942.0,14
2884,2012,8,Tanker,Kiribati,3097.0,19
2885,2012,8,Tanker,Marshall Islands,1083.0,10
2886,2012,8,Tanker,Micronesia,9912.0,59
2887,2012,8,Tanker,Nauru,425.0,11
2888,2012,8,Tanker,Niue,639.0,5
2889,2012,8,Tanker,Palau,2976.0,38
2890,2012,8,Tanker,Papua New Guinea,24996.0,118
2891,2012,8,Tanker,Samoa,215.0,4
2892,2012,8,Tanker,Solomon Islands,2294.0,19
2893,2012,8,Tanker,Tokelau,90.0,1
2894,2012,8,Tanker,Tonga,937.0,10
2895,2012,8,Tanker,Tuvalu,181.0,4
2896,2012,8,Tanker,Vanuatu,751.0,8
2897,2012,9,Cargo,Cook Islands,8253.0,40
2898,2012,9,Cargo,Fiji,8100.0,48
2899,2012,9,Cargo,Kiribati,10427.0,89
2900,2012,9,Cargo,Marshall Islands,4848.0,56
2901,2012,9,Cargo,Micronesia,131021.0,696
2902,2012,9,Cargo,Nauru,681.0,12
2903,2012,9,Cargo,Niue,1847.0,19
2904,2012,9,Cargo,Palau,31245.0,336
2905,2012,9,Cargo,Papua New Guinea,318274.0,975
2906,2012,9,Cargo,Samoa,789.0,22
2907,2012,9,Cargo,Solomon Islands,13815.0,130
2908,2012,9,Cargo,Tokelau,695.0,12
2909,2012,9,Cargo,Tonga,2905.0,24
2910,2012,9,Cargo,Tuvalu,1565.0,19
2911,2012,9,Cargo,Vanuatu,2841.0,34
2912,2012,9,Fishing,Cook Islands,183.0,11
2913,2012,9,Fishing,Fiji,266.0,17
2914,2012,9,Fishing,Kiribati,8851.0,178
2915,2012,9,Fishing,Marshall Islands,920.0,22
2916,2012,9,Fishing,Micronesia,8134.0,77
2917,2012,9,Fishing,Nauru,522.0,33
2918,2012,9,Fishing,Palau,261.0,15
2919,2012,9,Fishing,Papua New Guinea,1626.0,30
2920,2012,9,Fishing,Samoa,15.0,3
2921,2012,9,Fishing,Solomon Islands,662.0,21
2922,2012,9,Fishing,Tokelau,645.0,22
2923,2012,9,Fishing,Tonga,7.0,2
2924,2012,9,Fishing,Tuvalu,1529.0,51
2925,2012,9,Fishing,Vanuatu,28.0,3
2926,2012,9,Others,Cook Islands,2534.0,55
2927,2012,9,Others,Fiji,4058.0,101
2928,2012,9,Others,Kiribati,2518.0,71
2929,2012,9,Others,Marshall Islands,585.0,25
2930,2012,9,Others,Micronesia,1415.0,37
2931,2012,9,Others,Nauru,43.0,8
2932,2012,9,Others,Niue,800.0,30
2933,2012,9,Others,Palau,538.0,24
2934,2012,9,Others,Papua New Guinea,2792.0,76
2935,2012,9,Others,Samoa,410.0,18
2936,2012,9,Others,Solomon Islands,556.0,23
2937,2012,9,Others,Tokelau,606.0,9
2938,2012,9,Others,Tonga,2126.0,60
2939,2012,9,Others,Tuvalu,225.0,22
2940,2012,9,Others,Vanuatu,2570.0,57
2941,2012,9,Passenger,Cook Islands,542.0,2
2942,2012,9,Passenger,Fiji,2639.0,7
2943,2012,9,Passenger,Kiribati,3097.0,3
2944,2012,9,Passenger,Micronesia,33.0,1
2945,2012,9,Passenger,Papua New Guinea,952.0,17
2946,2012,9,Passenger,Samoa,56.0,3
2947,2012,9,Passenger,Solomon Islands,297.0,2
2948,2012,9,Passenger,Tokelau,3.0,1
2949,2012,9,Passenger,Tonga,48.0,2
2950,2012,9,Passenger,Tuvalu,33.0,1
2951,2012,9,Passenger,Vanuatu,4586.0,5
2952,2012,9,Tanker,Cook Islands,766.0,6
2953,2012,9,Tanker,Fiji,2849.0,15
2954,2012,9,Tanker,Kiribati,2317.0,15
2955,2012,9,Tanker,Marshall Islands,1107.0,8
2956,2012,9,Tanker,Micronesia,11357.0,69
2957,2012,9,Tanker,Nauru,219.0,7
2958,2012,9,Tanker,Niue,240.0,4
2959,2012,9,Tanker,Palau,5247.0,51
2960,2012,9,Tanker,Papua New Guinea,27386.0,122
2961,2012,9,Tanker,Samoa,217.0,5
2962,2012,9,Tanker,Solomon Islands,2864.0,22
2963,2012,9,Tanker,Tokelau,10.0,1
2964,2012,9,Tanker,Tonga,773.0,8
2965,2012,9,Tanker,Tuvalu,204.0,4
2966,2012,9,Tanker,Vanuatu,653.0,7
2967,2012,10,Cargo,Cook Islands,8756.0,45
2968,2012,10,Cargo,Fiji,7281.0,46
2969,2012,10,Cargo,Kiribati,13170.0,104
2970,2012,10,Cargo,Marshall Islands,6796.0,73
2971,2012,10,Cargo,Micronesia,132579.0,710
2972,2012,10,Cargo,Nauru,903.0,18
2973,2012,10,Cargo,Niue,1546.0,19
2974,2012,10,Cargo,Palau,36629.0,410
2975,2012,10,Cargo,Papua New Guinea,335308.0,988
2976,2012,10,Cargo,Samoa,479.0,12
2977,2012,10,Cargo,Solomon Islands,15442.0,149
2978,2012,10,Cargo,Tokelau,803.0,11
2979,2012,10,Cargo,Tonga,2634.0,24
2980,2012,10,Cargo,Tuvalu,1019.0,17
2981,2012,10,Cargo,Vanuatu,4031.0,36
2982,2012,10,Fishing,Cook Islands,114.0,7
2983,2012,10,Fishing,Fiji,106.0,10
2984,2012,10,Fishing,Kiribati,16300.0,261
2985,2012,10,Fishing,Marshall Islands,743.0,29
2986,2012,10,Fishing,Micronesia,4180.0,69
2987,2012,10,Fishing,Nauru,944.0,43
2988,2012,10,Fishing,Palau,238.0,12
2989,2012,10,Fishing,Papua New Guinea,2060.0,40
2990,2012,10,Fishing,Samoa,17.0,2
2991,2012,10,Fishing,Solomon Islands,1035.0,27
2992,2012,10,Fishing,Tokelau,267.0,14
2993,2012,10,Fishing,Tonga,9.0,1
2994,2012,10,Fishing,Tuvalu,2277.0,46
2995,2012,10,Fishing,Vanuatu,58.0,2
2996,2012,10,Others,Cook Islands,1123.0,27
2997,2012,10,Others,Fiji,4114.0,91
2998,2012,10,Others,Kiribati,4136.0,98
2999,2012,10,Others,Marshall Islands,1231.0,30
3000,2012,10,Others,Micronesia,3099.0,48
3001,2012,10,Others,Nauru,480.0,17
3002,2012,10,Others,Niue,443.0,15
3003,2012,10,Others,Palau,335.0,17
3004,2012,10,Others,Papua New Guinea,3281.0,96
3005,2012,10,Others,Samoa,158.0,9
3006,2012,10,Others,Solomon Islands,1595.0,28
3007,2012,10,Others,Tokelau,278.0,7
3008,2012,10,Others,Tonga,2583.0,55
3009,2012,10,Others,Tuvalu,460.0,41
3010,2012,10,Others,Vanuatu,1470.0,38
3011,2012,10,Passenger,Cook Islands,2652.0,3
3012,2012,10,Passenger,Fiji,7426.0,10
3013,2012,10,Passenger,Kiribati,4200.0,4
3014,2012,10,Passenger,Micronesia,880.0,2
3015,2012,10,Passenger,Niue,376.0,1
3016,2012,10,Passenger,Papua New Guinea,3631.0,20
3017,2012,10,Passenger,Samoa,1123.0,6
3018,2012,10,Passenger,Solomon Islands,109.0,1
3019,2012,10,Passenger,Tokelau,764.0,4
3020,2012,10,Passenger,Tonga,5974.0,9
3021,2012,10,Passenger,Tuvalu,1.0,2
3022,2012,10,Passenger,Vanuatu,6805.0,8
3023,2012,10,Tanker,Cook Islands,1497.0,8
3024,2012,10,Tanker,Fiji,2769.0,14
3025,2012,10,Tanker,Kiribati,3009.0,25
3026,2012,10,Tanker,Marshall Islands,1744.0,12
3027,2012,10,Tanker,Micronesia,10483.0,66
3028,2012,10,Tanker,Nauru,384.0,9
3029,2012,10,Tanker,Niue,704.0,6
3030,2012,10,Tanker,Palau,4849.0,45
3031,2012,10,Tanker,Papua New Guinea,31868.0,139
3032,2012,10,Tanker,Samoa,130.0,5
3033,2012,10,Tanker,Solomon Islands,3577.0,27
3034,2012,10,Tanker,Tokelau,180.0,2
3035,2012,10,Tanker,Tonga,1152.0,10
3036,2012,10,Tanker,Tuvalu,334.0,4
3037,2012,10,Tanker,Vanuatu,948.0,9
3038,2012,11,Cargo,Cook Islands,8902.0,41
3039,2012,11,Cargo,Fiji,7860.0,44
3040,2012,11,Cargo,Kiribati,12747.0,106
3041,2012,11,Cargo,Marshall Islands,6695.0,80
3042,2012,11,Cargo,Micronesia,145080.0,772
3043,2012,11,Cargo,Nauru,1109.0,22
3044,2012,11,Cargo,Niue,1889.0,18
3045,2012,11,Cargo,Palau,33176.0,365
3046,2012,11,Cargo,Papua New Guinea,354565.0,1053
3047,2012,11,Cargo,Samoa,628.0,14
3048,2012,11,Cargo,Solomon Islands,14391.0,131
3049,2012,11,Cargo,Tokelau,1074.0,16
3050,2012,11,Cargo,Tonga,2632.0,20
3051,2012,11,Cargo,Tuvalu,1413.0,19
3052,2012,11,Cargo,Vanuatu,2948.0,31
3053,2012,11,Fishing,Cook Islands,32.0,3
3054,2012,11,Fishing,Fiji,259.0,16
3055,2012,11,Fishing,Kiribati,12935.0,242
3056,2012,11,Fishing,Marshall Islands,1697.0,52
3057,2012,11,Fishing,Micronesia,6280.0,87
3058,2012,11,Fishing,Nauru,779.0,33
3059,2012,11,Fishing,Palau,386.0,18
3060,2012,11,Fishing,Papua New Guinea,4875.0,53
3061,2012,11,Fishing,Samoa,94.0,9
3062,2012,11,Fishing,Solomon Islands,884.0,29
3063,2012,11,Fishing,Tokelau,143.0,13
3064,2012,11,Fishing,Tonga,25.0,5
3065,2012,11,Fishing,Tuvalu,2626.0,59
3066,2012,11,Fishing,Vanuatu,85.0,5
3067,2012,11,Others,Cook Islands,1223.0,27
3068,2012,11,Others,Fiji,2467.0,76
3069,2012,11,Others,Kiribati,3305.0,68
3070,2012,11,Others,Marshall Islands,728.0,28
3071,2012,11,Others,Micronesia,3876.0,55
3072,2012,11,Others,Nauru,418.0,17
3073,2012,11,Others,Niue,186.0,10
3074,2012,11,Others,Palau,288.0,11
3075,2012,11,Others,Papua New Guinea,3370.0,83
3076,2012,11,Others,Samoa,181.0,9
3077,2012,11,Others,Solomon Islands,967.0,21
3078,2012,11,Others,Tokelau,204.0,4
3079,2012,11,Others,Tonga,1489.0,45
3080,2012,11,Others,Tuvalu,1097.0,47
3081,2012,11,Others,Vanuatu,748.0,17
3082,2012,11,Passenger,Cook Islands,1176.0,3
3083,2012,11,Passenger,Fiji,5953.0,9
3084,2012,11,Passenger,Kiribati,857.0,3
3085,2012,11,Passenger,Micronesia,589.0,3
3086,2012,11,Passenger,Niue,156.0,1
3087,2012,11,Passenger,Papua New Guinea,2339.0,24
3088,2012,11,Passenger,Samoa,472.0,5
3089,2012,11,Passenger,Solomon Islands,541.0,3
3090,2012,11,Passenger,Tokelau,632.0,4
3091,2012,11,Passenger,Tonga,1350.0,4
3092,2012,11,Passenger,Vanuatu,4082.0,8
3093,2012,11,Tanker,Cook Islands,1436.0,7
3094,2012,11,Tanker,Fiji,2888.0,11
3095,2012,11,Tanker,Kiribati,3143.0,19
3096,2012,11,Tanker,Marshall Islands,2049.0,15
3097,2012,11,Tanker,Micronesia,9993.0,68
3098,2012,11,Tanker,Nauru,421.0,12
3099,2012,11,Tanker,Niue,311.0,2
3100,2012,11,Tanker,Palau,3049.0,39
3101,2012,11,Tanker,Papua New Guinea,30643.0,138
3102,2012,11,Tanker,Samoa,148.0,3
3103,2012,11,Tanker,Solomon Islands,2890.0,23
3104,2012,11,Tanker,Tokelau,291.0,4
3105,2012,11,Tanker,Tonga,645.0,6
3106,2012,11,Tanker,Tuvalu,356.0,7
3107,2012,11,Tanker,Vanuatu,603.0,7
3108,2012,12,Cargo,Cook Islands,7864.0,37
3109,2012,12,Cargo,Fiji,8215.0,48
3110,2012,12,Cargo,Kiribati,12784.0,96
3111,2012,12,Cargo,Marshall Islands,7903.0,84
3112,2012,12,Cargo,Micronesia,141205.0,804
3113,2012,12,Cargo,Nauru,511.0,12
3114,2012,12,Cargo,Niue,1477.0,15
3115,2012,12,Cargo,Palau,32450.0,365
3116,2012,12,Cargo,Papua New Guinea,369768.0,1077
3117,2012,12,Cargo,Samoa,808.0,19
3118,2012,12,Cargo,Solomon Islands,15575.0,138
3119,2012,12,Cargo,Tokelau,733.0,12
3120,2012,12,Cargo,Tonga,2287.0,19
3121,2012,12,Cargo,Tuvalu,698.0,14
3122,2012,12,Cargo,Vanuatu,3448.0,37
3123,2012,12,Fishing,Cook Islands,83.0,4
3124,2012,12,Fishing,Fiji,131.0,14
3125,2012,12,Fishing,Kiribati,6949.0,171
3126,2012,12,Fishing,Marshall Islands,1184.0,44
3127,2012,12,Fishing,Micronesia,4094.0,77
3128,2012,12,Fishing,Nauru,1590.0,38
3129,2012,12,Fishing,Niue,5.0,1
3130,2012,12,Fishing,Palau,358.0,17
3131,2012,12,Fishing,Papua New Guinea,8938.0,89
3132,2012,12,Fishing,Samoa,33.0,4
3133,2012,12,Fishing,Solomon Islands,4003.0,55
3134,2012,12,Fishing,Tokelau,191.0,10
3135,2012,12,Fishing,Tonga,38.0,4
3136,2012,12,Fishing,Tuvalu,982.0,31
3137,2012,12,Fishing,Vanuatu,21.0,4
3138,2012,12,Others,Cook Islands,531.0,12
3139,2012,12,Others,Fiji,437.0,20
3140,2012,12,Others,Kiribati,1642.0,67
3141,2012,12,Others,Marshall Islands,498.0,24
3142,2012,12,Others,Micronesia,1367.0,43
3143,2012,12,Others,Nauru,85.0,8
3144,2012,12,Others,Niue,74.0,1
3145,2012,12,Others,Palau,786.0,20
3146,2012,12,Others,Papua New Guinea,3718.0,109
3147,2012,12,Others,Samoa,174.0,5
3148,2012,12,Others,Solomon Islands,797.0,20
3149,2012,12,Others,Tokelau,155.0,1
3150,2012,12,Others,Tonga,124.0,6
3151,2012,12,Others,Tuvalu,485.0,35
3152,2012,12,Others,Vanuatu,140.0,7
3153,2012,12,Passenger,Cook Islands,701.0,3
3154,2012,12,Passenger,Fiji,2465.0,6
3155,2012,12,Passenger,Kiribati,2370.0,3
3156,2012,12,Passenger,Micronesia,88.0,1
3157,2012,12,Passenger,Niue,496.0,2
3158,2012,12,Passenger,Palau,28.0,1
3159,2012,12,Passenger,Papua New Guinea,1510.0,24
3160,2012,12,Passenger,Samoa,49.0,2
3161,2012,12,Passenger,Solomon Islands,88.0,1
3162,2012,12,Passenger,Tokelau,7.0,1
3163,2012,12,Passenger,Tonga,694.0,4
3164,2012,12,Passenger,Vanuatu,5236.0,6
3165,2012,12,Tanker,Cook Islands,899.0,3
3166,2012,12,Tanker,Fiji,2133.0,12
3167,2012,12,Tanker,Kiribati,2253.0,19
3168,2012,12,Tanker,Marshall Islands,2167.0,13
3169,2012,12,Tanker,Micronesia,11709.0,71
3170,2012,12,Tanker,Nauru,349.0,5
3171,2012,12,Tanker,Niue,495.0,3
3172,2012,12,Tanker,Palau,4411.0,42
3173,2012,12,Tanker,Papua New Guinea,31976.0,141
3174,2012,12,Tanker,Samoa,88.0,2
3175,2012,12,Tanker,Solomon Islands,2475.0,23
3176,2012,12,Tanker,Tokelau,146.0,1
3177,2012,12,Tanker,Tonga,736.0,5
3178,2012,12,Tanker,Tuvalu,369.0,3
3179,2012,12,Tanker,Vanuatu,450.0,7
3180,2013,1,Cargo,Cook Islands,9346.0,49
3181,2013,1,Cargo,Fiji,8093.0,48
3182,2013,1,Cargo,Kiribati,16348.0,113
3183,2013,1,Cargo,Marshall Islands,9949.0,99
3184,2013,1,Cargo,Micronesia,130619.0,728
3185,2013,1,Cargo,Nauru,698.0,13
3186,2013,1,Cargo,Niue,1383.0,17
3187,2013,1,Cargo,Palau,28619.0,334
3188,2013,1,Cargo,Papua New Guinea,330570.0,974
3189,2013,1,Cargo,Samoa,683.0,15
3190,2013,1,Cargo,Solomon Islands,14059.0,131
3191,2013,1,Cargo,Tokelau,1101.0,14
3192,2013,1,Cargo,Tonga,2883.0,24
3193,2013,1,Cargo,Tuvalu,1109.0,18
3194,2013,1,Cargo,Vanuatu,3943.0,38
3195,2013,1,Fishing,Cook Islands,27.0,2
3196,2013,1,Fishing,Fiji,335.0,23
3197,2013,1,Fishing,Kiribati,4012.0,130
3198,2013,1,Fishing,Marshall Islands,1242.0,50
3199,2013,1,Fishing,Micronesia,4110.0,88
3200,2013,1,Fishing,Nauru,1505.0,44
3201,2013,1,Fishing,Palau,442.0,19
3202,2013,1,Fishing,Papua New Guinea,12063.0,100
3203,2013,1,Fishing,Samoa,6.0,1
3204,2013,1,Fishing,Solomon Islands,5974.0,65
3205,2013,1,Fishing,Tokelau,27.0,3
3206,2013,1,Fishing,Tonga,77.0,7
3207,2013,1,Fishing,Tuvalu,178.0,10
3208,2013,1,Fishing,Vanuatu,71.0,6
3209,2013,1,Others,Cook Islands,332.0,15
3210,2013,1,Others,Fiji,538.0,20
3211,2013,1,Others,Kiribati,648.0,59
3212,2013,1,Others,Marshall Islands,1022.0,36
3213,2013,1,Others,Micronesia,1905.0,43
3214,2013,1,Others,Nauru,201.0,9
3215,2013,1,Others,Niue,23.0,1
3216,2013,1,Others,Palau,495.0,18
3217,2013,1,Others,Papua New Guinea,3098.0,81
3218,2013,1,Others,Samoa,66.0,3
3219,2013,1,Others,Solomon Islands,718.0,19
3220,2013,1,Others,Tokelau,91.0,2
3221,2013,1,Others,Tonga,10.0,4
3222,2013,1,Others,Tuvalu,99.0,39
3223,2013,1,Others,Vanuatu,97.0,9
3224,2013,1,Passenger,Cook Islands,1675.0,8
3225,2013,1,Passenger,Fiji,9334.0,11
3226,2013,1,Passenger,Kiribati,661.0,1
3227,2013,1,Passenger,Micronesia,0.0,1
3228,2013,1,Passenger,Nauru,0.0,1
3229,2013,1,Passenger,Niue,441.0,3
3230,2013,1,Passenger,Palau,28.0,1
3231,2013,1,Passenger,Papua New Guinea,757.0,17
3232,2013,1,Passenger,Samoa,54.0,1
3233,2013,1,Passenger,Solomon Islands,119.0,2
3234,2013,1,Passenger,Tonga,388.0,4
3235,2013,1,Passenger,Vanuatu,11259.0,11
3236,2013,1,Tanker,Cook Islands,855.0,5
3237,2013,1,Tanker,Fiji,2444.0,13
3238,2013,1,Tanker,Kiribati,1671.0,14
3239,2013,1,Tanker,Marshall Islands,2425.0,17
3240,2013,1,Tanker,Micronesia,11659.0,72
3241,2013,1,Tanker,Nauru,315.0,6
3242,2013,1,Tanker,Niue,340.0,2
3243,2013,1,Tanker,Palau,3353.0,50
3244,2013,1,Tanker,Papua New Guinea,34930.0,139
3245,2013,1,Tanker,Samoa,160.0,3
3246,2013,1,Tanker,Solomon Islands,2823.0,19
3247,2013,1,Tanker,Tonga,871.0,9
3248,2013,1,Tanker,Tuvalu,403.0,4
3249,2013,1,Tanker,Vanuatu,764.0,7
3250,2013,2,Cargo,Cook Islands,6881.0,35
3251,2013,2,Cargo,Fiji,6156.0,36
3252,2013,2,Cargo,Kiribati,10654.0,88
3253,2013,2,Cargo,Marshall Islands,7537.0,77
3254,2013,2,Cargo,Micronesia,111799.0,666
3255,2013,2,Cargo,Nauru,744.0,14
3256,2013,2,Cargo,Niue,1487.0,16
3257,2013,2,Cargo,Palau,24659.0,284
3258,2013,2,Cargo,Papua New Guinea,285869.0,929
3259,2013,2,Cargo,Samoa,554.0,12
3260,2013,2,Cargo,Solomon Islands,15353.0,145
3261,2013,2,Cargo,Tokelau,364.0,6
3262,2013,2,Cargo,Tonga,2691.0,17
3263,2013,2,Cargo,Tuvalu,1044.0,8
3264,2013,2,Cargo,Vanuatu,2683.0,29
3265,2013,2,Fishing,Cook Islands,45.0,4
3266,2013,2,Fishing,Fiji,616.0,19
3267,2013,2,Fishing,Kiribati,3744.0,129
3268,2013,2,Fishing,Marshall Islands,1338.0,49
3269,2013,2,Fishing,Micronesia,4364.0,94
3270,2013,2,Fishing,Nauru,1706.0,48
3271,2013,2,Fishing,Niue,77.0,2
3272,2013,2,Fishing,Palau,283.0,18
3273,2013,2,Fishing,Papua New Guinea,11505.0,97
3274,2013,2,Fishing,Samoa,57.0,3
3275,2013,2,Fishing,Solomon Islands,3511.0,53
3276,2013,2,Fishing,Tokelau,143.0,4
3277,2013,2,Fishing,Tonga,128.0,9
3278,2013,2,Fishing,Tuvalu,516.0,13
3279,2013,2,Fishing,Vanuatu,93.0,5
3280,2013,2,Others,Cook Islands,230.0,13
3281,2013,2,Others,Fiji,292.0,11
3282,2013,2,Others,Kiribati,387.0,58
3283,2013,2,Others,Marshall Islands,767.0,26
3284,2013,2,Others,Micronesia,2128.0,44
3285,2013,2,Others,Nauru,389.0,11
3286,2013,2,Others,Palau,468.0,19
3287,2013,2,Others,Papua New Guinea,2569.0,59
3288,2013,2,Others,Samoa,86.0,1
3289,2013,2,Others,Solomon Islands,670.0,11
3290,2013,2,Others,Tokelau,129.0,1
3291,2013,2,Others,Tonga,0.0,3
3292,2013,2,Others,Tuvalu,125.0,23
3293,2013,2,Others,Vanuatu,21.0,4
3294,2013,2,Passenger,Cook Islands,3597.0,8
3295,2013,2,Passenger,Fiji,6835.0,10
3296,2013,2,Passenger,Kiribati,4027.0,4
3297,2013,2,Passenger,Micronesia,1625.0,4
3298,2013,2,Passenger,Niue,303.0,2
3299,2013,2,Passenger,Palau,166.0,2
3300,2013,2,Passenger,Papua New Guinea,5895.0,25
3301,2013,2,Passenger,Samoa,866.0,7
3302,2013,2,Passenger,Solomon Islands,294.0,4
3303,2013,2,Passenger,Tokelau,1061.0,4
3304,2013,2,Passenger,Tonga,5735.0,9
3305,2013,2,Passenger,Tuvalu,0.0,1
3306,2013,2,Passenger,Vanuatu,5348.0,10
3307,2013,2,Tanker,Cook Islands,1360.0,7
3308,2013,2,Tanker,Fiji,2315.0,15
3309,2013,2,Tanker,Kiribati,2099.0,18
3310,2013,2,Tanker,Marshall Islands,1852.0,12
3311,2013,2,Tanker,Micronesia,9330.0,61
3312,2013,2,Tanker,Nauru,496.0,6
3313,2013,2,Tanker,Niue,307.0,4
3314,2013,2,Tanker,Palau,1819.0,33
3315,2013,2,Tanker,Papua New Guinea,25964.0,130
3316,2013,2,Tanker,Samoa,104.0,3
3317,2013,2,Tanker,Solomon Islands,3326.0,27
3318,2013,2,Tanker,Tokelau,149.0,1
3319,2013,2,Tanker,Tonga,762.0,7
3320,2013,2,Tanker,Tuvalu,293.0,4
3321,2013,2,Tanker,Vanuatu,880.0,8
3322,2013,3,Cargo,Cook Islands,8065.0,38
3323,2013,3,Cargo,Fiji,7728.0,45
3324,2013,3,Cargo,Kiribati,12168.0,88
3325,2013,3,Cargo,Marshall Islands,7192.0,65
3326,2013,3,Cargo,Micronesia,131565.0,743
3327,2013,3,Cargo,Nauru,736.0,16
3328,2013,3,Cargo,Niue,1619.0,18
3329,2013,3,Cargo,Palau,24850.0,299
3330,2013,3,Cargo,Papua New Guinea,306146.0,989
3331,2013,3,Cargo,Samoa,688.0,18
3332,2013,3,Cargo,Solomon Islands,17946.0,156
3333,2013,3,Cargo,Tokelau,1000.0,14
3334,2013,3,Cargo,Tonga,2739.0,23
3335,2013,3,Cargo,Tuvalu,1733.0,20
3336,2013,3,Cargo,Vanuatu,5047.0,44
3337,2013,3,Fishing,Cook Islands,62.0,3
3338,2013,3,Fishing,Fiji,418.0,31
3339,2013,3,Fishing,Kiribati,4024.0,139
3340,2013,3,Fishing,Marshall Islands,654.0,41
3341,2013,3,Fishing,Micronesia,7405.0,126
3342,2013,3,Fishing,Nauru,220.0,11
3343,2013,3,Fishing,Palau,499.0,33
3344,2013,3,Fishing,Papua New Guinea,13004.0,119
3345,2013,3,Fishing,Samoa,33.0,4
3346,2013,3,Fishing,Solomon Islands,2305.0,64
3347,2013,3,Fishing,Tokelau,10.0,4
3348,2013,3,Fishing,Tonga,75.0,9
3349,2013,3,Fishing,Tuvalu,664.0,15
3350,2013,3,Fishing,Vanuatu,1.0,1
3351,2013,3,Others,Cook Islands,225.0,13
3352,2013,3,Others,Fiji,368.0,14
3353,2013,3,Others,Kiribati,337.0,51
3354,2013,3,Others,Marshall Islands,1011.0,36
3355,2013,3,Others,Micronesia,2885.0,61
3356,2013,3,Others,Nauru,21.0,3
3357,2013,3,Others,Niue,86.0,2
3358,2013,3,Others,Palau,746.0,18
3359,2013,3,Others,Papua New Guinea,3517.0,81
3360,2013,3,Others,Samoa,76.0,3
3361,2013,3,Others,Solomon Islands,708.0,20
3362,2013,3,Others,Tokelau,162.0,4
3363,2013,3,Others,Tonga,71.0,4
3364,2013,3,Others,Tuvalu,206.0,37
3365,2013,3,Others,Vanuatu,232.0,3
3366,2013,3,Passenger,Cook Islands,753.0,4
3367,2013,3,Passenger,Fiji,4984.0,7
3368,2013,3,Passenger,Kiribati,2601.0,4
3369,2013,3,Passenger,Marshall Islands,279.0,1
3370,2013,3,Passenger,Micronesia,992.0,3
3371,2013,3,Passenger,Palau,279.0,1
3372,2013,3,Passenger,Papua New Guinea,4878.0,31
3373,2013,3,Passenger,Samoa,447.0,4
3374,2013,3,Passenger,Solomon Islands,244.0,4
3375,2013,3,Passenger,Tokelau,398.0,2
3376,2013,3,Passenger,Tonga,1787.0,5
3377,2013,3,Passenger,Vanuatu,3896.0,10
3378,2013,3,Tanker,Cook Islands,1135.0,7
3379,2013,3,Tanker,Fiji,2484.0,14
3380,2013,3,Tanker,Kiribati,993.0,12
3381,2013,3,Tanker,Marshall Islands,1693.0,13
3382,2013,3,Tanker,Micronesia,11722.0,76
3383,2013,3,Tanker,Nauru,323.0,5
3384,2013,3,Tanker,Niue,410.0,4
3385,2013,3,Tanker,Palau,2749.0,37
3386,2013,3,Tanker,Papua New Guinea,34755.0,147
3387,2013,3,Tanker,Samoa,227.0,6
3388,2013,3,Tanker,Solomon Islands,3508.0,25
3389,2013,3,Tanker,Tokelau,29.0,1
3390,2013,3,Tanker,Tonga,977.0,11
3391,2013,3,Tanker,Tuvalu,17.0,1
3392,2013,3,Tanker,Vanuatu,1231.0,13
3393,2013,4,Cargo,Cook Islands,9536.0,49
3394,2013,4,Cargo,Fiji,8247.0,50
3395,2013,4,Cargo,Kiribati,9318.0,81
3396,2013,4,Cargo,Marshall Islands,5186.0,56
3397,2013,4,Cargo,Micronesia,130155.0,761
3398,2013,4,Cargo,Nauru,998.0,19
3399,2013,4,Cargo,Niue,1772.0,18
3400,2013,4,Cargo,Palau,27071.0,321
3401,2013,4,Cargo,Papua New Guinea,312706.0,1027
3402,2013,4,Cargo,Samoa,627.0,14
3403,2013,4,Cargo,Solomon Islands,15511.0,147
3404,2013,4,Cargo,Tokelau,909.0,14
3405,2013,4,Cargo,Tonga,3088.0,20
3406,2013,4,Cargo,Tuvalu,1005.0,10
3407,2013,4,Cargo,Vanuatu,3953.0,32
3408,2013,4,Fishing,Cook Islands,60.0,7
3409,2013,4,Fishing,Fiji,248.0,21
3410,2013,4,Fishing,Kiribati,3789.0,127
3411,2013,4,Fishing,Marshall Islands,296.0,24
3412,2013,4,Fishing,Micronesia,12498.0,135
3413,2013,4,Fishing,Nauru,201.0,16
3414,2013,4,Fishing,Niue,8.0,2
3415,2013,4,Fishing,Palau,517.0,24
3416,2013,4,Fishing,Papua New Guinea,8415.0,102
3417,2013,4,Fishing,Samoa,19.0,2
3418,2013,4,Fishing,Solomon Islands,3308.0,80
3419,2013,4,Fishing,Tokelau,16.0,4
3420,2013,4,Fishing,Tonga,25.0,5
3421,2013,4,Fishing,Tuvalu,163.0,11
3422,2013,4,Fishing,Vanuatu,27.0,3
3423,2013,4,Others,Cook Islands,466.0,18
3424,2013,4,Others,Fiji,1235.0,33
3425,2013,4,Others,Kiribati,1336.0,69
3426,2013,4,Others,Marshall Islands,838.0,35
3427,2013,4,Others,Micronesia,3929.0,51
3428,2013,4,Others,Nauru,366.0,15
3429,2013,4,Others,Niue,76.0,3
3430,2013,4,Others,Palau,82.0,12
3431,2013,4,Others,Papua New Guinea,3682.0,87
3432,2013,4,Others,Samoa,104.0,5
3433,2013,4,Others,Solomon Islands,835.0,16
3434,2013,4,Others,Tokelau,161.0,2
3435,2013,4,Others,Tonga,236.0,12
3436,2013,4,Others,Tuvalu,227.0,36
3437,2013,4,Others,Vanuatu,295.0,11
3438,2013,4,Passenger,Cook Islands,3881.0,4
3439,2013,4,Passenger,Fiji,2578.0,6
3440,2013,4,Passenger,Kiribati,2241.0,4
3441,2013,4,Passenger,Micronesia,1488.0,6
3442,2013,4,Passenger,Niue,557.0,2
3443,2013,4,Passenger,Palau,69.0,3
3444,2013,4,Passenger,Papua New Guinea,3311.0,22
3445,2013,4,Passenger,Samoa,957.0,4
3446,2013,4,Passenger,Solomon Islands,424.0,4
3447,2013,4,Passenger,Tokelau,1135.0,4
3448,2013,4,Passenger,Tonga,1846.0,6
3449,2013,4,Passenger,Vanuatu,4523.0,8
3450,2013,4,Tanker,Cook Islands,1582.0,6
3451,2013,4,Tanker,Fiji,2114.0,10
3452,2013,4,Tanker,Kiribati,1839.0,16
3453,2013,4,Tanker,Marshall Islands,1640.0,11
3454,2013,4,Tanker,Micronesia,12692.0,75
3455,2013,4,Tanker,Nauru,237.0,6
3456,2013,4,Tanker,Niue,268.0,4
3457,2013,4,Tanker,Palau,2790.0,39
3458,2013,4,Tanker,Papua New Guinea,32141.0,142
3459,2013,4,Tanker,Samoa,74.0,1
3460,2013,4,Tanker,Solomon Islands,2569.0,24
3461,2013,4,Tanker,Tokelau,272.0,4
3462,2013,4,Tanker,Tonga,639.0,5
3463,2013,4,Tanker,Tuvalu,203.0,2
3464,2013,4,Tanker,Vanuatu,364.0,4
3465,2013,5,Cargo,Cook Islands,7346.0,41
3466,2013,5,Cargo,Fiji,7438.0,48
3467,2013,5,Cargo,Kiribati,9831.0,81
3468,2013,5,Cargo,Marshall Islands,4946.0,45
3469,2013,5,Cargo,Micronesia,136433.0,762
3470,2013,5,Cargo,Nauru,598.0,12
3471,2013,5,Cargo,Niue,1358.0,16
3472,2013,5,Cargo,Palau,29270.0,350
3473,2013,5,Cargo,Papua New Guinea,320232.0,1031
3474,2013,5,Cargo,Samoa,561.0,18
3475,2013,5,Cargo,Solomon Islands,16934.0,165
3476,2013,5,Cargo,Tokelau,1138.0,15
3477,2013,5,Cargo,Tonga,3063.0,23
3478,2013,5,Cargo,Tuvalu,1204.0,15
3479,2013,5,Cargo,Vanuatu,4152.0,42
3480,2013,5,Fishing,Cook Islands,32.0,1
3481,2013,5,Fishing,Fiji,137.0,13
3482,2013,5,Fishing,Kiribati,2050.0,87
3483,2013,5,Fishing,Marshall Islands,387.0,22
3484,2013,5,Fishing,Micronesia,8473.0,102
3485,2013,5,Fishing,Nauru,639.0,27
3486,2013,5,Fishing,Niue,12.0,1
3487,2013,5,Fishing,Palau,356.0,20
3488,2013,5,Fishing,Papua New Guinea,13486.0,120
3489,2013,5,Fishing,Samoa,38.0,3
3490,2013,5,Fishing,Solomon Islands,4077.0,108
3491,2013,5,Fishing,Tokelau,48.0,3
3492,2013,5,Fishing,Tonga,19.0,3
3493,2013,5,Fishing,Tuvalu,463.0,16
3494,2013,5,Fishing,Vanuatu,25.0,3
3495,2013,5,Others,Cook Islands,2376.0,43
3496,2013,5,Others,Fiji,3621.0,70
3497,2013,5,Others,Kiribati,900.0,53
3498,2013,5,Others,Marshall Islands,756.0,30
3499,2013,5,Others,Micronesia,1897.0,40
3500,2013,5,Others,Nauru,101.0,5
3501,2013,5,Others,Niue,948.0,26
3502,2013,5,Others,Palau,194.0,11
3503,2013,5,Others,Papua New Guinea,4082.0,97
3504,2013,5,Others,Samoa,124.0,8
3505,2013,5,Others,Solomon Islands,1044.0,17
3506,2013,5,Others,Tokelau,232.0,3
3507,2013,5,Others,Tonga,1883.0,49
3508,2013,5,Others,Tuvalu,429.0,33
3509,2013,5,Others,Vanuatu,768.0,16
3510,2013,5,Passenger,Cook Islands,817.0,2
3511,2013,5,Passenger,Fiji,2106.0,6
3512,2013,5,Passenger,Kiribati,2614.0,3
3513,2013,5,Passenger,Marshall Islands,18.0,1
3514,2013,5,Passenger,Micronesia,44.0,2
3515,2013,5,Passenger,Nauru,0.0,1
3516,2013,5,Passenger,Palau,41.0,2
3517,2013,5,Passenger,Papua New Guinea,1160.0,16
3518,2013,5,Passenger,Samoa,176.0,2
3519,2013,5,Passenger,Solomon Islands,119.0,1
3520,2013,5,Passenger,Tokelau,104.0,1
3521,2013,5,Passenger,Tonga,911.0,4
3522,2013,5,Passenger,Tuvalu,0.0,1
3523,2013,5,Passenger,Vanuatu,4750.0,7
3524,2013,5,Tanker,Cook Islands,677.0,7
3525,2013,5,Tanker,Fiji,2613.0,12
3526,2013,5,Tanker,Kiribati,2241.0,14
3527,2013,5,Tanker,Marshall Islands,802.0,7
3528,2013,5,Tanker,Micronesia,13586.0,75
3529,2013,5,Tanker,Nauru,215.0,5
3530,2013,5,Tanker,Niue,174.0,3
3531,2013,5,Tanker,Palau,2473.0,37
3532,2013,5,Tanker,Papua New Guinea,33875.0,150
3533,2013,5,Tanker,Samoa,256.0,5
3534,2013,5,Tanker,Solomon Islands,2378.0,21
3535,2013,5,Tanker,Tokelau,148.0,1
3536,2013,5,Tanker,Tonga,712.0,9
3537,2013,5,Tanker,Tuvalu,183.0,3
3538,2013,5,Tanker,Vanuatu,821.0,8
3539,2013,6,Cargo,Cook Islands,7203.0,42
3540,2013,6,Cargo,Fiji,8760.0,51
3541,2013,6,Cargo,Kiribati,9255.0,78
3542,2013,6,Cargo,Marshall Islands,6627.0,63
3543,2013,6,Cargo,Micronesia,143549.0,805
3544,2013,6,Cargo,Nauru,860.0,15
3545,2013,6,Cargo,Niue,1331.0,16
3546,2013,6,Cargo,Palau,30443.0,342
3547,2013,6,Cargo,Papua New Guinea,336649.0,1057
3548,2013,6,Cargo,Samoa,497.0,13
3549,2013,6,Cargo,Solomon Islands,16731.0,170
3550,2013,6,Cargo,Tokelau,540.0,8
3551,2013,6,Cargo,Tonga,2928.0,20
3552,2013,6,Cargo,Tuvalu,870.0,13
3553,2013,6,Cargo,Vanuatu,4013.0,50
3554,2013,6,Fishing,Cook Islands,57.0,7
3555,2013,6,Fishing,Fiji,187.0,15
3556,2013,6,Fishing,Kiribati,7436.0,157
3557,2013,6,Fishing,Marshall Islands,1300.0,34
3558,2013,6,Fishing,Micronesia,5209.0,74
3559,2013,6,Fishing,Nauru,1872.0,45
3560,2013,6,Fishing,Niue,8.0,1
3561,2013,6,Fishing,Palau,628.0,22
3562,2013,6,Fishing,Papua New Guinea,6845.0,88
3563,2013,6,Fishing,Solomon Islands,5671.0,128
3564,2013,6,Fishing,Tokelau,16.0,1
3565,2013,6,Fishing,Tonga,13.0,5
3566,2013,6,Fishing,Tuvalu,1428.0,45
3567,2013,6,Fishing,Vanuatu,52.0,4
3568,2013,6,Others,Cook Islands,2376.0,49
3569,2013,6,Others,Fiji,7161.0,130
3570,2013,6,Others,Kiribati,2397.0,66
3571,2013,6,Others,Marshall Islands,2104.0,33
3572,2013,6,Others,Micronesia,2836.0,47
3573,2013,6,Others,Nauru,104.0,10
3574,2013,6,Others,Niue,580.0,19
3575,2013,6,Others,Palau,1247.0,28
3576,2013,6,Others,Papua New Guinea,4783.0,110
3577,2013,6,Others,Samoa,253.0,13
3578,2013,6,Others,Solomon Islands,1072.0,31
3579,2013,6,Others,Tokelau,235.0,3
3580,2013,6,Others,Tonga,2053.0,61
3581,2013,6,Others,Tuvalu,293.0,18
3582,2013,6,Others,Vanuatu,1110.0,34
3583,2013,6,Passenger,Cook Islands,167.0,1
3584,2013,6,Passenger,Fiji,1090.0,4
3585,2013,6,Passenger,Kiribati,22.0,2
3586,2013,6,Passenger,Micronesia,112.0,1
3587,2013,6,Passenger,Papua New Guinea,780.0,19
3588,2013,6,Passenger,Samoa,38.0,1
3589,2013,6,Passenger,Solomon Islands,114.0,1
3590,2013,6,Passenger,Tonga,125.0,2
3591,2013,6,Passenger,Vanuatu,4464.0,5
3592,2013,6,Tanker,Cook Islands,1295.0,6
3593,2013,6,Tanker,Fiji,2845.0,13
3594,2013,6,Tanker,Kiribati,2429.0,17
3595,2013,6,Tanker,Marshall Islands,866.0,7
3596,2013,6,Tanker,Micronesia,9179.0,65
3597,2013,6,Tanker,Nauru,285.0,6
3598,2013,6,Tanker,Niue,442.0,4
3599,2013,6,Tanker,Palau,2630.0,39
3600,2013,6,Tanker,Papua New Guinea,28371.0,130
3601,2013,6,Tanker,Samoa,238.0,6
3602,2013,6,Tanker,Solomon Islands,2120.0,20
3603,2013,6,Tanker,Tonga,993.0,7
3604,2013,6,Tanker,Tuvalu,397.0,4
3605,2013,6,Tanker,Vanuatu,888.0,9
3606,2013,7,Cargo,Cook Islands,7401.0,42
3607,2013,7,Cargo,Fiji,7975.0,47
3608,2013,7,Cargo,Kiribati,11300.0,89
3609,2013,7,Cargo,Marshall Islands,6458.0,58
3610,2013,7,Cargo,Micronesia,144858.0,817
3611,2013,7,Cargo,Nauru,982.0,22
3612,2013,7,Cargo,Niue,964.0,11
3613,2013,7,Cargo,Palau,30963.0,356
3614,2013,7,Cargo,Papua New Guinea,338688.0,1089
3615,2013,7,Cargo,Samoa,548.0,17
3616,2013,7,Cargo,Solomon Islands,14971.0,154
3617,2013,7,Cargo,Tokelau,924.0,10
3618,2013,7,Cargo,Tonga,2602.0,20
3619,2013,7,Cargo,Tuvalu,839.0,13
3620,2013,7,Cargo,Vanuatu,3597.0,35
3621,2013,7,Fishing,Cook Islands,205.0,13
3622,2013,7,Fishing,Fiji,241.0,17
3623,2013,7,Fishing,Kiribati,7519.0,162
3624,2013,7,Fishing,Marshall Islands,1824.0,38
3625,2013,7,Fishing,Micronesia,5224.0,83
3626,2013,7,Fishing,Nauru,1323.0,34
3627,2013,7,Fishing,Palau,746.0,24
3628,2013,7,Fishing,Papua New Guinea,9059.0,87
3629,2013,7,Fishing,Samoa,46.0,2
3630,2013,7,Fishing,Solomon Islands,4098.0,115
3631,2013,7,Fishing,Tokelau,89.0,7
3632,2013,7,Fishing,Tonga,21.0,1
3633,2013,7,Fishing,Tuvalu,673.0,30
3634,2013,7,Fishing,Vanuatu,34.0,4
3635,2013,7,Others,Cook Islands,2347.0,72
3636,2013,7,Others,Fiji,5959.0,125
3637,2013,7,Others,Kiribati,2341.0,75
3638,2013,7,Others,Marshall Islands,717.0,44
3639,2013,7,Others,Micronesia,2361.0,66
3640,2013,7,Others,Nauru,371.0,15
3641,2013,7,Others,Niue,725.0,25
3642,2013,7,Others,Palau,1004.0,24
3643,2013,7,Others,Papua New Guinea,6419.0,132
3644,2013,7,Others,Samoa,482.0,19
3645,2013,7,Others,Solomon Islands,1171.0,38
3646,2013,7,Others,Tokelau,230.0,8
3647,2013,7,Others,Tonga,2244.0,60
3648,2013,7,Others,Tuvalu,901.0,31
3649,2013,7,Others,Vanuatu,2407.0,55
3650,2013,7,Passenger,Fiji,439.0,3
3651,2013,7,Passenger,Kiribati,41.0,3
3652,2013,7,Passenger,Micronesia,0.0,2
3653,2013,7,Passenger,Papua New Guinea,696.0,20
3654,2013,7,Passenger,Samoa,39.0,1
3655,2013,7,Passenger,Solomon Islands,126.0,2
3656,2013,7,Passenger,Tokelau,18.0,1
3657,2013,7,Passenger,Tonga,94.0,2
3658,2013,7,Passenger,Vanuatu,3458.0,5
3659,2013,7,Tanker,Cook Islands,424.0,6
3660,2013,7,Tanker,Fiji,1750.0,15
3661,2013,7,Tanker,Kiribati,1926.0,21
3662,2013,7,Tanker,Marshall Islands,971.0,8
3663,2013,7,Tanker,Micronesia,11262.0,70
3664,2013,7,Tanker,Nauru,497.0,13
3665,2013,7,Tanker,Niue,180.0,4
3666,2013,7,Tanker,Palau,3335.0,40
3667,2013,7,Tanker,Papua New Guinea,32861.0,147
3668,2013,7,Tanker,Samoa,126.0,4
3669,2013,7,Tanker,Solomon Islands,2804.0,24
3670,2013,7,Tanker,Tokelau,73.0,1
3671,2013,7,Tanker,Tonga,426.0,7
3672,2013,7,Tanker,Tuvalu,207.0,5
3673,2013,7,Tanker,Vanuatu,1010.0,13
3674,2013,8,Cargo,Cook Islands,8159.0,45
3675,2013,8,Cargo,Fiji,9977.0,54
3676,2013,8,Cargo,Kiribati,10409.0,84
3677,2013,8,Cargo,Marshall Islands,4775.0,49
3678,2013,8,Cargo,Micronesia,142114.0,772
3679,2013,8,Cargo,Nauru,1004.0,15
3680,2013,8,Cargo,Niue,1382.0,18
3681,2013,8,Cargo,Palau,29778.0,319
3682,2013,8,Cargo,Papua New Guinea,337812.0,1051
3683,2013,8,Cargo,Samoa,559.0,17
3684,2013,8,Cargo,Solomon Islands,17149.0,153
3685,2013,8,Cargo,Tokelau,959.0,11
3686,2013,8,Cargo,Tonga,2911.0,23
3687,2013,8,Cargo,Tuvalu,989.0,12
3688,2013,8,Cargo,Vanuatu,4204.0,43
3689,2013,8,Fishing,Cook Islands,127.0,9
3690,2013,8,Fishing,Fiji,370.0,29
3691,2013,8,Fishing,Kiribati,6528.0,149
3692,2013,8,Fishing,Marshall Islands,1521.0,33
3693,2013,8,Fishing,Micronesia,6765.0,97
3694,2013,8,Fishing,Nauru,1340.0,33
3695,2013,8,Fishing,Niue,26.0,3
3696,2013,8,Fishing,Palau,499.0,21
3697,2013,8,Fishing,Papua New Guinea,10653.0,96
3698,2013,8,Fishing,Samoa,31.0,5
3699,2013,8,Fishing,Solomon Islands,3675.0,116
3700,2013,8,Fishing,Tokelau,121.0,11
3701,2013,8,Fishing,Tonga,39.0,8
3702,2013,8,Fishing,Tuvalu,475.0,23
3703,2013,8,Fishing,Vanuatu,73.0,5
3704,2013,8,Others,Cook Islands,2056.0,56
3705,2013,8,Others,Fiji,6000.0,131
3706,2013,8,Others,Kiribati,2250.0,47
3707,2013,8,Others,Marshall Islands,950.0,30
3708,2013,8,Others,Micronesia,3300.0,59
3709,2013,8,Others,Nauru,268.0,9
3710,2013,8,Others,Niue,836.0,23
3711,2013,8,Others,Palau,290.0,17
3712,2013,8,Others,Papua New Guinea,6156.0,107
3713,2013,8,Others,Samoa,405.0,19
3714,2013,8,Others,Solomon Islands,691.0,16
3715,2013,8,Others,Tokelau,142.0,5
3716,2013,8,Others,Tonga,2406.0,62
3717,2013,8,Others,Tuvalu,735.0,12
3718,2013,8,Others,Vanuatu,2678.0,57
3719,2013,8,Passenger,Cook Islands,157.0,1
3720,2013,8,Passenger,Fiji,4285.0,6
3721,2013,8,Passenger,Kiribati,96.0,2
3722,2013,8,Passenger,Micronesia,101.0,1
3723,2013,8,Passenger,Palau,8.0,2
3724,2013,8,Passenger,Papua New Guinea,837.0,18
3725,2013,8,Passenger,Samoa,79.0,2
3726,2013,8,Passenger,Solomon Islands,106.0,3
3727,2013,8,Passenger,Tokelau,352.0,1
3728,2013,8,Passenger,Tonga,549.0,3
3729,2013,8,Passenger,Tuvalu,13.0,1
3730,2013,8,Passenger,Vanuatu,2195.0,5
3731,2013,8,Tanker,Cook Islands,1004.0,5
3732,2013,8,Tanker,Fiji,2778.0,12
3733,2013,8,Tanker,Kiribati,2599.0,12
3734,2013,8,Tanker,Marshall Islands,1571.0,9
3735,2013,8,Tanker,Micronesia,12345.0,74
3736,2013,8,Tanker,Nauru,354.0,6
3737,2013,8,Tanker,Niue,499.0,3
3738,2013,8,Tanker,Palau,2847.0,42
3739,2013,8,Tanker,Papua New Guinea,32870.0,139
3740,2013,8,Tanker,Samoa,199.0,4
3741,2013,8,Tanker,Solomon Islands,2685.0,25
3742,2013,8,Tanker,Tonga,1073.0,9
3743,2013,8,Tanker,Tuvalu,203.0,3
3744,2013,8,Tanker,Vanuatu,950.0,10
3745,2013,9,Cargo,Cook Islands,7295.0,43
3746,2013,9,Cargo,Fiji,8275.0,53
3747,2013,9,Cargo,Kiribati,10154.0,90
3748,2013,9,Cargo,Marshall Islands,6094.0,50
3749,2013,9,Cargo,Micronesia,133787.0,763
3750,2013,9,Cargo,Nauru,719.0,15
3751,2013,9,Cargo,Niue,1396.0,16
3752,2013,9,Cargo,Palau,29691.0,346
3753,2013,9,Cargo,Papua New Guinea,326029.0,1082
3754,2013,9,Cargo,Samoa,484.0,16
3755,2013,9,Cargo,Solomon Islands,14119.0,144
3756,2013,9,Cargo,Tokelau,770.0,10
3757,2013,9,Cargo,Tonga,2762.0,21
3758,2013,9,Cargo,Tuvalu,954.0,15
3759,2013,9,Cargo,Vanuatu,3258.0,35
3760,2013,9,Fishing,Cook Islands,136.0,12
3761,2013,9,Fishing,Fiji,247.0,22
3762,2013,9,Fishing,Kiribati,6565.0,186
3763,2013,9,Fishing,Marshall Islands,2227.0,64
3764,2013,9,Fishing,Micronesia,5850.0,99
3765,2013,9,Fishing,Nauru,2774.0,57
3766,2013,9,Fishing,Niue,47.0,7
3767,2013,9,Fishing,Palau,630.0,26
3768,2013,9,Fishing,Papua New Guinea,13124.0,93
3769,2013,9,Fishing,Samoa,11.0,2
3770,2013,9,Fishing,Solomon Islands,3360.0,91
3771,2013,9,Fishing,Tokelau,72.0,6
3772,2013,9,Fishing,Tonga,28.0,6
3773,2013,9,Fishing,Tuvalu,340.0,15
3774,2013,9,Fishing,Vanuatu,30.0,4
3775,2013,9,Others,Cook Islands,2643.0,61
3776,2013,9,Others,Fiji,6041.0,128
3777,2013,9,Others,Kiribati,2271.0,50
3778,2013,9,Others,Marshall Islands,1046.0,33
3779,2013,9,Others,Micronesia,2289.0,42
3780,2013,9,Others,Nauru,302.0,10
3781,2013,9,Others,Niue,1045.0,32
3782,2013,9,Others,Palau,282.0,14
3783,2013,9,Others,Papua New Guinea,5093.0,134
3784,2013,9,Others,Samoa,303.0,14
3785,2013,9,Others,Solomon Islands,663.0,15
3786,2013,9,Others,Tokelau,176.0,3
3787,2013,9,Others,Tonga,2185.0,61
3788,2013,9,Others,Tuvalu,37.0,15
3789,2013,9,Others,Vanuatu,2432.0,63
3790,2013,9,Passenger,Cook Islands,734.0,1
3791,2013,9,Passenger,Fiji,2957.0,8
3792,2013,9,Passenger,Kiribati,3036.0,4
3793,2013,9,Passenger,Micronesia,100.0,2
3794,2013,9,Passenger,Papua New Guinea,907.0,17
3795,2013,9,Passenger,Samoa,376.0,3
3796,2013,9,Passenger,Solomon Islands,93.0,1
3797,2013,9,Passenger,Tokelau,446.0,2
3798,2013,9,Passenger,Tonga,1567.0,4
3799,2013,9,Passenger,Tuvalu,14.0,1
3800,2013,9,Passenger,Vanuatu,4454.0,6
3801,2013,9,Tanker,Cook Islands,604.0,6
3802,2013,9,Tanker,Fiji,2766.0,15
3803,2013,9,Tanker,Kiribati,2670.0,17
3804,2013,9,Tanker,Marshall Islands,1155.0,10
3805,2013,9,Tanker,Micronesia,11065.0,68
3806,2013,9,Tanker,Nauru,553.0,9
3807,2013,9,Tanker,Niue,128.0,3
3808,2013,9,Tanker,Palau,3089.0,42
3809,2013,9,Tanker,Papua New Guinea,28756.0,137
3810,2013,9,Tanker,Samoa,191.0,5
3811,2013,9,Tanker,Solomon Islands,2862.0,26
3812,2013,9,Tanker,Tokelau,16.0,1
3813,2013,9,Tanker,Tonga,824.0,8
3814,2013,9,Tanker,Tuvalu,64.0,2
3815,2013,9,Tanker,Vanuatu,901.0,10
3816,2013,10,Cargo,Cook Islands,8246.0,43
3817,2013,10,Cargo,Fiji,10371.0,61
3818,2013,10,Cargo,Kiribati,11285.0,99
3819,2013,10,Cargo,Marshall Islands,5678.0,64
3820,2013,10,Cargo,Micronesia,132935.0,779
3821,2013,10,Cargo,Nauru,877.0,19
3822,2013,10,Cargo,Niue,1898.0,21
3823,2013,10,Cargo,Palau,37735.0,433
3824,2013,10,Cargo,Papua New Guinea,353307.0,1087
3825,2013,10,Cargo,Samoa,414.0,14
3826,2013,10,Cargo,Solomon Islands,17913.0,161
3827,2013,10,Cargo,Tokelau,1190.0,14
3828,2013,10,Cargo,Tonga,3404.0,24
3829,2013,10,Cargo,Tuvalu,1529.0,14
3830,2013,10,Cargo,Vanuatu,4549.0,43
3831,2013,10,Fishing,Cook Islands,35.0,5
3832,2013,10,Fishing,Fiji,393.0,24
3833,2013,10,Fishing,Kiribati,16272.0,252
3834,2013,10,Fishing,Marshall Islands,3057.0,64
3835,2013,10,Fishing,Micronesia,4166.0,83
3836,2013,10,Fishing,Nauru,3002.0,67
3837,2013,10,Fishing,Palau,477.0,21
3838,2013,10,Fishing,Papua New Guinea,5705.0,65
3839,2013,10,Fishing,Samoa,20.0,2
3840,2013,10,Fishing,Solomon Islands,2127.0,79
3841,2013,10,Fishing,Tokelau,273.0,13
3842,2013,10,Fishing,Tuvalu,1456.0,49
3843,2013,10,Fishing,Vanuatu,44.0,5
3844,2013,10,Others,Cook Islands,1629.0,44
3845,2013,10,Others,Fiji,4876.0,114
3846,2013,10,Others,Kiribati,2069.0,47
3847,2013,10,Others,Marshall Islands,481.0,17
3848,2013,10,Others,Micronesia,1315.0,41
3849,2013,10,Others,Nauru,379.0,11
3850,2013,10,Others,Niue,700.0,24
3851,2013,10,Others,Palau,935.0,19
3852,2013,10,Others,Papua New Guinea,4315.0,100
3853,2013,10,Others,Samoa,482.0,14
3854,2013,10,Others,Solomon Islands,595.0,18
3855,2013,10,Others,Tokelau,315.0,7
3856,2013,10,Others,Tonga,2574.0,65
3857,2013,10,Others,Tuvalu,565.0,18
3858,2013,10,Others,Vanuatu,1328.0,47
3859,2013,10,Passenger,Cook Islands,1794.0,3
3860,2013,10,Passenger,Fiji,7453.0,11
3861,2013,10,Passenger,Kiribati,2857.0,6
3862,2013,10,Passenger,Marshall Islands,613.0,1
3863,2013,10,Passenger,Micronesia,1129.0,3
3864,2013,10,Passenger,Palau,79.0,1
3865,2013,10,Passenger,Papua New Guinea,2046.0,28
3866,2013,10,Passenger,Samoa,649.0,3
3867,2013,10,Passenger,Solomon Islands,293.0,5
3868,2013,10,Passenger,Tokelau,668.0,3
3869,2013,10,Passenger,Tonga,1346.0,5
3870,2013,10,Passenger,Vanuatu,5655.0,11
3871,2013,10,Tanker,Cook Islands,1420.0,8
3872,2013,10,Tanker,Fiji,2545.0,14
3873,2013,10,Tanker,Kiribati,4047.0,22
3874,2013,10,Tanker,Marshall Islands,967.0,13
3875,2013,10,Tanker,Micronesia,12344.0,82
3876,2013,10,Tanker,Nauru,659.0,11
3877,2013,10,Tanker,Niue,378.0,3
3878,2013,10,Tanker,Palau,3721.0,49
3879,2013,10,Tanker,Papua New Guinea,34209.0,150
3880,2013,10,Tanker,Samoa,207.0,5
3881,2013,10,Tanker,Solomon Islands,3085.0,30
3882,2013,10,Tanker,Tonga,1071.0,8
3883,2013,10,Tanker,Tuvalu,270.0,3
3884,2013,10,Tanker,Vanuatu,773.0,7
3885,2013,11,Cargo,Cook Islands,7889.0,39
3886,2013,11,Cargo,Fiji,9192.0,51
3887,2013,11,Cargo,Kiribati,12261.0,96
3888,2013,11,Cargo,Marshall Islands,7275.0,78
3889,2013,11,Cargo,Micronesia,147605.0,819
3890,2013,11,Cargo,Nauru,1103.0,21
3891,2013,11,Cargo,Niue,1593.0,17
3892,2013,11,Cargo,Palau,32409.0,349
3893,2013,11,Cargo,Papua New Guinea,361328.0,1086
3894,2013,11,Cargo,Samoa,527.0,15
3895,2013,11,Cargo,Solomon Islands,19107.0,172
3896,2013,11,Cargo,Tokelau,783.0,10
3897,2013,11,Cargo,Tonga,3192.0,21
3898,2013,11,Cargo,Tuvalu,842.0,9
3899,2013,11,Cargo,Vanuatu,4113.0,38
3900,2013,11,Fishing,Cook Islands,82.0,3
3901,2013,11,Fishing,Fiji,365.0,29
3902,2013,11,Fishing,Kiribati,11223.0,229
3903,2013,11,Fishing,Marshall Islands,1061.0,40
3904,2013,11,Fishing,Micronesia,3879.0,85
3905,2013,11,Fishing,Nauru,2311.0,63
3906,2013,11,Fishing,Palau,430.0,21
3907,2013,11,Fishing,Papua New Guinea,5462.0,76
3908,2013,11,Fishing,Samoa,52.0,4
3909,2013,11,Fishing,Solomon Islands,8187.0,114
3910,2013,11,Fishing,Tokelau,636.0,17
3911,2013,11,Fishing,Tonga,3.0,2
3912,2013,11,Fishing,Tuvalu,1598.0,40
3913,2013,11,Fishing,Vanuatu,40.0,3
3914,2013,11,Others,Cook Islands,587.0,15
3915,2013,11,Others,Fiji,2536.0,69
3916,2013,11,Others,Kiribati,1841.0,37
3917,2013,11,Others,Marshall Islands,1121.0,27
3918,2013,11,Others,Micronesia,3467.0,35
3919,2013,11,Others,Nauru,486.0,12
3920,2013,11,Others,Niue,140.0,5
3921,2013,11,Others,Palau,44.0,7
3922,2013,11,Others,Papua New Guinea,2622.0,66
3923,2013,11,Others,Samoa,90.0,2
3924,2013,11,Others,Solomon Islands,719.0,19
3925,2013,11,Others,Tokelau,216.0,2
3926,2013,11,Others,Tonga,1117.0,31
3927,2013,11,Others,Tuvalu,528.0,17
3928,2013,11,Others,Vanuatu,545.0,25
3929,2013,11,Passenger,Cook Islands,3602.0,7
3930,2013,11,Passenger,Fiji,9256.0,12
3931,2013,11,Passenger,Kiribati,1649.0,2
3932,2013,11,Passenger,Micronesia,92.0,3
3933,2013,11,Passenger,Niue,799.0,3
3934,2013,11,Passenger,Palau,301.0,3
3935,2013,11,Passenger,Papua New Guinea,6722.0,32
3936,2013,11,Passenger,Samoa,422.0,4
3937,2013,11,Passenger,Solomon Islands,965.0,6
3938,2013,11,Passenger,Tokelau,183.0,1
3939,2013,11,Passenger,Tonga,1515.0,7
3940,2013,11,Passenger,Tuvalu,9.0,2
3941,2013,11,Passenger,Vanuatu,5548.0,12
3942,2013,11,Tanker,Cook Islands,1306.0,7
3943,2013,11,Tanker,Fiji,2141.0,12
3944,2013,11,Tanker,Kiribati,3802.0,23
3945,2013,11,Tanker,Marshall Islands,2165.0,10
3946,2013,11,Tanker,Micronesia,15875.0,77
3947,2013,11,Tanker,Nauru,819.0,14
3948,2013,11,Tanker,Niue,187.0,3
3949,2013,11,Tanker,Palau,3862.0,46
3950,2013,11,Tanker,Papua New Guinea,36919.0,152
3951,2013,11,Tanker,Samoa,190.0,4
3952,2013,11,Tanker,Solomon Islands,4392.0,33
3953,2013,11,Tanker,Tokelau,140.0,1
3954,2013,11,Tanker,Tonga,568.0,8
3955,2013,11,Tanker,Tuvalu,582.0,6
3956,2013,11,Tanker,Vanuatu,845.0,8
3957,2013,12,Cargo,Cook Islands,9146.0,42
3958,2013,12,Cargo,Fiji,7572.0,43
3959,2013,12,Cargo,Kiribati,14668.0,106
3960,2013,12,Cargo,Marshall Islands,11168.0,110
3961,2013,12,Cargo,Micronesia,148834.0,811
3962,2013,12,Cargo,Nauru,868.0,20
3963,2013,12,Cargo,Niue,1810.0,18
3964,2013,12,Cargo,Palau,29811.0,337
3965,2013,12,Cargo,Papua New Guinea,364184.0,1057
3966,2013,12,Cargo,Samoa,684.0,16
3967,2013,12,Cargo,Solomon Islands,17570.0,156
3968,2013,12,Cargo,Tokelau,710.0,9
3969,2013,12,Cargo,Tonga,3097.0,20
3970,2013,12,Cargo,Tuvalu,1290.0,17
3971,2013,12,Cargo,Vanuatu,4362.0,40
3972,2013,12,Fishing,Cook Islands,198.0,5
3973,2013,12,Fishing,Fiji,358.0,26
3974,2013,12,Fishing,Kiribati,10133.0,200
3975,2013,12,Fishing,Marshall Islands,1645.0,48
3976,2013,12,Fishing,Micronesia,4671.0,94
3977,2013,12,Fishing,Nauru,3355.0,80
3978,2013,12,Fishing,Palau,407.0,24
3979,2013,12,Fishing,Papua New Guinea,7063.0,88
3980,2013,12,Fishing,Samoa,18.0,5
3981,2013,12,Fishing,Solomon Islands,3398.0,85
3982,2013,12,Fishing,Tokelau,480.0,17
3983,2013,12,Fishing,Tonga,4.0,2
3984,2013,12,Fishing,Tuvalu,3323.0,53
3985,2013,12,Fishing,Vanuatu,28.0,5
3986,2013,12,Others,Cook Islands,276.0,11
3987,2013,12,Others,Fiji,1692.0,29
3988,2013,12,Others,Kiribati,3139.0,46
3989,2013,12,Others,Marshall Islands,429.0,25
3990,2013,12,Others,Micronesia,4438.0,64
3991,2013,12,Others,Nauru,641.0,13
3992,2013,12,Others,Palau,257.0,12
3993,2013,12,Others,Papua New Guinea,3900.0,97
3994,2013,12,Others,Samoa,135.0,4
3995,2013,12,Others,Solomon Islands,1708.0,16
3996,2013,12,Others,Tokelau,158.0,1
3997,2013,12,Others,Tonga,94.0,5
3998,2013,12,Others,Tuvalu,1208.0,29
3999,2013,12,Others,Vanuatu,1528.0,8
4000,2013,12,Passenger,Cook Islands,117.0,1
4001,2013,12,Passenger,Fiji,4077.0,8
4002,2013,12,Passenger,Kiribati,942.0,2
4003,2013,12,Passenger,Micronesia,81.0,3
4004,2013,12,Passenger,Niue,62.0,1
4005,2013,12,Passenger,Palau,88.0,2
4006,2013,12,Passenger,Papua New Guinea,1534.0,25
4007,2013,12,Passenger,Samoa,65.0,1
4008,2013,12,Passenger,Solomon Islands,286.0,3
4009,2013,12,Passenger,Tokelau,39.0,1
4010,2013,12,Passenger,Tonga,193.0,3
4011,2013,12,Passenger,Tuvalu,6.0,1
4012,2013,12,Passenger,Vanuatu,8023.0,12
4013,2013,12,Tanker,Cook Islands,1955.0,11
4014,2013,12,Tanker,Fiji,2863.0,16
4015,2013,12,Tanker,Kiribati,2407.0,21
4016,2013,12,Tanker,Marshall Islands,3235.0,21
4017,2013,12,Tanker,Micronesia,13342.0,77
4018,2013,12,Tanker,Nauru,903.0,13
4019,2013,12,Tanker,Niue,520.0,6
4020,2013,12,Tanker,Palau,2073.0,32
4021,2013,12,Tanker,Papua New Guinea,35261.0,147
4022,2013,12,Tanker,Samoa,222.0,4
4023,2013,12,Tanker,Solomon Islands,2964.0,29
4024,2013,12,Tanker,Tokelau,64.0,1
4025,2013,12,Tanker,Tonga,1162.0,13
4026,2013,12,Tanker,Tuvalu,24.0,2
4027,2013,12,Tanker,Vanuatu,1091.0,8
4028,2014,1,Cargo,Cook Islands,10395.0,49
4029,2014,1,Cargo,Fiji,8056.0,42
4030,2014,1,Cargo,Kiribati,14012.0,105
4031,2014,1,Cargo,Marshall Islands,9118.0,81
4032,2014,1,Cargo,Micronesia,142168.0,799
4033,2014,1,Cargo,Nauru,778.0,18
4034,2014,1,Cargo,Niue,1910.0,19
4035,2014,1,Cargo,Palau,29630.0,369
4036,2014,1,Cargo,Papua New Guinea,340119.0,1040
4037,2014,1,Cargo,Samoa,432.0,11
4038,2014,1,Cargo,Solomon Islands,14645.0,136
4039,2014,1,Cargo,Tokelau,621.0,8
4040,2014,1,Cargo,Tonga,3223.0,18
4041,2014,1,Cargo,Tuvalu,1751.0,17
4042,2014,1,Cargo,Vanuatu,3205.0,35
4043,2014,1,Fishing,Cook Islands,249.0,9
4044,2014,1,Fishing,Fiji,314.0,25
4045,2014,1,Fishing,Kiribati,9906.0,210
4046,2014,1,Fishing,Marshall Islands,1316.0,53
4047,2014,1,Fishing,Micronesia,4564.0,91
4048,2014,1,Fishing,Nauru,3174.0,68
4049,2014,1,Fishing,Niue,76.0,4
4050,2014,1,Fishing,Palau,453.0,22
4051,2014,1,Fishing,Papua New Guinea,9006.0,96
4052,2014,1,Fishing,Samoa,25.0,2
4053,2014,1,Fishing,Solomon Islands,3868.0,70
4054,2014,1,Fishing,Tokelau,286.0,12
4055,2014,1,Fishing,Tonga,8.0,1
4056,2014,1,Fishing,Tuvalu,4551.0,89
4057,2014,1,Fishing,Vanuatu,119.0,4
4058,2014,1,Others,Cook Islands,74.0,13
4059,2014,1,Others,Fiji,406.0,13
4060,2014,1,Others,Kiribati,1135.0,29
4061,2014,1,Others,Marshall Islands,565.0,18
4062,2014,1,Others,Micronesia,1219.0,43
4063,2014,1,Others,Nauru,395.0,11
4064,2014,1,Others,Niue,1.0,2
4065,2014,1,Others,Palau,237.0,15
4066,2014,1,Others,Papua New Guinea,4022.0,115
4067,2014,1,Others,Samoa,83.0,3
4068,2014,1,Others,Solomon Islands,109.0,19
4069,2014,1,Others,Tokelau,177.0,4
4070,2014,1,Others,Tonga,31.0,4
4071,2014,1,Others,Tuvalu,268.0,15
4072,2014,1,Others,Vanuatu,82.0,5
4073,2014,1,Passenger,Cook Islands,1999.0,8
4074,2014,1,Passenger,Fiji,11948.0,13
4075,2014,1,Passenger,Kiribati,1809.0,7
4076,2014,1,Passenger,Marshall Islands,583.0,2
4077,2014,1,Passenger,Micronesia,39.0,1
4078,2014,1,Passenger,Niue,366.0,3
4079,2014,1,Passenger,Palau,5.0,1
4080,2014,1,Passenger,Papua New Guinea,1037.0,26
4081,2014,1,Passenger,Samoa,48.0,1
4082,2014,1,Passenger,Solomon Islands,265.0,4
4083,2014,1,Passenger,Tokelau,19.0,1
4084,2014,1,Passenger,Tonga,1021.0,6
4085,2014,1,Passenger,Tuvalu,154.0,1
4086,2014,1,Passenger,Vanuatu,8719.0,12
4087,2014,1,Tanker,Cook Islands,1405.0,8
4088,2014,1,Tanker,Fiji,2185.0,11
4089,2014,1,Tanker,Kiribati,2800.0,19
4090,2014,1,Tanker,Marshall Islands,2244.0,13
4091,2014,1,Tanker,Micronesia,13837.0,75
4092,2014,1,Tanker,Nauru,582.0,9
4093,2014,1,Tanker,Niue,188.0,4
4094,2014,1,Tanker,Palau,4356.0,42
4095,2014,1,Tanker,Papua New Guinea,33166.0,145
4096,2014,1,Tanker,Samoa,202.0,4
4097,2014,1,Tanker,Solomon Islands,4242.0,29
4098,2014,1,Tanker,Tokelau,170.0,2
4099,2014,1,Tanker,Tonga,456.0,6
4100,2014,1,Tanker,Tuvalu,317.0,6
4101,2014,1,Tanker,Vanuatu,1048.0,6
4102,2014,2,Cargo,Cook Islands,7417.0,37
4103,2014,2,Cargo,Fiji,7286.0,42
4104,2014,2,Cargo,Kiribati,10159.0,84
4105,2014,2,Cargo,Marshall Islands,6854.0,70
4106,2014,2,Cargo,Micronesia,120887.0,707
4107,2014,2,Cargo,Nauru,743.0,17
4108,2014,2,Cargo,Niue,1500.0,14
4109,2014,2,Cargo,Palau,27479.0,320
4110,2014,2,Cargo,Papua New Guinea,301395.0,987
4111,2014,2,Cargo,Samoa,703.0,19
4112,2014,2,Cargo,Solomon Islands,15782.0,150
4113,2014,2,Cargo,Tokelau,701.0,13
4114,2014,2,Cargo,Tonga,3093.0,26
4115,2014,2,Cargo,Tuvalu,779.0,16
4116,2014,2,Cargo,Vanuatu,2945.0,25
4117,2014,2,Fishing,Cook Islands,273.0,12
4118,2014,2,Fishing,Fiji,466.0,30
4119,2014,2,Fishing,Kiribati,12690.0,232
4120,2014,2,Fishing,Marshall Islands,2425.0,81
4121,2014,2,Fishing,Micronesia,5007.0,100
4122,2014,2,Fishing,Nauru,3011.0,76
4123,2014,2,Fishing,Niue,23.0,3
4124,2014,2,Fishing,Palau,324.0,15
4125,2014,2,Fishing,Papua New Guinea,5168.0,80
4126,2014,2,Fishing,Samoa,95.0,13
4127,2014,2,Fishing,Solomon Islands,2766.0,62
4128,2014,2,Fishing,Tokelau,406.0,11
4129,2014,2,Fishing,Tonga,53.0,7
4130,2014,2,Fishing,Tuvalu,1837.0,43
4131,2014,2,Fishing,Vanuatu,270.0,6
4132,2014,2,Others,Cook Islands,129.0,8
4133,2014,2,Others,Fiji,310.0,16
4134,2014,2,Others,Kiribati,1393.0,44
4135,2014,2,Others,Marshall Islands,766.0,25
4136,2014,2,Others,Micronesia,2175.0,64
4137,2014,2,Others,Nauru,335.0,11
4138,2014,2,Others,Palau,149.0,11
4139,2014,2,Others,Papua New Guinea,2560.0,85
4140,2014,2,Others,Samoa,163.0,4
4141,2014,2,Others,Solomon Islands,200.0,15
4142,2014,2,Others,Tokelau,266.0,4
4143,2014,2,Others,Tonga,93.0,4
4144,2014,2,Others,Tuvalu,113.0,25
4145,2014,2,Others,Vanuatu,47.0,4
4146,2014,2,Passenger,Cook Islands,3498.0,8
4147,2014,2,Passenger,Fiji,9925.0,16
4148,2014,2,Passenger,Kiribati,1236.0,4
4149,2014,2,Passenger,Micronesia,550.0,2
4150,2014,2,Passenger,Niue,992.0,3
4151,2014,2,Passenger,Palau,315.0,2
4152,2014,2,Passenger,Papua New Guinea,3130.0,33
4153,2014,2,Passenger,Samoa,595.0,7
4154,2014,2,Passenger,Solomon Islands,539.0,4
4155,2014,2,Passenger,Tokelau,759.0,3
4156,2014,2,Passenger,Tonga,4744.0,11
4157,2014,2,Passenger,Tuvalu,313.0,1
4158,2014,2,Passenger,Vanuatu,8209.0,14
4159,2014,2,Tanker,Cook Islands,1015.0,6
4160,2014,2,Tanker,Fiji,2533.0,15
4161,2014,2,Tanker,Kiribati,3157.0,20
4162,2014,2,Tanker,Marshall Islands,3476.0,20
4163,2014,2,Tanker,Micronesia,12705.0,71
4164,2014,2,Tanker,Nauru,472.0,7
4165,2014,2,Tanker,Niue,401.0,4
4166,2014,2,Tanker,Palau,2601.0,37
4167,2014,2,Tanker,Papua New Guinea,28804.0,134
4168,2014,2,Tanker,Samoa,61.0,2
4169,2014,2,Tanker,Solomon Islands,3272.0,24
4170,2014,2,Tanker,Tokelau,133.0,1
4171,2014,2,Tanker,Tonga,560.0,6
4172,2014,2,Tanker,Tuvalu,239.0,4
4173,2014,2,Tanker,Vanuatu,1249.0,14
4174,2014,3,Cargo,Cook Islands,9618.0,47
4175,2014,3,Cargo,Fiji,8340.0,55
4176,2014,3,Cargo,Kiribati,13675.0,111
4177,2014,3,Cargo,Marshall Islands,10477.0,99
4178,2014,3,Cargo,Micronesia,129009.0,764
4179,2014,3,Cargo,Nauru,1211.0,23
4180,2014,3,Cargo,Niue,1873.0,22
4181,2014,3,Cargo,Palau,31992.0,357
4182,2014,3,Cargo,Papua New Guinea,330579.0,1050
4183,2014,3,Cargo,Samoa,588.0,18
4184,2014,3,Cargo,Solomon Islands,17386.0,169
4185,2014,3,Cargo,Tokelau,1162.0,17
4186,2014,3,Cargo,Tonga,4089.0,30
4187,2014,3,Cargo,Tuvalu,1414.0,24
4188,2014,3,Cargo,Vanuatu,3462.0,40
4189,2014,3,Fishing,Cook Islands,153.0,12
4190,2014,3,Fishing,Fiji,714.0,34
4191,2014,3,Fishing,Kiribati,14082.0,243
4192,2014,3,Fishing,Marshall Islands,3544.0,94
4193,2014,3,Fishing,Micronesia,5081.0,97
4194,2014,3,Fishing,Nauru,2734.0,70
4195,2014,3,Fishing,Palau,563.0,24
4196,2014,3,Fishing,Papua New Guinea,9183.0,84
4197,2014,3,Fishing,Samoa,19.0,4
4198,2014,3,Fishing,Solomon Islands,1840.0,55
4199,2014,3,Fishing,Tokelau,175.0,6
4200,2014,3,Fishing,Tonga,20.0,5
4201,2014,3,Fishing,Tuvalu,676.0,26
4202,2014,3,Fishing,Vanuatu,45.0,4
4203,2014,3,Others,Cook Islands,438.0,21
4204,2014,3,Others,Fiji,372.0,34
4205,2014,3,Others,Kiribati,3103.0,121
4206,2014,3,Others,Marshall Islands,730.0,51
4207,2014,3,Others,Micronesia,1616.0,119
4208,2014,3,Others,Nauru,97.0,11
4209,2014,3,Others,Niue,28.0,5
4210,2014,3,Others,Palau,606.0,20
4211,2014,3,Others,Papua New Guinea,2240.0,127
4212,2014,3,Others,Samoa,84.0,2
4213,2014,3,Others,Solomon Islands,237.0,37
4214,2014,3,Others,Tokelau,191.0,8
4215,2014,3,Others,Tonga,171.0,13
4216,2014,3,Others,Tuvalu,136.0,23
4217,2014,3,Others,Vanuatu,51.0,4
4218,2014,3,Passenger,Cook Islands,1807.0,8
4219,2014,3,Passenger,Fiji,6667.0,12
4220,2014,3,Passenger,Kiribati,1013.0,3
4221,2014,3,Passenger,Micronesia,1264.0,4
4222,2014,3,Passenger,Palau,581.0,2
4223,2014,3,Passenger,Papua New Guinea,5041.0,30
4224,2014,3,Passenger,Samoa,321.0,3
4225,2014,3,Passenger,Solomon Islands,569.0,4
4226,2014,3,Passenger,Tonga,1986.0,6
4227,2014,3,Passenger,Vanuatu,4971.0,10
4228,2014,3,Tanker,Cook Islands,519.0,4
4229,2014,3,Tanker,Fiji,2308.0,11
4230,2014,3,Tanker,Kiribati,1881.0,16
4231,2014,3,Tanker,Marshall Islands,1737.0,11
4232,2014,3,Tanker,Micronesia,12495.0,75
4233,2014,3,Tanker,Nauru,722.0,9
4234,2014,3,Tanker,Niue,37.0,1
4235,2014,3,Tanker,Palau,3322.0,45
4236,2014,3,Tanker,Papua New Guinea,31268.0,137
4237,2014,3,Tanker,Samoa,145.0,3
4238,2014,3,Tanker,Solomon Islands,3662.0,29
4239,2014,3,Tanker,Tonga,422.0,7
4240,2014,3,Tanker,Tuvalu,127.0,2
4241,2014,3,Tanker,Vanuatu,871.0,9
4242,2014,4,Cargo,Cook Islands,8454.0,45
4243,2014,4,Cargo,Fiji,6350.0,40
4244,2014,4,Cargo,Kiribati,10699.0,80
4245,2014,4,Cargo,Marshall Islands,8978.0,74
4246,2014,4,Cargo,Micronesia,131516.0,783
4247,2014,4,Cargo,Nauru,828.0,21
4248,2014,4,Cargo,Niue,1219.0,15
4249,2014,4,Cargo,Palau,29848.0,329
4250,2014,4,Cargo,Papua New Guinea,317834.0,1031
4251,2014,4,Cargo,Samoa,618.0,19
4252,2014,4,Cargo,Solomon Islands,18164.0,173
4253,2014,4,Cargo,Tokelau,867.0,12
4254,2014,4,Cargo,Tonga,2720.0,19
4255,2014,4,Cargo,Tuvalu,1123.0,19
4256,2014,4,Cargo,Vanuatu,3688.0,34
4257,2014,4,Fishing,Cook Islands,539.0,17
4258,2014,4,Fishing,Fiji,438.0,34
4259,2014,4,Fishing,Kiribati,13243.0,243
4260,2014,4,Fishing,Marshall Islands,2585.0,85
4261,2014,4,Fishing,Micronesia,9566.0,103
4262,2014,4,Fishing,Nauru,1854.0,51
4263,2014,4,Fishing,Niue,20.0,3
4264,2014,4,Fishing,Palau,549.0,29
4265,2014,4,Fishing,Papua New Guinea,7007.0,76
4266,2014,4,Fishing,Samoa,2.0,2
4267,2014,4,Fishing,Solomon Islands,1863.0,59
4268,2014,4,Fishing,Tokelau,278.0,12
4269,2014,4,Fishing,Tonga,25.0,4
4270,2014,4,Fishing,Tuvalu,534.0,29
4271,2014,4,Fishing,Vanuatu,1.0,1
4272,2014,4,Others,Cook Islands,517.0,16
4273,2014,4,Others,Fiji,1741.0,52
4274,2014,4,Others,Kiribati,1346.0,60
4275,2014,4,Others,Marshall Islands,584.0,26
4276,2014,4,Others,Micronesia,1783.0,64
4277,2014,4,Others,Nauru,263.0,7
4278,2014,4,Others,Niue,95.0,4
4279,2014,4,Others,Palau,383.0,16
4280,2014,4,Others,Papua New Guinea,2584.0,104
4281,2014,4,Others,Samoa,58.0,4
4282,2014,4,Others,Solomon Islands,306.0,17
4283,2014,4,Others,Tokelau,135.0,3
4284,2014,4,Others,Tonga,182.0,12
4285,2014,4,Others,Tuvalu,138.0,32
4286,2014,4,Others,Vanuatu,246.0,8
4287,2014,4,Passenger,Cook Islands,2183.0,4
4288,2014,4,Passenger,Fiji,4605.0,11
4289,2014,4,Passenger,Kiribati,5616.0,7
4290,2014,4,Passenger,Marshall Islands,336.0,1
4291,2014,4,Passenger,Micronesia,246.0,3
4292,2014,4,Passenger,Niue,128.0,1
4293,2014,4,Passenger,Palau,101.0,4
4294,2014,4,Passenger,Papua New Guinea,4210.0,31
4295,2014,4,Passenger,Samoa,1377.0,5
4296,2014,4,Passenger,Solomon Islands,202.0,5
4297,2014,4,Passenger,Tokelau,1211.0,5
4298,2014,4,Passenger,Tonga,1939.0,7
4299,2014,4,Passenger,Vanuatu,6295.0,10
4300,2014,4,Tanker,Cook Islands,1281.0,6
4301,2014,4,Tanker,Fiji,2237.0,15
4302,2014,4,Tanker,Kiribati,3440.0,18
4303,2014,4,Tanker,Marshall Islands,1994.0,15
4304,2014,4,Tanker,Micronesia,12340.0,70
4305,2014,4,Tanker,Nauru,714.0,13
4306,2014,4,Tanker,Niue,264.0,2
4307,2014,4,Tanker,Palau,4058.0,39
4308,2014,4,Tanker,Papua New Guinea,30815.0,131
4309,2014,4,Tanker,Samoa,130.0,3
4310,2014,4,Tanker,Solomon Islands,2755.0,25
4311,2014,4,Tanker,Tokelau,205.0,2
4312,2014,4,Tanker,Tonga,481.0,7
4313,2014,4,Tanker,Tuvalu,278.0,2
4314,2014,4,Tanker,Vanuatu,677.0,6
4315,2014,5,Cargo,Cook Islands,7375.0,37
4316,2014,5,Cargo,Fiji,7179.0,52
4317,2014,5,Cargo,Kiribati,10764.0,92
4318,2014,5,Cargo,Marshall Islands,6407.0,82
4319,2014,5,Cargo,Micronesia,134178.0,784
4320,2014,5,Cargo,Nauru,1197.0,31
4321,2014,5,Cargo,Niue,1708.0,20
4322,2014,5,Cargo,Palau,36163.0,394
4323,2014,5,Cargo,Papua New Guinea,328290.0,1061
4324,2014,5,Cargo,Samoa,623.0,19
4325,2014,5,Cargo,Solomon Islands,17423.0,174
4326,2014,5,Cargo,Tokelau,859.0,15
4327,2014,5,Cargo,Tonga,3381.0,23
4328,2014,5,Cargo,Tuvalu,1496.0,21
4329,2014,5,Cargo,Vanuatu,3892.0,41
4330,2014,5,Fishing,Cook Islands,159.0,16
4331,2014,5,Fishing,Fiji,219.0,26
4332,2014,5,Fishing,Kiribati,19235.0,290
4333,2014,5,Fishing,Marshall Islands,3257.0,79
4334,2014,5,Fishing,Micronesia,5266.0,80
4335,2014,5,Fishing,Nauru,2249.0,61
4336,2014,5,Fishing,Niue,1.0,1
4337,2014,5,Fishing,Palau,1006.0,29
4338,2014,5,Fishing,Papua New Guinea,2777.0,53
4339,2014,5,Fishing,Samoa,86.0,11
4340,2014,5,Fishing,Solomon Islands,1809.0,82
4341,2014,5,Fishing,Tokelau,553.0,22
4342,2014,5,Fishing,Tonga,64.0,7
4343,2014,5,Fishing,Tuvalu,1003.0,28
4344,2014,5,Fishing,Vanuatu,19.0,3
4345,2014,5,Others,Cook Islands,2136.0,59
4346,2014,5,Others,Fiji,4171.0,112
4347,2014,5,Others,Kiribati,1953.0,77
4348,2014,5,Others,Marshall Islands,473.0,35
4349,2014,5,Others,Micronesia,1158.0,54
4350,2014,5,Others,Nauru,388.0,21
4351,2014,5,Others,Niue,910.0,36
4352,2014,5,Others,Palau,429.0,22
4353,2014,5,Others,Papua New Guinea,2749.0,117
4354,2014,5,Others,Samoa,153.0,6
4355,2014,5,Others,Solomon Islands,1010.0,38
4356,2014,5,Others,Tokelau,230.0,6
4357,2014,5,Others,Tonga,1360.0,54
4358,2014,5,Others,Tuvalu,332.0,26
4359,2014,5,Others,Vanuatu,1092.0,36
4360,2014,5,Passenger,Cook Islands,872.0,2
4361,2014,5,Passenger,Fiji,2537.0,8
4362,2014,5,Passenger,Kiribati,61.0,2
4363,2014,5,Passenger,Marshall Islands,10.0,1
4364,2014,5,Passenger,Micronesia,9.0,2
4365,2014,5,Passenger,Niue,78.0,1
4366,2014,5,Passenger,Palau,38.0,3
4367,2014,5,Passenger,Papua New Guinea,1087.0,23
4368,2014,5,Passenger,Samoa,176.0,2
4369,2014,5,Passenger,Solomon Islands,122.0,4
4370,2014,5,Passenger,Tokelau,29.0,1
4371,2014,5,Passenger,Tonga,649.0,4
4372,2014,5,Passenger,Tuvalu,0.0,1
4373,2014,5,Passenger,Vanuatu,4645.0,6
4374,2014,5,Tanker,Cook Islands,614.0,4
4375,2014,5,Tanker,Fiji,2255.0,14
4376,2014,5,Tanker,Kiribati,2366.0,13
4377,2014,5,Tanker,Marshall Islands,1348.0,12
4378,2014,5,Tanker,Micronesia,11863.0,66
4379,2014,5,Tanker,Nauru,996.0,9
4380,2014,5,Tanker,Niue,178.0,2
4381,2014,5,Tanker,Palau,1644.0,26
4382,2014,5,Tanker,Papua New Guinea,33318.0,138
4383,2014,5,Tanker,Samoa,101.0,2
4384,2014,5,Tanker,Solomon Islands,2960.0,24
4385,2014,5,Tanker,Tonga,457.0,7
4386,2014,5,Tanker,Tuvalu,32.0,1
4387,2014,5,Tanker,Vanuatu,813.0,9
4388,2014,6,Cargo,Cook Islands,7995.0,51
4389,2014,6,Cargo,Fiji,6670.0,47
4390,2014,6,Cargo,Kiribati,11180.0,94
4391,2014,6,Cargo,Marshall Islands,8730.0,85
4392,2014,6,Cargo,Micronesia,132592.0,757
4393,2014,6,Cargo,Nauru,704.0,19
4394,2014,6,Cargo,Niue,1496.0,20
4395,2014,6,Cargo,Palau,30384.0,362
4396,2014,6,Cargo,Papua New Guinea,320402.0,1052
4397,2014,6,Cargo,Samoa,590.0,15
4398,2014,6,Cargo,Solomon Islands,15295.0,150
4399,2014,6,Cargo,Tokelau,899.0,13
4400,2014,6,Cargo,Tonga,3272.0,25
4401,2014,6,Cargo,Tuvalu,1410.0,19
4402,2014,6,Cargo,Vanuatu,3743.0,39
4403,2014,6,Fishing,Cook Islands,260.0,18
4404,2014,6,Fishing,Fiji,249.0,22
4405,2014,6,Fishing,Kiribati,18972.0,285
4406,2014,6,Fishing,Marshall Islands,3062.0,59
4407,2014,6,Fishing,Micronesia,6648.0,80
4408,2014,6,Fishing,Nauru,2057.0,50
4409,2014,6,Fishing,Niue,11.0,4
4410,2014,6,Fishing,Palau,439.0,15
4411,2014,6,Fishing,Papua New Guinea,1699.0,49
4412,2014,6,Fishing,Samoa,26.0,2
4413,2014,6,Fishing,Solomon Islands,1678.0,76
4414,2014,6,Fishing,Tokelau,350.0,12
4415,2014,6,Fishing,Tonga,21.0,4
4416,2014,6,Fishing,Tuvalu,865.0,31
4417,2014,6,Fishing,Vanuatu,11.0,2
4418,2014,6,Others,Cook Islands,825.0,31
4419,2014,6,Others,Fiji,6187.0,157
4420,2014,6,Others,Kiribati,1544.0,50
4421,2014,6,Others,Marshall Islands,555.0,43
4422,2014,6,Others,Micronesia,1088.0,99
4423,2014,6,Others,Nauru,221.0,12
4424,2014,6,Others,Niue,414.0,18
4425,2014,6,Others,Palau,676.0,16
4426,2014,6,Others,Papua New Guinea,5513.0,149
4427,2014,6,Others,Samoa,157.0,6
4428,2014,6,Others,Solomon Islands,888.0,46
4429,2014,6,Others,Tokelau,263.0,5
4430,2014,6,Others,Tonga,2383.0,74
4431,2014,6,Others,Tuvalu,262.0,30
4432,2014,6,Others,Vanuatu,1315.0,39
4433,2014,6,Passenger,Fiji,1948.0,7
4434,2014,6,Passenger,Kiribati,591.0,3
4435,2014,6,Passenger,Marshall Islands,38.0,1
4436,2014,6,Passenger,Micronesia,172.0,2
4437,2014,6,Passenger,Papua New Guinea,2886.0,22
4438,2014,6,Passenger,Samoa,52.0,1
4439,2014,6,Passenger,Solomon Islands,1092.0,3
4440,2014,6,Passenger,Tokelau,19.0,1
4441,2014,6,Passenger,Tonga,616.0,3
4442,2014,6,Passenger,Tuvalu,1.0,1
4443,2014,6,Passenger,Vanuatu,2964.0,7
4444,2014,6,Tanker,Cook Islands,1477.0,7
4445,2014,6,Tanker,Fiji,2164.0,11
4446,2014,6,Tanker,Kiribati,3345.0,18
4447,2014,6,Tanker,Marshall Islands,1673.0,15
4448,2014,6,Tanker,Micronesia,13904.0,72
4449,2014,6,Tanker,Nauru,790.0,11
4450,2014,6,Tanker,Niue,310.0,3
4451,2014,6,Tanker,Palau,3555.0,33
4452,2014,6,Tanker,Papua New Guinea,38241.0,136
4453,2014,6,Tanker,Samoa,162.0,2
4454,2014,6,Tanker,Solomon Islands,2472.0,21
4455,2014,6,Tanker,Tokelau,80.0,1
4456,2014,6,Tanker,Tonga,541.0,6
4457,2014,6,Tanker,Tuvalu,308.0,7
4458,2014,6,Tanker,Vanuatu,311.0,5
4459,2014,7,Cargo,Cook Islands,7817.0,42
4460,2014,7,Cargo,Fiji,6824.0,47
4461,2014,7,Cargo,Kiribati,11755.0,93
4462,2014,7,Cargo,Marshall Islands,6446.0,86
4463,2014,7,Cargo,Micronesia,122590.0,720
4464,2014,7,Cargo,Nauru,923.0,23
4465,2014,7,Cargo,Niue,1474.0,16
4466,2014,7,Cargo,Palau,36240.0,415
4467,2014,7,Cargo,Papua New Guinea,318825.0,1073
4468,2014,7,Cargo,Samoa,439.0,17
4469,2014,7,Cargo,Solomon Islands,14839.0,151
4470,2014,7,Cargo,Tokelau,895.0,14
4471,2014,7,Cargo,Tonga,2900.0,24
4472,2014,7,Cargo,Tuvalu,1409.0,18
4473,2014,7,Cargo,Vanuatu,3546.0,39
4474,2014,7,Fishing,Cook Islands,156.0,10
4475,2014,7,Fishing,Fiji,513.0,30
4476,2014,7,Fishing,Kiribati,17643.0,263
4477,2014,7,Fishing,Marshall Islands,2468.0,56
4478,2014,7,Fishing,Micronesia,4632.0,99
4479,2014,7,Fishing,Nauru,2920.0,64
4480,2014,7,Fishing,Niue,7.0,1
4481,2014,7,Fishing,Palau,532.0,32
4482,2014,7,Fishing,Papua New Guinea,3481.0,65
4483,2014,7,Fishing,Samoa,85.0,9
4484,2014,7,Fishing,Solomon Islands,1554.0,66
4485,2014,7,Fishing,Tokelau,216.0,12
4486,2014,7,Fishing,Tonga,65.0,11
4487,2014,7,Fishing,Tuvalu,1544.0,77
4488,2014,7,Fishing,Vanuatu,18.0,4
4489,2014,7,Others,Cook Islands,2591.0,84
4490,2014,7,Others,Fiji,6032.0,190
4491,2014,7,Others,Kiribati,2710.0,88
4492,2014,7,Others,Marshall Islands,1280.0,58
4493,2014,7,Others,Micronesia,3252.0,120
4494,2014,7,Others,Nauru,512.0,16
4495,2014,7,Others,Niue,673.0,29
4496,2014,7,Others,Palau,624.0,25
4497,2014,7,Others,Papua New Guinea,5072.0,181
4498,2014,7,Others,Samoa,276.0,16
4499,2014,7,Others,Solomon Islands,1058.0,48
4500,2014,7,Others,Tokelau,195.0,6
4501,2014,7,Others,Tonga,1832.0,65
4502,2014,7,Others,Tuvalu,184.0,30
4503,2014,7,Others,Vanuatu,2665.0,73
4504,2014,7,Passenger,Fiji,2417.0,9
4505,2014,7,Passenger,Kiribati,110.0,2
4506,2014,7,Passenger,Micronesia,87.0,1
4507,2014,7,Passenger,Palau,20.0,1
4508,2014,7,Passenger,Papua New Guinea,918.0,26
4509,2014,7,Passenger,Samoa,41.0,1
4510,2014,7,Passenger,Solomon Islands,160.0,1
4511,2014,7,Passenger,Tokelau,20.0,1
4512,2014,7,Passenger,Tonga,123.0,2
4513,2014,7,Passenger,Vanuatu,3114.0,5
4514,2014,7,Tanker,Cook Islands,926.0,6
4515,2014,7,Tanker,Fiji,2235.0,11
4516,2014,7,Tanker,Kiribati,2100.0,12
4517,2014,7,Tanker,Marshall Islands,3314.0,13
4518,2014,7,Tanker,Micronesia,19060.0,83
4519,2014,7,Tanker,Nauru,764.0,8
4520,2014,7,Tanker,Niue,182.0,3
4521,2014,7,Tanker,Palau,5500.0,50
4522,2014,7,Tanker,Papua New Guinea,44463.0,148
4523,2014,7,Tanker,Samoa,115.0,2
4524,2014,7,Tanker,Solomon Islands,1700.0,16
4525,2014,7,Tanker,Tokelau,25.0,1
4526,2014,7,Tanker,Tonga,370.0,4
4527,2014,7,Tanker,Tuvalu,48.0,3
4528,2014,7,Tanker,Vanuatu,973.0,8
4529,2014,8,Cargo,Cook Islands,7907.0,43
4530,2014,8,Cargo,Fiji,6348.0,42
4531,2014,8,Cargo,Kiribati,8854.0,84
4532,2014,8,Cargo,Marshall Islands,7169.0,74
4533,2014,8,Cargo,Micronesia,125965.0,746
4534,2014,8,Cargo,Nauru,715.0,21
4535,2014,8,Cargo,Niue,2275.0,23
4536,2014,8,Cargo,Palau,37374.0,415
4537,2014,8,Cargo,Papua New Guinea,327066.0,1075
4538,2014,8,Cargo,Samoa,421.0,18
4539,2014,8,Cargo,Solomon Islands,14513.0,146
4540,2014,8,Cargo,Tokelau,604.0,12
4541,2014,8,Cargo,Tonga,4045.0,26
4542,2014,8,Cargo,Tuvalu,1627.0,22
4543,2014,8,Cargo,Vanuatu,2963.0,33
4544,2014,8,Fishing,Cook Islands,196.0,11
4545,2014,8,Fishing,Fiji,416.0,30
4546,2014,8,Fishing,Kiribati,20333.0,302
4547,2014,8,Fishing,Marshall Islands,1455.0,37
4548,2014,8,Fishing,Micronesia,7278.0,113
4549,2014,8,Fishing,Nauru,1050.0,41
4550,2014,8,Fishing,Niue,3.0,1
4551,2014,8,Fishing,Palau,403.0,23
4552,2014,8,Fishing,Papua New Guinea,3815.0,60
4553,2014,8,Fishing,Samoa,89.0,8
4554,2014,8,Fishing,Solomon Islands,1076.0,49
4555,2014,8,Fishing,Tokelau,192.0,11
4556,2014,8,Fishing,Tonga,37.0,8
4557,2014,8,Fishing,Tuvalu,2179.0,81
4558,2014,8,Fishing,Vanuatu,11.0,3
4559,2014,8,Others,Cook Islands,3028.0,69
4560,2014,8,Others,Fiji,7491.0,185
4561,2014,8,Others,Kiribati,1836.0,57
4562,2014,8,Others,Marshall Islands,856.0,39
4563,2014,8,Others,Micronesia,1630.0,112
4564,2014,8,Others,Nauru,92.0,12
4565,2014,8,Others,Niue,889.0,32
4566,2014,8,Others,Palau,812.0,18
4567,2014,8,Others,Papua New Guinea,5566.0,135
4568,2014,8,Others,Samoa,576.0,28
4569,2014,8,Others,Solomon Islands,1392.0,29
4570,2014,8,Others,Tokelau,190.0,8
4571,2014,8,Others,Tonga,1906.0,72
4572,2014,8,Others,Tuvalu,206.0,24
4573,2014,8,Others,Vanuatu,2003.0,56
4574,2014,8,Passenger,Cook Islands,728.0,1
4575,2014,8,Passenger,Fiji,1469.0,8
4576,2014,8,Passenger,Kiribati,44.0,3
4577,2014,8,Passenger,Marshall Islands,0.0,1
4578,2014,8,Passenger,Micronesia,139.0,3
4579,2014,8,Passenger,Papua New Guinea,1279.0,30
4580,2014,8,Passenger,Samoa,141.0,3
4581,2014,8,Passenger,Solomon Islands,345.0,3
4582,2014,8,Passenger,Tonga,1841.0,4
4583,2014,8,Passenger,Vanuatu,2796.0,6
4584,2014,8,Tanker,Cook Islands,1385.0,8
4585,2014,8,Tanker,Fiji,2629.0,13
4586,2014,8,Tanker,Kiribati,3112.0,16
4587,2014,8,Tanker,Marshall Islands,1597.0,13
4588,2014,8,Tanker,Micronesia,16084.0,81
4589,2014,8,Tanker,Nauru,429.0,8
4590,2014,8,Tanker,Niue,325.0,3
4591,2014,8,Tanker,Palau,3942.0,52
4592,2014,8,Tanker,Papua New Guinea,45475.0,157
4593,2014,8,Tanker,Samoa,279.0,5
4594,2014,8,Tanker,Solomon Islands,3362.0,29
4595,2014,8,Tanker,Tonga,828.0,8
4596,2014,8,Tanker,Tuvalu,65.0,2
4597,2014,8,Tanker,Vanuatu,850.0,7
4598,2014,9,Cargo,Cook Islands,7750.0,40
4599,2014,9,Cargo,Fiji,6729.0,43
4600,2014,9,Cargo,Kiribati,8833.0,86
4601,2014,9,Cargo,Marshall Islands,5589.0,60
4602,2014,9,Cargo,Micronesia,123081.0,706
4603,2014,9,Cargo,Nauru,839.0,21
4604,2014,9,Cargo,Niue,1519.0,16
4605,2014,9,Cargo,Palau,31771.0,366
4606,2014,9,Cargo,Papua New Guinea,307855.0,1039
4607,2014,9,Cargo,Samoa,461.0,14
4608,2014,9,Cargo,Solomon Islands,13427.0,137
4609,2014,9,Cargo,Tokelau,595.0,9
4610,2014,9,Cargo,Tonga,3258.0,22
4611,2014,9,Cargo,Tuvalu,952.0,19
4612,2014,9,Cargo,Vanuatu,2934.0,31
4613,2014,9,Fishing,Cook Islands,264.0,16
4614,2014,9,Fishing,Fiji,379.0,35
4615,2014,9,Fishing,Kiribati,16481.0,289
4616,2014,9,Fishing,Marshall Islands,2401.0,69
4617,2014,9,Fishing,Micronesia,9584.0,152
4618,2014,9,Fishing,Nauru,745.0,33
4619,2014,9,Fishing,Niue,9.0,3
4620,2014,9,Fishing,Palau,498.0,31
4621,2014,9,Fishing,Papua New Guinea,2685.0,50
4622,2014,9,Fishing,Samoa,17.0,3
4623,2014,9,Fishing,Solomon Islands,1085.0,44
4624,2014,9,Fishing,Tokelau,170.0,10
4625,2014,9,Fishing,Tonga,30.0,5
4626,2014,9,Fishing,Tuvalu,1337.0,66
4627,2014,9,Fishing,Vanuatu,32.0,3
4628,2014,9,Others,Cook Islands,1709.0,53
4629,2014,9,Others,Fiji,7171.0,190
4630,2014,9,Others,Kiribati,2087.0,72
4631,2014,9,Others,Marshall Islands,991.0,30
4632,2014,9,Others,Micronesia,2674.0,118
4633,2014,9,Others,Nauru,99.0,14
4634,2014,9,Others,Niue,938.0,32
4635,2014,9,Others,Palau,726.0,18
4636,2014,9,Others,Papua New Guinea,6129.0,148
4637,2014,9,Others,Samoa,343.0,22
4638,2014,9,Others,Solomon Islands,1704.0,45
4639,2014,9,Others,Tokelau,139.0,5
4640,2014,9,Others,Tonga,1817.0,79
4641,2014,9,Others,Tuvalu,152.0,17
4642,2014,9,Others,Vanuatu,2689.0,83
4643,2014,9,Passenger,Cook Islands,988.0,3
4644,2014,9,Passenger,Fiji,4906.0,13
4645,2014,9,Passenger,Kiribati,2195.0,6
4646,2014,9,Passenger,Micronesia,47.0,2
4647,2014,9,Passenger,Niue,462.0,2
4648,2014,9,Passenger,Papua New Guinea,4807.0,27
4649,2014,9,Passenger,Samoa,299.0,4
4650,2014,9,Passenger,Solomon Islands,1235.0,6
4651,2014,9,Passenger,Tokelau,72.0,1
4652,2014,9,Passenger,Tonga,977.0,6
4653,2014,9,Passenger,Tuvalu,17.0,1
4654,2014,9,Passenger,Vanuatu,4051.0,11
4655,2014,9,Tanker,Cook Islands,393.0,5
4656,2014,9,Tanker,Fiji,1831.0,12
4657,2014,9,Tanker,Kiribati,2909.0,18
4658,2014,9,Tanker,Marshall Islands,1149.0,13
4659,2014,9,Tanker,Micronesia,16793.0,79
4660,2014,9,Tanker,Nauru,394.0,9
4661,2014,9,Tanker,Niue,117.0,3
4662,2014,9,Tanker,Palau,3581.0,45
4663,2014,9,Tanker,Papua New Guinea,41780.0,139
4664,2014,9,Tanker,Samoa,101.0,3
4665,2014,9,Tanker,Solomon Islands,2719.0,21
4666,2014,9,Tanker,Tonga,381.0,5
4667,2014,9,Tanker,Tuvalu,50.0,2
4668,2014,9,Tanker,Vanuatu,839.0,9
4669,2014,10,Cargo,Cook Islands,8995.0,46
4670,2014,10,Cargo,Fiji,7642.0,50
4671,2014,10,Cargo,Kiribati,11001.0,91
4672,2014,10,Cargo,Marshall Islands,6966.0,72
4673,2014,10,Cargo,Micronesia,122785.0,718
4674,2014,10,Cargo,Nauru,893.0,25
4675,2014,10,Cargo,Niue,1748.0,21
4676,2014,10,Cargo,Palau,42576.0,462
4677,2014,10,Cargo,Papua New Guinea,341330.0,1089
4678,2014,10,Cargo,Samoa,442.0,16
4679,2014,10,Cargo,Solomon Islands,15687.0,156
4680,2014,10,Cargo,Tokelau,561.0,5
4681,2014,10,Cargo,Tonga,3467.0,28
4682,2014,10,Cargo,Tuvalu,888.0,14
4683,2014,10,Cargo,Vanuatu,2527.0,26
4684,2014,10,Fishing,Cook Islands,175.0,13
4685,2014,10,Fishing,Fiji,485.0,36
4686,2014,10,Fishing,Kiribati,20521.0,296
4687,2014,10,Fishing,Marshall Islands,1680.0,62
4688,2014,10,Fishing,Micronesia,5196.0,120
4689,2014,10,Fishing,Nauru,1514.0,64
4690,2014,10,Fishing,Niue,37.0,7
4691,2014,10,Fishing,Palau,746.0,25
4692,2014,10,Fishing,Papua New Guinea,3469.0,59
4693,2014,10,Fishing,Samoa,63.0,7
4694,2014,10,Fishing,Solomon Islands,1542.0,49
4695,2014,10,Fishing,Tokelau,231.0,14
4696,2014,10,Fishing,Tonga,47.0,7
4697,2014,10,Fishing,Tuvalu,1645.0,62
4698,2014,10,Fishing,Vanuatu,63.0,7
4699,2014,10,Others,Cook Islands,1438.0,45
4700,2014,10,Others,Fiji,6504.0,185
4701,2014,10,Others,Kiribati,1679.0,81
4702,2014,10,Others,Marshall Islands,695.0,42
4703,2014,10,Others,Micronesia,2675.0,115
4704,2014,10,Others,Nauru,245.0,21
4705,2014,10,Others,Niue,560.0,24
4706,2014,10,Others,Palau,220.0,16
4707,2014,10,Others,Papua New Guinea,4913.0,151
4708,2014,10,Others,Samoa,263.0,13
4709,2014,10,Others,Solomon Islands,1416.0,66
4710,2014,10,Others,Tokelau,315.0,8
4711,2014,10,Others,Tonga,2343.0,74
4712,2014,10,Others,Tuvalu,460.0,32
4713,2014,10,Others,Vanuatu,2958.0,83
4714,2014,10,Passenger,Cook Islands,2103.0,5
4715,2014,10,Passenger,Fiji,5297.0,13
4716,2014,10,Passenger,Kiribati,3540.0,9
4717,2014,10,Passenger,Micronesia,423.0,5
4718,2014,10,Passenger,Niue,327.0,2
4719,2014,10,Passenger,Palau,75.0,3
4720,2014,10,Passenger,Papua New Guinea,1735.0,27
4721,2014,10,Passenger,Samoa,580.0,5
4722,2014,10,Passenger,Solomon Islands,449.0,6
4723,2014,10,Passenger,Tokelau,1138.0,3
4724,2014,10,Passenger,Tonga,1694.0,7
4725,2014,10,Passenger,Vanuatu,7077.0,14
4726,2014,10,Tanker,Cook Islands,1622.0,7
4727,2014,10,Tanker,Fiji,2842.0,14
4728,2014,10,Tanker,Kiribati,3262.0,20
4729,2014,10,Tanker,Marshall Islands,2662.0,13
4730,2014,10,Tanker,Micronesia,18724.0,85
4731,2014,10,Tanker,Nauru,646.0,9
4732,2014,10,Tanker,Niue,537.0,4
4733,2014,10,Tanker,Palau,6736.0,57
4734,2014,10,Tanker,Papua New Guinea,49446.0,149
4735,2014,10,Tanker,Samoa,115.0,3
4736,2014,10,Tanker,Solomon Islands,3313.0,25
4737,2014,10,Tanker,Tokelau,211.0,1
4738,2014,10,Tanker,Tonga,817.0,9
4739,2014,10,Tanker,Tuvalu,468.0,2
4740,2014,10,Tanker,Vanuatu,1073.0,9
4741,2014,11,Cargo,Cook Islands,8392.0,41
4742,2014,11,Cargo,Fiji,6254.0,47
4743,2014,11,Cargo,Kiribati,12046.0,120
4744,2014,11,Cargo,Marshall Islands,8957.0,91
4745,2014,11,Cargo,Micronesia,130233.0,739
4746,2014,11,Cargo,Nauru,901.0,24
4747,2014,11,Cargo,Niue,1621.0,16
4748,2014,11,Cargo,Palau,34079.0,360
4749,2014,11,Cargo,Papua New Guinea,337680.0,1057
4750,2014,11,Cargo,Samoa,557.0,16
4751,2014,11,Cargo,Solomon Islands,15447.0,147
4752,2014,11,Cargo,Tokelau,762.0,9
4753,2014,11,Cargo,Tonga,3424.0,24
4754,2014,11,Cargo,Tuvalu,1658.0,21
4755,2014,11,Cargo,Vanuatu,3071.0,32
4756,2014,11,Fishing,Cook Islands,365.0,8
4757,2014,11,Fishing,Fiji,574.0,25
4758,2014,11,Fishing,Kiribati,17853.0,304
4759,2014,11,Fishing,Marshall Islands,2608.0,82
4760,2014,11,Fishing,Micronesia,4160.0,99
4761,2014,11,Fishing,Nauru,2546.0,80
4762,2014,11,Fishing,Niue,26.0,2
4763,2014,11,Fishing,Palau,848.0,35
4764,2014,11,Fishing,Papua New Guinea,7317.0,89
4765,2014,11,Fishing,Samoa,156.0,6
4766,2014,11,Fishing,Solomon Islands,1561.0,50
4767,2014,11,Fishing,Tokelau,829.0,20
4768,2014,11,Fishing,Tonga,26.0,3
4769,2014,11,Fishing,Tuvalu,2791.0,62
4770,2014,11,Fishing,Vanuatu,7.0,1
4771,2014,11,Others,Cook Islands,899.0,23
4772,2014,11,Others,Fiji,2788.0,106
4773,2014,11,Others,Kiribati,2299.0,63
4774,2014,11,Others,Marshall Islands,805.0,44
4775,2014,11,Others,Micronesia,1588.0,45
4776,2014,11,Others,Nauru,482.0,15
4777,2014,11,Others,Niue,70.0,3
4778,2014,11,Others,Palau,672.0,31
4779,2014,11,Others,Papua New Guinea,7328.0,126
4780,2014,11,Others,Samoa,178.0,9
4781,2014,11,Others,Solomon Islands,1857.0,48
4782,2014,11,Others,Tokelau,527.0,10
4783,2014,11,Others,Tonga,700.0,29
4784,2014,11,Others,Tuvalu,543.0,23
4785,2014,11,Others,Vanuatu,631.0,29
4786,2014,11,Passenger,Cook Islands,1103.0,4
4787,2014,11,Passenger,Fiji,6869.0,17
4788,2014,11,Passenger,Kiribati,701.0,5
4789,2014,11,Passenger,Marshall Islands,71.0,1
4790,2014,11,Passenger,Micronesia,265.0,4
4791,2014,11,Passenger,Niue,36.0,1
4792,2014,11,Passenger,Papua New Guinea,7264.0,39
4793,2014,11,Passenger,Samoa,646.0,6
4794,2014,11,Passenger,Solomon Islands,290.0,4
4795,2014,11,Passenger,Tokelau,422.0,2
4796,2014,11,Passenger,Tonga,1153.0,7
4797,2014,11,Passenger,Vanuatu,4290.0,10
4798,2014,11,Tanker,Cook Islands,780.0,6
4799,2014,11,Tanker,Fiji,2056.0,13
4800,2014,11,Tanker,Kiribati,3428.0,17
4801,2014,11,Tanker,Marshall Islands,1809.0,11
4802,2014,11,Tanker,Micronesia,16729.0,87
4803,2014,11,Tanker,Nauru,742.0,13
4804,2014,11,Tanker,Niue,295.0,4
4805,2014,11,Tanker,Palau,3410.0,42
4806,2014,11,Tanker,Papua New Guinea,50872.0,161
4807,2014,11,Tanker,Samoa,145.0,3
4808,2014,11,Tanker,Solomon Islands,3912.0,27
4809,2014,11,Tanker,Tokelau,79.0,2
4810,2014,11,Tanker,Tonga,453.0,7
4811,2014,11,Tanker,Tuvalu,97.0,3
4812,2014,11,Tanker,Vanuatu,498.0,6
4813,2014,12,Cargo,Cook Islands,7896.0,42
4814,2014,12,Cargo,Fiji,5995.0,39
4815,2014,12,Cargo,Kiribati,13116.0,121
4816,2014,12,Cargo,Marshall Islands,9420.0,107
4817,2014,12,Cargo,Micronesia,129815.0,776
4818,2014,12,Cargo,Nauru,1120.0,28
4819,2014,12,Cargo,Niue,1907.0,22
4820,2014,12,Cargo,Palau,30811.0,365
4821,2014,12,Cargo,Papua New Guinea,323970.0,1071
4822,2014,12,Cargo,Samoa,388.0,15
4823,2014,12,Cargo,Solomon Islands,15831.0,152
4824,2014,12,Cargo,Tokelau,354.0,7
4825,2014,12,Cargo,Tonga,2395.0,25
4826,2014,12,Cargo,Tuvalu,1516.0,22
4827,2014,12,Cargo,Vanuatu,3327.0,29
4828,2014,12,Fishing,Cook Islands,246.0,6
4829,2014,12,Fishing,Fiji,545.0,27
4830,2014,12,Fishing,Kiribati,16147.0,293
4831,2014,12,Fishing,Marshall Islands,2070.0,68
4832,2014,12,Fishing,Micronesia,3379.0,98
4833,2014,12,Fishing,Nauru,2757.0,88
4834,2014,12,Fishing,Niue,27.0,1
4835,2014,12,Fishing,Palau,1075.0,37
4836,2014,12,Fishing,Papua New Guinea,11188.0,117
4837,2014,12,Fishing,Samoa,34.0,4
4838,2014,12,Fishing,Solomon Islands,4376.0,103
4839,2014,12,Fishing,Tokelau,393.0,16
4840,2014,12,Fishing,Tonga,19.0,1
4841,2014,12,Fishing,Tuvalu,2527.0,52
4842,2014,12,Others,Cook Islands,600.0,14
4843,2014,12,Others,Fiji,1184.0,42
4844,2014,12,Others,Kiribati,3564.0,62
4845,2014,12,Others,Marshall Islands,861.0,53
4846,2014,12,Others,Micronesia,3305.0,73
4847,2014,12,Others,Nauru,503.0,18
4848,2014,12,Others,Niue,78.0,4
4849,2014,12,Others,Palau,509.0,26
4850,2014,12,Others,Papua New Guinea,6154.0,121
4851,2014,12,Others,Samoa,152.0,5
4852,2014,12,Others,Solomon Islands,2288.0,56
4853,2014,12,Others,Tokelau,160.0,3
4854,2014,12,Others,Tonga,294.0,15
4855,2014,12,Others,Tuvalu,51.0,24
4856,2014,12,Others,Vanuatu,124.0,5
4857,2014,12,Passenger,Cook Islands,579.0,5
4858,2014,12,Passenger,Fiji,10303.0,18
4859,2014,12,Passenger,Kiribati,1228.0,5
4860,2014,12,Passenger,Marshall Islands,14.0,3
4861,2014,12,Passenger,Micronesia,56.0,2
4862,2014,12,Passenger,Nauru,0.0,1
4863,2014,12,Passenger,Niue,174.0,1
4864,2014,12,Passenger,Palau,19.0,2
4865,2014,12,Passenger,Papua New Guinea,2195.0,38
4866,2014,12,Passenger,Samoa,76.0,2
4867,2014,12,Passenger,Solomon Islands,301.0,6
4868,2014,12,Passenger,Tokelau,22.0,1
4869,2014,12,Passenger,Tonga,820.0,5
4870,2014,12,Passenger,Tuvalu,19.0,2
4871,2014,12,Passenger,Vanuatu,10367.0,15
4872,2014,12,Tanker,Cook Islands,567.0,3
4873,2014,12,Tanker,Fiji,1656.0,11
4874,2014,12,Tanker,Kiribati,2632.0,16
4875,2014,12,Tanker,Marshall Islands,2754.0,12
4876,2014,12,Tanker,Micronesia,21210.0,92
4877,2014,12,Tanker,Nauru,813.0,10
4878,2014,12,Tanker,Niue,216.0,2
4879,2014,12,Tanker,Palau,5510.0,49
4880,2014,12,Tanker,Papua New Guinea,50770.0,154
4881,2014,12,Tanker,Samoa,87.0,2
4882,2014,12,Tanker,Solomon Islands,2951.0,24
4883,2014,12,Tanker,Tonga,370.0,6
4884,2014,12,Tanker,Tuvalu,211.0,4
4885,2014,12,Tanker,Vanuatu,520.0,6
4886,2015,1,Cargo,Cook Islands,6313.0,40
4887,2015,1,Cargo,Fiji,6622.0,51
4888,2015,1,Cargo,Kiribati,11461.0,112
4889,2015,1,Cargo,Marshall Islands,12411.0,123
4890,2015,1,Cargo,Micronesia,127672.0,736
4891,2015,1,Cargo,Nauru,1217.0,26
4892,2015,1,Cargo,Niue,1337.0,15
4893,2015,1,Cargo,Palau,31922.0,347
4894,2015,1,Cargo,Papua New Guinea,324275.0,1039
4895,2015,1,Cargo,Samoa,662.0,17
4896,2015,1,Cargo,Solomon Islands,14119.0,148
4897,2015,1,Cargo,Tokelau,701.0,12
4898,2015,1,Cargo,Tonga,2319.0,21
4899,2015,1,Cargo,Tuvalu,2030.0,25
4900,2015,1,Cargo,Vanuatu,3504.0,36
4901,2015,1,Fishing,Cook Islands,196.0,10
4902,2015,1,Fishing,Fiji,436.0,46
4903,2015,1,Fishing,Kiribati,12359.0,292
4904,2015,1,Fishing,Marshall Islands,3086.0,101
4905,2015,1,Fishing,Micronesia,5191.0,156
4906,2015,1,Fishing,Nauru,4002.0,105
4907,2015,1,Fishing,Niue,82.0,2
4908,2015,1,Fishing,Palau,799.0,35
4909,2015,1,Fishing,Papua New Guinea,8230.0,134
4910,2015,1,Fishing,Samoa,0.0,1
4911,2015,1,Fishing,Solomon Islands,6962.0,114
4912,2015,1,Fishing,Tokelau,666.0,35
4913,2015,1,Fishing,Tuvalu,1768.0,54
4914,2015,1,Fishing,Vanuatu,46.0,4
4915,2015,1,Others,Cook Islands,518.0,28
4916,2015,1,Others,Fiji,980.0,52
4917,2015,1,Others,Kiribati,1110.0,97
4918,2015,1,Others,Marshall Islands,1530.0,63
4919,2015,1,Others,Micronesia,4225.0,106
4920,2015,1,Others,Nauru,699.0,21
4921,2015,1,Others,Niue,14.0,9
4922,2015,1,Others,Palau,689.0,33
4923,2015,1,Others,Papua New Guinea,5440.0,145
4924,2015,1,Others,Samoa,65.0,6
4925,2015,1,Others,Solomon Islands,806.0,83
4926,2015,1,Others,Tokelau,289.0,7
4927,2015,1,Others,Tonga,186.0,12
4928,2015,1,Others,Tuvalu,409.0,22
4929,2015,1,Others,Vanuatu,25.0,11
4930,2015,1,Passenger,Cook Islands,1306.0,5
4931,2015,1,Passenger,Fiji,10469.0,17
4932,2015,1,Passenger,Kiribati,352.0,4
4933,2015,1,Passenger,Marshall Islands,78.0,2
4934,2015,1,Passenger,Micronesia,71.0,2
4935,2015,1,Passenger,Niue,769.0,4
4936,2015,1,Passenger,Palau,184.0,1
4937,2015,1,Passenger,Papua New Guinea,1942.0,29
4938,2015,1,Passenger,Samoa,32.0,2
4939,2015,1,Passenger,Solomon Islands,537.0,4
4940,2015,1,Passenger,Tokelau,7.0,1
4941,2015,1,Passenger,Tonga,909.0,7
4942,2015,1,Passenger,Tuvalu,27.0,2
4943,2015,1,Passenger,Vanuatu,9413.0,13
4944,2015,1,Tanker,Cook Islands,1154.0,6
4945,2015,1,Tanker,Fiji,2726.0,14
4946,2015,1,Tanker,Kiribati,2532.0,17
4947,2015,1,Tanker,Marshall Islands,3215.0,23
4948,2015,1,Tanker,Micronesia,23400.0,107
4949,2015,1,Tanker,Nauru,1041.0,9
4950,2015,1,Tanker,Niue,194.0,2
4951,2015,1,Tanker,Palau,3564.0,48
4952,2015,1,Tanker,Papua New Guinea,51210.0,160
4953,2015,1,Tanker,Samoa,137.0,3
4954,2015,1,Tanker,Solomon Islands,4810.0,32
4955,2015,1,Tanker,Tokelau,38.0,1
4956,2015,1,Tanker,Tonga,697.0,6
4957,2015,1,Tanker,Tuvalu,162.0,7
4958,2015,1,Tanker,Vanuatu,1217.0,9
4959,2015,2,Cargo,Cook Islands,6768.0,36
4960,2015,2,Cargo,Fiji,4537.0,33
4961,2015,2,Cargo,Kiribati,11462.0,106
4962,2015,2,Cargo,Marshall Islands,8001.0,83
4963,2015,2,Cargo,Micronesia,105738.0,668
4964,2015,2,Cargo,Nauru,1001.0,23
4965,2015,2,Cargo,Niue,981.0,12
4966,2015,2,Cargo,Palau,27041.0,297
4967,2015,2,Cargo,Papua New Guinea,282426.0,990
4968,2015,2,Cargo,Samoa,495.0,12
4969,2015,2,Cargo,Solomon Islands,14314.0,148
4970,2015,2,Cargo,Tokelau,526.0,10
4971,2015,2,Cargo,Tonga,2114.0,18
4972,2015,2,Cargo,Tuvalu,1888.0,27
4973,2015,2,Cargo,Vanuatu,2756.0,27
4974,2015,2,Fishing,Cook Islands,513.0,20
4975,2015,2,Fishing,Fiji,412.0,46
4976,2015,2,Fishing,Kiribati,14864.0,270
4977,2015,2,Fishing,Marshall Islands,2354.0,93
4978,2015,2,Fishing,Micronesia,5922.0,158
4979,2015,2,Fishing,Nauru,2060.0,74
4980,2015,2,Fishing,Niue,2.0,1
4981,2015,2,Fishing,Palau,456.0,26
4982,2015,2,Fishing,Papua New Guinea,8747.0,145
4983,2015,2,Fishing,Samoa,9.0,5
4984,2015,2,Fishing,Solomon Islands,3344.0,82
4985,2015,2,Fishing,Tokelau,166.0,13
4986,2015,2,Fishing,Tonga,20.0,4
4987,2015,2,Fishing,Tuvalu,1671.0,50
4988,2015,2,Fishing,Vanuatu,20.0,3
4989,2015,2,Others,Cook Islands,225.0,19
4990,2015,2,Others,Fiji,578.0,50
4991,2015,2,Others,Kiribati,1132.0,78
4992,2015,2,Others,Marshall Islands,820.0,55
4993,2015,2,Others,Micronesia,2726.0,73
4994,2015,2,Others,Nauru,258.0,18
4995,2015,2,Others,Niue,2.0,3
4996,2015,2,Others,Palau,382.0,25
4997,2015,2,Others,Papua New Guinea,4015.0,110
4998,2015,2,Others,Samoa,151.0,4
4999,2015,2,Others,Solomon Islands,274.0,87
5000,2015,2,Others,Tokelau,236.0,9
5001,2015,2,Others,Tonga,116.0,7
5002,2015,2,Others,Tuvalu,118.0,34
5003,2015,2,Others,Vanuatu,79.0,17
5004,2015,2,Passenger,Cook Islands,2866.0,7
5005,2015,2,Passenger,Fiji,8677.0,16
5006,2015,2,Passenger,Kiribati,2619.0,7
5007,2015,2,Passenger,Micronesia,907.0,6
5008,2015,2,Passenger,Niue,343.0,2
5009,2015,2,Passenger,Palau,132.0,1
5010,2015,2,Passenger,Papua New Guinea,10119.0,36
5011,2015,2,Passenger,Samoa,859.0,7
5012,2015,2,Passenger,Solomon Islands,1077.0,4
5013,2015,2,Passenger,Tokelau,803.0,5
5014,2015,2,Passenger,Tonga,3637.0,10
5015,2015,2,Passenger,Vanuatu,6752.0,14
5016,2015,2,Tanker,Cook Islands,681.0,6
5017,2015,2,Tanker,Fiji,1927.0,13
5018,2015,2,Tanker,Kiribati,3533.0,16
5019,2015,2,Tanker,Marshall Islands,647.0,5
5020,2015,2,Tanker,Micronesia,16206.0,83
5021,2015,2,Tanker,Nauru,437.0,7
5022,2015,2,Tanker,Niue,127.0,3
5023,2015,2,Tanker,Palau,2845.0,39
5024,2015,2,Tanker,Papua New Guinea,47620.0,153
5025,2015,2,Tanker,Samoa,165.0,3
5026,2015,2,Tanker,Solomon Islands,2687.0,24
5027,2015,2,Tanker,Tokelau,56.0,1
5028,2015,2,Tanker,Tonga,747.0,8
5029,2015,2,Tanker,Tuvalu,255.0,4
5030,2015,2,Tanker,Vanuatu,586.0,5
5031,2015,3,Cargo,Cook Islands,7553.0,41
5032,2015,3,Cargo,Fiji,5560.0,41
5033,2015,3,Cargo,Kiribati,11810.0,91
5034,2015,3,Cargo,Marshall Islands,8894.0,82
5035,2015,3,Cargo,Micronesia,115619.0,702
5036,2015,3,Cargo,Nauru,884.0,19
5037,2015,3,Cargo,Niue,1824.0,18
5038,2015,3,Cargo,Palau,32317.0,366
5039,2015,3,Cargo,Papua New Guinea,316923.0,1027
5040,2015,3,Cargo,Samoa,307.0,12
5041,2015,3,Cargo,Solomon Islands,16862.0,167
5042,2015,3,Cargo,Tokelau,689.0,10
5043,2015,3,Cargo,Tonga,1920.0,19
5044,2015,3,Cargo,Tuvalu,1823.0,28
5045,2015,3,Cargo,Vanuatu,3253.0,30
5046,2015,3,Fishing,Cook Islands,558.0,32
5047,2015,3,Fishing,Fiji,747.0,69
5048,2015,3,Fishing,Kiribati,18709.0,320
5049,2015,3,Fishing,Marshall Islands,1605.0,92
5050,2015,3,Fishing,Micronesia,6019.0,173
5051,2015,3,Fishing,Nauru,1313.0,58
5052,2015,3,Fishing,Niue,10.0,2
5053,2015,3,Fishing,Palau,438.0,28
5054,2015,3,Fishing,Papua New Guinea,7906.0,154
5055,2015,3,Fishing,Samoa,27.0,9
5056,2015,3,Fishing,Solomon Islands,1722.0,60
5057,2015,3,Fishing,Tokelau,348.0,24
5058,2015,3,Fishing,Tonga,46.0,7
5059,2015,3,Fishing,Tuvalu,2058.0,80
5060,2015,3,Fishing,Vanuatu,11.0,2
5061,2015,3,Others,Cook Islands,688.0,46
5062,2015,3,Others,Fiji,982.0,68
5063,2015,3,Others,Kiribati,1716.0,103
5064,2015,3,Others,Marshall Islands,387.0,81
5065,2015,3,Others,Micronesia,3744.0,138
5066,2015,3,Others,Nauru,233.0,14
5067,2015,3,Others,Niue,88.0,4
5068,2015,3,Others,Palau,256.0,37
5069,2015,3,Others,Papua New Guinea,4074.0,122
5070,2015,3,Others,Samoa,62.0,6
5071,2015,3,Others,Solomon Islands,619.0,74
5072,2015,3,Others,Tokelau,370.0,11
5073,2015,3,Others,Tonga,332.0,24
5074,2015,3,Others,Tuvalu,357.0,27
5075,2015,3,Others,Vanuatu,170.0,23
5076,2015,3,Passenger,Cook Islands,2787.0,7
5077,2015,3,Passenger,Fiji,5535.0,16
5078,2015,3,Passenger,Kiribati,2525.0,5
5079,2015,3,Passenger,Micronesia,1440.0,3
5080,2015,3,Passenger,Niue,361.0,1
5081,2015,3,Passenger,Palau,55.0,1
5082,2015,3,Passenger,Papua New Guinea,4189.0,36
5083,2015,3,Passenger,Samoa,529.0,7
5084,2015,3,Passenger,Solomon Islands,72.0,2
5085,2015,3,Passenger,Tokelau,651.0,4
5086,2015,3,Passenger,Tonga,1875.0,9
5087,2015,3,Passenger,Vanuatu,4072.0,10
5088,2015,3,Tanker,Cook Islands,870.0,7
5089,2015,3,Tanker,Fiji,1295.0,11
5090,2015,3,Tanker,Kiribati,4415.0,21
5091,2015,3,Tanker,Marshall Islands,1657.0,11
5092,2015,3,Tanker,Micronesia,21352.0,100
5093,2015,3,Tanker,Nauru,828.0,13
5094,2015,3,Tanker,Niue,234.0,3
5095,2015,3,Tanker,Palau,6015.0,51
5096,2015,3,Tanker,Papua New Guinea,53758.0,159
5097,2015,3,Tanker,Samoa,92.0,3
5098,2015,3,Tanker,Solomon Islands,2886.0,26
5099,2015,3,Tanker,Tonga,318.0,5
5100,2015,3,Tanker,Tuvalu,276.0,4
5101,2015,3,Tanker,Vanuatu,631.0,5
5102,2015,4,Cargo,Cook Islands,8123.0,40
5103,2015,4,Cargo,Fiji,6394.0,44
5104,2015,4,Cargo,Kiribati,10703.0,84
5105,2015,4,Cargo,Marshall Islands,7892.0,85
5106,2015,4,Cargo,Micronesia,122179.0,722
5107,2015,4,Cargo,Nauru,1306.0,29
5108,2015,4,Cargo,Niue,1402.0,17
5109,2015,4,Cargo,Palau,30395.0,337
5110,2015,4,Cargo,Papua New Guinea,299265.0,1017
5111,2015,4,Cargo,Samoa,728.0,18
5112,2015,4,Cargo,Solomon Islands,16730.0,158
5113,2015,4,Cargo,Tokelau,564.0,9
5114,2015,4,Cargo,Tonga,2222.0,21
5115,2015,4,Cargo,Tuvalu,1283.0,18
5116,2015,4,Cargo,Vanuatu,2205.0,26
5117,2015,4,Fishing,Cook Islands,748.0,27
5118,2015,4,Fishing,Fiji,939.0,90
5119,2015,4,Fishing,Kiribati,17367.0,326
5120,2015,4,Fishing,Marshall Islands,2926.0,110
5121,2015,4,Fishing,Micronesia,8848.0,170
5122,2015,4,Fishing,Nauru,1047.0,47
5123,2015,4,Fishing,Palau,597.0,42
5124,2015,4,Fishing,Papua New Guinea,9695.0,139
5125,2015,4,Fishing,Samoa,43.0,16
5126,2015,4,Fishing,Solomon Islands,960.0,66
5127,2015,4,Fishing,Tokelau,466.0,32
5128,2015,4,Fishing,Tonga,90.0,18
5129,2015,4,Fishing,Tuvalu,1864.0,59
5130,2015,4,Fishing,Vanuatu,41.0,6
5131,2015,4,Others,Cook Islands,861.0,30
5132,2015,4,Others,Fiji,1467.0,71
5133,2015,4,Others,Kiribati,1573.0,61
5134,2015,4,Others,Marshall Islands,814.0,48
5135,2015,4,Others,Micronesia,3002.0,52
5136,2015,4,Others,Nauru,177.0,5
5137,2015,4,Others,Niue,27.0,4
5138,2015,4,Others,Palau,478.0,21
5139,2015,4,Others,Papua New Guinea,6508.0,101
5140,2015,4,Others,Samoa,148.0,6
5141,2015,4,Others,Solomon Islands,515.0,35
5142,2015,4,Others,Tokelau,468.0,8
5143,2015,4,Others,Tonga,387.0,14
5144,2015,4,Others,Tuvalu,371.0,31
5145,2015,4,Others,Vanuatu,374.0,13
5146,2015,4,Passenger,Cook Islands,1621.0,5
5147,2015,4,Passenger,Fiji,4823.0,15
5148,2015,4,Passenger,Kiribati,3287.0,8
5149,2015,4,Passenger,Marshall Islands,260.0,2
5150,2015,4,Passenger,Micronesia,171.0,3
5151,2015,4,Passenger,Niue,512.0,2
5152,2015,4,Passenger,Palau,0.0,1
5153,2015,4,Passenger,Papua New Guinea,3683.0,35
5154,2015,4,Passenger,Samoa,564.0,5
5155,2015,4,Passenger,Solomon Islands,1274.0,4
5156,2015,4,Passenger,Tokelau,734.0,3
5157,2015,4,Passenger,Tonga,2158.0,7
5158,2015,4,Passenger,Tuvalu,102.0,1
5159,2015,4,Passenger,Vanuatu,5276.0,7
5160,2015,4,Tanker,Cook Islands,744.0,7
5161,2015,4,Tanker,Fiji,1819.0,10
5162,2015,4,Tanker,Kiribati,3781.0,16
5163,2015,4,Tanker,Marshall Islands,2716.0,13
5164,2015,4,Tanker,Micronesia,24074.0,98
5165,2015,4,Tanker,Nauru,1255.0,11
5166,2015,4,Tanker,Niue,83.0,2
5167,2015,4,Tanker,Palau,5435.0,47
5168,2015,4,Tanker,Papua New Guinea,49639.0,144
5169,2015,4,Tanker,Samoa,128.0,3
5170,2015,4,Tanker,Solomon Islands,2564.0,24
5171,2015,4,Tanker,Tokelau,122.0,1
5172,2015,4,Tanker,Tonga,489.0,7
5173,2015,4,Tanker,Tuvalu,332.0,7
5174,2015,4,Tanker,Vanuatu,350.0,6
5175,2015,5,Cargo,Cook Islands,7963.0,38
5176,2015,5,Cargo,Fiji,5843.0,44
5177,2015,5,Cargo,Kiribati,8453.0,77
5178,2015,5,Cargo,Marshall Islands,8214.0,78
5179,2015,5,Cargo,Micronesia,121302.0,701
5180,2015,5,Cargo,Nauru,766.0,22
5181,2015,5,Cargo,Niue,1442.0,14
5182,2015,5,Cargo,Palau,35226.0,387
5183,2015,5,Cargo,Papua New Guinea,312700.0,1044
5184,2015,5,Cargo,Samoa,460.0,16
5185,2015,5,Cargo,Solomon Islands,16285.0,160
5186,2015,5,Cargo,Tokelau,512.0,10
5187,2015,5,Cargo,Tonga,2597.0,20
5188,2015,5,Cargo,Tuvalu,1659.0,30
5189,2015,5,Cargo,Vanuatu,3429.0,37
5190,2015,5,Fishing,Cook Islands,789.0,36
5191,2015,5,Fishing,Fiji,997.0,89
5192,2015,5,Fishing,Kiribati,20820.0,357
5193,2015,5,Fishing,Marshall Islands,4252.0,127
5194,2015,5,Fishing,Micronesia,6000.0,141
5195,2015,5,Fishing,Nauru,2315.0,92
5196,2015,5,Fishing,Niue,13.0,3
5197,2015,5,Fishing,Palau,333.0,31
5198,2015,5,Fishing,Papua New Guinea,5460.0,113
5199,2015,5,Fishing,Samoa,91.0,20
5200,2015,5,Fishing,Solomon Islands,1945.0,108
5201,2015,5,Fishing,Tokelau,358.0,27
5202,2015,5,Fishing,Tonga,138.0,21
5203,2015,5,Fishing,Tuvalu,3976.0,101
5204,2015,5,Fishing,Vanuatu,44.0,11
5205,2015,5,Others,Cook Islands,1995.0,64
5206,2015,5,Others,Fiji,4463.0,172
5207,2015,5,Others,Kiribati,2057.0,53
5208,2015,5,Others,Marshall Islands,821.0,74
5209,2015,5,Others,Micronesia,1902.0,43
5210,2015,5,Others,Nauru,122.0,8
5211,2015,5,Others,Niue,744.0,26
5212,2015,5,Others,Palau,709.0,18
5213,2015,5,Others,Papua New Guinea,5295.0,96
5214,2015,5,Others,Samoa,305.0,17
5215,2015,5,Others,Solomon Islands,829.0,45
5216,2015,5,Others,Tokelau,180.0,4
5217,2015,5,Others,Tonga,2336.0,77
5218,2015,5,Others,Tuvalu,156.0,16
5219,2015,5,Others,Vanuatu,1444.0,48
5220,2015,5,Passenger,Cook Islands,1069.0,2
5221,2015,5,Passenger,Fiji,2726.0,9
5222,2015,5,Passenger,Kiribati,4289.0,6
5223,2015,5,Passenger,Marshall Islands,18.0,1
5224,2015,5,Passenger,Micronesia,104.0,1
5225,2015,5,Passenger,Papua New Guinea,1575.0,29
5226,2015,5,Passenger,Samoa,185.0,3
5227,2015,5,Passenger,Solomon Islands,9.0,2
5228,2015,5,Passenger,Tokelau,20.0,2
5229,2015,5,Passenger,Tonga,1331.0,5
5230,2015,5,Passenger,Vanuatu,2157.0,3
5231,2015,5,Tanker,Cook Islands,1160.0,9
5232,2015,5,Tanker,Fiji,2193.0,14
5233,2015,5,Tanker,Kiribati,3891.0,22
5234,2015,5,Tanker,Marshall Islands,4001.0,20
5235,2015,5,Tanker,Micronesia,26804.0,111
5236,2015,5,Tanker,Nauru,953.0,13
5237,2015,5,Tanker,Niue,350.0,6
5238,2015,5,Tanker,Palau,6145.0,45
5239,2015,5,Tanker,Papua New Guinea,62532.0,157
5240,2015,5,Tanker,Samoa,157.0,3
5241,2015,5,Tanker,Solomon Islands,3424.0,27
5242,2015,5,Tanker,Tokelau,31.0,1
5243,2015,5,Tanker,Tonga,565.0,9
5244,2015,5,Tanker,Tuvalu,416.0,7
5245,2015,5,Tanker,Vanuatu,682.0,10
5246,2015,6,Cargo,Cook Islands,7935.0,44
5247,2015,6,Cargo,Fiji,5526.0,40
5248,2015,6,Cargo,Kiribati,7619.0,72
5249,2015,6,Cargo,Marshall Islands,6088.0,64
5250,2015,6,Cargo,Micronesia,131422.0,757
5251,2015,6,Cargo,Nauru,768.0,22
5252,2015,6,Cargo,Niue,1555.0,18
5253,2015,6,Cargo,Palau,30820.0,344
5254,2015,6,Cargo,Papua New Guinea,334093.0,1064
5255,2015,6,Cargo,Samoa,595.0,17
5256,2015,6,Cargo,Solomon Islands,14584.0,148
5257,2015,6,Cargo,Tokelau,567.0,7
5258,2015,6,Cargo,Tonga,2431.0,23
5259,2015,6,Cargo,Tuvalu,1545.0,27
5260,2015,6,Cargo,Vanuatu,3393.0,34
5261,2015,6,Fishing,Cook Islands,303.0,21
5262,2015,6,Fishing,Fiji,811.0,78
5263,2015,6,Fishing,Kiribati,15724.0,328
5264,2015,6,Fishing,Marshall Islands,6369.0,192
5265,2015,6,Fishing,Micronesia,8936.0,201
5266,2015,6,Fishing,Nauru,2697.0,95
5267,2015,6,Fishing,Niue,13.0,2
5268,2015,6,Fishing,Palau,97.0,20
5269,2015,6,Fishing,Papua New Guinea,2176.0,50
5270,2015,6,Fishing,Samoa,54.0,14
5271,2015,6,Fishing,Solomon Islands,2174.0,118
5272,2015,6,Fishing,Tokelau,1079.0,54
5273,2015,6,Fishing,Tonga,115.0,6
5274,2015,6,Fishing,Tuvalu,2282.0,74
5275,2015,6,Fishing,Vanuatu,244.0,39
5276,2015,6,Others,Cook Islands,1891.0,51
5277,2015,6,Others,Fiji,8413.0,239
5278,2015,6,Others,Kiribati,1485.0,58
5279,2015,6,Others,Marshall Islands,829.0,40
5280,2015,6,Others,Micronesia,1339.0,94
5281,2015,6,Others,Nauru,214.0,16
5282,2015,6,Others,Niue,400.0,18
5283,2015,6,Others,Palau,274.0,21
5284,2015,6,Others,Papua New Guinea,4484.0,135
5285,2015,6,Others,Samoa,331.0,20
5286,2015,6,Others,Solomon Islands,1532.0,41
5287,2015,6,Others,Tokelau,366.0,9
5288,2015,6,Others,Tonga,1950.0,84
5289,2015,6,Others,Tuvalu,635.0,24
5290,2015,6,Others,Vanuatu,2228.0,62
5291,2015,6,Passenger,Cook Islands,765.0,2
5292,2015,6,Passenger,Fiji,4405.0,13
5293,2015,6,Passenger,Kiribati,21.0,2
5294,2015,6,Passenger,Micronesia,521.0,3
5295,2015,6,Passenger,Niue,337.0,1
5296,2015,6,Passenger,Papua New Guinea,5734.0,35
5297,2015,6,Passenger,Samoa,56.0,2
5298,2015,6,Passenger,Solomon Islands,24.0,2
5299,2015,6,Passenger,Tokelau,19.0,1
5300,2015,6,Passenger,Tonga,1603.0,5
5301,2015,6,Passenger,Tuvalu,0.0,1
5302,2015,6,Passenger,Vanuatu,2941.0,5
5303,2015,6,Tanker,Cook Islands,1095.0,8
5304,2015,6,Tanker,Fiji,1286.0,8
5305,2015,6,Tanker,Kiribati,2703.0,19
5306,2015,6,Tanker,Marshall Islands,1378.0,14
5307,2015,6,Tanker,Micronesia,27706.0,109
5308,2015,6,Tanker,Nauru,1051.0,11
5309,2015,6,Tanker,Niue,218.0,2
5310,2015,6,Tanker,Palau,4335.0,42
5311,2015,6,Tanker,Papua New Guinea,60691.0,161
5312,2015,6,Tanker,Samoa,70.0,2
5313,2015,6,Tanker,Solomon Islands,2266.0,20
5314,2015,6,Tanker,Tonga,449.0,6
5315,2015,6,Tanker,Tuvalu,470.0,8
5316,2015,6,Tanker,Vanuatu,587.0,6
5317,2015,7,Cargo,Cook Islands,7173.0,39
5318,2015,7,Cargo,Fiji,5362.0,40
5319,2015,7,Cargo,Kiribati,8783.0,79
5320,2015,7,Cargo,Marshall Islands,5524.0,80
5321,2015,7,Cargo,Micronesia,130180.0,760
5322,2015,7,Cargo,Nauru,703.0,23
5323,2015,7,Cargo,Niue,1767.0,17
5324,2015,7,Cargo,Palau,33924.0,380
5325,2015,7,Cargo,Papua New Guinea,319395.0,1014
5326,2015,7,Cargo,Samoa,532.0,15
5327,2015,7,Cargo,Solomon Islands,13269.0,139
5328,2015,7,Cargo,Tokelau,322.0,7
5329,2015,7,Cargo,Tonga,2921.0,27
5330,2015,7,Cargo,Tuvalu,1678.0,24
5331,2015,7,Cargo,Vanuatu,3697.0,40
5332,2015,7,Fishing,Cook Islands,445.0,28
5333,2015,7,Fishing,Fiji,1122.0,113
5334,2015,7,Fishing,Kiribati,15781.0,359
5335,2015,7,Fishing,Marshall Islands,7053.0,192
5336,2015,7,Fishing,Micronesia,17848.0,273
5337,2015,7,Fishing,Nauru,1729.0,85
5338,2015,7,Fishing,Niue,37.0,3
5339,2015,7,Fishing,Palau,356.0,37
5340,2015,7,Fishing,Papua New Guinea,1942.0,51
5341,2015,7,Fishing,Samoa,108.0,24
5342,2015,7,Fishing,Solomon Islands,2509.0,126
5343,2015,7,Fishing,Tokelau,885.0,44
5344,2015,7,Fishing,Tonga,131.0,16
5345,2015,7,Fishing,Tuvalu,326.0,35
5346,2015,7,Fishing,Vanuatu,252.0,48
5347,2015,7,Others,Cook Islands,2301.0,64
5348,2015,7,Others,Fiji,7773.0,264
5349,2015,7,Others,Kiribati,1284.0,78
5350,2015,7,Others,Marshall Islands,1330.0,63
5351,2015,7,Others,Micronesia,2913.0,106
5352,2015,7,Others,Nauru,185.0,18
5353,2015,7,Others,Niue,643.0,27
5354,2015,7,Others,Palau,675.0,29
5355,2015,7,Others,Papua New Guinea,4133.0,165
5356,2015,7,Others,Samoa,160.0,10
5357,2015,7,Others,Solomon Islands,948.0,57
5358,2015,7,Others,Tokelau,171.0,7
5359,2015,7,Others,Tonga,1992.0,57
5360,2015,7,Others,Tuvalu,86.0,15
5361,2015,7,Others,Vanuatu,2947.0,87
5362,2015,7,Passenger,Cook Islands,412.0,3
5363,2015,7,Passenger,Fiji,2531.0,12
5364,2015,7,Passenger,Kiribati,568.0,3
5365,2015,7,Passenger,Marshall Islands,11.0,1
5366,2015,7,Passenger,Micronesia,137.0,2
5367,2015,7,Passenger,Papua New Guinea,3648.0,31
5368,2015,7,Passenger,Samoa,748.0,3
5369,2015,7,Passenger,Solomon Islands,34.0,2
5370,2015,7,Passenger,Tokelau,384.0,3
5371,2015,7,Passenger,Tonga,653.0,4
5372,2015,7,Passenger,Tuvalu,22.0,1
5373,2015,7,Passenger,Vanuatu,3345.0,5
5374,2015,7,Tanker,Cook Islands,814.0,5
5375,2015,7,Tanker,Fiji,1736.0,12
5376,2015,7,Tanker,Kiribati,2801.0,13
5377,2015,7,Tanker,Marshall Islands,2289.0,13
5378,2015,7,Tanker,Micronesia,30484.0,112
5379,2015,7,Tanker,Nauru,519.0,13
5380,2015,7,Tanker,Niue,73.0,1
5381,2015,7,Tanker,Palau,7709.0,53
5382,2015,7,Tanker,Papua New Guinea,62351.0,152
5383,2015,7,Tanker,Samoa,207.0,3
5384,2015,7,Tanker,Solomon Islands,3030.0,26
5385,2015,7,Tanker,Tonga,409.0,7
5386,2015,7,Tanker,Tuvalu,254.0,3
5387,2015,7,Tanker,Vanuatu,369.0,6
5388,2015,8,Cargo,Cook Islands,10210.0,43
5389,2015,8,Cargo,Fiji,5552.0,38
5390,2015,8,Cargo,Kiribati,13264.0,76
5391,2015,8,Cargo,Marshall Islands,6925.0,72
5392,2015,8,Cargo,Micronesia,121149.0,708
5393,2015,8,Cargo,Nauru,839.0,23
5394,2015,8,Cargo,Niue,1797.0,19
5395,2015,8,Cargo,Palau,34002.0,360
5396,2015,8,Cargo,Papua New Guinea,324068.0,1024
5397,2015,8,Cargo,Samoa,392.0,12
5398,2015,8,Cargo,Solomon Islands,13486.0,134
5399,2015,8,Cargo,Tokelau,617.0,9
5400,2015,8,Cargo,Tonga,2248.0,21
5401,2015,8,Cargo,Tuvalu,1721.0,17
5402,2015,8,Cargo,Vanuatu,3495.0,41
5403,2015,8,Fishing,Cook Islands,678.0,39
5404,2015,8,Fishing,Fiji,1509.0,156
5405,2015,8,Fishing,Kiribati,25390.0,425
5406,2015,8,Fishing,Marshall Islands,6368.0,182
5407,2015,8,Fishing,Micronesia,5319.0,145
5408,2015,8,Fishing,Nauru,1494.0,65
5409,2015,8,Fishing,Niue,17.0,5
5410,2015,8,Fishing,Palau,429.0,33
5411,2015,8,Fishing,Papua New Guinea,1975.0,45
5412,2015,8,Fishing,Samoa,216.0,41
5413,2015,8,Fishing,Solomon Islands,2422.0,137
5414,2015,8,Fishing,Tokelau,1545.0,68
5415,2015,8,Fishing,Tonga,259.0,29
5416,2015,8,Fishing,Tuvalu,1250.0,51
5417,2015,8,Fishing,Vanuatu,486.0,66
5418,2015,8,Others,Cook Islands,3692.0,109
5419,2015,8,Others,Fiji,6939.0,264
5420,2015,8,Others,Kiribati,1711.0,110
5421,2015,8,Others,Marshall Islands,996.0,50
5422,2015,8,Others,Micronesia,3029.0,157
5423,2015,8,Others,Nauru,125.0,18
5424,2015,8,Others,Niue,1233.0,55
5425,2015,8,Others,Palau,653.0,28
5426,2015,8,Others,Papua New Guinea,2639.0,175
5427,2015,8,Others,Samoa,398.0,32
5428,2015,8,Others,Solomon Islands,1093.0,76
5429,2015,8,Others,Tokelau,223.0,11
5430,2015,8,Others,Tonga,2418.0,105
5431,2015,8,Others,Tuvalu,122.0,23
5432,2015,8,Others,Vanuatu,4206.0,101
5433,2015,8,Passenger,Cook Islands,1417.0,4
5434,2015,8,Passenger,Fiji,2428.0,11
5435,2015,8,Passenger,Kiribati,745.0,4
5436,2015,8,Passenger,Marshall Islands,12.0,1
5437,2015,8,Passenger,Micronesia,118.0,3
5438,2015,8,Passenger,Nauru,0.0,1
5439,2015,8,Passenger,Papua New Guinea,1450.0,27
5440,2015,8,Passenger,Samoa,43.0,2
5441,2015,8,Passenger,Solomon Islands,25.0,2
5442,2015,8,Passenger,Tokelau,13.0,1
5443,2015,8,Passenger,Tonga,2508.0,5
5444,2015,8,Passenger,Tuvalu,19.0,1
5445,2015,8,Passenger,Vanuatu,3937.0,4
5446,2015,8,Tanker,Cook Islands,1143.0,11
5447,2015,8,Tanker,Fiji,2537.0,15
5448,2015,8,Tanker,Kiribati,4858.0,27
5449,2015,8,Tanker,Marshall Islands,2993.0,22
5450,2015,8,Tanker,Micronesia,27186.0,117
5451,2015,8,Tanker,Nauru,943.0,15
5452,2015,8,Tanker,Niue,169.0,3
5453,2015,8,Tanker,Palau,4424.0,49
5454,2015,8,Tanker,Papua New Guinea,62268.0,153
5455,2015,8,Tanker,Samoa,213.0,4
5456,2015,8,Tanker,Solomon Islands,2868.0,27
5457,2015,8,Tanker,Tokelau,38.0,1
5458,2015,8,Tanker,Tonga,476.0,9
5459,2015,8,Tanker,Tuvalu,262.0,3
5460,2015,8,Tanker,Vanuatu,920.0,9
5461,2015,9,Cargo,Cook Islands,8968.0,45
5462,2015,9,Cargo,Fiji,7335.0,47
5463,2015,9,Cargo,Kiribati,13052.0,90
5464,2015,9,Cargo,Marshall Islands,7494.0,78
5465,2015,9,Cargo,Micronesia,123451.0,718
5466,2015,9,Cargo,Nauru,991.0,16
5467,2015,9,Cargo,Niue,1746.0,18
5468,2015,9,Cargo,Palau,34021.0,368
5469,2015,9,Cargo,Papua New Guinea,323773.0,1000
5470,2015,9,Cargo,Samoa,566.0,15
5471,2015,9,Cargo,Solomon Islands,14959.0,143
5472,2015,9,Cargo,Tokelau,507.0,9
5473,2015,9,Cargo,Tonga,2266.0,22
5474,2015,9,Cargo,Tuvalu,1411.0,23
5475,2015,9,Cargo,Vanuatu,3798.0,37
5476,2015,9,Fishing,Cook Islands,732.0,51
5477,2015,9,Fishing,Fiji,1631.0,164
5478,2015,9,Fishing,Kiribati,26114.0,475
5479,2015,9,Fishing,Marshall Islands,5873.0,154
5480,2015,9,Fishing,Micronesia,4639.0,143
5481,2015,9,Fishing,Nauru,1786.0,72
5482,2015,9,Fishing,Niue,55.0,11
5483,2015,9,Fishing,Palau,589.0,42
5484,2015,9,Fishing,Papua New Guinea,2735.0,60
5485,2015,9,Fishing,Samoa,232.0,50
5486,2015,9,Fishing,Solomon Islands,2616.0,143
5487,2015,9,Fishing,Tokelau,2081.0,90
5488,2015,9,Fishing,Tonga,370.0,47
5489,2015,9,Fishing,Tuvalu,1590.0,63
5490,2015,9,Fishing,Vanuatu,729.0,79
5491,2015,9,Others,Cook Islands,2682.0,57
5492,2015,9,Others,Fiji,7822.0,233
5493,2015,9,Others,Kiribati,2271.0,71
5494,2015,9,Others,Marshall Islands,1142.0,34
5495,2015,9,Others,Micronesia,4675.0,119
5496,2015,9,Others,Nauru,401.0,14
5497,2015,9,Others,Niue,785.0,29
5498,2015,9,Others,Palau,445.0,14
5499,2015,9,Others,Papua New Guinea,2799.0,125
5500,2015,9,Others,Samoa,512.0,23
5501,2015,9,Others,Solomon Islands,879.0,53
5502,2015,9,Others,Tokelau,482.0,14
5503,2015,9,Others,Tonga,2455.0,97
5504,2015,9,Others,Tuvalu,343.0,22
5505,2015,9,Others,Vanuatu,3155.0,107
5506,2015,9,Passenger,Cook Islands,306.0,2
5507,2015,9,Passenger,Fiji,2667.0,11
5508,2015,9,Passenger,Kiribati,5384.0,7
5509,2015,9,Passenger,Marshall Islands,3.0,1
5510,2015,9,Passenger,Micronesia,183.0,4
5511,2015,9,Passenger,Nauru,38.0,1
5512,2015,9,Passenger,Palau,23.0,1
5513,2015,9,Passenger,Papua New Guinea,4751.0,33
5514,2015,9,Passenger,Samoa,542.0,4
5515,2015,9,Passenger,Solomon Islands,88.0,2
5516,2015,9,Passenger,Tokelau,357.0,3
5517,2015,9,Passenger,Tonga,844.0,5
5518,2015,9,Passenger,Tuvalu,53.0,1
5519,2015,9,Passenger,Vanuatu,3022.0,6
5520,2015,9,Tanker,Cook Islands,840.0,8
5521,2015,9,Tanker,Fiji,1762.0,13
5522,2015,9,Tanker,Kiribati,3269.0,18
5523,2015,9,Tanker,Marshall Islands,2332.0,18
5524,2015,9,Tanker,Micronesia,24715.0,110
5525,2015,9,Tanker,Nauru,556.0,10
5526,2015,9,Tanker,Niue,23.0,1
5527,2015,9,Tanker,Palau,5580.0,55
5528,2015,9,Tanker,Papua New Guinea,65925.0,174
5529,2015,9,Tanker,Samoa,270.0,4
5530,2015,9,Tanker,Solomon Islands,2853.0,22
5531,2015,9,Tanker,Tokelau,45.0,1
5532,2015,9,Tanker,Tonga,382.0,8
5533,2015,9,Tanker,Tuvalu,386.0,5
5534,2015,9,Tanker,Vanuatu,494.0,7
5535,2015,10,Cargo,Cook Islands,8439.0,38
5536,2015,10,Cargo,Fiji,5967.0,42
5537,2015,10,Cargo,Kiribati,13729.0,110
5538,2015,10,Cargo,Marshall Islands,9508.0,90
5539,2015,10,Cargo,Micronesia,129304.0,706
5540,2015,10,Cargo,Nauru,719.0,17
5541,2015,10,Cargo,Niue,1332.0,15
5542,2015,10,Cargo,Palau,32344.0,364
5543,2015,10,Cargo,Papua New Guinea,326256.0,1011
5544,2015,10,Cargo,Samoa,565.0,17
5545,2015,10,Cargo,Solomon Islands,15439.0,147
5546,2015,10,Cargo,Tokelau,259.0,6
5547,2015,10,Cargo,Tonga,2380.0,21
5548,2015,10,Cargo,Tuvalu,1017.0,19
5549,2015,10,Cargo,Vanuatu,2544.0,28
5550,2015,10,Fishing,Cook Islands,566.0,37
5551,2015,10,Fishing,Fiji,1353.0,138
5552,2015,10,Fishing,Kiribati,24956.0,479
5553,2015,10,Fishing,Marshall Islands,5945.0,146
5554,2015,10,Fishing,Micronesia,5544.0,112
5555,2015,10,Fishing,Nauru,2149.0,80
5556,2015,10,Fishing,Niue,35.0,7
5557,2015,10,Fishing,Palau,587.0,38
5558,2015,10,Fishing,Papua New Guinea,2164.0,63
5559,2015,10,Fishing,Samoa,232.0,31
5560,2015,10,Fishing,Solomon Islands,3076.0,135
5561,2015,10,Fishing,Tokelau,1194.0,67
5562,2015,10,Fishing,Tonga,113.0,20
5563,2015,10,Fishing,Tuvalu,3067.0,84
5564,2015,10,Fishing,Vanuatu,885.0,98
5565,2015,10,Others,Cook Islands,2059.0,47
5566,2015,10,Others,Fiji,7891.0,204
5567,2015,10,Others,Kiribati,1914.0,76
5568,2015,10,Others,Marshall Islands,1783.0,46
5569,2015,10,Others,Micronesia,4025.0,112
5570,2015,10,Others,Nauru,523.0,15
5571,2015,10,Others,Niue,478.0,22
5572,2015,10,Others,Palau,704.0,14
5573,2015,10,Others,Papua New Guinea,2068.0,116
5574,2015,10,Others,Samoa,249.0,17
5575,2015,10,Others,Solomon Islands,1428.0,37
5576,2015,10,Others,Tokelau,638.0,12
5577,2015,10,Others,Tonga,2034.0,70
5578,2015,10,Others,Tuvalu,421.0,18
5579,2015,10,Others,Vanuatu,2229.0,73
5580,2015,10,Passenger,Cook Islands,4863.0,10
5581,2015,10,Passenger,Fiji,9050.0,23
5582,2015,10,Passenger,Kiribati,3799.0,11
5583,2015,10,Passenger,Marshall Islands,1143.0,2
5584,2015,10,Passenger,Micronesia,616.0,5
5585,2015,10,Passenger,Niue,696.0,6
5586,2015,10,Passenger,Papua New Guinea,5326.0,37
5587,2015,10,Passenger,Samoa,1510.0,9
5588,2015,10,Passenger,Solomon Islands,262.0,4
5589,2015,10,Passenger,Tokelau,1422.0,7
5590,2015,10,Passenger,Tonga,5248.0,16
5591,2015,10,Passenger,Tuvalu,81.0,1
5592,2015,10,Passenger,Vanuatu,3697.0,18
5593,2015,10,Tanker,Cook Islands,1457.0,9
5594,2015,10,Tanker,Fiji,1579.0,13
5595,2015,10,Tanker,Kiribati,4982.0,22
5596,2015,10,Tanker,Marshall Islands,1877.0,14
5597,2015,10,Tanker,Micronesia,24028.0,100
5598,2015,10,Tanker,Nauru,478.0,10
5599,2015,10,Tanker,Niue,318.0,3
5600,2015,10,Tanker,Palau,3972.0,40
5601,2015,10,Tanker,Papua New Guinea,62049.0,152
5602,2015,10,Tanker,Samoa,334.0,4
5603,2015,10,Tanker,Solomon Islands,2316.0,15
5604,2015,10,Tanker,Tokelau,75.0,2
5605,2015,10,Tanker,Tonga,764.0,8
5606,2015,10,Tanker,Tuvalu,224.0,6
5607,2015,10,Tanker,Vanuatu,383.0,6
5608,2015,11,Cargo,Cook Islands,9074.0,46
5609,2015,11,Cargo,Fiji,5586.0,42
5610,2015,11,Cargo,Kiribati,13622.0,116
5611,2015,11,Cargo,Marshall Islands,8213.0,84
5612,2015,11,Cargo,Micronesia,128133.0,745
5613,2015,11,Cargo,Nauru,786.0,23
5614,2015,11,Cargo,Niue,1729.0,23
5615,2015,11,Cargo,Palau,34830.0,406
5616,2015,11,Cargo,Papua New Guinea,332464.0,1056
5617,2015,11,Cargo,Samoa,1132.0,19
5618,2015,11,Cargo,Solomon Islands,16408.0,153
5619,2015,11,Cargo,Tokelau,730.0,9
5620,2015,11,Cargo,Tonga,2409.0,27
5621,2015,11,Cargo,Tuvalu,1910.0,24
5622,2015,11,Cargo,Vanuatu,2899.0,30
5623,2015,11,Fishing,Cook Islands,822.0,25
5624,2015,11,Fishing,Fiji,1425.0,136
5625,2015,11,Fishing,Kiribati,22812.0,409
5626,2015,11,Fishing,Marshall Islands,4152.0,128
5627,2015,11,Fishing,Micronesia,5669.0,134
5628,2015,11,Fishing,Nauru,476.0,33
5629,2015,11,Fishing,Niue,29.0,4
5630,2015,11,Fishing,Palau,542.0,35
5631,2015,11,Fishing,Papua New Guinea,3364.0,72
5632,2015,11,Fishing,Samoa,271.0,28
5633,2015,11,Fishing,Solomon Islands,5303.0,178
5634,2015,11,Fishing,Tokelau,1460.0,57
5635,2015,11,Fishing,Tonga,153.0,21
5636,2015,11,Fishing,Tuvalu,3667.0,87
5637,2015,11,Fishing,Vanuatu,1038.0,116
5638,2015,11,Others,Cook Islands,632.0,24
5639,2015,11,Others,Fiji,4809.0,141
5640,2015,11,Others,Kiribati,2746.0,87
5641,2015,11,Others,Marshall Islands,1249.0,38
5642,2015,11,Others,Micronesia,3522.0,145
5643,2015,11,Others,Nauru,481.0,17
5644,2015,11,Others,Niue,192.0,8
5645,2015,11,Others,Palau,501.0,19
5646,2015,11,Others,Papua New Guinea,2477.0,157
5647,2015,11,Others,Samoa,541.0,19
5648,2015,11,Others,Solomon Islands,878.0,50
5649,2015,11,Others,Tokelau,60.0,6
5650,2015,11,Others,Tonga,1157.0,48
5651,2015,11,Others,Tuvalu,1068.0,39
5652,2015,11,Others,Vanuatu,1072.0,32
5653,2015,11,Passenger,Cook Islands,1440.0,8
5654,2015,11,Passenger,Fiji,1821.0,12
5655,2015,11,Passenger,Kiribati,1273.0,7
5656,2015,11,Passenger,Marshall Islands,607.0,3
5657,2015,11,Passenger,Micronesia,129.0,5
5658,2015,11,Passenger,Niue,116.0,2
5659,2015,11,Passenger,Papua New Guinea,7134.0,36
5660,2015,11,Passenger,Samoa,257.0,4
5661,2015,11,Passenger,Solomon Islands,0.0,1
5662,2015,11,Passenger,Tokelau,182.0,4
5663,2015,11,Passenger,Tonga,257.0,5
5664,2015,11,Passenger,Tuvalu,57.0,1
5665,2015,11,Passenger,Vanuatu,3648.0,11
5666,2015,11,Tanker,Cook Islands,935.0,7
5667,2015,11,Tanker,Fiji,3071.0,18
5668,2015,11,Tanker,Kiribati,3709.0,16
5669,2015,11,Tanker,Marshall Islands,1439.0,12
5670,2015,11,Tanker,Micronesia,25241.0,96
5671,2015,11,Tanker,Nauru,430.0,8
5672,2015,11,Tanker,Niue,341.0,5
5673,2015,11,Tanker,Palau,4886.0,53
5674,2015,11,Tanker,Papua New Guinea,66316.0,166
5675,2015,11,Tanker,Samoa,66.0,2
5676,2015,11,Tanker,Solomon Islands,2773.0,26
5677,2015,11,Tanker,Tokelau,12.0,1
5678,2015,11,Tanker,Tonga,616.0,8
5679,2015,11,Tanker,Tuvalu,275.0,7
5680,2015,11,Tanker,Vanuatu,823.0,12
5681,2015,12,Cargo,Cook Islands,7727.0,41
5682,2015,12,Cargo,Fiji,6266.0,41
5683,2015,12,Cargo,Kiribati,13135.0,116
5684,2015,12,Cargo,Marshall Islands,8205.0,84
5685,2015,12,Cargo,Micronesia,136259.0,755
5686,2015,12,Cargo,Nauru,1102.0,29
5687,2015,12,Cargo,Niue,1709.0,18
5688,2015,12,Cargo,Palau,31784.0,347
5689,2015,12,Cargo,Papua New Guinea,338415.0,1044
5690,2015,12,Cargo,Samoa,842.0,17
5691,2015,12,Cargo,Solomon Islands,18893.0,157
5692,2015,12,Cargo,Tokelau,1169.0,13
5693,2015,12,Cargo,Tonga,2253.0,23
5694,2015,12,Cargo,Tuvalu,1726.0,28
5695,2015,12,Cargo,Vanuatu,3087.0,30
5696,2015,12,Fishing,Cook Islands,713.0,20
5697,2015,12,Fishing,Fiji,1515.0,156
5698,2015,12,Fishing,Kiribati,19608.0,420
5699,2015,12,Fishing,Marshall Islands,6173.0,190
5700,2015,12,Fishing,Micronesia,8869.0,205
5701,2015,12,Fishing,Nauru,3536.0,104
5702,2015,12,Fishing,Niue,11.0,3
5703,2015,12,Fishing,Palau,547.0,40
5704,2015,12,Fishing,Papua New Guinea,1999.0,42
5705,2015,12,Fishing,Samoa,494.0,34
5706,2015,12,Fishing,Solomon Islands,5821.0,192
5707,2015,12,Fishing,Tokelau,1165.0,54
5708,2015,12,Fishing,Tonga,150.0,16
5709,2015,12,Fishing,Tuvalu,2595.0,70
5710,2015,12,Fishing,Vanuatu,1294.0,122
5711,2015,12,Others,Cook Islands,563.0,54
5712,2015,12,Others,Fiji,2528.0,75
5713,2015,12,Others,Kiribati,3792.0,112
5714,2015,12,Others,Marshall Islands,890.0,57
5715,2015,12,Others,Micronesia,3735.0,105
5716,2015,12,Others,Nauru,432.0,8
5717,2015,12,Others,Niue,20.0,2
5718,2015,12,Others,Palau,665.0,31
5719,2015,12,Others,Papua New Guinea,2319.0,154
5720,2015,12,Others,Samoa,563.0,7
5721,2015,12,Others,Solomon Islands,2189.0,56
5722,2015,12,Others,Tokelau,47.0,3
5723,2015,12,Others,Tonga,165.0,18
5724,2015,12,Others,Tuvalu,1774.0,41
5725,2015,12,Others,Vanuatu,921.0,32
5726,2015,12,Passenger,Cook Islands,522.0,3
5727,2015,12,Passenger,Fiji,4482.0,14
5728,2015,12,Passenger,Kiribati,50.0,3
5729,2015,12,Passenger,Micronesia,527.0,5
5730,2015,12,Passenger,Niue,28.0,1
5731,2015,12,Passenger,Papua New Guinea,3377.0,39
5732,2015,12,Passenger,Samoa,73.0,1
5733,2015,12,Passenger,Solomon Islands,693.0,5
5734,2015,12,Passenger,Tokelau,46.0,2
5735,2015,12,Passenger,Tonga,345.0,5
5736,2015,12,Passenger,Vanuatu,8755.0,20
5737,2015,12,Tanker,Cook Islands,980.0,9
5738,2015,12,Tanker,Fiji,2364.0,12
5739,2015,12,Tanker,Kiribati,4928.0,22
5740,2015,12,Tanker,Marshall Islands,3406.0,17
5741,2015,12,Tanker,Micronesia,35866.0,121
5742,2015,12,Tanker,Nauru,781.0,10
5743,2015,12,Tanker,Niue,313.0,4
5744,2015,12,Tanker,Palau,3934.0,42
5745,2015,12,Tanker,Papua New Guinea,72016.0,158
5746,2015,12,Tanker,Samoa,172.0,4
5747,2015,12,Tanker,Solomon Islands,3619.0,26
5748,2015,12,Tanker,Tonga,941.0,9
5749,2015,12,Tanker,Tuvalu,354.0,5
5750,2015,12,Tanker,Vanuatu,721.0,9
5751,2016,1,Cargo,Cook Islands,8615.0,49
5752,2016,1,Cargo,Fiji,8218.0,54
5753,2016,1,Cargo,Kiribati,13965.0,116
5754,2016,1,Cargo,Marshall Islands,9189.0,86
5755,2016,1,Cargo,Micronesia,126765.0,730
5756,2016,1,Cargo,Nauru,934.0,21
5757,2016,1,Cargo,Niue,1307.0,14
5758,2016,1,Cargo,Palau,28549.0,315
5759,2016,1,Cargo,Papua New Guinea,318225.0,966
5760,2016,1,Cargo,Samoa,525.0,16
5761,2016,1,Cargo,Solomon Islands,15582.0,130
5762,2016,1,Cargo,Tokelau,1147.0,21
5763,2016,1,Cargo,Tonga,2615.0,23
5764,2016,1,Cargo,Tuvalu,1626.0,27
5765,2016,1,Cargo,Vanuatu,2827.0,28
5766,2016,1,Fishing,Cook Islands,264.0,14
5767,2016,1,Fishing,Fiji,1530.0,163
5768,2016,1,Fishing,Kiribati,11626.0,337
5769,2016,1,Fishing,Marshall Islands,4790.0,169
5770,2016,1,Fishing,Micronesia,6027.0,168
5771,2016,1,Fishing,Nauru,4419.0,111
5772,2016,1,Fishing,Niue,15.0,4
5773,2016,1,Fishing,Palau,658.0,47
5774,2016,1,Fishing,Papua New Guinea,5265.0,120
5775,2016,1,Fishing,Samoa,312.0,32
5776,2016,1,Fishing,Solomon Islands,8850.0,210
5777,2016,1,Fishing,Tokelau,884.0,51
5778,2016,1,Fishing,Tonga,110.0,15
5779,2016,1,Fishing,Tuvalu,1984.0,71
5780,2016,1,Fishing,Vanuatu,1369.0,114
5781,2016,1,Others,Cook Islands,347.0,22
5782,2016,1,Others,Fiji,632.0,38
5783,2016,1,Others,Kiribati,1927.0,89
5784,2016,1,Others,Marshall Islands,760.0,50
5785,2016,1,Others,Micronesia,3191.0,79
5786,2016,1,Others,Nauru,322.0,22
5787,2016,1,Others,Niue,12.0,5
5788,2016,1,Others,Palau,174.0,15
5789,2016,1,Others,Papua New Guinea,2439.0,113
5790,2016,1,Others,Samoa,325.0,5
5791,2016,1,Others,Solomon Islands,343.0,33
5792,2016,1,Others,Tokelau,244.0,6
5793,2016,1,Others,Tonga,17.0,6
5794,2016,1,Others,Tuvalu,117.0,40
5795,2016,1,Others,Vanuatu,313.0,16
5796,2016,1,Passenger,Cook Islands,817.0,2
5797,2016,1,Passenger,Fiji,3084.0,14
5798,2016,1,Passenger,Kiribati,80.0,2
5799,2016,1,Passenger,Micronesia,50.0,2
5800,2016,1,Passenger,Nauru,10.0,2
5801,2016,1,Passenger,Palau,162.0,1
5802,2016,1,Passenger,Papua New Guinea,3704.0,28
5803,2016,1,Passenger,Samoa,53.0,1
5804,2016,1,Passenger,Solomon Islands,1018.0,2
5805,2016,1,Passenger,Tokelau,157.0,3
5806,2016,1,Passenger,Tonga,197.0,4
5807,2016,1,Passenger,Vanuatu,8268.0,15
5808,2016,1,Tanker,Cook Islands,943.0,6
5809,2016,1,Tanker,Fiji,2295.0,13
5810,2016,1,Tanker,Kiribati,2960.0,18
5811,2016,1,Tanker,Marshall Islands,3633.0,19
5812,2016,1,Tanker,Micronesia,37910.0,120
5813,2016,1,Tanker,Nauru,607.0,10
5814,2016,1,Tanker,Niue,281.0,4
5815,2016,1,Tanker,Palau,4690.0,43
5816,2016,1,Tanker,Papua New Guinea,84102.0,173
5817,2016,1,Tanker,Samoa,109.0,2
5818,2016,1,Tanker,Solomon Islands,3195.0,23
5819,2016,1,Tanker,Tonga,802.0,7
5820,2016,1,Tanker,Tuvalu,323.0,4
5821,2016,1,Tanker,Vanuatu,591.0,5
5822,2016,2,Cargo,Cook Islands,9403.0,47
5823,2016,2,Cargo,Fiji,5752.0,41
5824,2016,2,Cargo,Kiribati,11680.0,92
5825,2016,2,Cargo,Marshall Islands,7284.0,84
5826,2016,2,Cargo,Micronesia,121594.0,697
5827,2016,2,Cargo,Nauru,614.0,14
5828,2016,2,Cargo,Niue,1236.0,17
5829,2016,2,Cargo,Palau,30920.0,327
5830,2016,2,Cargo,Papua New Guinea,314722.0,982
5831,2016,2,Cargo,Samoa,593.0,16
5832,2016,2,Cargo,Solomon Islands,15763.0,145
5833,2016,2,Cargo,Tokelau,914.0,12
5834,2016,2,Cargo,Tonga,2085.0,18
5835,2016,2,Cargo,Tuvalu,1854.0,22
5836,2016,2,Cargo,Vanuatu,3653.0,34
5837,2016,2,Fishing,Cook Islands,619.0,20
5838,2016,2,Fishing,Fiji,1118.0,138
5839,2016,2,Fishing,Kiribati,12905.0,284
5840,2016,2,Fishing,Marshall Islands,3643.0,158
5841,2016,2,Fishing,Micronesia,6718.0,191
5842,2016,2,Fishing,Nauru,1022.0,41
5843,2016,2,Fishing,Niue,44.0,4
5844,2016,2,Fishing,Palau,462.0,32
5845,2016,2,Fishing,Papua New Guinea,11341.0,164
5846,2016,2,Fishing,Samoa,177.0,28
5847,2016,2,Fishing,Solomon Islands,9864.0,251
5848,2016,2,Fishing,Tokelau,964.0,44
5849,2016,2,Fishing,Tonga,88.0,9
5850,2016,2,Fishing,Tuvalu,1808.0,74
5851,2016,2,Fishing,Vanuatu,1010.0,95
5852,2016,2,Others,Cook Islands,484.0,23
5853,2016,2,Others,Fiji,981.0,35
5854,2016,2,Others,Kiribati,1600.0,97
5855,2016,2,Others,Marshall Islands,1462.0,58
5856,2016,2,Others,Micronesia,3540.0,71
5857,2016,2,Others,Nauru,291.0,42
5858,2016,2,Others,Niue,28.0,3
5859,2016,2,Others,Palau,508.0,22
5860,2016,2,Others,Papua New Guinea,3000.0,93
5861,2016,2,Others,Samoa,44.0,6
5862,2016,2,Others,Solomon Islands,407.0,34
5863,2016,2,Others,Tokelau,313.0,5
5864,2016,2,Others,Tonga,80.0,7
5865,2016,2,Others,Tuvalu,397.0,30
5866,2016,2,Others,Vanuatu,202.0,11
5867,2016,2,Passenger,Cook Islands,6165.0,9
5868,2016,2,Passenger,Fiji,5761.0,18
5869,2016,2,Passenger,Kiribati,822.0,5
5870,2016,2,Passenger,Micronesia,327.0,3
5871,2016,2,Passenger,Niue,689.0,2
5872,2016,2,Passenger,Papua New Guinea,5316.0,47
5873,2016,2,Passenger,Samoa,880.0,5
5874,2016,2,Passenger,Solomon Islands,754.0,6
5875,2016,2,Passenger,Tokelau,163.0,2
5876,2016,2,Passenger,Tonga,3370.0,11
5877,2016,2,Passenger,Vanuatu,9107.0,18
5878,2016,2,Tanker,Cook Islands,595.0,8
5879,2016,2,Tanker,Fiji,2143.0,10
5880,2016,2,Tanker,Kiribati,2141.0,14
5881,2016,2,Tanker,Marshall Islands,3475.0,15
5882,2016,2,Tanker,Micronesia,34639.0,119
5883,2016,2,Tanker,Nauru,325.0,6
5884,2016,2,Tanker,Niue,57.0,1
5885,2016,2,Tanker,Palau,3789.0,39
5886,2016,2,Tanker,Papua New Guinea,78189.0,169
5887,2016,2,Tanker,Samoa,222.0,4
5888,2016,2,Tanker,Solomon Islands,4175.0,30
5889,2016,2,Tanker,Tonga,722.0,7
5890,2016,2,Tanker,Tuvalu,212.0,4
5891,2016,2,Tanker,Vanuatu,479.0,6
5892,2016,3,Cargo,Cook Islands,6943.0,33
5893,2016,3,Cargo,Fiji,7217.0,42
5894,2016,3,Cargo,Kiribati,11153.0,90
5895,2016,3,Cargo,Marshall Islands,6982.0,80
5896,2016,3,Cargo,Micronesia,139240.0,738
5897,2016,3,Cargo,Nauru,1206.0,19
5898,2016,3,Cargo,Niue,1116.0,15
5899,2016,3,Cargo,Palau,31935.0,319
5900,2016,3,Cargo,Papua New Guinea,344002.0,1020
5901,2016,3,Cargo,Samoa,793.0,15
5902,2016,3,Cargo,Solomon Islands,20619.0,171
5903,2016,3,Cargo,Tokelau,1507.0,12
5904,2016,3,Cargo,Tonga,1925.0,20
5905,2016,3,Cargo,Tuvalu,2259.0,27
5906,2016,3,Cargo,Vanuatu,3076.0,27
5907,2016,3,Fishing,Cook Islands,962.0,31
5908,2016,3,Fishing,Fiji,1813.0,167
5909,2016,3,Fishing,Kiribati,12840.0,312
5910,2016,3,Fishing,Marshall Islands,4386.0,165
5911,2016,3,Fishing,Micronesia,6503.0,178
5912,2016,3,Fishing,Nauru,2209.0,80
5913,2016,3,Fishing,Niue,67.0,7
5914,2016,3,Fishing,Palau,561.0,36
5915,2016,3,Fishing,Papua New Guinea,10321.0,168
5916,2016,3,Fishing,Samoa,278.0,28
5917,2016,3,Fishing,Solomon Islands,8827.0,228
5918,2016,3,Fishing,Tokelau,1071.0,58
5919,2016,3,Fishing,Tonga,133.0,16
5920,2016,3,Fishing,Tuvalu,6385.0,145
5921,2016,3,Fishing,Vanuatu,869.0,101
5922,2016,3,Others,Cook Islands,756.0,26
5923,2016,3,Others,Fiji,2288.0,44
5924,2016,3,Others,Kiribati,1359.0,63
5925,2016,3,Others,Marshall Islands,800.0,45
5926,2016,3,Others,Micronesia,2571.0,85
5927,2016,3,Others,Nauru,266.0,14
5928,2016,3,Others,Niue,59.0,3
5929,2016,3,Others,Palau,520.0,21
5930,2016,3,Others,Papua New Guinea,3864.0,120
5931,2016,3,Others,Samoa,94.0,7
5932,2016,3,Others,Solomon Islands,637.0,28
5933,2016,3,Others,Tokelau,551.0,13
5934,2016,3,Others,Tonga,144.0,6
5935,2016,3,Others,Tuvalu,318.0,29
5936,2016,3,Others,Vanuatu,138.0,12
5937,2016,3,Passenger,Cook Islands,1522.0,5
5938,2016,3,Passenger,Fiji,9115.0,24
5939,2016,3,Passenger,Kiribati,752.0,5
5940,2016,3,Passenger,Marshall Islands,538.0,1
5941,2016,3,Passenger,Micronesia,652.0,6
5942,2016,3,Passenger,Palau,2078.0,4
5943,2016,3,Passenger,Papua New Guinea,7613.0,43
5944,2016,3,Passenger,Samoa,397.0,4
5945,2016,3,Passenger,Solomon Islands,12.0,2
5946,2016,3,Passenger,Tokelau,18.0,1
5947,2016,3,Passenger,Tonga,1588.0,9
5948,2016,3,Passenger,Vanuatu,8297.0,16
5949,2016,3,Tanker,Cook Islands,1365.0,9
5950,2016,3,Tanker,Fiji,2420.0,11
5951,2016,3,Tanker,Kiribati,2605.0,19
5952,2016,3,Tanker,Marshall Islands,3071.0,15
5953,2016,3,Tanker,Micronesia,34987.0,109
5954,2016,3,Tanker,Nauru,270.0,6
5955,2016,3,Tanker,Niue,546.0,6
5956,2016,3,Tanker,Palau,4589.0,49
5957,2016,3,Tanker,Papua New Guinea,84770.0,171
5958,2016,3,Tanker,Samoa,157.0,3
5959,2016,3,Tanker,Solomon Islands,5134.0,32
5960,2016,3,Tanker,Tokelau,58.0,2
5961,2016,3,Tanker,Tonga,801.0,8
5962,2016,3,Tanker,Tuvalu,475.0,6
5963,2016,3,Tanker,Vanuatu,438.0,6
5964,2016,4,Cargo,Cook Islands,8538.0,46
5965,2016,4,Cargo,Fiji,7122.0,41
5966,2016,4,Cargo,Kiribati,13784.0,101
5967,2016,4,Cargo,Marshall Islands,9603.0,84
5968,2016,4,Cargo,Micronesia,131601.0,725
5969,2016,4,Cargo,Nauru,697.0,14
5970,2016,4,Cargo,Niue,1729.0,20
5971,2016,4,Cargo,Palau,35584.0,371
5972,2016,4,Cargo,Papua New Guinea,339766.0,1014
5973,2016,4,Cargo,Samoa,736.0,15
5974,2016,4,Cargo,Solomon Islands,19223.0,172
5975,2016,4,Cargo,Tokelau,848.0,11
5976,2016,4,Cargo,Tonga,2213.0,25
5977,2016,4,Cargo,Tuvalu,1199.0,22
5978,2016,4,Cargo,Vanuatu,3201.0,28
5979,2016,4,Fishing,Cook Islands,1329.0,41
5980,2016,4,Fishing,Fiji,1647.0,171
5981,2016,4,Fishing,Kiribati,8568.0,247
5982,2016,4,Fishing,Marshall Islands,3749.0,140
5983,2016,4,Fishing,Micronesia,12798.0,275
5984,2016,4,Fishing,Nauru,2001.0,82
5985,2016,4,Fishing,Niue,143.0,10
5986,2016,4,Fishing,Palau,510.0,31
5987,2016,4,Fishing,Papua New Guinea,17074.0,214
5988,2016,4,Fishing,Samoa,296.0,39
5989,2016,4,Fishing,Solomon Islands,7307.0,191
5990,2016,4,Fishing,Tokelau,1066.0,68
5991,2016,4,Fishing,Tonga,146.0,21
5992,2016,4,Fishing,Tuvalu,2682.0,99
5993,2016,4,Fishing,Vanuatu,903.0,88
5994,2016,4,Others,Cook Islands,1699.0,26
5995,2016,4,Others,Fiji,1237.0,52
5996,2016,4,Others,Kiribati,877.0,58
5997,2016,4,Others,Marshall Islands,533.0,46
5998,2016,4,Others,Micronesia,2251.0,88
5999,2016,4,Others,Nauru,283.0,18
6000,2016,4,Others,Niue,15.0,3
6001,2016,4,Others,Palau,511.0,26
6002,2016,4,Others,Papua New Guinea,4376.0,119
6003,2016,4,Others,Samoa,198.0,10
6004,2016,4,Others,Solomon Islands,905.0,22
6005,2016,4,Others,Tokelau,430.0,5
6006,2016,4,Others,Tonga,153.0,7
6007,2016,4,Others,Tuvalu,66.0,26
6008,2016,4,Others,Vanuatu,328.0,16
6009,2016,4,Passenger,Cook Islands,4103.0,5
6010,2016,4,Passenger,Fiji,7965.0,23
6011,2016,4,Passenger,Kiribati,6014.0,10
6012,2016,4,Passenger,Micronesia,618.0,2
6013,2016,4,Passenger,Niue,807.0,3
6014,2016,4,Passenger,Papua New Guinea,6092.0,38
6015,2016,4,Passenger,Samoa,1206.0,4
6016,2016,4,Passenger,Solomon Islands,427.0,2
6017,2016,4,Passenger,Tokelau,469.0,2
6018,2016,4,Passenger,Tonga,2311.0,9
6019,2016,4,Passenger,Vanuatu,4895.0,11
6020,2016,4,Tanker,Cook Islands,1169.0,4
6021,2016,4,Tanker,Fiji,2527.0,15
6022,2016,4,Tanker,Kiribati,1644.0,18
6023,2016,4,Tanker,Marshall Islands,4382.0,15
6024,2016,4,Tanker,Micronesia,33174.0,101
6025,2016,4,Tanker,Nauru,197.0,6
6026,2016,4,Tanker,Niue,65.0,1
6027,2016,4,Tanker,Palau,5660.0,50
6028,2016,4,Tanker,Papua New Guinea,83825.0,168
6029,2016,4,Tanker,Samoa,139.0,3
6030,2016,4,Tanker,Solomon Islands,4126.0,31
6031,2016,4,Tanker,Tokelau,296.0,4
6032,2016,4,Tanker,Tonga,572.0,7
6033,2016,4,Tanker,Tuvalu,749.0,9
6034,2016,4,Tanker,Vanuatu,886.0,11
6035,2016,5,Cargo,Cook Islands,7653.0,45
6036,2016,5,Cargo,Fiji,7846.0,43
6037,2016,5,Cargo,Kiribati,12459.0,81
6038,2016,5,Cargo,Marshall Islands,7823.0,75
6039,2016,5,Cargo,Micronesia,141632.0,738
6040,2016,5,Cargo,Nauru,855.0,21
6041,2016,5,Cargo,Niue,1249.0,16
6042,2016,5,Cargo,Palau,36471.0,373
6043,2016,5,Cargo,Papua New Guinea,357947.0,1040
6044,2016,5,Cargo,Samoa,998.0,17
6045,2016,5,Cargo,Solomon Islands,19417.0,164
6046,2016,5,Cargo,Tokelau,807.0,10
6047,2016,5,Cargo,Tonga,2215.0,23
6048,2016,5,Cargo,Tuvalu,1592.0,18
6049,2016,5,Cargo,Vanuatu,3950.0,34
6050,2016,5,Fishing,Cook Islands,1684.0,46
6051,2016,5,Fishing,Fiji,1465.0,147
6052,2016,5,Fishing,Kiribati,7153.0,233
6053,2016,5,Fishing,Marshall Islands,11615.0,247
6054,2016,5,Fishing,Micronesia,19757.0,294
6055,2016,5,Fishing,Nauru,2686.0,113
6056,2016,5,Fishing,Niue,95.0,14
6057,2016,5,Fishing,Palau,488.0,27
6058,2016,5,Fishing,Papua New Guinea,6123.0,159
6059,2016,5,Fishing,Samoa,102.0,30
6060,2016,5,Fishing,Solomon Islands,4520.0,182
6061,2016,5,Fishing,Tokelau,1018.0,44
6062,2016,5,Fishing,Tonga,179.0,28
6063,2016,5,Fishing,Tuvalu,753.0,44
6064,2016,5,Fishing,Vanuatu,900.0,78
6065,2016,5,Others,Cook Islands,3391.0,66
6066,2016,5,Others,Fiji,2930.0,108
6067,2016,5,Others,Kiribati,1307.0,82
6068,2016,5,Others,Marshall Islands,1176.0,79
6069,2016,5,Others,Micronesia,2307.0,90
6070,2016,5,Others,Nauru,99.0,11
6071,2016,5,Others,Niue,703.0,37
6072,2016,5,Others,Palau,804.0,27
6073,2016,5,Others,Papua New Guinea,3199.0,129
6074,2016,5,Others,Samoa,223.0,16
6075,2016,5,Others,Solomon Islands,715.0,25
6076,2016,5,Others,Tokelau,470.0,10
6077,2016,5,Others,Tonga,1344.0,55
6078,2016,5,Others,Tuvalu,206.0,17
6079,2016,5,Others,Vanuatu,1320.0,42
6080,2016,5,Passenger,Cook Islands,958.0,4
6081,2016,5,Passenger,Fiji,5585.0,19
6082,2016,5,Passenger,Kiribati,3696.0,8
6083,2016,5,Passenger,Marshall Islands,102.0,2
6084,2016,5,Passenger,Micronesia,52.0,3
6085,2016,5,Passenger,Nauru,0.0,1
6086,2016,5,Passenger,Papua New Guinea,4929.0,35
6087,2016,5,Passenger,Samoa,118.0,3
6088,2016,5,Passenger,Solomon Islands,1665.0,2
6089,2016,5,Passenger,Tokelau,29.0,2
6090,2016,5,Passenger,Tonga,594.0,5
6091,2016,5,Passenger,Tuvalu,537.0,1
6092,2016,5,Passenger,Vanuatu,4163.0,8
6093,2016,5,Tanker,Cook Islands,1222.0,6
6094,2016,5,Tanker,Fiji,3156.0,18
6095,2016,5,Tanker,Kiribati,3044.0,17
6096,2016,5,Tanker,Marshall Islands,3231.0,20
6097,2016,5,Tanker,Micronesia,36137.0,122
6098,2016,5,Tanker,Nauru,515.0,8
6099,2016,5,Tanker,Niue,501.0,4
6100,2016,5,Tanker,Palau,8756.0,62
6101,2016,5,Tanker,Papua New Guinea,83847.0,188
6102,2016,5,Tanker,Samoa,132.0,4
6103,2016,5,Tanker,Solomon Islands,4131.0,25
6104,2016,5,Tanker,Tokelau,38.0,1
6105,2016,5,Tanker,Tonga,975.0,9
6106,2016,5,Tanker,Tuvalu,491.0,6
6107,2016,5,Tanker,Vanuatu,1009.0,11
6108,2016,6,Cargo,Cook Islands,7393.0,39
6109,2016,6,Cargo,Fiji,7013.0,46
6110,2016,6,Cargo,Kiribati,11693.0,78
6111,2016,6,Cargo,Marshall Islands,9500.0,91
6112,2016,6,Cargo,Micronesia,137885.0,762
6113,2016,6,Cargo,Nauru,594.0,14
6114,2016,6,Cargo,Niue,1487.0,17
6115,2016,6,Cargo,Palau,35961.0,379
6116,2016,6,Cargo,Papua New Guinea,349817.0,1043
6117,2016,6,Cargo,Samoa,1060.0,19
6118,2016,6,Cargo,Solomon Islands,18512.0,152
6119,2016,6,Cargo,Tokelau,1776.0,13
6120,2016,6,Cargo,Tonga,2395.0,24
6121,2016,6,Cargo,Tuvalu,793.0,14
6122,2016,6,Cargo,Vanuatu,4464.0,40
6123,2016,6,Fishing,Cook Islands,1558.0,51
6124,2016,6,Fishing,Fiji,1453.0,138
6125,2016,6,Fishing,Kiribati,11058.0,365
6126,2016,6,Fishing,Marshall Islands,11927.0,225
6127,2016,6,Fishing,Micronesia,14022.0,210
6128,2016,6,Fishing,Nauru,1638.0,54
6129,2016,6,Fishing,Niue,62.0,10
6130,2016,6,Fishing,Palau,727.0,29
6131,2016,6,Fishing,Papua New Guinea,10722.0,192
6132,2016,6,Fishing,Samoa,247.0,34
6133,2016,6,Fishing,Solomon Islands,2386.0,125
6134,2016,6,Fishing,Tokelau,994.0,49
6135,2016,6,Fishing,Tonga,186.0,31
6136,2016,6,Fishing,Tuvalu,1983.0,84
6137,2016,6,Fishing,Vanuatu,1053.0,76
6138,2016,6,Others,Cook Islands,3531.0,59
6139,2016,6,Others,Fiji,6333.0,173
6140,2016,6,Others,Kiribati,2421.0,89
6141,2016,6,Others,Marshall Islands,1057.0,69
6142,2016,6,Others,Micronesia,4628.0,76
6143,2016,6,Others,Nauru,367.0,12
6144,2016,6,Others,Niue,658.0,31
6145,2016,6,Others,Palau,957.0,30
6146,2016,6,Others,Papua New Guinea,3687.0,139
6147,2016,6,Others,Samoa,350.0,12
6148,2016,6,Others,Solomon Islands,421.0,24
6149,2016,6,Others,Tokelau,227.0,5
6150,2016,6,Others,Tonga,1624.0,79
6151,2016,6,Others,Tuvalu,351.0,35
6152,2016,6,Others,Vanuatu,1533.0,61
6153,2016,6,Passenger,Cook Islands,21.0,1
6154,2016,6,Passenger,Fiji,1411.0,16
6155,2016,6,Passenger,Kiribati,94.0,4
6156,2016,6,Passenger,Marshall Islands,25.0,2
6157,2016,6,Passenger,Micronesia,159.0,5
6158,2016,6,Passenger,Nauru,0.0,1
6159,2016,6,Passenger,Niue,9.0,1
6160,2016,6,Passenger,Palau,82.0,3
6161,2016,6,Passenger,Papua New Guinea,3656.0,38
6162,2016,6,Passenger,Samoa,21.0,1
6163,2016,6,Passenger,Solomon Islands,18.0,1
6164,2016,6,Passenger,Tonga,118.0,5
6165,2016,6,Passenger,Vanuatu,2678.0,9
6166,2016,6,Tanker,Cook Islands,1240.0,9
6167,2016,6,Tanker,Fiji,2317.0,15
6168,2016,6,Tanker,Kiribati,2178.0,16
6169,2016,6,Tanker,Marshall Islands,3256.0,14
6170,2016,6,Tanker,Micronesia,36070.0,113
6171,2016,6,Tanker,Nauru,559.0,7
6172,2016,6,Tanker,Niue,444.0,3
6173,2016,6,Tanker,Palau,7726.0,57
6174,2016,6,Tanker,Papua New Guinea,94224.0,175
6175,2016,6,Tanker,Samoa,137.0,4
6176,2016,6,Tanker,Solomon Islands,4466.0,28
6177,2016,6,Tanker,Tonga,931.0,9
6178,2016,6,Tanker,Tuvalu,600.0,5
6179,2016,6,Tanker,Vanuatu,584.0,8
6180,2016,7,Cargo,Cook Islands,7729.0,50
6181,2016,7,Cargo,Fiji,7371.0,51
6182,2016,7,Cargo,Kiribati,9973.0,90
6183,2016,7,Cargo,Marshall Islands,7864.0,73
6184,2016,7,Cargo,Micronesia,144564.0,777
6185,2016,7,Cargo,Nauru,861.0,21
6186,2016,7,Cargo,Niue,1556.0,22
6187,2016,7,Cargo,Palau,38821.0,411
6188,2016,7,Cargo,Papua New Guinea,361270.0,1082
6189,2016,7,Cargo,Samoa,1392.0,18
6190,2016,7,Cargo,Solomon Islands,17227.0,151
6191,2016,7,Cargo,Tokelau,2118.0,21
6192,2016,7,Cargo,Tonga,2658.0,29
6193,2016,7,Cargo,Tuvalu,1046.0,17
6194,2016,7,Cargo,Vanuatu,4436.0,38
6195,2016,7,Fishing,Cook Islands,1996.0,60
6196,2016,7,Fishing,Fiji,1460.0,135
6197,2016,7,Fishing,Kiribati,20513.0,406
6198,2016,7,Fishing,Marshall Islands,6345.0,155
6199,2016,7,Fishing,Micronesia,10851.0,178
6200,2016,7,Fishing,Nauru,1425.0,66
6201,2016,7,Fishing,Niue,98.0,14
6202,2016,7,Fishing,Palau,1336.0,63
6203,2016,7,Fishing,Papua New Guinea,7781.0,153
6204,2016,7,Fishing,Samoa,179.0,39
6205,2016,7,Fishing,Solomon Islands,2428.0,131
6206,2016,7,Fishing,Tokelau,749.0,31
6207,2016,7,Fishing,Tonga,236.0,22
6208,2016,7,Fishing,Tuvalu,1780.0,106
6209,2016,7,Fishing,Vanuatu,882.0,80
6210,2016,7,Others,Cook Islands,4850.0,92
6211,2016,7,Others,Fiji,6462.0,189
6212,2016,7,Others,Kiribati,1736.0,84
6213,2016,7,Others,Marshall Islands,739.0,49
6214,2016,7,Others,Micronesia,3146.0,65
6215,2016,7,Others,Nauru,292.0,13
6216,2016,7,Others,Niue,588.0,31
6217,2016,7,Others,Palau,656.0,24
6218,2016,7,Others,Papua New Guinea,3309.0,133
6219,2016,7,Others,Samoa,290.0,20
6220,2016,7,Others,Solomon Islands,619.0,95
6221,2016,7,Others,Tokelau,264.0,8
6222,2016,7,Others,Tonga,1872.0,73
6223,2016,7,Others,Tuvalu,335.0,24
6224,2016,7,Others,Vanuatu,2789.0,88
6225,2016,7,Passenger,Cook Islands,0.0,1
6226,2016,7,Passenger,Fiji,1490.0,15
6227,2016,7,Passenger,Kiribati,65.0,3
6228,2016,7,Passenger,Marshall Islands,9.0,1
6229,2016,7,Passenger,Micronesia,6.0,1
6230,2016,7,Passenger,Nauru,0.0,1
6231,2016,7,Passenger,Palau,13.0,1
6232,2016,7,Passenger,Papua New Guinea,1996.0,33
6233,2016,7,Passenger,Samoa,31.0,1
6234,2016,7,Passenger,Solomon Islands,0.0,1
6235,2016,7,Passenger,Tonga,94.0,3
6236,2016,7,Passenger,Vanuatu,3303.0,7
6237,2016,7,Tanker,Cook Islands,1628.0,8
6238,2016,7,Tanker,Fiji,2922.0,15
6239,2016,7,Tanker,Kiribati,3042.0,18
6240,2016,7,Tanker,Marshall Islands,1436.0,10
6241,2016,7,Tanker,Micronesia,38548.0,122
6242,2016,7,Tanker,Nauru,345.0,7
6243,2016,7,Tanker,Niue,383.0,4
6244,2016,7,Tanker,Palau,5696.0,44
6245,2016,7,Tanker,Papua New Guinea,93891.0,175
6246,2016,7,Tanker,Samoa,110.0,4
6247,2016,7,Tanker,Solomon Islands,2394.0,22
6248,2016,7,Tanker,Tokelau,286.0,2
6249,2016,7,Tanker,Tonga,1057.0,9
6250,2016,7,Tanker,Tuvalu,632.0,8
6251,2016,7,Tanker,Vanuatu,541.0,8
6252,2016,8,Cargo,Cook Islands,8170.0,44
6253,2016,8,Cargo,Fiji,6903.0,56
6254,2016,8,Cargo,Kiribati,14628.0,93
6255,2016,8,Cargo,Marshall Islands,7857.0,71
6256,2016,8,Cargo,Micronesia,135317.0,731
6257,2016,8,Cargo,Nauru,787.0,18
6258,2016,8,Cargo,Niue,1332.0,19
6259,2016,8,Cargo,Palau,35848.0,360
6260,2016,8,Cargo,Papua New Guinea,336684.0,1046
6261,2016,8,Cargo,Samoa,1871.0,21
6262,2016,8,Cargo,Solomon Islands,18788.0,166
6263,2016,8,Cargo,Tokelau,1631.0,15
6264,2016,8,Cargo,Tonga,2579.0,27
6265,2016,8,Cargo,Tuvalu,2274.0,29
6266,2016,8,Cargo,Vanuatu,3459.0,32
6267,2016,8,Fishing,Cook Islands,1399.0,49
6268,2016,8,Fishing,Fiji,1824.0,154
6269,2016,8,Fishing,Kiribati,24995.0,438
6270,2016,8,Fishing,Marshall Islands,4484.0,134
6271,2016,8,Fishing,Micronesia,8631.0,152
6272,2016,8,Fishing,Nauru,3664.0,130
6273,2016,8,Fishing,Niue,195.0,10
6274,2016,8,Fishing,Palau,1235.0,77
6275,2016,8,Fishing,Papua New Guinea,6614.0,131
6276,2016,8,Fishing,Samoa,235.0,34
6277,2016,8,Fishing,Solomon Islands,2533.0,117
6278,2016,8,Fishing,Tokelau,938.0,49
6279,2016,8,Fishing,Tonga,307.0,18
6280,2016,8,Fishing,Tuvalu,5818.0,195
6281,2016,8,Fishing,Vanuatu,821.0,72
6282,2016,8,Others,Cook Islands,4670.0,102
6283,2016,8,Others,Fiji,7112.0,198
6284,2016,8,Others,Kiribati,3690.0,125
6285,2016,8,Others,Marshall Islands,761.0,60
6286,2016,8,Others,Micronesia,3374.0,78
6287,2016,8,Others,Nauru,327.0,22
6288,2016,8,Others,Niue,1023.0,46
6289,2016,8,Others,Palau,616.0,35
6290,2016,8,Others,Papua New Guinea,3532.0,155
6291,2016,8,Others,Samoa,391.0,29
6292,2016,8,Others,Solomon Islands,497.0,54
6293,2016,8,Others,Tokelau,318.0,5
6294,2016,8,Others,Tonga,2171.0,97
6295,2016,8,Others,Tuvalu,181.0,30
6296,2016,8,Others,Vanuatu,2514.0,89
6297,2016,8,Passenger,Cook Islands,2597.0,4
6298,2016,8,Passenger,Fiji,4803.0,19
6299,2016,8,Passenger,Kiribati,844.0,4
6300,2016,8,Passenger,Marshall Islands,10.0,3
6301,2016,8,Passenger,Micronesia,83.0,3
6302,2016,8,Passenger,Niue,9.0,1
6303,2016,8,Passenger,Palau,17.0,1
6304,2016,8,Passenger,Papua New Guinea,3131.0,35
6305,2016,8,Passenger,Samoa,202.0,2
6306,2016,8,Passenger,Solomon Islands,0.0,2
6307,2016,8,Passenger,Tonga,587.0,5
6308,2016,8,Passenger,Tuvalu,284.0,3
6309,2016,8,Passenger,Vanuatu,3272.0,7
6310,2016,8,Tanker,Cook Islands,1225.0,10
6311,2016,8,Tanker,Fiji,2863.0,18
6312,2016,8,Tanker,Kiribati,2626.0,16
6313,2016,8,Tanker,Marshall Islands,2175.0,12
6314,2016,8,Tanker,Micronesia,41008.0,122
6315,2016,8,Tanker,Nauru,489.0,10
6316,2016,8,Tanker,Niue,435.0,4
6317,2016,8,Tanker,Palau,7740.0,55
6318,2016,8,Tanker,Papua New Guinea,91601.0,174
6319,2016,8,Tanker,Samoa,79.0,3
6320,2016,8,Tanker,Solomon Islands,3481.0,32
6321,2016,8,Tanker,Tonga,1359.0,13
6322,2016,8,Tanker,Tuvalu,92.0,3
6323,2016,8,Tanker,Vanuatu,716.0,10
6324,2016,9,Cargo,Cook Islands,7597.0,46
6325,2016,9,Cargo,Fiji,7102.0,49
6326,2016,9,Cargo,Kiribati,14246.0,99
6327,2016,9,Cargo,Marshall Islands,9549.0,85
6328,2016,9,Cargo,Micronesia,135391.0,745
6329,2016,9,Cargo,Nauru,773.0,20
6330,2016,9,Cargo,Niue,1482.0,18
6331,2016,9,Cargo,Palau,36969.0,409
6332,2016,9,Cargo,Papua New Guinea,344049.0,1034
6333,2016,9,Cargo,Samoa,2422.0,22
6334,2016,9,Cargo,Solomon Islands,17857.0,161
6335,2016,9,Cargo,Tokelau,1223.0,18
6336,2016,9,Cargo,Tonga,2052.0,23
6337,2016,9,Cargo,Tuvalu,2021.0,28
6338,2016,9,Cargo,Vanuatu,3282.0,27
6339,2016,9,Fishing,Cook Islands,1198.0,56
6340,2016,9,Fishing,Fiji,1345.0,156
6341,2016,9,Fishing,Kiribati,24037.0,426
6342,2016,9,Fishing,Marshall Islands,6809.0,194
6343,2016,9,Fishing,Micronesia,9304.0,185
6344,2016,9,Fishing,Nauru,5536.0,114
6345,2016,9,Fishing,Niue,68.0,11
6346,2016,9,Fishing,Palau,1452.0,87
6347,2016,9,Fishing,Papua New Guinea,7559.0,142
6348,2016,9,Fishing,Samoa,522.0,54
6349,2016,9,Fishing,Solomon Islands,2541.0,149
6350,2016,9,Fishing,Tokelau,894.0,58
6351,2016,9,Fishing,Tonga,293.0,30
6352,2016,9,Fishing,Tuvalu,6627.0,225
6353,2016,9,Fishing,Vanuatu,522.0,69
6354,2016,9,Others,Cook Islands,4192.0,76
6355,2016,9,Others,Fiji,6871.0,206
6356,2016,9,Others,Kiribati,3064.0,153
6357,2016,9,Others,Marshall Islands,1021.0,49
6358,2016,9,Others,Micronesia,2304.0,79
6359,2016,9,Others,Nauru,538.0,18
6360,2016,9,Others,Niue,845.0,50
6361,2016,9,Others,Palau,1293.0,38
6362,2016,9,Others,Papua New Guinea,2682.0,124
6363,2016,9,Others,Samoa,365.0,23
6364,2016,9,Others,Solomon Islands,665.0,28
6365,2016,9,Others,Tokelau,130.0,7
6366,2016,9,Others,Tonga,2025.0,98
6367,2016,9,Others,Tuvalu,257.0,42
6368,2016,9,Others,Vanuatu,2792.0,109
6369,2016,9,Passenger,Cook Islands,1687.0,5
6370,2016,9,Passenger,Fiji,1484.0,20
6371,2016,9,Passenger,Kiribati,3184.0,7
6372,2016,9,Passenger,Marshall Islands,10.0,1
6373,2016,9,Passenger,Micronesia,7.0,2
6374,2016,9,Passenger,Niue,16.0,2
6375,2016,9,Passenger,Palau,59.0,2
6376,2016,9,Passenger,Papua New Guinea,8721.0,35
6377,2016,9,Passenger,Samoa,33.0,1
6378,2016,9,Passenger,Solomon Islands,1455.0,6
6379,2016,9,Passenger,Tonga,205.0,4
6380,2016,9,Passenger,Tuvalu,17.0,2
6381,2016,9,Passenger,Vanuatu,2553.0,6
6382,2016,9,Tanker,Cook Islands,974.0,5
6383,2016,9,Tanker,Fiji,2127.0,14
6384,2016,9,Tanker,Kiribati,2830.0,20
6385,2016,9,Tanker,Marshall Islands,1905.0,16
6386,2016,9,Tanker,Micronesia,37541.0,111
6387,2016,9,Tanker,Nauru,492.0,11
6388,2016,9,Tanker,Niue,100.0,2
6389,2016,9,Tanker,Palau,5704.0,54
6390,2016,9,Tanker,Papua New Guinea,94351.0,165
6391,2016,9,Tanker,Samoa,85.0,3
6392,2016,9,Tanker,Solomon Islands,2322.0,27
6393,2016,9,Tanker,Tonga,594.0,9
6394,2016,9,Tanker,Tuvalu,305.0,6
6395,2016,9,Tanker,Vanuatu,656.0,10
6396,2016,10,Cargo,Cook Islands,8806.0,46
6397,2016,10,Cargo,Fiji,7273.0,55
6398,2016,10,Cargo,Kiribati,14548.0,96
6399,2016,10,Cargo,Marshall Islands,8568.0,80
6400,2016,10,Cargo,Micronesia,146898.0,815
6401,2016,10,Cargo,Nauru,1066.0,24
6402,2016,10,Cargo,Niue,1523.0,20
6403,2016,10,Cargo,Palau,39610.0,433
6404,2016,10,Cargo,Papua New Guinea,362456.0,1100
6405,2016,10,Cargo,Samoa,851.0,21
6406,2016,10,Cargo,Solomon Islands,21674.0,179
6407,2016,10,Cargo,Tokelau,2162.0,14
6408,2016,10,Cargo,Tonga,3017.0,27
6409,2016,10,Cargo,Tuvalu,2217.0,36
6410,2016,10,Cargo,Vanuatu,3931.0,34
6411,2016,10,Fishing,Cook Islands,371.0,33
6412,2016,10,Fishing,Fiji,1835.0,171
6413,2016,10,Fishing,Kiribati,23329.0,482
6414,2016,10,Fishing,Marshall Islands,6702.0,178
6415,2016,10,Fishing,Micronesia,12281.0,273
6416,2016,10,Fishing,Nauru,8394.0,193
6417,2016,10,Fishing,Niue,25.0,5
6418,2016,10,Fishing,Palau,996.0,69
6419,2016,10,Fishing,Papua New Guinea,10208.0,164
6420,2016,10,Fishing,Samoa,578.0,50
6421,2016,10,Fishing,Solomon Islands,3479.0,200
6422,2016,10,Fishing,Tokelau,746.0,45
6423,2016,10,Fishing,Tonga,232.0,19
6424,2016,10,Fishing,Tuvalu,8924.0,190
6425,2016,10,Fishing,Vanuatu,1360.0,103
6426,2016,10,Others,Cook Islands,1431.0,46
6427,2016,10,Others,Fiji,6351.0,216
6428,2016,10,Others,Kiribati,3328.0,149
6429,2016,10,Others,Marshall Islands,798.0,38
6430,2016,10,Others,Micronesia,1868.0,78
6431,2016,10,Others,Nauru,258.0,18
6432,2016,10,Others,Niue,823.0,30
6433,2016,10,Others,Palau,1412.0,35
6434,2016,10,Others,Papua New Guinea,2956.0,129
6435,2016,10,Others,Samoa,415.0,23
6436,2016,10,Others,Solomon Islands,904.0,62
6437,2016,10,Others,Tokelau,168.0,9
6438,2016,10,Others,Tonga,2359.0,95
6439,2016,10,Others,Tuvalu,598.0,56
6440,2016,10,Others,Vanuatu,2818.0,97
6441,2016,10,Passenger,Cook Islands,2593.0,6
6442,2016,10,Passenger,Fiji,5100.0,23
6443,2016,10,Passenger,Kiribati,2206.0,8
6444,2016,10,Passenger,Marshall Islands,0.0,1
6445,2016,10,Passenger,Micronesia,157.0,3
6446,2016,10,Passenger,Nauru,28.0,3
6447,2016,10,Passenger,Niue,721.0,3
6448,2016,10,Passenger,Palau,1.0,1
6449,2016,10,Passenger,Papua New Guinea,6866.0,41
6450,2016,10,Passenger,Samoa,681.0,5
6451,2016,10,Passenger,Solomon Islands,735.0,5
6452,2016,10,Passenger,Tokelau,1177.0,6
6453,2016,10,Passenger,Tonga,2746.0,12
6454,2016,10,Passenger,Tuvalu,17.0,2
6455,2016,10,Passenger,Vanuatu,3816.0,11
6456,2016,10,Tanker,Cook Islands,723.0,5
6457,2016,10,Tanker,Fiji,2098.0,16
6458,2016,10,Tanker,Kiribati,4314.0,22
6459,2016,10,Tanker,Marshall Islands,2310.0,15
6460,2016,10,Tanker,Micronesia,38132.0,107
6461,2016,10,Tanker,Nauru,1012.0,13
6462,2016,10,Tanker,Niue,239.0,2
6463,2016,10,Tanker,Palau,7972.0,59
6464,2016,10,Tanker,Papua New Guinea,94377.0,163
6465,2016,10,Tanker,Samoa,121.0,2
6466,2016,10,Tanker,Solomon Islands,3867.0,30
6467,2016,10,Tanker,Tokelau,117.0,1
6468,2016,10,Tanker,Tonga,813.0,8
6469,2016,10,Tanker,Tuvalu,828.0,8
6470,2016,10,Tanker,Vanuatu,965.0,10
6471,2016,11,Cargo,Cook Islands,7017.0,48
6472,2016,11,Cargo,Fiji,8212.0,53
6473,2016,11,Cargo,Kiribati,13444.0,112
6474,2016,11,Cargo,Marshall Islands,8835.0,83
6475,2016,11,Cargo,Micronesia,142126.0,794
6476,2016,11,Cargo,Nauru,956.0,23
6477,2016,11,Cargo,Niue,1317.0,19
6478,2016,11,Cargo,Palau,39532.0,402
6479,2016,11,Cargo,Papua New Guinea,366941.0,1088
6480,2016,11,Cargo,Samoa,1747.0,22
6481,2016,11,Cargo,Solomon Islands,19505.0,165
6482,2016,11,Cargo,Tokelau,1241.0,17
6483,2016,11,Cargo,Tonga,2755.0,30
6484,2016,11,Cargo,Tuvalu,3084.0,40
6485,2016,11,Cargo,Vanuatu,3322.0,35
6486,2016,11,Fishing,Cook Islands,383.0,14
6487,2016,11,Fishing,Fiji,1209.0,122
6488,2016,11,Fishing,Kiribati,15854.0,377
6489,2016,11,Fishing,Marshall Islands,5624.0,170
6490,2016,11,Fishing,Micronesia,15480.0,289
6491,2016,11,Fishing,Nauru,3335.0,92
6492,2016,11,Fishing,Niue,114.0,3
6493,2016,11,Fishing,Palau,959.0,80
6494,2016,11,Fishing,Papua New Guinea,16301.0,230
6495,2016,11,Fishing,Samoa,841.0,32
6496,2016,11,Fishing,Solomon Islands,4346.0,185
6497,2016,11,Fishing,Tokelau,739.0,48
6498,2016,11,Fishing,Tonga,239.0,20
6499,2016,11,Fishing,Tuvalu,5449.0,113
6500,2016,11,Fishing,Vanuatu,1858.0,113
6501,2016,11,Others,Cook Islands,917.0,24
6502,2016,11,Others,Fiji,3727.0,146
6503,2016,11,Others,Kiribati,2663.0,126
6504,2016,11,Others,Marshall Islands,518.0,33
6505,2016,11,Others,Micronesia,4006.0,97
6506,2016,11,Others,Nauru,415.0,16
6507,2016,11,Others,Niue,82.0,9
6508,2016,11,Others,Palau,1643.0,51
6509,2016,11,Others,Papua New Guinea,5051.0,129
6510,2016,11,Others,Samoa,396.0,11
6511,2016,11,Others,Solomon Islands,1017.0,52
6512,2016,11,Others,Tokelau,322.0,6
6513,2016,11,Others,Tonga,1078.0,50
6514,2016,11,Others,Tuvalu,825.0,75
6515,2016,11,Others,Vanuatu,1426.0,60
6516,2016,11,Passenger,Cook Islands,1009.0,4
6517,2016,11,Passenger,Fiji,6930.0,22
6518,2016,11,Passenger,Kiribati,73.0,2
6519,2016,11,Passenger,Micronesia,18.0,2
6520,2016,11,Passenger,Niue,8.0,1
6521,2016,11,Passenger,Palau,5.0,1
6522,2016,11,Passenger,Papua New Guinea,7701.0,43
6523,2016,11,Passenger,Samoa,390.0,3
6524,2016,11,Passenger,Solomon Islands,681.0,8
6525,2016,11,Passenger,Tokelau,532.0,1
6526,2016,11,Passenger,Tonga,535.0,6
6527,2016,11,Passenger,Vanuatu,6966.0,17
6528,2016,11,Tanker,Cook Islands,752.0,5
6529,2016,11,Tanker,Fiji,1771.0,13
6530,2016,11,Tanker,Kiribati,3395.0,20
6531,2016,11,Tanker,Marshall Islands,3271.0,22
6532,2016,11,Tanker,Micronesia,45315.0,122
6533,2016,11,Tanker,Nauru,430.0,8
6534,2016,11,Tanker,Niue,24.0,1
6535,2016,11,Tanker,Palau,5200.0,41
6536,2016,11,Tanker,Papua New Guinea,101710.0,175
6537,2016,11,Tanker,Samoa,239.0,6
6538,2016,11,Tanker,Solomon Islands,2711.0,18
6539,2016,11,Tanker,Tokelau,21.0,1
6540,2016,11,Tanker,Tonga,441.0,7
6541,2016,11,Tanker,Tuvalu,140.0,7
6542,2016,11,Tanker,Vanuatu,1090.0,9
6543,2016,12,Cargo,Cook Islands,8430.0,49
6544,2016,12,Cargo,Fiji,8732.0,49
6545,2016,12,Cargo,Kiribati,12771.0,100
6546,2016,12,Cargo,Marshall Islands,10607.0,90
6547,2016,12,Cargo,Micronesia,144671.0,813
6548,2016,12,Cargo,Nauru,695.0,21
6549,2016,12,Cargo,Niue,1688.0,21
6550,2016,12,Cargo,Palau,37702.0,380
6551,2016,12,Cargo,Papua New Guinea,377636.0,1110
6552,2016,12,Cargo,Samoa,1681.0,20
6553,2016,12,Cargo,Solomon Islands,18787.0,171
6554,2016,12,Cargo,Tokelau,1762.0,13
6555,2016,12,Cargo,Tonga,3247.0,26
6556,2016,12,Cargo,Tuvalu,1774.0,29
6557,2016,12,Cargo,Vanuatu,3711.0,31
6558,2016,12,Fishing,Cook Islands,319.0,20
6559,2016,12,Fishing,Fiji,1343.0,154
6560,2016,12,Fishing,Kiribati,19918.0,390
6561,2016,12,Fishing,Marshall Islands,4434.0,140
6562,2016,12,Fishing,Micronesia,7506.0,215
6563,2016,12,Fishing,Nauru,2677.0,81
6564,2016,12,Fishing,Niue,129.0,13
6565,2016,12,Fishing,Palau,1110.0,74
6566,2016,12,Fishing,Papua New Guinea,18894.0,256
6567,2016,12,Fishing,Samoa,554.0,30
6568,2016,12,Fishing,Solomon Islands,6619.0,194
6569,2016,12,Fishing,Tokelau,734.0,53
6570,2016,12,Fishing,Tonga,212.0,23
6571,2016,12,Fishing,Tuvalu,3287.0,96
6572,2016,12,Fishing,Vanuatu,1853.0,124
6573,2016,12,Others,Cook Islands,357.0,27
6574,2016,12,Others,Fiji,2549.0,63
6575,2016,12,Others,Kiribati,3476.0,128
6576,2016,12,Others,Marshall Islands,760.0,47
6577,2016,12,Others,Micronesia,4303.0,115
6578,2016,12,Others,Nauru,679.0,23
6579,2016,12,Others,Niue,76.0,12
6580,2016,12,Others,Palau,2251.0,81
6581,2016,12,Others,Papua New Guinea,3774.0,121
6582,2016,12,Others,Samoa,163.0,5
6583,2016,12,Others,Solomon Islands,2493.0,60
6584,2016,12,Others,Tokelau,227.0,7
6585,2016,12,Others,Tonga,89.0,12
6586,2016,12,Others,Tuvalu,1976.0,44
6587,2016,12,Others,Vanuatu,1295.0,29
6588,2016,12,Passenger,Cook Islands,2192.0,5
6589,2016,12,Passenger,Fiji,11543.0,27
6590,2016,12,Passenger,Kiribati,98.0,3
6591,2016,12,Passenger,Marshall Islands,4.0,1
6592,2016,12,Passenger,Micronesia,1440.0,4
6593,2016,12,Passenger,Niue,709.0,3
6594,2016,12,Passenger,Palau,1.0,2
6595,2016,12,Passenger,Papua New Guinea,6745.0,36
6596,2016,12,Passenger,Samoa,165.0,2
6597,2016,12,Passenger,Solomon Islands,1184.0,4
6598,2016,12,Passenger,Tokelau,25.0,2
6599,2016,12,Passenger,Tonga,2528.0,8
6600,2016,12,Passenger,Vanuatu,11707.0,22
6601,2016,12,Tanker,Cook Islands,725.0,5
6602,2016,12,Tanker,Fiji,1745.0,12
6603,2016,12,Tanker,Kiribati,2375.0,15
6604,2016,12,Tanker,Marshall Islands,760.0,9
6605,2016,12,Tanker,Micronesia,44648.0,115
6606,2016,12,Tanker,Nauru,374.0,6
6607,2016,12,Tanker,Niue,359.0,5
6608,2016,12,Tanker,Palau,5916.0,44
6609,2016,12,Tanker,Papua New Guinea,99411.0,172
6610,2016,12,Tanker,Samoa,87.0,2
6611,2016,12,Tanker,Solomon Islands,3069.0,22
6612,2016,12,Tanker,Tonga,557.0,6
6613,2016,12,Tanker,Tuvalu,192.0,4
6614,2016,12,Tanker,Vanuatu,393.0,8
6615,2017,1,Cargo,Cook Islands,8006.0,39
6616,2017,1,Cargo,Fiji,9895.0,46
6617,2017,1,Cargo,Kiribati,15247.0,110
6618,2017,1,Cargo,Marshall Islands,11590.0,113
6619,2017,1,Cargo,Micronesia,140981.0,810
6620,2017,1,Cargo,Nauru,723.0,17
6621,2017,1,Cargo,Niue,1372.0,17
6622,2017,1,Cargo,Palau,37257.0,399
6623,2017,1,Cargo,Papua New Guinea,351128.0,1064
6624,2017,1,Cargo,Samoa,3102.0,21
6625,2017,1,Cargo,Solomon Islands,18516.0,155
6626,2017,1,Cargo,Tokelau,1144.0,15
6627,2017,1,Cargo,Tonga,2620.0,21
6628,2017,1,Cargo,Tuvalu,1873.0,28
6629,2017,1,Cargo,Vanuatu,4313.0,34
6630,2017,1,Fishing,Cook Islands,504.0,16
6631,2017,1,Fishing,Fiji,1453.0,185
6632,2017,1,Fishing,Kiribati,14851.0,366
6633,2017,1,Fishing,Marshall Islands,5173.0,209
6634,2017,1,Fishing,Micronesia,7177.0,208
6635,2017,1,Fishing,Nauru,3805.0,112
6636,2017,1,Fishing,Niue,310.0,20
6637,2017,1,Fishing,Palau,655.0,52
6638,2017,1,Fishing,Papua New Guinea,17222.0,212
6639,2017,1,Fishing,Samoa,397.0,29
6640,2017,1,Fishing,Solomon Islands,7491.0,158
6641,2017,1,Fishing,Tokelau,255.0,20
6642,2017,1,Fishing,Tonga,215.0,24
6643,2017,1,Fishing,Tuvalu,2317.0,81
6644,2017,1,Fishing,Vanuatu,1782.0,119
6645,2017,1,Others,Cook Islands,571.0,32
6646,2017,1,Others,Fiji,1172.0,56
6647,2017,1,Others,Kiribati,2621.0,142
6648,2017,1,Others,Marshall Islands,2164.0,97
6649,2017,1,Others,Micronesia,6085.0,96
6650,2017,1,Others,Nauru,645.0,41
6651,2017,1,Others,Niue,229.0,11
6652,2017,1,Others,Palau,2492.0,58
6653,2017,1,Others,Papua New Guinea,5025.0,178
6654,2017,1,Others,Samoa,255.0,4
6655,2017,1,Others,Solomon Islands,668.0,56
6656,2017,1,Others,Tokelau,34.0,3
6657,2017,1,Others,Tonga,294.0,15
6658,2017,1,Others,Tuvalu,376.0,41
6659,2017,1,Others,Vanuatu,746.0,31
6660,2017,1,Passenger,Cook Islands,947.0,4
6661,2017,1,Passenger,Fiji,6862.0,20
6662,2017,1,Passenger,Kiribati,537.0,6
6663,2017,1,Passenger,Marshall Islands,327.0,2
6664,2017,1,Passenger,Micronesia,778.0,3
6665,2017,1,Passenger,Nauru,0.0,1
6666,2017,1,Passenger,Palau,323.0,2
6667,2017,1,Passenger,Papua New Guinea,6880.0,40
6668,2017,1,Passenger,Samoa,214.0,4
6669,2017,1,Passenger,Solomon Islands,725.0,5
6670,2017,1,Passenger,Tokelau,92.0,3
6671,2017,1,Passenger,Tonga,1722.0,7
6672,2017,1,Passenger,Tuvalu,152.0,1
6673,2017,1,Passenger,Vanuatu,8667.0,16
6674,2017,1,Tanker,Cook Islands,583.0,6
6675,2017,1,Tanker,Fiji,2117.0,14
6676,2017,1,Tanker,Kiribati,2182.0,15
6677,2017,1,Tanker,Marshall Islands,3512.0,16
6678,2017,1,Tanker,Micronesia,47266.0,124
6679,2017,1,Tanker,Nauru,510.0,12
6680,2017,1,Tanker,Niue,197.0,4
6681,2017,1,Tanker,Palau,6266.0,44
6682,2017,1,Tanker,Papua New Guinea,104132.0,193
6683,2017,1,Tanker,Samoa,93.0,3
6684,2017,1,Tanker,Solomon Islands,2450.0,24
6685,2017,1,Tanker,Tonga,927.0,11
6686,2017,1,Tanker,Tuvalu,79.0,4
6687,2017,1,Tanker,Vanuatu,700.0,9
6688,2017,2,Cargo,Cook Islands,6303.0,35
6689,2017,2,Cargo,Fiji,6880.0,42
6690,2017,2,Cargo,Kiribati,8878.0,77
6691,2017,2,Cargo,Marshall Islands,8038.0,77
6692,2017,2,Cargo,Micronesia,120195.0,752
6693,2017,2,Cargo,Nauru,782.0,15
6694,2017,2,Cargo,Niue,1401.0,16
6695,2017,2,Cargo,Palau,30345.0,346
6696,2017,2,Cargo,Papua New Guinea,315763.0,1043
6697,2017,2,Cargo,Samoa,2327.0,19
6698,2017,2,Cargo,Solomon Islands,16427.0,166
6699,2017,2,Cargo,Tokelau,801.0,10
6700,2017,2,Cargo,Tonga,2023.0,21
6701,2017,2,Cargo,Tuvalu,1144.0,22
6702,2017,2,Cargo,Vanuatu,3417.0,29
6703,2017,2,Fishing,Cook Islands,708.0,27
6704,2017,2,Fishing,Fiji,1061.0,160
6705,2017,2,Fishing,Kiribati,5872.0,199
6706,2017,2,Fishing,Marshall Islands,4436.0,199
6707,2017,2,Fishing,Micronesia,9596.0,260
6708,2017,2,Fishing,Nauru,4770.0,115
6709,2017,2,Fishing,Niue,163.0,9
6710,2017,2,Fishing,Palau,565.0,50
6711,2017,2,Fishing,Papua New Guinea,17318.0,266
6712,2017,2,Fishing,Samoa,236.0,19
6713,2017,2,Fishing,Solomon Islands,6355.0,213
6714,2017,2,Fishing,Tokelau,449.0,28
6715,2017,2,Fishing,Tonga,163.0,20
6716,2017,2,Fishing,Tuvalu,1921.0,65
6717,2017,2,Fishing,Vanuatu,1247.0,119
6718,2017,2,Others,Cook Islands,136.0,26
6719,2017,2,Others,Fiji,764.0,35
6720,2017,2,Others,Kiribati,341.0,52
6721,2017,2,Others,Marshall Islands,2539.0,70
6722,2017,2,Others,Micronesia,4089.0,74
6723,2017,2,Others,Nauru,402.0,11
6724,2017,2,Others,Niue,2.0,4
6725,2017,2,Others,Palau,2273.0,65
6726,2017,2,Others,Papua New Guinea,3157.0,109
6727,2017,2,Others,Samoa,5.0,2
6728,2017,2,Others,Solomon Islands,282.0,36
6729,2017,2,Others,Tokelau,18.0,2
6730,2017,2,Others,Tonga,95.0,5
6731,2017,2,Others,Tuvalu,90.0,38
6732,2017,2,Others,Vanuatu,295.0,18
6733,2017,2,Passenger,Cook Islands,4232.0,14
6734,2017,2,Passenger,Fiji,7317.0,27
6735,2017,2,Passenger,Kiribati,3353.0,8
6736,2017,2,Passenger,Marshall Islands,855.0,2
6737,2017,2,Passenger,Micronesia,1452.0,5
6738,2017,2,Passenger,Nauru,3.0,1
6739,2017,2,Passenger,Palau,4.0,1
6740,2017,2,Passenger,Papua New Guinea,6634.0,43
6741,2017,2,Passenger,Samoa,705.0,7
6742,2017,2,Passenger,Solomon Islands,1289.0,4
6743,2017,2,Passenger,Tokelau,322.0,1
6744,2017,2,Passenger,Tonga,3186.0,10
6745,2017,2,Passenger,Tuvalu,0.0,1
6746,2017,2,Passenger,Vanuatu,7212.0,21
6747,2017,2,Tanker,Cook Islands,533.0,3
6748,2017,2,Tanker,Fiji,1273.0,12
6749,2017,2,Tanker,Kiribati,2335.0,21
6750,2017,2,Tanker,Marshall Islands,3194.0,22
6751,2017,2,Tanker,Micronesia,40270.0,117
6752,2017,2,Tanker,Nauru,588.0,9
6753,2017,2,Tanker,Niue,364.0,3
6754,2017,2,Tanker,Palau,3858.0,37
6755,2017,2,Tanker,Papua New Guinea,88901.0,185
6756,2017,2,Tanker,Samoa,175.0,3
6757,2017,2,Tanker,Solomon Islands,2521.0,25
6758,2017,2,Tanker,Tonga,548.0,8
6759,2017,2,Tanker,Tuvalu,651.0,5
6760,2017,2,Tanker,Vanuatu,343.0,6
6761,2017,3,Cargo,Cook Islands,7553.0,38
6762,2017,3,Cargo,Fiji,9261.0,53
6763,2017,3,Cargo,Kiribati,10849.0,83
6764,2017,3,Cargo,Marshall Islands,9356.0,83
6765,2017,3,Cargo,Micronesia,142387.0,813
6766,2017,3,Cargo,Nauru,901.0,18
6767,2017,3,Cargo,Niue,1352.0,15
6768,2017,3,Cargo,Palau,33470.0,362
6769,2017,3,Cargo,Papua New Guinea,357792.0,1088
6770,2017,3,Cargo,Samoa,1947.0,17
6771,2017,3,Cargo,Solomon Islands,21038.0,189
6772,2017,3,Cargo,Tokelau,971.0,13
6773,2017,3,Cargo,Tonga,2706.0,24
6774,2017,3,Cargo,Tuvalu,1944.0,27
6775,2017,3,Cargo,Vanuatu,4166.0,33
6776,2017,3,Fishing,Cook Islands,948.0,42
6777,2017,3,Fishing,Fiji,1498.0,215
6778,2017,3,Fishing,Kiribati,4921.0,189
6779,2017,3,Fishing,Marshall Islands,4515.0,193
6780,2017,3,Fishing,Micronesia,17394.0,338
6781,2017,3,Fishing,Nauru,1250.0,55
6782,2017,3,Fishing,Niue,71.0,9
6783,2017,3,Fishing,Palau,657.0,57
6784,2017,3,Fishing,Papua New Guinea,19193.0,291
6785,2017,3,Fishing,Samoa,136.0,26
6786,2017,3,Fishing,Solomon Islands,6570.0,192
6787,2017,3,Fishing,Tokelau,470.0,40
6788,2017,3,Fishing,Tonga,253.0,38
6789,2017,3,Fishing,Tuvalu,2496.0,96
6790,2017,3,Fishing,Vanuatu,1500.0,128
6791,2017,3,Others,Cook Islands,417.0,44
6792,2017,3,Others,Fiji,1281.0,60
6793,2017,3,Others,Kiribati,1548.0,75
6794,2017,3,Others,Marshall Islands,2076.0,83
6795,2017,3,Others,Micronesia,3190.0,101
6796,2017,3,Others,Nauru,304.0,13
6797,2017,3,Others,Niue,70.0,10
6798,2017,3,Others,Palau,2103.0,63
6799,2017,3,Others,Papua New Guinea,4049.0,128
6800,2017,3,Others,Samoa,25.0,5
6801,2017,3,Others,Solomon Islands,970.0,36
6802,2017,3,Others,Tokelau,117.0,6
6803,2017,3,Others,Tonga,181.0,12
6804,2017,3,Others,Tuvalu,316.0,66
6805,2017,3,Others,Vanuatu,492.0,20
6806,2017,3,Passenger,Cook Islands,3146.0,6
6807,2017,3,Passenger,Fiji,7821.0,22
6808,2017,3,Passenger,Kiribati,1114.0,8
6809,2017,3,Passenger,Marshall Islands,526.0,1
6810,2017,3,Passenger,Micronesia,1588.0,5
6811,2017,3,Passenger,Niue,1212.0,2
6812,2017,3,Passenger,Palau,863.0,4
6813,2017,3,Passenger,Papua New Guinea,7832.0,44
6814,2017,3,Passenger,Samoa,878.0,4
6815,2017,3,Passenger,Solomon Islands,690.0,4
6816,2017,3,Passenger,Tokelau,835.0,3
6817,2017,3,Passenger,Tonga,3552.0,7
6818,2017,3,Passenger,Vanuatu,5795.0,16
6819,2017,3,Tanker,Cook Islands,1134.0,9
6820,2017,3,Tanker,Fiji,2405.0,20
6821,2017,3,Tanker,Kiribati,1598.0,15
6822,2017,3,Tanker,Marshall Islands,2267.0,15
6823,2017,3,Tanker,Micronesia,42090.0,120
6824,2017,3,Tanker,Nauru,281.0,7
6825,2017,3,Tanker,Niue,478.0,7
6826,2017,3,Tanker,Palau,5512.0,46
6827,2017,3,Tanker,Papua New Guinea,103591.0,193
6828,2017,3,Tanker,Samoa,120.0,4
6829,2017,3,Tanker,Solomon Islands,3536.0,33
6830,2017,3,Tanker,Tonga,946.0,12
6831,2017,3,Tanker,Tuvalu,286.0,6
6832,2017,3,Tanker,Vanuatu,592.0,10
6833,2017,4,Cargo,Cook Islands,7926.0,42
6834,2017,4,Cargo,Fiji,9171.0,56
6835,2017,4,Cargo,Kiribati,9822.0,76
6836,2017,4,Cargo,Marshall Islands,6766.0,57
6837,2017,4,Cargo,Micronesia,126238.0,746
6838,2017,4,Cargo,Nauru,975.0,18
6839,2017,4,Cargo,Niue,1835.0,23
6840,2017,4,Cargo,Palau,32251.0,328
6841,2017,4,Cargo,Papua New Guinea,313571.0,1014
6842,2017,4,Cargo,Samoa,952.0,18
6843,2017,4,Cargo,Solomon Islands,20833.0,200
6844,2017,4,Cargo,Tokelau,898.0,13
6845,2017,4,Cargo,Tonga,2741.0,25
6846,2017,4,Cargo,Tuvalu,1609.0,24
6847,2017,4,Cargo,Vanuatu,4044.0,40
6848,2017,4,Fishing,Cook Islands,1181.0,51
6849,2017,4,Fishing,Fiji,1697.0,243
6850,2017,4,Fishing,Kiribati,10295.0,265
6851,2017,4,Fishing,Marshall Islands,4433.0,199
6852,2017,4,Fishing,Micronesia,15364.0,354
6853,2017,4,Fishing,Nauru,3030.0,117
6854,2017,4,Fishing,Niue,66.0,11
6855,2017,4,Fishing,Palau,597.0,70
6856,2017,4,Fishing,Papua New Guinea,12903.0,253
6857,2017,4,Fishing,Samoa,164.0,34
6858,2017,4,Fishing,Solomon Islands,5507.0,202
6859,2017,4,Fishing,Tokelau,448.0,54
6860,2017,4,Fishing,Tonga,282.0,43
6861,2017,4,Fishing,Tuvalu,2241.0,121
6862,2017,4,Fishing,Vanuatu,1152.0,108
6863,2017,4,Others,Cook Islands,2001.0,63
6864,2017,4,Others,Fiji,1780.0,91
6865,2017,4,Others,Kiribati,1820.0,140
6866,2017,4,Others,Marshall Islands,1227.0,65
6867,2017,4,Others,Micronesia,4867.0,124
6868,2017,4,Others,Nauru,597.0,21
6869,2017,4,Others,Niue,164.0,12
6870,2017,4,Others,Palau,1587.0,49
6871,2017,4,Others,Papua New Guinea,3670.0,148
6872,2017,4,Others,Samoa,50.0,5
6873,2017,4,Others,Solomon Islands,719.0,38
6874,2017,4,Others,Tokelau,99.0,4
6875,2017,4,Others,Tonga,322.0,26
6876,2017,4,Others,Tuvalu,352.0,67
6877,2017,4,Others,Vanuatu,390.0,25
6878,2017,4,Passenger,Cook Islands,3236.0,12
6879,2017,4,Passenger,Fiji,11233.0,26
6880,2017,4,Passenger,Kiribati,3542.0,11
6881,2017,4,Passenger,Micronesia,745.0,4
6882,2017,4,Passenger,Niue,518.0,4
6883,2017,4,Passenger,Palau,11.0,1
6884,2017,4,Passenger,Papua New Guinea,5997.0,37
6885,2017,4,Passenger,Samoa,220.0,3
6886,2017,4,Passenger,Solomon Islands,1385.0,4
6887,2017,4,Passenger,Tonga,2934.0,10
6888,2017,4,Passenger,Tuvalu,0.0,2
6889,2017,4,Passenger,Vanuatu,6669.0,13
6890,2017,4,Tanker,Cook Islands,1110.0,6
6891,2017,4,Tanker,Fiji,2400.0,15
6892,2017,4,Tanker,Kiribati,1588.0,16
6893,2017,4,Tanker,Marshall Islands,2538.0,14
6894,2017,4,Tanker,Micronesia,38056.0,105
6895,2017,4,Tanker,Nauru,278.0,9
6896,2017,4,Tanker,Niue,214.0,4
6897,2017,4,Tanker,Palau,4831.0,40
6898,2017,4,Tanker,Papua New Guinea,90982.0,180
6899,2017,4,Tanker,Samoa,162.0,4
6900,2017,4,Tanker,Solomon Islands,2673.0,29
6901,2017,4,Tanker,Tokelau,30.0,1
6902,2017,4,Tanker,Tonga,685.0,9
6903,2017,4,Tanker,Tuvalu,159.0,6
6904,2017,4,Tanker,Vanuatu,759.0,12
6905,2017,5,Cargo,Cook Islands,7701.0,46
6906,2017,5,Cargo,Fiji,8754.0,53
6907,2017,5,Cargo,Kiribati,9162.0,87
6908,2017,5,Cargo,Marshall Islands,6662.0,71
6909,2017,5,Cargo,Micronesia,144271.0,797
6910,2017,5,Cargo,Nauru,992.0,21
6911,2017,5,Cargo,Niue,1383.0,20
6912,2017,5,Cargo,Palau,38044.0,380
6913,2017,5,Cargo,Papua New Guinea,348905.0,1071
6914,2017,5,Cargo,Samoa,2254.0,19
6915,2017,5,Cargo,Solomon Islands,20479.0,171
6916,2017,5,Cargo,Tokelau,1185.0,15
6917,2017,5,Cargo,Tonga,2682.0,26
6918,2017,5,Cargo,Tuvalu,2281.0,35
6919,2017,5,Cargo,Vanuatu,3308.0,38
6920,2017,5,Fishing,Cook Islands,1658.0,53
6921,2017,5,Fishing,Fiji,1434.0,207
6922,2017,5,Fishing,Kiribati,13981.0,285
6923,2017,5,Fishing,Marshall Islands,5411.0,196
6924,2017,5,Fishing,Micronesia,13874.0,265
6925,2017,5,Fishing,Nauru,2438.0,101
6926,2017,5,Fishing,Niue,6.0,2
6927,2017,5,Fishing,Palau,700.0,55
6928,2017,5,Fishing,Papua New Guinea,10770.0,222
6929,2017,5,Fishing,Samoa,378.0,30
6930,2017,5,Fishing,Solomon Islands,4182.0,227
6931,2017,5,Fishing,Tokelau,300.0,29
6932,2017,5,Fishing,Tonga,182.0,24
6933,2017,5,Fishing,Tuvalu,3915.0,166
6934,2017,5,Fishing,Vanuatu,803.0,101
6935,2017,5,Others,Cook Islands,2971.0,67
6936,2017,5,Others,Fiji,4367.0,161
6937,2017,5,Others,Kiribati,1465.0,106
6938,2017,5,Others,Marshall Islands,1297.0,48
6939,2017,5,Others,Micronesia,1535.0,68
6940,2017,5,Others,Nauru,97.0,7
6941,2017,5,Others,Niue,729.0,32
6942,2017,5,Others,Palau,1412.0,32
6943,2017,5,Others,Papua New Guinea,3032.0,112
6944,2017,5,Others,Samoa,141.0,12
6945,2017,5,Others,Solomon Islands,712.0,36
6946,2017,5,Others,Tokelau,57.0,7
6947,2017,5,Others,Tonga,1983.0,73
6948,2017,5,Others,Tuvalu,368.0,58
6949,2017,5,Others,Vanuatu,1279.0,42
6950,2017,5,Passenger,Cook Islands,1224.0,5
6951,2017,5,Passenger,Fiji,3612.0,18
6952,2017,5,Passenger,Kiribati,4821.0,8
6953,2017,5,Passenger,Marshall Islands,12.0,2
6954,2017,5,Passenger,Micronesia,432.0,5
6955,2017,5,Passenger,Palau,764.0,2
6956,2017,5,Passenger,Papua New Guinea,10188.0,33
6957,2017,5,Passenger,Samoa,118.0,3
6958,2017,5,Passenger,Solomon Islands,2777.0,4
6959,2017,5,Passenger,Tokelau,349.0,1
6960,2017,5,Passenger,Tonga,630.0,6
6961,2017,5,Passenger,Vanuatu,4041.0,10
6962,2017,5,Tanker,Cook Islands,769.0,4
6963,2017,5,Tanker,Fiji,1583.0,12
6964,2017,5,Tanker,Kiribati,2479.0,17
6965,2017,5,Tanker,Marshall Islands,1994.0,14
6966,2017,5,Tanker,Micronesia,39973.0,110
6967,2017,5,Tanker,Nauru,451.0,8
6968,2017,5,Tanker,Niue,311.0,3
6969,2017,5,Tanker,Palau,7030.0,49
6970,2017,5,Tanker,Papua New Guinea,92294.0,177
6971,2017,5,Tanker,Samoa,119.0,5
6972,2017,5,Tanker,Solomon Islands,2500.0,24
6973,2017,5,Tanker,Tokelau,30.0,1
6974,2017,5,Tanker,Tonga,566.0,7
6975,2017,5,Tanker,Tuvalu,74.0,5
6976,2017,5,Tanker,Vanuatu,556.0,8
6977,2017,6,Cargo,Cook Islands,7820.0,42
6978,2017,6,Cargo,Fiji,8277.0,53
6979,2017,6,Cargo,Kiribati,9657.0,81
6980,2017,6,Cargo,Marshall Islands,5602.0,57
6981,2017,6,Cargo,Micronesia,151889.0,845
6982,2017,6,Cargo,Nauru,850.0,21
6983,2017,6,Cargo,Niue,1548.0,19
6984,2017,6,Cargo,Palau,36085.0,379
6985,2017,6,Cargo,Papua New Guinea,368124.0,1160
6986,2017,6,Cargo,Samoa,2361.0,20
6987,2017,6,Cargo,Solomon Islands,21085.0,185
6988,2017,6,Cargo,Tokelau,1056.0,14
6989,2017,6,Cargo,Tonga,2969.0,25
6990,2017,6,Cargo,Tuvalu,2053.0,27
6991,2017,6,Cargo,Vanuatu,3223.0,32
6992,2017,6,Fishing,Cook Islands,1958.0,55
6993,2017,6,Fishing,Fiji,1436.0,179
6994,2017,6,Fishing,Kiribati,10576.0,240
6995,2017,6,Fishing,Marshall Islands,4650.0,177
6996,2017,6,Fishing,Micronesia,14586.0,292
6997,2017,6,Fishing,Nauru,2841.0,108
6998,2017,6,Fishing,Niue,12.0,3
6999,2017,6,Fishing,Palau,693.0,56
7000,2017,6,Fishing,Papua New Guinea,11728.0,212
7001,2017,6,Fishing,Samoa,349.0,30
7002,2017,6,Fishing,Solomon Islands,2006.0,131
7003,2017,6,Fishing,Tokelau,308.0,28
7004,2017,6,Fishing,Tonga,144.0,21
7005,2017,6,Fishing,Tuvalu,2710.0,143
7006,2017,6,Fishing,Vanuatu,1672.0,121
7007,2017,6,Others,Cook Islands,3247.0,90
7008,2017,6,Others,Fiji,10019.0,250
7009,2017,6,Others,Kiribati,1954.0,129
7010,2017,6,Others,Marshall Islands,1124.0,36
7011,2017,6,Others,Micronesia,5297.0,93
7012,2017,6,Others,Nauru,384.0,13
7013,2017,6,Others,Niue,712.0,28
7014,2017,6,Others,Palau,1640.0,67
7015,2017,6,Others,Papua New Guinea,5172.0,148
7016,2017,6,Others,Samoa,176.0,18
7017,2017,6,Others,Solomon Islands,1234.0,67
7018,2017,6,Others,Tokelau,4.0,2
7019,2017,6,Others,Tonga,4938.0,123
7020,2017,6,Others,Tuvalu,551.0,51
7021,2017,6,Others,Vanuatu,2505.0,80
7022,2017,6,Passenger,Cook Islands,116.0,2
7023,2017,6,Passenger,Fiji,1930.0,18
7024,2017,6,Passenger,Kiribati,41.0,3
7025,2017,6,Passenger,Marshall Islands,0.0,1
7026,2017,6,Passenger,Micronesia,146.0,5
7027,2017,6,Passenger,Nauru,2.0,1
7028,2017,6,Passenger,Niue,83.0,1
7029,2017,6,Passenger,Palau,87.0,2
7030,2017,6,Passenger,Papua New Guinea,2107.0,31
7031,2017,6,Passenger,Samoa,12.0,1
7032,2017,6,Passenger,Solomon Islands,285.0,2
7033,2017,6,Passenger,Tonga,501.0,6
7034,2017,6,Passenger,Tuvalu,55.0,4
7035,2017,6,Passenger,Vanuatu,4809.0,7
7036,2017,6,Tanker,Cook Islands,564.0,6
7037,2017,6,Tanker,Fiji,1700.0,10
7038,2017,6,Tanker,Kiribati,1912.0,16
7039,2017,6,Tanker,Marshall Islands,2331.0,11
7040,2017,6,Tanker,Micronesia,42250.0,113
7041,2017,6,Tanker,Nauru,553.0,8
7042,2017,6,Tanker,Niue,110.0,2
7043,2017,6,Tanker,Palau,5569.0,43
7044,2017,6,Tanker,Papua New Guinea,94487.0,171
7045,2017,6,Tanker,Samoa,183.0,4
7046,2017,6,Tanker,Solomon Islands,2251.0,21
7047,2017,6,Tanker,Tokelau,36.0,1
7048,2017,6,Tanker,Tonga,465.0,6
7049,2017,6,Tanker,Tuvalu,333.0,6
7050,2017,6,Tanker,Vanuatu,713.0,9
7051,2017,7,Cargo,Cook Islands,6491.0,40
7052,2017,7,Cargo,Fiji,7505.0,53
7053,2017,7,Cargo,Kiribati,8295.0,84
7054,2017,7,Cargo,Marshall Islands,8757.0,67
7055,2017,7,Cargo,Micronesia,149426.0,825
7056,2017,7,Cargo,Nauru,655.0,17
7057,2017,7,Cargo,Niue,1327.0,17
7058,2017,7,Cargo,Palau,40594.0,397
7059,2017,7,Cargo,Papua New Guinea,372945.0,1128
7060,2017,7,Cargo,Samoa,1612.0,18
7061,2017,7,Cargo,Solomon Islands,18706.0,176
7062,2017,7,Cargo,Tokelau,1808.0,15
7063,2017,7,Cargo,Tonga,2193.0,20
7064,2017,7,Cargo,Tuvalu,1510.0,27
7065,2017,7,Cargo,Vanuatu,3935.0,37
7066,2017,7,Fishing,Cook Islands,1236.0,38
7067,2017,7,Fishing,Fiji,1687.0,206
7068,2017,7,Fishing,Kiribati,13487.0,223
7069,2017,7,Fishing,Marshall Islands,5523.0,190
7070,2017,7,Fishing,Micronesia,9073.0,199
7071,2017,7,Fishing,Nauru,3325.0,100
7072,2017,7,Fishing,Niue,14.0,3
7073,2017,7,Fishing,Palau,968.0,79
7074,2017,7,Fishing,Papua New Guinea,8545.0,156
7075,2017,7,Fishing,Samoa,295.0,33
7076,2017,7,Fishing,Solomon Islands,1950.0,135
7077,2017,7,Fishing,Tokelau,284.0,34
7078,2017,7,Fishing,Tonga,128.0,18
7079,2017,7,Fishing,Tuvalu,2001.0,143
7080,2017,7,Fishing,Vanuatu,1499.0,118
7081,2017,7,Others,Cook Islands,3560.0,135
7082,2017,7,Others,Fiji,11614.0,262
7083,2017,7,Others,Kiribati,1511.0,109
7084,2017,7,Others,Marshall Islands,1065.0,62
7085,2017,7,Others,Micronesia,2396.0,73
7086,2017,7,Others,Nauru,433.0,20
7087,2017,7,Others,Niue,911.0,39
7088,2017,7,Others,Palau,3327.0,101
7089,2017,7,Others,Papua New Guinea,6944.0,181
7090,2017,7,Others,Samoa,271.0,20
7091,2017,7,Others,Solomon Islands,1835.0,68
7092,2017,7,Others,Tokelau,375.0,10
7093,2017,7,Others,Tonga,3410.0,89
7094,2017,7,Others,Tuvalu,631.0,74
7095,2017,7,Others,Vanuatu,3825.0,122
7096,2017,7,Passenger,Cook Islands,1619.0,3
7097,2017,7,Passenger,Fiji,1677.0,20
7098,2017,7,Passenger,Kiribati,1761.0,8
7099,2017,7,Passenger,Marshall Islands,11.0,1
7100,2017,7,Passenger,Micronesia,31.0,3
7101,2017,7,Passenger,Palau,32.0,1
7102,2017,7,Passenger,Papua New Guinea,4474.0,34
7103,2017,7,Passenger,Samoa,4.0,1
7104,2017,7,Passenger,Solomon Islands,84.0,1
7105,2017,7,Passenger,Tonga,326.0,4
7106,2017,7,Passenger,Tuvalu,36.0,2
7107,2017,7,Passenger,Vanuatu,1717.0,6
7108,2017,7,Tanker,Cook Islands,965.0,7
7109,2017,7,Tanker,Fiji,2815.0,17
7110,2017,7,Tanker,Kiribati,2064.0,17
7111,2017,7,Tanker,Marshall Islands,1258.0,10
7112,2017,7,Tanker,Micronesia,44496.0,107
7113,2017,7,Tanker,Nauru,630.0,8
7114,2017,7,Tanker,Niue,438.0,6
7115,2017,7,Tanker,Palau,4581.0,45
7116,2017,7,Tanker,Papua New Guinea,97229.0,172
7117,2017,7,Tanker,Samoa,207.0,3
7118,2017,7,Tanker,Solomon Islands,2643.0,23
7119,2017,7,Tanker,Tokelau,61.0,1
7120,2017,7,Tanker,Tonga,946.0,12
7121,2017,7,Tanker,Tuvalu,198.0,5
7122,2017,7,Tanker,Vanuatu,860.0,10
7123,2017,8,Cargo,Cook Islands,6839.0,43
7124,2017,8,Cargo,Fiji,7699.0,47
7125,2017,8,Cargo,Kiribati,11347.0,98
7126,2017,8,Cargo,Marshall Islands,7043.0,70
7127,2017,8,Cargo,Micronesia,151687.0,800
7128,2017,8,Cargo,Nauru,914.0,24
7129,2017,8,Cargo,Niue,1201.0,15
7130,2017,8,Cargo,Palau,37711.0,370
7131,2017,8,Cargo,Papua New Guinea,368361.0,1097
7132,2017,8,Cargo,Samoa,1167.0,16
7133,2017,8,Cargo,Solomon Islands,21928.0,181
7134,2017,8,Cargo,Tokelau,2493.0,13
7135,2017,8,Cargo,Tonga,2138.0,22
7136,2017,8,Cargo,Tuvalu,1317.0,23
7137,2017,8,Cargo,Vanuatu,3979.0,37
7138,2017,8,Fishing,Cook Islands,1098.0,38
7139,2017,8,Fishing,Fiji,1653.0,208
7140,2017,8,Fishing,Kiribati,12647.0,249
7141,2017,8,Fishing,Marshall Islands,5540.0,191
7142,2017,8,Fishing,Micronesia,10192.0,228
7143,2017,8,Fishing,Nauru,6073.0,111
7144,2017,8,Fishing,Niue,8.0,2
7145,2017,8,Fishing,Palau,2327.0,130
7146,2017,8,Fishing,Papua New Guinea,5293.0,124
7147,2017,8,Fishing,Samoa,186.0,36
7148,2017,8,Fishing,Solomon Islands,2147.0,136
7149,2017,8,Fishing,Tokelau,465.0,36
7150,2017,8,Fishing,Tonga,176.0,24
7151,2017,8,Fishing,Tuvalu,1779.0,95
7152,2017,8,Fishing,Vanuatu,1397.0,120
7153,2017,8,Others,Cook Islands,6075.0,161
7154,2017,8,Others,Fiji,10899.0,273
7155,2017,8,Others,Kiribati,865.0,117
7156,2017,8,Others,Marshall Islands,713.0,29
7157,2017,8,Others,Micronesia,1630.0,70
7158,2017,8,Others,Nauru,253.0,12
7159,2017,8,Others,Niue,1881.0,78
7160,2017,8,Others,Palau,6217.0,137
7161,2017,8,Others,Papua New Guinea,4768.0,163
7162,2017,8,Others,Samoa,425.0,26
7163,2017,8,Others,Solomon Islands,1735.0,74
7164,2017,8,Others,Tokelau,212.0,5
7165,2017,8,Others,Tonga,3797.0,122
7166,2017,8,Others,Tuvalu,122.0,59
7167,2017,8,Others,Vanuatu,6095.0,137
7168,2017,8,Passenger,Cook Islands,2167.0,4
7169,2017,8,Passenger,Fiji,4959.0,21
7170,2017,8,Passenger,Kiribati,3227.0,4
7171,2017,8,Passenger,Micronesia,55.0,3
7172,2017,8,Passenger,Niue,12.0,1
7173,2017,8,Passenger,Palau,26.0,2
7174,2017,8,Passenger,Papua New Guinea,3828.0,34
7175,2017,8,Passenger,Samoa,27.0,1
7176,2017,8,Passenger,Solomon Islands,95.0,2
7177,2017,8,Passenger,Tokelau,427.0,1
7178,2017,8,Passenger,Tonga,432.0,6
7179,2017,8,Passenger,Vanuatu,5528.0,7
7180,2017,8,Tanker,Cook Islands,1070.0,9
7181,2017,8,Tanker,Fiji,2495.0,19
7182,2017,8,Tanker,Kiribati,2393.0,18
7183,2017,8,Tanker,Marshall Islands,2086.0,17
7184,2017,8,Tanker,Micronesia,45387.0,113
7185,2017,8,Tanker,Nauru,936.0,12
7186,2017,8,Tanker,Niue,423.0,6
7187,2017,8,Tanker,Palau,4316.0,41
7188,2017,8,Tanker,Papua New Guinea,94641.0,170
7189,2017,8,Tanker,Samoa,102.0,4
7190,2017,8,Tanker,Solomon Islands,2403.0,24
7191,2017,8,Tanker,Tokelau,34.0,1
7192,2017,8,Tanker,Tonga,830.0,10
7193,2017,8,Tanker,Tuvalu,72.0,2
7194,2017,8,Tanker,Vanuatu,727.0,9
7195,2017,9,Cargo,Cook Islands,6985.0,41
7196,2017,9,Cargo,Fiji,9563.0,55
7197,2017,9,Cargo,Kiribati,11282.0,112
7198,2017,9,Cargo,Marshall Islands,8426.0,76
7199,2017,9,Cargo,Micronesia,148322.0,825
7200,2017,9,Cargo,Nauru,843.0,23
7201,2017,9,Cargo,Niue,1601.0,19
7202,2017,9,Cargo,Palau,37390.0,376
7203,2017,9,Cargo,Papua New Guinea,359794.0,1088
7204,2017,9,Cargo,Samoa,2166.0,21
7205,2017,9,Cargo,Solomon Islands,21382.0,184
7206,2017,9,Cargo,Tokelau,1024.0,10
7207,2017,9,Cargo,Tonga,2465.0,26
7208,2017,9,Cargo,Tuvalu,864.0,12
7209,2017,9,Cargo,Vanuatu,4049.0,39
7210,2017,9,Fishing,Cook Islands,856.0,35
7211,2017,9,Fishing,Fiji,1247.0,172
7212,2017,9,Fishing,Kiribati,15373.0,253
7213,2017,9,Fishing,Marshall Islands,5381.0,174
7214,2017,9,Fishing,Micronesia,8881.0,219
7215,2017,9,Fishing,Nauru,568.0,24
7216,2017,9,Fishing,Niue,7.0,3
7217,2017,9,Fishing,Palau,2292.0,133
7218,2017,9,Fishing,Papua New Guinea,5048.0,127
7219,2017,9,Fishing,Samoa,249.0,28
7220,2017,9,Fishing,Solomon Islands,2203.0,133
7221,2017,9,Fishing,Tokelau,401.0,35
7222,2017,9,Fishing,Tonga,338.0,22
7223,2017,9,Fishing,Tuvalu,1068.0,88
7224,2017,9,Fishing,Vanuatu,1554.0,121
7225,2017,9,Others,Cook Islands,3599.0,102
7226,2017,9,Others,Fiji,11552.0,265
7227,2017,9,Others,Kiribati,1313.0,113
7228,2017,9,Others,Marshall Islands,710.0,36
7229,2017,9,Others,Micronesia,3184.0,79
7230,2017,9,Others,Nauru,102.0,18
7231,2017,9,Others,Niue,1507.0,58
7232,2017,9,Others,Palau,6073.0,159
7233,2017,9,Others,Papua New Guinea,5398.0,192
7234,2017,9,Others,Samoa,534.0,29
7235,2017,9,Others,Solomon Islands,1615.0,75
7236,2017,9,Others,Tokelau,135.0,4
7237,2017,9,Others,Tonga,3378.0,118
7238,2017,9,Others,Tuvalu,200.0,54
7239,2017,9,Others,Vanuatu,5924.0,153
7240,2017,9,Passenger,Cook Islands,1136.0,2
7241,2017,9,Passenger,Fiji,3764.0,19
7242,2017,9,Passenger,Kiribati,2560.0,5
7243,2017,9,Passenger,Marshall Islands,7.0,1
7244,2017,9,Passenger,Micronesia,14.0,4
7245,2017,9,Passenger,Palau,0.0,1
7246,2017,9,Passenger,Papua New Guinea,9045.0,34
7247,2017,9,Passenger,Samoa,30.0,1
7248,2017,9,Passenger,Solomon Islands,1878.0,5
7249,2017,9,Passenger,Tonga,1520.0,6
7250,2017,9,Passenger,Tuvalu,11.0,1
7251,2017,9,Passenger,Vanuatu,5242.0,9
7252,2017,9,Tanker,Cook Islands,1159.0,8
7253,2017,9,Tanker,Fiji,1676.0,14
7254,2017,9,Tanker,Kiribati,2242.0,22
7255,2017,9,Tanker,Marshall Islands,2179.0,13
7256,2017,9,Tanker,Micronesia,44583.0,127
7257,2017,9,Tanker,Nauru,365.0,8
7258,2017,9,Tanker,Niue,247.0,4
7259,2017,9,Tanker,Palau,6759.0,45
7260,2017,9,Tanker,Papua New Guinea,96977.0,171
7261,2017,9,Tanker,Samoa,212.0,4
7262,2017,9,Tanker,Solomon Islands,2023.0,21
7263,2017,9,Tanker,Tonga,571.0,8
7264,2017,9,Tanker,Tuvalu,257.0,4
7265,2017,9,Tanker,Vanuatu,416.0,6
7266,2017,10,Cargo,Cook Islands,6925.0,43
7267,2017,10,Cargo,Fiji,8124.0,55
7268,2017,10,Cargo,Kiribati,14503.0,107
7269,2017,10,Cargo,Marshall Islands,8681.0,71
7270,2017,10,Cargo,Micronesia,135205.0,743
7271,2017,10,Cargo,Nauru,1168.0,24
7272,2017,10,Cargo,Niue,1407.0,18
7273,2017,10,Cargo,Palau,43472.0,423
7274,2017,10,Cargo,Papua New Guinea,368076.0,1095
7275,2017,10,Cargo,Samoa,1103.0,22
7276,2017,10,Cargo,Solomon Islands,20073.0,182
7277,2017,10,Cargo,Tokelau,2572.0,21
7278,2017,10,Cargo,Tonga,2174.0,21
7279,2017,10,Cargo,Tuvalu,3148.0,43
7280,2017,10,Cargo,Vanuatu,4048.0,41
7281,2017,10,Fishing,Cook Islands,828.0,34
7282,2017,10,Fishing,Fiji,1191.0,171
7283,2017,10,Fishing,Kiribati,13249.0,223
7284,2017,10,Fishing,Marshall Islands,4489.0,164
7285,2017,10,Fishing,Micronesia,7746.0,203
7286,2017,10,Fishing,Nauru,460.0,26
7287,2017,10,Fishing,Niue,37.0,8
7288,2017,10,Fishing,Palau,1340.0,116
7289,2017,10,Fishing,Papua New Guinea,13125.0,172
7290,2017,10,Fishing,Samoa,105.0,21
7291,2017,10,Fishing,Solomon Islands,2695.0,142
7292,2017,10,Fishing,Tokelau,1394.0,66
7293,2017,10,Fishing,Tonga,148.0,12
7294,2017,10,Fishing,Tuvalu,4112.0,148
7295,2017,10,Fishing,Vanuatu,1798.0,124
7296,2017,10,Others,Cook Islands,2181.0,52
7297,2017,10,Others,Fiji,10883.0,268
7298,2017,10,Others,Kiribati,1669.0,100
7299,2017,10,Others,Marshall Islands,1090.0,30
7300,2017,10,Others,Micronesia,6152.0,100
7301,2017,10,Others,Nauru,303.0,11
7302,2017,10,Others,Niue,524.0,19
7303,2017,10,Others,Palau,6117.0,172
7304,2017,10,Others,Papua New Guinea,5292.0,172
7305,2017,10,Others,Samoa,364.0,20
7306,2017,10,Others,Solomon Islands,1654.0,59
7307,2017,10,Others,Tokelau,855.0,14
7308,2017,10,Others,Tonga,3725.0,96
7309,2017,10,Others,Tuvalu,1132.0,58
7310,2017,10,Others,Vanuatu,4558.0,129
7311,2017,10,Passenger,Cook Islands,2875.0,9
7312,2017,10,Passenger,Fiji,8714.0,27
7313,2017,10,Passenger,Kiribati,2104.0,8
7314,2017,10,Passenger,Marshall Islands,11.0,1
7315,2017,10,Passenger,Micronesia,80.0,4
7316,2017,10,Passenger,Niue,558.0,2
7317,2017,10,Passenger,Palau,57.0,2
7318,2017,10,Passenger,Papua New Guinea,8096.0,39
7319,2017,10,Passenger,Samoa,339.0,3
7320,2017,10,Passenger,Solomon Islands,650.0,5
7321,2017,10,Passenger,Tokelau,360.0,2
7322,2017,10,Passenger,Tonga,2510.0,10
7323,2017,10,Passenger,Tuvalu,488.0,2
7324,2017,10,Passenger,Vanuatu,3935.0,13
7325,2017,10,Tanker,Cook Islands,822.0,6
7326,2017,10,Tanker,Fiji,2503.0,14
7327,2017,10,Tanker,Kiribati,3572.0,22
7328,2017,10,Tanker,Marshall Islands,1981.0,14
7329,2017,10,Tanker,Micronesia,38966.0,116
7330,2017,10,Tanker,Nauru,350.0,6
7331,2017,10,Tanker,Niue,361.0,5
7332,2017,10,Tanker,Palau,7723.0,57
7333,2017,10,Tanker,Papua New Guinea,96684.0,171
7334,2017,10,Tanker,Samoa,182.0,4
7335,2017,10,Tanker,Solomon Islands,2930.0,28
7336,2017,10,Tanker,Tokelau,45.0,1
7337,2017,10,Tanker,Tonga,814.0,9
7338,2017,10,Tanker,Tuvalu,470.0,9
7339,2017,10,Tanker,Vanuatu,364.0,6
7340,2017,11,Cargo,Cook Islands,9245.0,50
7341,2017,11,Cargo,Fiji,8490.0,50
7342,2017,11,Cargo,Kiribati,12431.0,97
7343,2017,11,Cargo,Marshall Islands,7740.0,71
7344,2017,11,Cargo,Micronesia,150005.0,818
7345,2017,11,Cargo,Nauru,745.0,17
7346,2017,11,Cargo,Niue,1256.0,19
7347,2017,11,Cargo,Palau,32522.0,347
7348,2017,11,Cargo,Papua New Guinea,357054.0,1125
7349,2017,11,Cargo,Samoa,1567.0,22
7350,2017,11,Cargo,Solomon Islands,21540.0,186
7351,2017,11,Cargo,Tokelau,1260.0,16
7352,2017,11,Cargo,Tonga,2639.0,24
7353,2017,11,Cargo,Tuvalu,2423.0,32
7354,2017,11,Cargo,Vanuatu,3321.0,37
7355,2017,11,Fishing,Cook Islands,1260.0,39
7356,2017,11,Fishing,Fiji,963.0,144
7357,2017,11,Fishing,Kiribati,7886.0,177
7358,2017,11,Fishing,Marshall Islands,5185.0,195
7359,2017,11,Fishing,Micronesia,9461.0,220
7360,2017,11,Fishing,Nauru,2192.0,79
7361,2017,11,Fishing,Niue,21.0,5
7362,2017,11,Fishing,Palau,1110.0,109
7363,2017,11,Fishing,Papua New Guinea,13365.0,236
7364,2017,11,Fishing,Samoa,153.0,17
7365,2017,11,Fishing,Solomon Islands,6407.0,199
7366,2017,11,Fishing,Tokelau,1389.0,48
7367,2017,11,Fishing,Tonga,117.0,11
7368,2017,11,Fishing,Tuvalu,2673.0,106
7369,2017,11,Fishing,Vanuatu,2171.0,142
7370,2017,11,Others,Cook Islands,1818.0,60
7371,2017,11,Others,Fiji,4764.0,142
7372,2017,11,Others,Kiribati,671.0,88
7373,2017,11,Others,Marshall Islands,1145.0,48
7374,2017,11,Others,Micronesia,4470.0,108
7375,2017,11,Others,Nauru,106.0,13
7376,2017,11,Others,Niue,154.0,11
7377,2017,11,Others,Palau,5491.0,137
7378,2017,11,Others,Papua New Guinea,6248.0,163
7379,2017,11,Others,Samoa,584.0,15
7380,2017,11,Others,Solomon Islands,2085.0,72
7381,2017,11,Others,Tokelau,11.0,3
7382,2017,11,Others,Tonga,1369.0,46
7383,2017,11,Others,Tuvalu,648.0,81
7384,2017,11,Others,Vanuatu,1349.0,61
7385,2017,11,Passenger,Cook Islands,350.0,4
7386,2017,11,Passenger,Fiji,6503.0,24
7387,2017,11,Passenger,Kiribati,320.0,4
7388,2017,11,Passenger,Marshall Islands,9.0,2
7389,2017,11,Passenger,Micronesia,33.0,4
7390,2017,11,Passenger,Niue,2.0,1
7391,2017,11,Passenger,Palau,4.0,1
7392,2017,11,Passenger,Papua New Guinea,7073.0,43
7393,2017,11,Passenger,Samoa,246.0,3
7394,2017,11,Passenger,Solomon Islands,1612.0,5
7395,2017,11,Passenger,Tokelau,18.0,1
7396,2017,11,Passenger,Tonga,1034.0,7
7397,2017,11,Passenger,Tuvalu,1.0,1
7398,2017,11,Passenger,Vanuatu,4194.0,10
7399,2017,11,Tanker,Cook Islands,339.0,5
7400,2017,11,Tanker,Fiji,1917.0,16
7401,2017,11,Tanker,Kiribati,2047.0,11
7402,2017,11,Tanker,Marshall Islands,893.0,6
7403,2017,11,Tanker,Micronesia,43298.0,122
7404,2017,11,Tanker,Nauru,248.0,5
7405,2017,11,Tanker,Niue,264.0,6
7406,2017,11,Tanker,Palau,7112.0,48
7407,2017,11,Tanker,Papua New Guinea,104820.0,179
7408,2017,11,Tanker,Samoa,95.0,2
7409,2017,11,Tanker,Solomon Islands,2792.0,34
7410,2017,11,Tanker,Tokelau,2.0,1
7411,2017,11,Tanker,Tonga,543.0,8
7412,2017,11,Tanker,Tuvalu,49.0,6
7413,2017,11,Tanker,Vanuatu,460.0,7
7414,2017,12,Cargo,Cook Islands,7715.0,38
7415,2017,12,Cargo,Fiji,8789.0,49
7416,2017,12,Cargo,Kiribati,13528.0,101
7417,2017,12,Cargo,Marshall Islands,8150.0,83
7418,2017,12,Cargo,Micronesia,150982.0,823
7419,2017,12,Cargo,Nauru,1105.0,17
7420,2017,12,Cargo,Niue,1350.0,12
7421,2017,12,Cargo,Palau,36200.0,376
7422,2017,12,Cargo,Papua New Guinea,369807.0,1124
7423,2017,12,Cargo,Samoa,1087.0,20
7424,2017,12,Cargo,Solomon Islands,23434.0,193
7425,2017,12,Cargo,Tokelau,1449.0,21
7426,2017,12,Cargo,Tonga,2345.0,18
7427,2017,12,Cargo,Tuvalu,2622.0,36
7428,2017,12,Cargo,Vanuatu,3215.0,35
7429,2017,12,Fishing,Cook Islands,706.0,32
7430,2017,12,Fishing,Fiji,1073.0,180
7431,2017,12,Fishing,Kiribati,5321.0,143
7432,2017,12,Fishing,Marshall Islands,4039.0,167
7433,2017,12,Fishing,Micronesia,8503.0,222
7434,2017,12,Fishing,Nauru,1886.0,61
7435,2017,12,Fishing,Niue,12.0,3
7436,2017,12,Fishing,Palau,1490.0,129
7437,2017,12,Fishing,Papua New Guinea,12997.0,238
7438,2017,12,Fishing,Samoa,278.0,35
7439,2017,12,Fishing,Solomon Islands,13536.0,261
7440,2017,12,Fishing,Tokelau,1016.0,42
7441,2017,12,Fishing,Tonga,125.0,13
7442,2017,12,Fishing,Tuvalu,1706.0,67
7443,2017,12,Fishing,Vanuatu,2546.0,158
7444,2017,12,Others,Cook Islands,1009.0,33
7445,2017,12,Others,Fiji,2835.0,69
7446,2017,12,Others,Kiribati,1744.0,77
7447,2017,12,Others,Marshall Islands,991.0,50
7448,2017,12,Others,Micronesia,6675.0,76
7449,2017,12,Others,Nauru,270.0,11
7450,2017,12,Others,Niue,64.0,8
7451,2017,12,Others,Palau,5565.0,154
7452,2017,12,Others,Papua New Guinea,4469.0,127
7453,2017,12,Others,Samoa,317.0,10
7454,2017,12,Others,Solomon Islands,1793.0,54
7455,2017,12,Others,Tokelau,745.0,7
7456,2017,12,Others,Tonga,2023.0,18
7457,2017,12,Others,Tuvalu,579.0,54
7458,2017,12,Others,Vanuatu,448.0,20
7459,2017,12,Passenger,Cook Islands,1779.0,4
7460,2017,12,Passenger,Fiji,5900.0,25
7461,2017,12,Passenger,Kiribati,61.0,4
7462,2017,12,Passenger,Micronesia,5.0,3
7463,2017,12,Passenger,Niue,284.0,1
7464,2017,12,Passenger,Palau,34.0,2
7465,2017,12,Passenger,Papua New Guinea,2985.0,36
7466,2017,12,Passenger,Samoa,225.0,3
7467,2017,12,Passenger,Solomon Islands,278.0,3
7468,2017,12,Passenger,Tokelau,128.0,2
7469,2017,12,Passenger,Tonga,933.0,6
7470,2017,12,Passenger,Vanuatu,9247.0,15
7471,2017,12,Tanker,Cook Islands,834.0,7
7472,2017,12,Tanker,Fiji,1989.0,14
7473,2017,12,Tanker,Kiribati,2279.0,18
7474,2017,12,Tanker,Marshall Islands,2687.0,22
7475,2017,12,Tanker,Micronesia,51714.0,123
7476,2017,12,Tanker,Nauru,269.0,6
7477,2017,12,Tanker,Niue,154.0,4
7478,2017,12,Tanker,Palau,7456.0,49
7479,2017,12,Tanker,Papua New Guinea,108705.0,179
7480,2017,12,Tanker,Samoa,173.0,3
7481,2017,12,Tanker,Solomon Islands,4031.0,34
7482,2017,12,Tanker,Tonga,669.0,9
7483,2017,12,Tanker,Tuvalu,221.0,5
7484,2017,12,Tanker,Vanuatu,719.0,7
7485,2018,1,Cargo,Cook Islands,7796.0,36
7486,2018,1,Cargo,Fiji,7929.0,44
7487,2018,1,Cargo,Kiribati,15144.0,106
7488,2018,1,Cargo,Marshall Islands,8788.0,78
7489,2018,1,Cargo,Micronesia,136703.0,753
7490,2018,1,Cargo,Nauru,509.0,10
7491,2018,1,Cargo,Niue,614.0,8
7492,2018,1,Cargo,Palau,34590.0,378
7493,2018,1,Cargo,Papua New Guinea,342588.0,1061
7494,2018,1,Cargo,Samoa,1392.0,16
7495,2018,1,Cargo,Solomon Islands,17051.0,152
7496,2018,1,Cargo,Tokelau,1629.0,21
7497,2018,1,Cargo,Tonga,1826.0,17
7498,2018,1,Cargo,Tuvalu,3054.0,33
7499,2018,1,Cargo,Vanuatu,3048.0,34
7500,2018,1,Fishing,Cook Islands,320.0,18
7501,2018,1,Fishing,Fiji,1322.0,211
7502,2018,1,Fishing,Kiribati,4629.0,131
7503,2018,1,Fishing,Marshall Islands,3274.0,134
7504,2018,1,Fishing,Micronesia,15157.0,303
7505,2018,1,Fishing,Nauru,444.0,23
7506,2018,1,Fishing,Niue,19.0,5
7507,2018,1,Fishing,Palau,1289.0,132
7508,2018,1,Fishing,Papua New Guinea,12132.0,193
7509,2018,1,Fishing,Samoa,296.0,25
7510,2018,1,Fishing,Solomon Islands,5356.0,208
7511,2018,1,Fishing,Tokelau,822.0,37
7512,2018,1,Fishing,Tonga,106.0,9
7513,2018,1,Fishing,Tuvalu,2547.0,110
7514,2018,1,Fishing,Vanuatu,968.0,73
7515,2018,1,Others,Cook Islands,581.0,30
7516,2018,1,Others,Fiji,2246.0,56
7517,2018,1,Others,Kiribati,801.0,64
7518,2018,1,Others,Marshall Islands,1198.0,66
7519,2018,1,Others,Micronesia,4669.0,99
7520,2018,1,Others,Nauru,50.0,5
7521,2018,1,Others,Niue,154.0,8
7522,2018,1,Others,Palau,7860.0,160
7523,2018,1,Others,Papua New Guinea,5256.0,128
7524,2018,1,Others,Samoa,472.0,7
7525,2018,1,Others,Solomon Islands,1692.0,111
7526,2018,1,Others,Tokelau,105.0,4
7527,2018,1,Others,Tonga,316.0,13
7528,2018,1,Others,Tuvalu,235.0,53
7529,2018,1,Others,Vanuatu,615.0,17
7530,2018,1,Passenger,Cook Islands,1718.0,6
7531,2018,1,Passenger,Fiji,7578.0,28
7532,2018,1,Passenger,Kiribati,318.0,6
7533,2018,1,Passenger,Marshall Islands,4.0,1
7534,2018,1,Passenger,Micronesia,13.0,2
7535,2018,1,Passenger,Niue,593.0,4
7536,2018,1,Passenger,Palau,21.0,2
7537,2018,1,Passenger,Papua New Guinea,1613.0,31
7538,2018,1,Passenger,Samoa,90.0,2
7539,2018,1,Passenger,Solomon Islands,129.0,3
7540,2018,1,Passenger,Tokelau,16.0,1
7541,2018,1,Passenger,Tonga,2056.0,10
7542,2018,1,Passenger,Vanuatu,7671.0,14
7543,2018,1,Tanker,Cook Islands,1218.0,7
7544,2018,1,Tanker,Fiji,2602.0,14
7545,2018,1,Tanker,Kiribati,3039.0,20
7546,2018,1,Tanker,Marshall Islands,2314.0,17
7547,2018,1,Tanker,Micronesia,45370.0,114
7548,2018,1,Tanker,Nauru,192.0,5
7549,2018,1,Tanker,Niue,520.0,6
7550,2018,1,Tanker,Palau,6073.0,48
7551,2018,1,Tanker,Papua New Guinea,109146.0,185
7552,2018,1,Tanker,Samoa,220.0,4
7553,2018,1,Tanker,Solomon Islands,3887.0,32
7554,2018,1,Tanker,Tokelau,13.0,2
7555,2018,1,Tanker,Tonga,790.0,10
7556,2018,1,Tanker,Tuvalu,398.0,7
7557,2018,1,Tanker,Vanuatu,704.0,8
7558,2018,2,Cargo,Cook Islands,6758.0,35
7559,2018,2,Cargo,Fiji,8316.0,43
7560,2018,2,Cargo,Kiribati,12699.0,90
7561,2018,2,Cargo,Marshall Islands,9526.0,77
7562,2018,2,Cargo,Micronesia,127232.0,765
7563,2018,2,Cargo,Nauru,789.0,18
7564,2018,2,Cargo,Niue,1162.0,11
7565,2018,2,Cargo,Palau,35182.0,378
7566,2018,2,Cargo,Papua New Guinea,324399.0,1060
7567,2018,2,Cargo,Samoa,1328.0,16
7568,2018,2,Cargo,Solomon Islands,17678.0,166
7569,2018,2,Cargo,Tokelau,740.0,11
7570,2018,2,Cargo,Tonga,1689.0,17
7571,2018,2,Cargo,Tuvalu,2829.0,36
7572,2018,2,Cargo,Vanuatu,3659.0,38
7573,2018,2,Fishing,Cook Islands,515.0,18
7574,2018,2,Fishing,Fiji,1130.0,172
7575,2018,2,Fishing,Kiribati,5759.0,177
7576,2018,2,Fishing,Marshall Islands,3507.0,156
7577,2018,2,Fishing,Micronesia,12992.0,286
7578,2018,2,Fishing,Nauru,2774.0,72
7579,2018,2,Fishing,Niue,38.0,5
7580,2018,2,Fishing,Palau,698.0,86
7581,2018,2,Fishing,Papua New Guinea,12665.0,237
7582,2018,2,Fishing,Samoa,139.0,13
7583,2018,2,Fishing,Solomon Islands,3583.0,184
7584,2018,2,Fishing,Tokelau,252.0,31
7585,2018,2,Fishing,Tonga,118.0,8
7586,2018,2,Fishing,Tuvalu,1417.0,71
7587,2018,2,Fishing,Vanuatu,779.0,56
7588,2018,2,Others,Cook Islands,415.0,27
7589,2018,2,Others,Fiji,2280.0,45
7590,2018,2,Others,Kiribati,753.0,74
7591,2018,2,Others,Marshall Islands,1272.0,54
7592,2018,2,Others,Micronesia,4069.0,98
7593,2018,2,Others,Nauru,217.0,10
7594,2018,2,Others,Niue,10.0,3
7595,2018,2,Others,Palau,4529.0,139
7596,2018,2,Others,Papua New Guinea,4866.0,160
7597,2018,2,Others,Samoa,431.0,5
7598,2018,2,Others,Solomon Islands,1226.0,82
7599,2018,2,Others,Tokelau,45.0,5
7600,2018,2,Others,Tonga,194.0,10
7601,2018,2,Others,Tuvalu,162.0,65
7602,2018,2,Others,Vanuatu,388.0,20
7603,2018,2,Passenger,Cook Islands,2851.0,6
7604,2018,2,Passenger,Fiji,6585.0,29
7605,2018,2,Passenger,Kiribati,3043.0,7
7606,2018,2,Passenger,Marshall Islands,8.0,1
7607,2018,2,Passenger,Micronesia,805.0,6
7608,2018,2,Passenger,Niue,203.0,2
7609,2018,2,Passenger,Palau,36.0,4
7610,2018,2,Passenger,Papua New Guinea,6853.0,47
7611,2018,2,Passenger,Samoa,331.0,5
7612,2018,2,Passenger,Solomon Islands,1173.0,8
7613,2018,2,Passenger,Tokelau,655.0,3
7614,2018,2,Passenger,Tonga,3205.0,11
7615,2018,2,Passenger,Vanuatu,5058.0,15
7616,2018,2,Tanker,Cook Islands,235.0,3
7617,2018,2,Tanker,Fiji,1650.0,13
7618,2018,2,Tanker,Kiribati,2356.0,15
7619,2018,2,Tanker,Marshall Islands,1594.0,19
7620,2018,2,Tanker,Micronesia,42017.0,116
7621,2018,2,Tanker,Nauru,556.0,8
7622,2018,2,Tanker,Niue,109.0,2
7623,2018,2,Tanker,Palau,7900.0,49
7624,2018,2,Tanker,Papua New Guinea,88753.0,166
7625,2018,2,Tanker,Samoa,159.0,3
7626,2018,2,Tanker,Solomon Islands,3006.0,30
7627,2018,2,Tanker,Tonga,504.0,7
7628,2018,2,Tanker,Tuvalu,57.0,3
7629,2018,2,Tanker,Vanuatu,609.0,7
7630,2018,3,Cargo,Cook Islands,6693.0,39
7631,2018,3,Cargo,Fiji,9259.0,45
7632,2018,3,Cargo,Kiribati,12579.0,93
7633,2018,3,Cargo,Marshall Islands,8484.0,71
7634,2018,3,Cargo,Micronesia,130758.0,778
7635,2018,3,Cargo,Nauru,817.0,17
7636,2018,3,Cargo,Niue,1323.0,14
7637,2018,3,Cargo,Palau,37512.0,405
7638,2018,3,Cargo,Papua New Guinea,341491.0,1113
7639,2018,3,Cargo,Samoa,2013.0,21
7640,2018,3,Cargo,Solomon Islands,19018.0,189
7641,2018,3,Cargo,Tokelau,890.0,11
7642,2018,3,Cargo,Tonga,2018.0,19
7643,2018,3,Cargo,Tuvalu,1728.0,26
7644,2018,3,Cargo,Vanuatu,2541.0,23
7645,2018,3,Fishing,Cook Islands,545.0,30
7646,2018,3,Fishing,Fiji,1358.0,230
7647,2018,3,Fishing,Kiribati,6765.0,222
7648,2018,3,Fishing,Marshall Islands,6330.0,220
7649,2018,3,Fishing,Micronesia,10505.0,265
7650,2018,3,Fishing,Nauru,5637.0,128
7651,2018,3,Fishing,Niue,56.0,8
7652,2018,3,Fishing,Palau,935.0,103
7653,2018,3,Fishing,Papua New Guinea,11348.0,205
7654,2018,3,Fishing,Samoa,237.0,26
7655,2018,3,Fishing,Solomon Islands,4940.0,212
7656,2018,3,Fishing,Tokelau,686.0,47
7657,2018,3,Fishing,Tonga,166.0,21
7658,2018,3,Fishing,Tuvalu,1981.0,107
7659,2018,3,Fishing,Vanuatu,643.0,63
7660,2018,3,Others,Cook Islands,266.0,22
7661,2018,3,Others,Fiji,2766.0,51
7662,2018,3,Others,Kiribati,1140.0,77
7663,2018,3,Others,Marshall Islands,1667.0,51
7664,2018,3,Others,Micronesia,3648.0,90
7665,2018,3,Others,Nauru,403.0,15
7666,2018,3,Others,Niue,90.0,9
7667,2018,3,Others,Palau,5138.0,119
7668,2018,3,Others,Papua New Guinea,5761.0,157
7669,2018,3,Others,Samoa,555.0,9
7670,2018,3,Others,Solomon Islands,2005.0,92
7671,2018,3,Others,Tokelau,414.0,7
7672,2018,3,Others,Tonga,427.0,16
7673,2018,3,Others,Tuvalu,193.0,63
7674,2018,3,Others,Vanuatu,370.0,21
7675,2018,3,Passenger,Cook Islands,1171.0,5
7676,2018,3,Passenger,Fiji,7569.0,25
7677,2018,3,Passenger,Kiribati,249.0,4
7678,2018,3,Passenger,Marshall Islands,12.0,1
7679,2018,3,Passenger,Micronesia,1664.0,7
7680,2018,3,Passenger,Nauru,8.0,1
7681,2018,3,Passenger,Niue,467.0,2
7682,2018,3,Passenger,Palau,914.0,5
7683,2018,3,Passenger,Papua New Guinea,7122.0,46
7684,2018,3,Passenger,Samoa,144.0,3
7685,2018,3,Passenger,Solomon Islands,439.0,3
7686,2018,3,Passenger,Tokelau,20.0,2
7687,2018,3,Passenger,Tonga,853.0,9
7688,2018,3,Passenger,Vanuatu,5823.0,12
7689,2018,3,Tanker,Cook Islands,1545.0,8
7690,2018,3,Tanker,Fiji,2319.0,15
7691,2018,3,Tanker,Kiribati,3209.0,22
7692,2018,3,Tanker,Marshall Islands,2800.0,12
7693,2018,3,Tanker,Micronesia,29520.0,91
7694,2018,3,Tanker,Nauru,618.0,8
7695,2018,3,Tanker,Niue,459.0,6
7696,2018,3,Tanker,Palau,5298.0,38
7697,2018,3,Tanker,Papua New Guinea,74789.0,160
7698,2018,3,Tanker,Samoa,121.0,3
7699,2018,3,Tanker,Solomon Islands,3242.0,34
7700,2018,3,Tanker,Tonga,833.0,9
7701,2018,3,Tanker,Tuvalu,248.0,6
7702,2018,3,Tanker,Vanuatu,659.0,7
7703,2018,4,Cargo,Cook Islands,9519.0,40
7704,2018,4,Cargo,Fiji,10196.0,52
7705,2018,4,Cargo,Kiribati,11643.0,75
7706,2018,4,Cargo,Marshall Islands,7342.0,64
7707,2018,4,Cargo,Micronesia,134836.0,792
7708,2018,4,Cargo,Nauru,907.0,19
7709,2018,4,Cargo,Niue,1616.0,18
7710,2018,4,Cargo,Palau,33221.0,360
7711,2018,4,Cargo,Papua New Guinea,332972.0,1062
7712,2018,4,Cargo,Samoa,1417.0,17
7713,2018,4,Cargo,Solomon Islands,18353.0,174
7714,2018,4,Cargo,Tokelau,782.0,12
7715,2018,4,Cargo,Tonga,2602.0,23
7716,2018,4,Cargo,Tuvalu,1568.0,23
7717,2018,4,Cargo,Vanuatu,3199.0,36
7718,2018,4,Fishing,Cook Islands,1132.0,44
7719,2018,4,Fishing,Fiji,1569.0,252
7720,2018,4,Fishing,Kiribati,8671.0,218
7721,2018,4,Fishing,Marshall Islands,6210.0,208
7722,2018,4,Fishing,Micronesia,11202.0,303
7723,2018,4,Fishing,Nauru,5775.0,129
7724,2018,4,Fishing,Niue,48.0,6
7725,2018,4,Fishing,Palau,764.0,97
7726,2018,4,Fishing,Papua New Guinea,8882.0,191
7727,2018,4,Fishing,Samoa,174.0,21
7728,2018,4,Fishing,Solomon Islands,3751.0,240
7729,2018,4,Fishing,Tokelau,193.0,24
7730,2018,4,Fishing,Tonga,155.0,21
7731,2018,4,Fishing,Tuvalu,2745.0,102
7732,2018,4,Fishing,Vanuatu,540.0,70
7733,2018,4,Others,Cook Islands,1249.0,26
7734,2018,4,Others,Fiji,2822.0,85
7735,2018,4,Others,Kiribati,1786.0,79
7736,2018,4,Others,Marshall Islands,1031.0,53
7737,2018,4,Others,Micronesia,5994.0,105
7738,2018,4,Others,Nauru,434.0,17
7739,2018,4,Others,Niue,144.0,7
7740,2018,4,Others,Palau,5316.0,109
7741,2018,4,Others,Papua New Guinea,6473.0,186
7742,2018,4,Others,Samoa,552.0,10
7743,2018,4,Others,Solomon Islands,2942.0,89
7744,2018,4,Others,Tokelau,79.0,5
7745,2018,4,Others,Tonga,472.0,20
7746,2018,4,Others,Tuvalu,875.0,26
7747,2018,4,Others,Vanuatu,731.0,45
7748,2018,4,Passenger,Cook Islands,2043.0,6
7749,2018,4,Passenger,Fiji,7731.0,23
7750,2018,4,Passenger,Kiribati,4330.0,8
7751,2018,4,Passenger,Marshall Islands,11.0,1
7752,2018,4,Passenger,Micronesia,14.0,1
7753,2018,4,Passenger,Nauru,0.0,1
7754,2018,4,Passenger,Niue,480.0,2
7755,2018,4,Passenger,Palau,28.0,1
7756,2018,4,Passenger,Papua New Guinea,3666.0,32
7757,2018,4,Passenger,Samoa,165.0,3
7758,2018,4,Passenger,Solomon Islands,100.0,4
7759,2018,4,Passenger,Tokelau,585.0,3
7760,2018,4,Passenger,Tonga,1112.0,8
7761,2018,4,Passenger,Vanuatu,5591.0,11
7762,2018,4,Tanker,Cook Islands,995.0,3
7763,2018,4,Tanker,Fiji,1733.0,13
7764,2018,4,Tanker,Kiribati,2637.0,17
7765,2018,4,Tanker,Marshall Islands,3485.0,20
7766,2018,4,Tanker,Micronesia,39102.0,109
7767,2018,4,Tanker,Nauru,923.0,10
7768,2018,4,Tanker,Niue,174.0,3
7769,2018,4,Tanker,Palau,6520.0,51
7770,2018,4,Tanker,Papua New Guinea,82644.0,165
7771,2018,4,Tanker,Samoa,101.0,3
7772,2018,4,Tanker,Solomon Islands,2698.0,29
7773,2018,4,Tanker,Tokelau,217.0,1
7774,2018,4,Tanker,Tonga,430.0,8
7775,2018,4,Tanker,Tuvalu,472.0,5
7776,2018,4,Tanker,Vanuatu,381.0,5
7777,2018,5,Cargo,Cook Islands,8874.0,40
7778,2018,5,Cargo,Fiji,9078.0,51
7779,2018,5,Cargo,Kiribati,11074.0,79
7780,2018,5,Cargo,Marshall Islands,7623.0,59
7781,2018,5,Cargo,Micronesia,151751.0,837
7782,2018,5,Cargo,Nauru,799.0,14
7783,2018,5,Cargo,Niue,1230.0,14
7784,2018,5,Cargo,Palau,42067.0,424
7785,2018,5,Cargo,Papua New Guinea,376443.0,1150
7786,2018,5,Cargo,Samoa,2039.0,19
7787,2018,5,Cargo,Solomon Islands,23720.0,190
7788,2018,5,Cargo,Tokelau,1139.0,15
7789,2018,5,Cargo,Tonga,2548.0,22
7790,2018,5,Cargo,Tuvalu,1947.0,23
7791,2018,5,Cargo,Vanuatu,4335.0,36
7792,2018,5,Fishing,Cook Islands,762.0,38
7793,2018,5,Fishing,Fiji,1458.0,238
7794,2018,5,Fishing,Kiribati,4926.0,170
7795,2018,5,Fishing,Marshall Islands,5241.0,192
7796,2018,5,Fishing,Micronesia,17631.0,367
7797,2018,5,Fishing,Nauru,5082.0,124
7798,2018,5,Fishing,Niue,74.0,11
7799,2018,5,Fishing,Palau,1191.0,85
7800,2018,5,Fishing,Papua New Guinea,9340.0,211
7801,2018,5,Fishing,Samoa,214.0,25
7802,2018,5,Fishing,Solomon Islands,3750.0,188
7803,2018,5,Fishing,Tokelau,290.0,27
7804,2018,5,Fishing,Tonga,193.0,38
7805,2018,5,Fishing,Tuvalu,2055.0,101
7806,2018,5,Fishing,Vanuatu,462.0,50
7807,2018,5,Others,Cook Islands,4316.0,79
7808,2018,5,Others,Fiji,5907.0,161
7809,2018,5,Others,Kiribati,2394.0,124
7810,2018,5,Others,Marshall Islands,2387.0,100
7811,2018,5,Others,Micronesia,5823.0,188
7812,2018,5,Others,Nauru,262.0,13
7813,2018,5,Others,Niue,960.0,38
7814,2018,5,Others,Palau,2640.0,86
7815,2018,5,Others,Papua New Guinea,5955.0,217
7816,2018,5,Others,Samoa,752.0,17
7817,2018,5,Others,Solomon Islands,2857.0,115
7818,2018,5,Others,Tokelau,245.0,7
7819,2018,5,Others,Tonga,1756.0,66
7820,2018,5,Others,Tuvalu,441.0,65
7821,2018,5,Others,Vanuatu,3229.0,73
7822,2018,5,Passenger,Cook Islands,1387.0,4
7823,2018,5,Passenger,Fiji,4472.0,22
7824,2018,5,Passenger,Kiribati,1741.0,7
7825,2018,5,Passenger,Marshall Islands,11.0,1
7826,2018,5,Passenger,Micronesia,5.0,1
7827,2018,5,Passenger,Palau,52.0,1
7828,2018,5,Passenger,Papua New Guinea,2915.0,35
7829,2018,5,Passenger,Samoa,205.0,4
7830,2018,5,Passenger,Solomon Islands,170.0,4
7831,2018,5,Passenger,Tokelau,279.0,2
7832,2018,5,Passenger,Tonga,957.0,7
7833,2018,5,Passenger,Tuvalu,503.0,2
7834,2018,5,Passenger,Vanuatu,3146.0,6
7835,2018,5,Tanker,Cook Islands,1437.0,11
7836,2018,5,Tanker,Fiji,2270.0,16
7837,2018,5,Tanker,Kiribati,2613.0,14
7838,2018,5,Tanker,Marshall Islands,1766.0,15
7839,2018,5,Tanker,Micronesia,39077.0,105
7840,2018,5,Tanker,Nauru,674.0,8
7841,2018,5,Tanker,Niue,355.0,6
7842,2018,5,Tanker,Palau,6099.0,44
7843,2018,5,Tanker,Papua New Guinea,90266.0,164
7844,2018,5,Tanker,Samoa,230.0,7
7845,2018,5,Tanker,Solomon Islands,3697.0,37
7846,2018,5,Tanker,Tonga,864.0,12
7847,2018,5,Tanker,Tuvalu,321.0,5
7848,2018,5,Tanker,Vanuatu,837.0,9
7849,2018,6,Cargo,Cook Islands,7652.0,40
7850,2018,6,Cargo,Fiji,7547.0,46
7851,2018,6,Cargo,Kiribati,12456.0,78
7852,2018,6,Cargo,Marshall Islands,5608.0,44
7853,2018,6,Cargo,Micronesia,147643.0,834
7854,2018,6,Cargo,Nauru,1040.0,15
7855,2018,6,Cargo,Niue,1824.0,17
7856,2018,6,Cargo,Palau,39877.0,399
7857,2018,6,Cargo,Papua New Guinea,369368.0,1142
7858,2018,6,Cargo,Samoa,1360.0,17
7859,2018,6,Cargo,Solomon Islands,19263.0,163
7860,2018,6,Cargo,Tokelau,829.0,11
7861,2018,6,Cargo,Tonga,2604.0,24
7862,2018,6,Cargo,Tuvalu,2148.0,22
7863,2018,6,Cargo,Vanuatu,3230.0,31
7864,2018,6,Fishing,Cook Islands,1241.0,58
7865,2018,6,Fishing,Fiji,1140.0,170
7866,2018,6,Fishing,Kiribati,4378.0,147
7867,2018,6,Fishing,Marshall Islands,4556.0,172
7868,2018,6,Fishing,Micronesia,20291.0,360
7869,2018,6,Fishing,Nauru,3135.0,99
7870,2018,6,Fishing,Niue,149.0,12
7871,2018,6,Fishing,Palau,1509.0,105
7872,2018,6,Fishing,Papua New Guinea,7463.0,196
7873,2018,6,Fishing,Samoa,244.0,45
7874,2018,6,Fishing,Solomon Islands,3037.0,172
7875,2018,6,Fishing,Tokelau,157.0,32
7876,2018,6,Fishing,Tonga,192.0,21
7877,2018,6,Fishing,Tuvalu,1859.0,80
7878,2018,6,Fishing,Vanuatu,548.0,56
7879,2018,6,Others,Cook Islands,3034.0,59
7880,2018,6,Others,Fiji,11912.0,233
7881,2018,6,Others,Kiribati,897.0,62
7882,2018,6,Others,Marshall Islands,1250.0,57
7883,2018,6,Others,Micronesia,5649.0,130
7884,2018,6,Others,Nauru,415.0,7
7885,2018,6,Others,Niue,617.0,25
7886,2018,6,Others,Palau,2846.0,73
7887,2018,6,Others,Papua New Guinea,6044.0,195
7888,2018,6,Others,Samoa,649.0,27
7889,2018,6,Others,Solomon Islands,2789.0,57
7890,2018,6,Others,Tokelau,22.0,2
7891,2018,6,Others,Tonga,4631.0,120
7892,2018,6,Others,Tuvalu,289.0,25
7893,2018,6,Others,Vanuatu,2116.0,61
7894,2018,6,Passenger,Cook Islands,62.0,2
7895,2018,6,Passenger,Fiji,4654.0,20
7896,2018,6,Passenger,Kiribati,25.0,1
7897,2018,6,Passenger,Marshall Islands,5.0,1
7898,2018,6,Passenger,Micronesia,15.0,1
7899,2018,6,Passenger,Nauru,0.0,1
7900,2018,6,Passenger,Papua New Guinea,3318.0,35
7901,2018,6,Passenger,Samoa,218.0,4
7902,2018,6,Passenger,Solomon Islands,148.0,4
7903,2018,6,Passenger,Tokelau,17.0,1
7904,2018,6,Passenger,Tonga,1329.0,6
7905,2018,6,Passenger,Vanuatu,2503.0,8
7906,2018,6,Tanker,Cook Islands,1389.0,9
7907,2018,6,Tanker,Fiji,1778.0,14
7908,2018,6,Tanker,Kiribati,2498.0,16
7909,2018,6,Tanker,Marshall Islands,1798.0,11
7910,2018,6,Tanker,Micronesia,43909.0,114
7911,2018,6,Tanker,Nauru,670.0,7
7912,2018,6,Tanker,Niue,382.0,5
7913,2018,6,Tanker,Palau,6105.0,54
7914,2018,6,Tanker,Papua New Guinea,91264.0,173
7915,2018,6,Tanker,Samoa,48.0,3
7916,2018,6,Tanker,Solomon Islands,2992.0,30
7917,2018,6,Tanker,Tonga,647.0,8
7918,2018,6,Tanker,Tuvalu,5.0,2
7919,2018,6,Tanker,Vanuatu,658.0,7
7920,2018,7,Cargo,Cook Islands,7804.0,41
7921,2018,7,Cargo,Fiji,6768.0,39
7922,2018,7,Cargo,Kiribati,10294.0,75
7923,2018,7,Cargo,Marshall Islands,7350.0,51
7924,2018,7,Cargo,Micronesia,151570.0,833
7925,2018,7,Cargo,Nauru,795.0,13
7926,2018,7,Cargo,Niue,1322.0,16
7927,2018,7,Cargo,Palau,41443.0,418
7928,2018,7,Cargo,Papua New Guinea,382881.0,1181
7929,2018,7,Cargo,Samoa,839.0,17
7930,2018,7,Cargo,Solomon Islands,19354.0,170
7931,2018,7,Cargo,Tokelau,898.0,9
7932,2018,7,Cargo,Tonga,2484.0,22
7933,2018,7,Cargo,Tuvalu,1159.0,16
7934,2018,7,Cargo,Vanuatu,3263.0,31
7935,2018,7,Fishing,Cook Islands,1260.0,55
7936,2018,7,Fishing,Fiji,1613.0,211
7937,2018,7,Fishing,Kiribati,5558.0,158
7938,2018,7,Fishing,Marshall Islands,6288.0,182
7939,2018,7,Fishing,Micronesia,17102.0,331
7940,2018,7,Fishing,Nauru,7348.0,166
7941,2018,7,Fishing,Niue,205.0,13
7942,2018,7,Fishing,Palau,1125.0,107
7943,2018,7,Fishing,Papua New Guinea,10358.0,225
7944,2018,7,Fishing,Samoa,89.0,31
7945,2018,7,Fishing,Solomon Islands,3123.0,163
7946,2018,7,Fishing,Tokelau,142.0,13
7947,2018,7,Fishing,Tonga,133.0,17
7948,2018,7,Fishing,Tuvalu,1008.0,50
7949,2018,7,Fishing,Vanuatu,607.0,52
7950,2018,7,Others,Cook Islands,4733.0,85
7951,2018,7,Others,Fiji,10050.0,228
7952,2018,7,Others,Kiribati,777.0,69
7953,2018,7,Others,Marshall Islands,444.0,26
7954,2018,7,Others,Micronesia,3253.0,100
7955,2018,7,Others,Nauru,267.0,20
7956,2018,7,Others,Niue,982.0,39
7957,2018,7,Others,Palau,4585.0,82
7958,2018,7,Others,Papua New Guinea,6787.0,226
7959,2018,7,Others,Samoa,621.0,21
7960,2018,7,Others,Solomon Islands,1825.0,64
7961,2018,7,Others,Tokelau,58.0,4
7962,2018,7,Others,Tonga,3031.0,98
7963,2018,7,Others,Tuvalu,292.0,29
7964,2018,7,Others,Vanuatu,3234.0,89
7965,2018,7,Passenger,Cook Islands,302.0,3
7966,2018,7,Passenger,Fiji,4056.0,19
7967,2018,7,Passenger,Kiribati,0.0,1
7968,2018,7,Passenger,Marshall Islands,13.0,1
7969,2018,7,Passenger,Micronesia,94.0,3
7970,2018,7,Passenger,Palau,13.0,2
7971,2018,7,Passenger,Papua New Guinea,3114.0,30
7972,2018,7,Passenger,Samoa,48.0,2
7973,2018,7,Passenger,Solomon Islands,79.0,1
7974,2018,7,Passenger,Tokelau,35.0,1
7975,2018,7,Passenger,Tonga,1216.0,6
7976,2018,7,Passenger,Vanuatu,2089.0,6
7977,2018,7,Tanker,Cook Islands,745.0,9
7978,2018,7,Tanker,Fiji,2090.0,14
7979,2018,7,Tanker,Kiribati,3823.0,19
7980,2018,7,Tanker,Marshall Islands,1982.0,17
7981,2018,7,Tanker,Micronesia,42433.0,116
7982,2018,7,Tanker,Nauru,734.0,8
7983,2018,7,Tanker,Niue,565.0,7
7984,2018,7,Tanker,Palau,8174.0,65
7985,2018,7,Tanker,Papua New Guinea,100853.0,186
7986,2018,7,Tanker,Samoa,182.0,3
7987,2018,7,Tanker,Solomon Islands,3096.0,31
7988,2018,7,Tanker,Tokelau,76.0,2
7989,2018,7,Tanker,Tonga,853.0,9
7990,2018,7,Tanker,Tuvalu,267.0,2
7991,2018,7,Tanker,Vanuatu,1027.0,11
7992,2018,8,Cargo,Cook Islands,7981.0,49
7993,2018,8,Cargo,Fiji,7169.0,50
7994,2018,8,Cargo,Kiribati,11240.0,87
7995,2018,8,Cargo,Marshall Islands,8860.0,73
7996,2018,8,Cargo,Micronesia,144881.0,849
7997,2018,8,Cargo,Nauru,928.0,23
7998,2018,8,Cargo,Niue,1928.0,23
7999,2018,8,Cargo,Palau,37130.0,408
8000,2018,8,Cargo,Papua New Guinea,360079.0,1161
8001,2018,8,Cargo,Samoa,1618.0,23
8002,2018,8,Cargo,Solomon Islands,19932.0,185
8003,2018,8,Cargo,Tokelau,532.0,10
8004,2018,8,Cargo,Tonga,2815.0,28
8005,2018,8,Cargo,Tuvalu,1590.0,19
8006,2018,8,Cargo,Vanuatu,3361.0,32
8007,2018,8,Fishing,Cook Islands,1265.0,48
8008,2018,8,Fishing,Fiji,1621.0,183
8009,2018,8,Fishing,Kiribati,12174.0,267
8010,2018,8,Fishing,Marshall Islands,6143.0,203
8011,2018,8,Fishing,Micronesia,11784.0,275
8012,2018,8,Fishing,Nauru,4169.0,89
8013,2018,8,Fishing,Niue,121.0,10
8014,2018,8,Fishing,Palau,1251.0,98
8015,2018,8,Fishing,Papua New Guinea,8684.0,182
8016,2018,8,Fishing,Samoa,135.0,36
8017,2018,8,Fishing,Solomon Islands,3340.0,156
8018,2018,8,Fishing,Tokelau,808.0,47
8019,2018,8,Fishing,Tonga,268.0,19
8020,2018,8,Fishing,Tuvalu,2947.0,113
8021,2018,8,Fishing,Vanuatu,553.0,52
8022,2018,8,Others,Cook Islands,4941.0,102
8023,2018,8,Others,Fiji,10652.0,231
8024,2018,8,Others,Kiribati,1503.0,101
8025,2018,8,Others,Marshall Islands,882.0,50
8026,2018,8,Others,Micronesia,3767.0,97
8027,2018,8,Others,Nauru,181.0,11
8028,2018,8,Others,Niue,1696.0,62
8029,2018,8,Others,Palau,4101.0,70
8030,2018,8,Others,Papua New Guinea,5600.0,237
8031,2018,8,Others,Samoa,813.0,31
8032,2018,8,Others,Solomon Islands,2493.0,95
8033,2018,8,Others,Tokelau,125.0,9
8034,2018,8,Others,Tonga,3586.0,112
8035,2018,8,Others,Tuvalu,262.0,49
8036,2018,8,Others,Vanuatu,3533.0,89
8037,2018,8,Passenger,Cook Islands,181.0,2
8038,2018,8,Passenger,Fiji,3184.0,18
8039,2018,8,Passenger,Kiribati,30.0,2
8040,2018,8,Passenger,Marshall Islands,38.0,2
8041,2018,8,Passenger,Micronesia,10.0,1
8042,2018,8,Passenger,Nauru,0.0,1
8043,2018,8,Passenger,Palau,3.0,1
8044,2018,8,Passenger,Papua New Guinea,5817.0,32
8045,2018,8,Passenger,Samoa,31.0,2
8046,2018,8,Passenger,Solomon Islands,581.0,7
8047,2018,8,Passenger,Tokelau,14.0,2
8048,2018,8,Passenger,Tonga,276.0,5
8049,2018,8,Passenger,Vanuatu,1603.0,5
8050,2018,8,Tanker,Cook Islands,930.0,9
8051,2018,8,Tanker,Fiji,2028.0,14
8052,2018,8,Tanker,Kiribati,3444.0,24
8053,2018,8,Tanker,Marshall Islands,3318.0,19
8054,2018,8,Tanker,Micronesia,42836.0,115
8055,2018,8,Tanker,Nauru,958.0,11
8056,2018,8,Tanker,Niue,205.0,4
8057,2018,8,Tanker,Palau,7538.0,53
8058,2018,8,Tanker,Papua New Guinea,102040.0,183
8059,2018,8,Tanker,Samoa,156.0,3
8060,2018,8,Tanker,Solomon Islands,3320.0,35
8061,2018,8,Tanker,Tokelau,53.0,2
8062,2018,8,Tanker,Tonga,522.0,8
8063,2018,8,Tanker,Tuvalu,234.0,6
8064,2018,8,Tanker,Vanuatu,971.0,13
8065,2018,9,Cargo,Cook Islands,6351.0,35
8066,2018,9,Cargo,Fiji,8536.0,45
8067,2018,9,Cargo,Kiribati,11164.0,94
8068,2018,9,Cargo,Marshall Islands,10172.0,74
8069,2018,9,Cargo,Micronesia,136478.0,833
8070,2018,9,Cargo,Nauru,1161.0,24
8071,2018,9,Cargo,Niue,1280.0,15
8072,2018,9,Cargo,Palau,41750.0,417
8073,2018,9,Cargo,Papua New Guinea,358048.0,1142
8074,2018,9,Cargo,Samoa,2093.0,20
8075,2018,9,Cargo,Solomon Islands,18172.0,172
8076,2018,9,Cargo,Tokelau,736.0,12
8077,2018,9,Cargo,Tonga,2980.0,23
8078,2018,9,Cargo,Tuvalu,1454.0,19
8079,2018,9,Cargo,Vanuatu,3429.0,38
8080,2018,9,Fishing,Cook Islands,1349.0,62
8081,2018,9,Fishing,Fiji,1212.0,198
8082,2018,9,Fishing,Kiribati,12854.0,272
8083,2018,9,Fishing,Marshall Islands,5904.0,192
8084,2018,9,Fishing,Micronesia,12803.0,289
8085,2018,9,Fishing,Nauru,4654.0,129
8086,2018,9,Fishing,Niue,94.0,7
8087,2018,9,Fishing,Palau,1086.0,99
8088,2018,9,Fishing,Papua New Guinea,6122.0,153
8089,2018,9,Fishing,Samoa,134.0,32
8090,2018,9,Fishing,Solomon Islands,3399.0,185
8091,2018,9,Fishing,Tokelau,533.0,37
8092,2018,9,Fishing,Tonga,196.0,19
8093,2018,9,Fishing,Tuvalu,1997.0,99
8094,2018,9,Fishing,Vanuatu,581.0,65
8095,2018,9,Others,Cook Islands,2800.0,72
8096,2018,9,Others,Fiji,10640.0,231
8097,2018,9,Others,Kiribati,1154.0,58
8098,2018,9,Others,Marshall Islands,517.0,33
8099,2018,9,Others,Micronesia,5851.0,97
8100,2018,9,Others,Nauru,294.0,13
8101,2018,9,Others,Niue,809.0,36
8102,2018,9,Others,Palau,2837.0,58
8103,2018,9,Others,Papua New Guinea,5226.0,152
8104,2018,9,Others,Samoa,563.0,25
8105,2018,9,Others,Solomon Islands,1382.0,73
8106,2018,9,Others,Tokelau,177.0,7
8107,2018,9,Others,Tonga,2813.0,96
8108,2018,9,Others,Tuvalu,80.0,26
8109,2018,9,Others,Vanuatu,4423.0,107
8110,2018,9,Passenger,Cook Islands,2899.0,5
8111,2018,9,Passenger,Fiji,2848.0,19
8112,2018,9,Passenger,Kiribati,2041.0,4
8113,2018,9,Passenger,Marshall Islands,8.0,2
8114,2018,9,Passenger,Micronesia,347.0,2
8115,2018,9,Passenger,Palau,47.0,3
8116,2018,9,Passenger,Papua New Guinea,2974.0,31
8117,2018,9,Passenger,Samoa,67.0,3
8118,2018,9,Passenger,Solomon Islands,914.0,5
8119,2018,9,Passenger,Tokelau,21.0,1
8120,2018,9,Passenger,Tonga,225.0,5
8121,2018,9,Passenger,Vanuatu,5005.0,10
8122,2018,9,Tanker,Cook Islands,1354.0,8
8123,2018,9,Tanker,Fiji,2073.0,15
8124,2018,9,Tanker,Kiribati,2254.0,17
8125,2018,9,Tanker,Marshall Islands,2374.0,16
8126,2018,9,Tanker,Micronesia,39863.0,116
8127,2018,9,Tanker,Nauru,490.0,8
8128,2018,9,Tanker,Niue,348.0,6
8129,2018,9,Tanker,Palau,8430.0,63
8130,2018,9,Tanker,Papua New Guinea,91253.0,178
8131,2018,9,Tanker,Samoa,198.0,4
8132,2018,9,Tanker,Solomon Islands,2749.0,27
8133,2018,9,Tanker,Tokelau,56.0,1
8134,2018,9,Tanker,Tonga,629.0,9
8135,2018,9,Tanker,Tuvalu,210.0,3
8136,2018,9,Tanker,Vanuatu,1062.0,12
8137,2018,10,Cargo,Cook Islands,7362.0,41
8138,2018,10,Cargo,Fiji,9090.0,46
8139,2018,10,Cargo,Kiribati,14478.0,104
8140,2018,10,Cargo,Marshall Islands,9619.0,76
8141,2018,10,Cargo,Micronesia,142934.0,857
8142,2018,10,Cargo,Nauru,1273.0,29
8143,2018,10,Cargo,Niue,1793.0,20
8144,2018,10,Cargo,Palau,45539.0,444
8145,2018,10,Cargo,Papua New Guinea,383825.0,1195
8146,2018,10,Cargo,Samoa,2069.0,24
8147,2018,10,Cargo,Solomon Islands,21540.0,188
8148,2018,10,Cargo,Tokelau,653.0,11
8149,2018,10,Cargo,Tonga,2888.0,26
8150,2018,10,Cargo,Tuvalu,1834.0,29
8151,2018,10,Cargo,Vanuatu,3432.0,37
8152,2018,10,Fishing,Cook Islands,1010.0,39
8153,2018,10,Fishing,Fiji,1184.0,179
8154,2018,10,Fishing,Kiribati,14567.0,260
8155,2018,10,Fishing,Marshall Islands,4252.0,150
8156,2018,10,Fishing,Micronesia,9759.0,259
8157,2018,10,Fishing,Nauru,2985.0,93
8158,2018,10,Fishing,Niue,89.0,10
8159,2018,10,Fishing,Palau,655.0,84
8160,2018,10,Fishing,Papua New Guinea,11301.0,187
8161,2018,10,Fishing,Samoa,103.0,40
8162,2018,10,Fishing,Solomon Islands,3641.0,178
8163,2018,10,Fishing,Tokelau,1099.0,53
8164,2018,10,Fishing,Tonga,89.0,15
8165,2018,10,Fishing,Tuvalu,3727.0,133
8166,2018,10,Fishing,Vanuatu,1897.0,109
8167,2018,10,Others,Cook Islands,2411.0,60
8168,2018,10,Others,Fiji,6412.0,186
8169,2018,10,Others,Kiribati,1146.0,93
8170,2018,10,Others,Marshall Islands,1016.0,26
8171,2018,10,Others,Micronesia,4425.0,86
8172,2018,10,Others,Nauru,166.0,7
8173,2018,10,Others,Niue,571.0,19
8174,2018,10,Others,Palau,1267.0,39
8175,2018,10,Others,Papua New Guinea,6425.0,149
8176,2018,10,Others,Samoa,177.0,16
8177,2018,10,Others,Solomon Islands,1791.0,68
8178,2018,10,Others,Tokelau,660.0,12
8179,2018,10,Others,Tonga,2972.0,74
8180,2018,10,Others,Tuvalu,208.0,44
8181,2018,10,Others,Vanuatu,2274.0,91
8182,2018,10,Passenger,Cook Islands,3037.0,6
8183,2018,10,Passenger,Fiji,7214.0,22
8184,2018,10,Passenger,Kiribati,4267.0,8
8185,2018,10,Passenger,Marshall Islands,126.0,3
8186,2018,10,Passenger,Micronesia,433.0,5
8187,2018,10,Passenger,Niue,437.0,1
8188,2018,10,Passenger,Palau,98.0,4
8189,2018,10,Passenger,Papua New Guinea,4666.0,37
8190,2018,10,Passenger,Samoa,398.0,3
8191,2018,10,Passenger,Solomon Islands,138.0,2
8192,2018,10,Passenger,Tokelau,810.0,3
8193,2018,10,Passenger,Tonga,4194.0,9
8194,2018,10,Passenger,Tuvalu,0.0,1
8195,2018,10,Passenger,Vanuatu,5311.0,12
8196,2018,10,Tanker,Cook Islands,934.0,8
8197,2018,10,Tanker,Fiji,1808.0,14
8198,2018,10,Tanker,Kiribati,4243.0,19
8199,2018,10,Tanker,Marshall Islands,2025.0,14
8200,2018,10,Tanker,Micronesia,39064.0,105
8201,2018,10,Tanker,Nauru,892.0,9
8202,2018,10,Tanker,Niue,199.0,3
8203,2018,10,Tanker,Palau,9388.0,62
8204,2018,10,Tanker,Papua New Guinea,97022.0,174
8205,2018,10,Tanker,Samoa,113.0,2
8206,2018,10,Tanker,Solomon Islands,2695.0,27
8207,2018,10,Tanker,Tokelau,184.0,2
8208,2018,10,Tanker,Tonga,580.0,9
8209,2018,10,Tanker,Tuvalu,319.0,5
8210,2018,10,Tanker,Vanuatu,605.0,9
8211,2018,11,Cargo,Cook Islands,5809.0,33
8212,2018,11,Cargo,Fiji,6899.0,36
8213,2018,11,Cargo,Kiribati,14972.0,107
8214,2018,11,Cargo,Marshall Islands,8698.0,75
8215,2018,11,Cargo,Micronesia,142355.0,818
8216,2018,11,Cargo,Nauru,998.0,21
8217,2018,11,Cargo,Niue,680.0,8
8218,2018,11,Cargo,Palau,38344.0,413
8219,2018,11,Cargo,Papua New Guinea,355941.0,1144
8220,2018,11,Cargo,Samoa,2185.0,21
8221,2018,11,Cargo,Solomon Islands,19413.0,175
8222,2018,11,Cargo,Tokelau,487.0,12
8223,2018,11,Cargo,Tonga,2299.0,19
8224,2018,11,Cargo,Tuvalu,2197.0,29
8225,2018,11,Cargo,Vanuatu,3069.0,31
8226,2018,11,Fishing,Cook Islands,1225.0,29
8227,2018,11,Fishing,Fiji,839.0,122
8228,2018,11,Fishing,Kiribati,13612.0,243
8229,2018,11,Fishing,Marshall Islands,4329.0,146
8230,2018,11,Fishing,Micronesia,10507.0,267
8231,2018,11,Fishing,Nauru,1023.0,42
8232,2018,11,Fishing,Niue,65.0,3
8233,2018,11,Fishing,Palau,403.0,47
8234,2018,11,Fishing,Papua New Guinea,12134.0,198
8235,2018,11,Fishing,Samoa,196.0,21
8236,2018,11,Fishing,Solomon Islands,3632.0,151
8237,2018,11,Fishing,Tokelau,471.0,43
8238,2018,11,Fishing,Tonga,117.0,8
8239,2018,11,Fishing,Tuvalu,2393.0,73
8240,2018,11,Fishing,Vanuatu,1951.0,109
8241,2018,11,Others,Cook Islands,1269.0,30
8242,2018,11,Others,Fiji,3059.0,94
8243,2018,11,Others,Kiribati,1021.0,78
8244,2018,11,Others,Marshall Islands,1486.0,32
8245,2018,11,Others,Micronesia,4540.0,104
8246,2018,11,Others,Nauru,106.0,6
8247,2018,11,Others,Niue,146.0,8
8248,2018,11,Others,Palau,1062.0,34
8249,2018,11,Others,Papua New Guinea,6919.0,144
8250,2018,11,Others,Samoa,426.0,12
8251,2018,11,Others,Solomon Islands,1749.0,66
8252,2018,11,Others,Tokelau,179.0,13
8253,2018,11,Others,Tonga,724.0,23
8254,2018,11,Others,Tuvalu,427.0,74
8255,2018,11,Others,Vanuatu,611.0,28
8256,2018,11,Passenger,Cook Islands,3206.0,10
8257,2018,11,Passenger,Fiji,3617.0,21
8258,2018,11,Passenger,Kiribati,127.0,4
8259,2018,11,Passenger,Marshall Islands,6.0,1
8260,2018,11,Passenger,Micronesia,124.0,3
8261,2018,11,Passenger,Niue,174.0,1
8262,2018,11,Passenger,Palau,46.0,3
8263,2018,11,Passenger,Papua New Guinea,6655.0,38
8264,2018,11,Passenger,Samoa,388.0,6
8265,2018,11,Passenger,Solomon Islands,459.0,4
8266,2018,11,Passenger,Tokelau,287.0,2
8267,2018,11,Passenger,Tonga,981.0,8
8268,2018,11,Passenger,Tuvalu,92.0,1
8269,2018,11,Passenger,Vanuatu,3946.0,13
8270,2018,11,Tanker,Cook Islands,1373.0,9
8271,2018,11,Tanker,Fiji,2113.0,16
8272,2018,11,Tanker,Kiribati,3440.0,18
8273,2018,11,Tanker,Marshall Islands,1020.0,10
8274,2018,11,Tanker,Micronesia,38976.0,111
8275,2018,11,Tanker,Nauru,300.0,7
8276,2018,11,Tanker,Niue,587.0,7
8277,2018,11,Tanker,Palau,9930.0,61
8278,2018,11,Tanker,Papua New Guinea,103819.0,169
8279,2018,11,Tanker,Samoa,135.0,5
8280,2018,11,Tanker,Solomon Islands,3660.0,29
8281,2018,11,Tanker,Tonga,704.0,9
8282,2018,11,Tanker,Tuvalu,335.0,7
8283,2018,11,Tanker,Vanuatu,745.0,11
8284,2018,12,Cargo,Cook Islands,8632.0,36
8285,2018,12,Cargo,Fiji,9312.0,41
8286,2018,12,Cargo,Kiribati,18416.0,102
8287,2018,12,Cargo,Marshall Islands,9907.0,85
8288,2018,12,Cargo,Micronesia,148777.0,831
8289,2018,12,Cargo,Nauru,1405.0,23
8290,2018,12,Cargo,Niue,1083.0,8
8291,2018,12,Cargo,Palau,34943.0,374
8292,2018,12,Cargo,Papua New Guinea,367607.0,1145
8293,2018,12,Cargo,Samoa,1503.0,21
8294,2018,12,Cargo,Solomon Islands,21182.0,185
8295,2018,12,Cargo,Tokelau,1558.0,12
8296,2018,12,Cargo,Tonga,2575.0,21
8297,2018,12,Cargo,Tuvalu,3496.0,38
8298,2018,12,Cargo,Vanuatu,3262.0,31
8299,2018,12,Fishing,Cook Islands,1383.0,27
8300,2018,12,Fishing,Fiji,1054.0,163
8301,2018,12,Fishing,Kiribati,7328.0,197
8302,2018,12,Fishing,Marshall Islands,4420.0,147
8303,2018,12,Fishing,Micronesia,9953.0,253
8304,2018,12,Fishing,Nauru,1264.0,52
8305,2018,12,Fishing,Niue,77.0,7
8306,2018,12,Fishing,Palau,802.0,72
8307,2018,12,Fishing,Papua New Guinea,15816.0,240
8308,2018,12,Fishing,Samoa,205.0,22
8309,2018,12,Fishing,Solomon Islands,4812.0,203
8310,2018,12,Fishing,Tokelau,655.0,32
8311,2018,12,Fishing,Tonga,99.0,10
8312,2018,12,Fishing,Tuvalu,4369.0,113
8313,2018,12,Fishing,Vanuatu,1930.0,126
8314,2018,12,Others,Cook Islands,1954.0,41
8315,2018,12,Others,Fiji,1899.0,54
8316,2018,12,Others,Kiribati,2850.0,70
8317,2018,12,Others,Marshall Islands,1165.0,29
8318,2018,12,Others,Micronesia,4312.0,77
8319,2018,12,Others,Nauru,141.0,7
8320,2018,12,Others,Niue,94.0,9
8321,2018,12,Others,Palau,747.0,35
8322,2018,12,Others,Papua New Guinea,6552.0,152
8323,2018,12,Others,Samoa,511.0,5
8324,2018,12,Others,Solomon Islands,2995.0,51
8325,2018,12,Others,Tokelau,148.0,5
8326,2018,12,Others,Tonga,458.0,15
8327,2018,12,Others,Tuvalu,1659.0,73
8328,2018,12,Others,Vanuatu,721.0,15
8329,2018,12,Passenger,Cook Islands,352.0,3
8330,2018,12,Passenger,Fiji,5273.0,21
8331,2018,12,Passenger,Kiribati,63.0,2
8332,2018,12,Passenger,Marshall Islands,5.0,1
8333,2018,12,Passenger,Micronesia,16.0,1
8334,2018,12,Passenger,Niue,156.0,1
8335,2018,12,Passenger,Palau,25.0,2
8336,2018,12,Passenger,Papua New Guinea,8488.0,34
8337,2018,12,Passenger,Samoa,560.0,5
8338,2018,12,Passenger,Solomon Islands,353.0,4
8339,2018,12,Passenger,Tokelau,175.0,2
8340,2018,12,Passenger,Tonga,854.0,8
8341,2018,12,Passenger,Tuvalu,1.0,1
8342,2018,12,Passenger,Vanuatu,5480.0,16
8343,2018,12,Tanker,Cook Islands,1200.0,9
8344,2018,12,Tanker,Fiji,1976.0,15
8345,2018,12,Tanker,Kiribati,3749.0,19
8346,2018,12,Tanker,Marshall Islands,1812.0,13
8347,2018,12,Tanker,Micronesia,43273.0,108
8348,2018,12,Tanker,Nauru,327.0,6
8349,2018,12,Tanker,Niue,361.0,6
8350,2018,12,Tanker,Palau,9564.0,60
8351,2018,12,Tanker,Papua New Guinea,108261.0,181
8352,2018,12,Tanker,Samoa,55.0,2
8353,2018,12,Tanker,Solomon Islands,4562.0,39
8354,2018,12,Tanker,Tokelau,87.0,1
8355,2018,12,Tanker,Tonga,652.0,9
8356,2018,12,Tanker,Tuvalu,228.0,4
8357,2018,12,Tanker,Vanuatu,786.0,8
8358,2019,1,Cargo,Cook Islands,11035.0,49
8359,2019,1,Cargo,Fiji,8402.0,36
8360,2019,1,Cargo,Kiribati,19808.0,115
8361,2019,1,Cargo,Marshall Islands,10352.0,84
8362,2019,1,Cargo,Micronesia,137236.0,773
8363,2019,1,Cargo,Nauru,1197.0,21
8364,2019,1,Cargo,Niue,1179.0,12
8365,2019,1,Cargo,Palau,36109.0,375
8366,2019,1,Cargo,Papua New Guinea,361488.0,1111
8367,2019,1,Cargo,Samoa,1654.0,20
8368,2019,1,Cargo,Solomon Islands,22751.0,195
8369,2019,1,Cargo,Tokelau,934.0,16
8370,2019,1,Cargo,Tonga,3008.0,22
8371,2019,1,Cargo,Tuvalu,3506.0,35
8372,2019,1,Cargo,Vanuatu,3623.0,33
8373,2019,1,Fishing,Cook Islands,1542.0,24
8374,2019,1,Fishing,Fiji,1094.0,149
8375,2019,1,Fishing,Kiribati,10064.0,206
8376,2019,1,Fishing,Marshall Islands,4530.0,149
8377,2019,1,Fishing,Micronesia,10229.0,262
8378,2019,1,Fishing,Nauru,2249.0,75
8379,2019,1,Fishing,Niue,114.0,6
8380,2019,1,Fishing,Palau,700.0,80
8381,2019,1,Fishing,Papua New Guinea,15966.0,237
8382,2019,1,Fishing,Samoa,219.0,25
8383,2019,1,Fishing,Solomon Islands,3671.0,179
8384,2019,1,Fishing,Tokelau,728.0,31
8385,2019,1,Fishing,Tonga,223.0,18
8386,2019,1,Fishing,Tuvalu,1610.0,69
8387,2019,1,Fishing,Vanuatu,1144.0,114
8388,2019,1,Others,Cook Islands,1640.0,36
8389,2019,1,Others,Fiji,2151.0,45
8390,2019,1,Others,Kiribati,1684.0,118
8391,2019,1,Others,Marshall Islands,409.0,31
8392,2019,1,Others,Micronesia,3273.0,65
8393,2019,1,Others,Nauru,568.0,11
8394,2019,1,Others,Niue,91.0,6
8395,2019,1,Others,Palau,483.0,23
8396,2019,1,Others,Papua New Guinea,3721.0,136
8397,2019,1,Others,Samoa,416.0,7
8398,2019,1,Others,Solomon Islands,1533.0,50
8399,2019,1,Others,Tokelau,112.0,3
8400,2019,1,Others,Tonga,756.0,14
8401,2019,1,Others,Tuvalu,698.0,53
8402,2019,1,Others,Vanuatu,206.0,14
8403,2019,1,Passenger,Cook Islands,1051.0,5
8404,2019,1,Passenger,Fiji,4461.0,19
8405,2019,1,Passenger,Kiribati,687.0,6
8406,2019,1,Passenger,Marshall Islands,8.0,2
8407,2019,1,Passenger,Micronesia,1.0,1
8408,2019,1,Passenger,Niue,87.0,1
8409,2019,1,Passenger,Palau,23.0,2
8410,2019,1,Passenger,Papua New Guinea,2420.0,29
8411,2019,1,Passenger,Samoa,173.0,4
8412,2019,1,Passenger,Solomon Islands,239.0,3
8413,2019,1,Passenger,Tokelau,27.0,1
8414,2019,1,Passenger,Tonga,937.0,8
8415,2019,1,Passenger,Tuvalu,0.0,1
8416,2019,1,Passenger,Vanuatu,6847.0,14
8417,2019,1,Tanker,Cook Islands,1052.0,9
8418,2019,1,Tanker,Fiji,1981.0,14
8419,2019,1,Tanker,Kiribati,2731.0,22
8420,2019,1,Tanker,Marshall Islands,3194.0,21
8421,2019,1,Tanker,Micronesia,47039.0,133
8422,2019,1,Tanker,Nauru,512.0,9
8423,2019,1,Tanker,Niue,222.0,3
8424,2019,1,Tanker,Palau,7091.0,53
8425,2019,1,Tanker,Papua New Guinea,115500.0,179
8426,2019,1,Tanker,Samoa,215.0,5
8427,2019,1,Tanker,Solomon Islands,4296.0,37
8428,2019,1,Tanker,Tokelau,144.0,2
8429,2019,1,Tanker,Tonga,722.0,10
8430,2019,1,Tanker,Tuvalu,227.0,3
8431,2019,1,Tanker,Vanuatu,849.0,8
8432,2019,2,Cargo,Cook Islands,6984.0,36
8433,2019,2,Cargo,Fiji,6479.0,37
8434,2019,2,Cargo,Kiribati,15367.0,101
8435,2019,2,Cargo,Marshall Islands,9681.0,75
8436,2019,2,Cargo,Micronesia,117263.0,720
8437,2019,2,Cargo,Nauru,1004.0,16
8438,2019,2,Cargo,Niue,583.0,8
8439,2019,2,Cargo,Palau,33434.0,358
8440,2019,2,Cargo,Papua New Guinea,303303.0,1027
8441,2019,2,Cargo,Samoa,842.0,20
8442,2019,2,Cargo,Solomon Islands,14841.0,150
8443,2019,2,Cargo,Tokelau,995.0,15
8444,2019,2,Cargo,Tonga,1467.0,14
8445,2019,2,Cargo,Tuvalu,2341.0,31
8446,2019,2,Cargo,Vanuatu,3165.0,40
8447,2019,2,Fishing,Cook Islands,1005.0,33
8448,2019,2,Fishing,Fiji,794.0,142
8449,2019,2,Fishing,Kiribati,10009.0,228
8450,2019,2,Fishing,Marshall Islands,4328.0,164
8451,2019,2,Fishing,Micronesia,7087.0,242
8452,2019,2,Fishing,Nauru,2096.0,80
8453,2019,2,Fishing,Niue,72.0,7
8454,2019,2,Fishing,Palau,749.0,60
8455,2019,2,Fishing,Papua New Guinea,14317.0,229
8456,2019,2,Fishing,Samoa,166.0,16
8457,2019,2,Fishing,Solomon Islands,2436.0,158
8458,2019,2,Fishing,Tokelau,311.0,18
8459,2019,2,Fishing,Tonga,203.0,19
8460,2019,2,Fishing,Tuvalu,554.0,33
8461,2019,2,Fishing,Vanuatu,937.0,76
8462,2019,2,Others,Cook Islands,3736.0,25
8463,2019,2,Others,Fiji,884.0,37
8464,2019,2,Others,Kiribati,1176.0,85
8465,2019,2,Others,Marshall Islands,1345.0,31
8466,2019,2,Others,Micronesia,1673.0,62
8467,2019,2,Others,Nauru,142.0,9
8468,2019,2,Others,Niue,58.0,4
8469,2019,2,Others,Palau,676.0,23
8470,2019,2,Others,Papua New Guinea,3342.0,115
8471,2019,2,Others,Samoa,278.0,11
8472,2019,2,Others,Solomon Islands,661.0,43
8473,2019,2,Others,Tokelau,7.0,3
8474,2019,2,Others,Tonga,66.0,8
8475,2019,2,Others,Tuvalu,165.0,43
8476,2019,2,Others,Vanuatu,165.0,12
8477,2019,2,Passenger,Cook Islands,3524.0,11
8478,2019,2,Passenger,Fiji,7715.0,25
8479,2019,2,Passenger,Kiribati,2738.0,6
8480,2019,2,Passenger,Micronesia,488.0,2
8481,2019,2,Passenger,Nauru,0.0,1
8482,2019,2,Passenger,Niue,816.0,4
8483,2019,2,Passenger,Palau,241.0,6
8484,2019,2,Passenger,Papua New Guinea,7287.0,34
8485,2019,2,Passenger,Samoa,482.0,5
8486,2019,2,Passenger,Solomon Islands,358.0,4
8487,2019,2,Passenger,Tokelau,547.0,2
8488,2019,2,Passenger,Tonga,3419.0,11
8489,2019,2,Passenger,Tuvalu,579.0,1
8490,2019,2,Passenger,Vanuatu,3742.0,13
8491,2019,2,Tanker,Cook Islands,841.0,6
8492,2019,2,Tanker,Fiji,1628.0,11
8493,2019,2,Tanker,Kiribati,3187.0,16
8494,2019,2,Tanker,Marshall Islands,1980.0,14
8495,2019,2,Tanker,Micronesia,37194.0,109
8496,2019,2,Tanker,Nauru,722.0,9
8497,2019,2,Tanker,Niue,236.0,3
8498,2019,2,Tanker,Palau,7230.0,52
8499,2019,2,Tanker,Papua New Guinea,96410.0,165
8500,2019,2,Tanker,Samoa,118.0,2
8501,2019,2,Tanker,Solomon Islands,2153.0,24
8502,2019,2,Tanker,Tokelau,114.0,2
8503,2019,2,Tanker,Tonga,520.0,7
8504,2019,2,Tanker,Tuvalu,387.0,4
8505,2019,2,Tanker,Vanuatu,735.0,9
8506,2019,3,Cargo,Cook Islands,10364.0,53
8507,2019,3,Cargo,Fiji,6551.0,39
8508,2019,3,Cargo,Kiribati,16599.0,104
8509,2019,3,Cargo,Marshall Islands,9486.0,81
8510,2019,3,Cargo,Micronesia,133026.0,767
8511,2019,3,Cargo,Nauru,1251.0,19
8512,2019,3,Cargo,Niue,898.0,10
8513,2019,3,Cargo,Palau,37475.0,390
8514,2019,3,Cargo,Papua New Guinea,351133.0,1102
8515,2019,3,Cargo,Samoa,1326.0,23
8516,2019,3,Cargo,Solomon Islands,21706.0,174
8517,2019,3,Cargo,Tokelau,927.0,14
8518,2019,3,Cargo,Tonga,2874.0,23
8519,2019,3,Cargo,Tuvalu,2671.0,28
8520,2019,3,Cargo,Vanuatu,3865.0,37
8521,2019,3,Fishing,Cook Islands,1320.0,45
8522,2019,3,Fishing,Fiji,1209.0,175
8523,2019,3,Fishing,Kiribati,7382.0,226
8524,2019,3,Fishing,Marshall Islands,3779.0,157
8525,2019,3,Fishing,Micronesia,9476.0,275
8526,2019,3,Fishing,Nauru,2218.0,70
8527,2019,3,Fishing,Niue,37.0,7
8528,2019,3,Fishing,Palau,733.0,57
8529,2019,3,Fishing,Papua New Guinea,16452.0,262
8530,2019,3,Fishing,Samoa,196.0,31
8531,2019,3,Fishing,Solomon Islands,4225.0,193
8532,2019,3,Fishing,Tokelau,262.0,27
8533,2019,3,Fishing,Tonga,315.0,31
8534,2019,3,Fishing,Tuvalu,1456.0,74
8535,2019,3,Fishing,Vanuatu,1087.0,74
8536,2019,3,Others,Cook Islands,856.0,38
8537,2019,3,Others,Fiji,1104.0,39
8538,2019,3,Others,Kiribati,3183.0,89
8539,2019,3,Others,Marshall Islands,717.0,30
8540,2019,3,Others,Micronesia,3419.0,91
8541,2019,3,Others,Nauru,465.0,11
8542,2019,3,Others,Niue,50.0,5
8543,2019,3,Others,Palau,991.0,24
8544,2019,3,Others,Papua New Guinea,5915.0,135
8545,2019,3,Others,Samoa,37.0,6
8546,2019,3,Others,Solomon Islands,1122.0,44
8547,2019,3,Others,Tokelau,16.0,1
8548,2019,3,Others,Tonga,53.0,9
8549,2019,3,Others,Tuvalu,139.0,54
8550,2019,3,Others,Vanuatu,275.0,18
8551,2019,3,Passenger,Cook Islands,1943.0,8
8552,2019,3,Passenger,Fiji,4938.0,21
8553,2019,3,Passenger,Kiribati,2252.0,5
8554,2019,3,Passenger,Marshall Islands,634.0,1
8555,2019,3,Passenger,Micronesia,1495.0,6
8556,2019,3,Passenger,Niue,162.0,1
8557,2019,3,Passenger,Palau,540.0,6
8558,2019,3,Passenger,Papua New Guinea,9098.0,43
8559,2019,3,Passenger,Samoa,962.0,6
8560,2019,3,Passenger,Solomon Islands,233.0,3
8561,2019,3,Passenger,Tokelau,25.0,1
8562,2019,3,Passenger,Tonga,1991.0,10
8563,2019,3,Passenger,Tuvalu,284.0,1
8564,2019,3,Passenger,Vanuatu,3199.0,10
8565,2019,3,Tanker,Cook Islands,626.0,5
8566,2019,3,Tanker,Fiji,2233.0,12
8567,2019,3,Tanker,Kiribati,2291.0,17
8568,2019,3,Tanker,Marshall Islands,2786.0,15
8569,2019,3,Tanker,Micronesia,41794.0,116
8570,2019,3,Tanker,Nauru,542.0,6
8571,2019,3,Tanker,Niue,256.0,4
8572,2019,3,Tanker,Palau,6139.0,46
8573,2019,3,Tanker,Papua New Guinea,110002.0,192
8574,2019,3,Tanker,Samoa,153.0,3
8575,2019,3,Tanker,Solomon Islands,3829.0,33
8576,2019,3,Tanker,Tonga,543.0,8
8577,2019,3,Tanker,Tuvalu,209.0,3
8578,2019,3,Tanker,Vanuatu,1076.0,8
8579,2019,4,Cargo,Cook Islands,7965.0,40
8580,2019,4,Cargo,Fiji,7464.0,45
8581,2019,4,Cargo,Kiribati,12021.0,80
8582,2019,4,Cargo,Marshall Islands,7381.0,65
8583,2019,4,Cargo,Micronesia,139217.0,812
8584,2019,4,Cargo,Nauru,1130.0,19
8585,2019,4,Cargo,Niue,1306.0,11
8586,2019,4,Cargo,Palau,40448.0,413
8587,2019,4,Cargo,Papua New Guinea,355256.0,1129
8588,2019,4,Cargo,Samoa,1085.0,18
8589,2019,4,Cargo,Solomon Islands,20188.0,176
8590,2019,4,Cargo,Tokelau,1282.0,15
8591,2019,4,Cargo,Tonga,2476.0,22
8592,2019,4,Cargo,Tuvalu,2317.0,27
8593,2019,4,Cargo,Vanuatu,3061.0,27
8594,2019,4,Fishing,Cook Islands,1011.0,42
8595,2019,4,Fishing,Fiji,1361.0,209
8596,2019,4,Fishing,Kiribati,13551.0,248
8597,2019,4,Fishing,Marshall Islands,3647.0,151
8598,2019,4,Fishing,Micronesia,7931.0,243
8599,2019,4,Fishing,Nauru,2161.0,66
8600,2019,4,Fishing,Niue,91.0,8
8601,2019,4,Fishing,Palau,555.0,54
8602,2019,4,Fishing,Papua New Guinea,12165.0,234
8603,2019,4,Fishing,Samoa,240.0,40
8604,2019,4,Fishing,Solomon Islands,3049.0,174
8605,2019,4,Fishing,Tokelau,601.0,40
8606,2019,4,Fishing,Tonga,265.0,39
8607,2019,4,Fishing,Tuvalu,3156.0,107
8608,2019,4,Fishing,Vanuatu,1033.0,78
8609,2019,4,Others,Cook Islands,558.0,28
8610,2019,4,Others,Fiji,2080.0,54
8611,2019,4,Others,Kiribati,1356.0,72
8612,2019,4,Others,Marshall Islands,565.0,35
8613,2019,4,Others,Micronesia,2995.0,84
8614,2019,4,Others,Nauru,131.0,7
8615,2019,4,Others,Niue,79.0,7
8616,2019,4,Others,Palau,585.0,19
8617,2019,4,Others,Papua New Guinea,8833.0,129
8618,2019,4,Others,Samoa,80.0,7
8619,2019,4,Others,Solomon Islands,755.0,66
8620,2019,4,Others,Tokelau,61.0,5
8621,2019,4,Others,Tonga,195.0,9
8622,2019,4,Others,Tuvalu,545.0,42
8623,2019,4,Others,Vanuatu,191.0,12
8624,2019,4,Passenger,Cook Islands,3173.0,10
8625,2019,4,Passenger,Fiji,6662.0,24
8626,2019,4,Passenger,Kiribati,7409.0,9
8627,2019,4,Passenger,Micronesia,967.0,5
8628,2019,4,Passenger,Nauru,2.0,1
8629,2019,4,Passenger,Niue,602.0,4
8630,2019,4,Passenger,Palau,549.0,1
8631,2019,4,Passenger,Papua New Guinea,5578.0,32
8632,2019,4,Passenger,Samoa,718.0,5
8633,2019,4,Passenger,Solomon Islands,256.0,7
8634,2019,4,Passenger,Tokelau,516.0,4
8635,2019,4,Passenger,Tonga,1991.0,13
8636,2019,4,Passenger,Vanuatu,3478.0,13
8637,2019,4,Tanker,Cook Islands,1614.0,10
8638,2019,4,Tanker,Fiji,1736.0,12
8639,2019,4,Tanker,Kiribati,3766.0,20
8640,2019,4,Tanker,Marshall Islands,1443.0,13
8641,2019,4,Tanker,Micronesia,35396.0,101
8642,2019,4,Tanker,Nauru,731.0,9
8643,2019,4,Tanker,Niue,573.0,7
8644,2019,4,Tanker,Palau,5838.0,42
8645,2019,4,Tanker,Papua New Guinea,94318.0,167
8646,2019,4,Tanker,Samoa,151.0,2
8647,2019,4,Tanker,Solomon Islands,3390.0,36
8648,2019,4,Tanker,Tonga,778.0,11
8649,2019,4,Tanker,Tuvalu,485.0,7
8650,2019,4,Tanker,Vanuatu,883.0,9
8651,2019,5,Cargo,Cook Islands,8486.0,37
8652,2019,5,Cargo,Fiji,7360.0,41
8653,2019,5,Cargo,Kiribati,15260.0,95
8654,2019,5,Cargo,Marshall Islands,9579.0,67
8655,2019,5,Cargo,Micronesia,147340.0,819
8656,2019,5,Cargo,Nauru,1246.0,19
8657,2019,5,Cargo,Niue,1138.0,12
8658,2019,5,Cargo,Palau,39515.0,382
8659,2019,5,Cargo,Papua New Guinea,377726.0,1145
8660,2019,5,Cargo,Samoa,1278.0,19
8661,2019,5,Cargo,Solomon Islands,20148.0,179
8662,2019,5,Cargo,Tokelau,441.0,10
8663,2019,5,Cargo,Tonga,2494.0,19
8664,2019,5,Cargo,Tuvalu,2615.0,23
8665,2019,5,Cargo,Vanuatu,4198.0,34
8666,2019,5,Fishing,Cook Islands,1153.0,44
8667,2019,5,Fishing,Fiji,1305.0,181
8668,2019,5,Fishing,Kiribati,13585.0,222
8669,2019,5,Fishing,Marshall Islands,3466.0,144
8670,2019,5,Fishing,Micronesia,13131.0,273
8671,2019,5,Fishing,Nauru,1218.0,46
8672,2019,5,Fishing,Niue,17.0,4
8673,2019,5,Fishing,Palau,634.0,42
8674,2019,5,Fishing,Papua New Guinea,7247.0,174
8675,2019,5,Fishing,Samoa,187.0,31
8676,2019,5,Fishing,Solomon Islands,2949.0,175
8677,2019,5,Fishing,Tokelau,239.0,25
8678,2019,5,Fishing,Tonga,254.0,23
8679,2019,5,Fishing,Tuvalu,1449.0,68
8680,2019,5,Fishing,Vanuatu,777.0,84
8681,2019,5,Others,Cook Islands,3154.0,75
8682,2019,5,Others,Fiji,1760.0,55
8683,2019,5,Others,Kiribati,2150.0,78
8684,2019,5,Others,Marshall Islands,1106.0,39
8685,2019,5,Others,Micronesia,4759.0,75
8686,2019,5,Others,Nauru,430.0,11
8687,2019,5,Others,Niue,402.0,26
8688,2019,5,Others,Palau,1006.0,19
8689,2019,5,Others,Papua New Guinea,6113.0,126
8690,2019,5,Others,Samoa,407.0,10
8691,2019,5,Others,Solomon Islands,747.0,62
8692,2019,5,Others,Tokelau,60.0,3
8693,2019,5,Others,Tonga,604.0,18
8694,2019,5,Others,Tuvalu,403.0,40
8695,2019,5,Others,Vanuatu,464.0,13
8696,2019,5,Passenger,Cook Islands,1124.0,3
8697,2019,5,Passenger,Fiji,3437.0,22
8698,2019,5,Passenger,Kiribati,2111.0,4
8699,2019,5,Passenger,Marshall Islands,0.0,1
8700,2019,5,Passenger,Micronesia,132.0,2
8701,2019,5,Passenger,Palau,15.0,1
8702,2019,5,Passenger,Papua New Guinea,3923.0,26
8703,2019,5,Passenger,Samoa,38.0,2
8704,2019,5,Passenger,Solomon Islands,126.0,4
8705,2019,5,Passenger,Tokelau,210.0,2
8706,2019,5,Passenger,Tonga,1214.0,7
8707,2019,5,Passenger,Tuvalu,19.0,1
8708,2019,5,Passenger,Vanuatu,1824.0,7
8709,2019,5,Tanker,Cook Islands,973.0,9
8710,2019,5,Tanker,Fiji,2318.0,16
8711,2019,5,Tanker,Kiribati,4217.0,19
8712,2019,5,Tanker,Marshall Islands,3680.0,19
8713,2019,5,Tanker,Micronesia,44626.0,107
8714,2019,5,Tanker,Nauru,311.0,4
8715,2019,5,Tanker,Niue,445.0,6
8716,2019,5,Tanker,Palau,6160.0,59
8717,2019,5,Tanker,Papua New Guinea,98277.0,164
8718,2019,5,Tanker,Samoa,87.0,2
8719,2019,5,Tanker,Solomon Islands,3075.0,29
8720,2019,5,Tanker,Tokelau,42.0,1
8721,2019,5,Tanker,Tonga,676.0,9
8722,2019,5,Tanker,Tuvalu,112.0,3
8723,2019,5,Tanker,Vanuatu,752.0,8
8724,2019,6,Cargo,Cook Islands,6124.0,30
8725,2019,6,Cargo,Fiji,5931.0,43
8726,2019,6,Cargo,Kiribati,14917.0,87
8727,2019,6,Cargo,Marshall Islands,10061.0,70
8728,2019,6,Cargo,Micronesia,146508.0,826
8729,2019,6,Cargo,Nauru,1062.0,18
8730,2019,6,Cargo,Niue,1135.0,9
8731,2019,6,Cargo,Palau,39466.0,410
8732,2019,6,Cargo,Papua New Guinea,388607.0,1196
8733,2019,6,Cargo,Samoa,823.0,18
8734,2019,6,Cargo,Solomon Islands,18539.0,160
8735,2019,6,Cargo,Tokelau,383.0,9
8736,2019,6,Cargo,Tonga,2355.0,22
8737,2019,6,Cargo,Tuvalu,961.0,13
8738,2019,6,Cargo,Vanuatu,3723.0,35
8739,2019,6,Fishing,Cook Islands,1911.0,54
8740,2019,6,Fishing,Fiji,827.0,122
8741,2019,6,Fishing,Kiribati,12395.0,252
8742,2019,6,Fishing,Marshall Islands,4137.0,148
8743,2019,6,Fishing,Micronesia,7675.0,217
8744,2019,6,Fishing,Nauru,2610.0,84
8745,2019,6,Fishing,Niue,104.0,5
8746,2019,6,Fishing,Palau,684.0,46
8747,2019,6,Fishing,Papua New Guinea,10865.0,220
8748,2019,6,Fishing,Samoa,171.0,53
8749,2019,6,Fishing,Solomon Islands,2800.0,158
8750,2019,6,Fishing,Tokelau,213.0,25
8751,2019,6,Fishing,Tonga,255.0,19
8752,2019,6,Fishing,Tuvalu,601.0,36
8753,2019,6,Fishing,Vanuatu,641.0,58
8754,2019,6,Others,Cook Islands,2458.0,64
8755,2019,6,Others,Fiji,3808.0,90
8756,2019,6,Others,Kiribati,1411.0,75
8757,2019,6,Others,Marshall Islands,379.0,24
8758,2019,6,Others,Micronesia,2784.0,68
8759,2019,6,Others,Nauru,292.0,9
8760,2019,6,Others,Niue,995.0,41
8761,2019,6,Others,Palau,586.0,13
8762,2019,6,Others,Papua New Guinea,5707.0,132
8763,2019,6,Others,Samoa,155.0,16
8764,2019,6,Others,Solomon Islands,833.0,51
8765,2019,6,Others,Tokelau,64.0,4
8766,2019,6,Others,Tonga,1822.0,58
8767,2019,6,Others,Tuvalu,106.0,35
8768,2019,6,Others,Vanuatu,679.0,17
8769,2019,6,Passenger,Cook Islands,195.0,2
8770,2019,6,Passenger,Fiji,5727.0,22
8771,2019,6,Passenger,Kiribati,19.0,2
8772,2019,6,Passenger,Micronesia,275.0,6
8773,2019,6,Passenger,Nauru,43.0,1
8774,2019,6,Passenger,Palau,44.0,2
8775,2019,6,Passenger,Papua New Guinea,2339.0,31
8776,2019,6,Passenger,Samoa,37.0,2
8777,2019,6,Passenger,Solomon Islands,101.0,3
8778,2019,6,Passenger,Tokelau,23.0,1
8779,2019,6,Passenger,Tonga,950.0,6
8780,2019,6,Passenger,Tuvalu,16.0,2
8781,2019,6,Passenger,Vanuatu,2391.0,7
8782,2019,6,Tanker,Cook Islands,2031.0,10
8783,2019,6,Tanker,Fiji,1874.0,15
8784,2019,6,Tanker,Kiribati,3450.0,21
8785,2019,6,Tanker,Marshall Islands,1463.0,12
8786,2019,6,Tanker,Micronesia,38961.0,108
8787,2019,6,Tanker,Nauru,710.0,10
8788,2019,6,Tanker,Niue,315.0,4
8789,2019,6,Tanker,Palau,5682.0,47
8790,2019,6,Tanker,Papua New Guinea,98275.0,167
8791,2019,6,Tanker,Samoa,215.0,5
8792,2019,6,Tanker,Solomon Islands,2750.0,26
8793,2019,6,Tanker,Tokelau,35.0,1
8794,2019,6,Tanker,Tonga,733.0,9
8795,2019,6,Tanker,Tuvalu,251.0,2
8796,2019,6,Tanker,Vanuatu,838.0,9
8797,2019,7,Cargo,Cook Islands,7726.0,38
8798,2019,7,Cargo,Fiji,6886.0,45
8799,2019,7,Cargo,Kiribati,12115.0,90
8800,2019,7,Cargo,Marshall Islands,11114.0,79
8801,2019,7,Cargo,Micronesia,149988.0,842
8802,2019,7,Cargo,Nauru,783.0,18
8803,2019,7,Cargo,Niue,1128.0,15
8804,2019,7,Cargo,Palau,36609.0,407
8805,2019,7,Cargo,Papua New Guinea,380766.0,1172
8806,2019,7,Cargo,Samoa,1545.0,20
8807,2019,7,Cargo,Solomon Islands,19068.0,164
8808,2019,7,Cargo,Tokelau,493.0,11
8809,2019,7,Cargo,Tonga,2514.0,21
8810,2019,7,Cargo,Tuvalu,1176.0,17
8811,2019,7,Cargo,Vanuatu,3994.0,36
8812,2019,7,Fishing,Cook Islands,1895.0,52
8813,2019,7,Fishing,Fiji,894.0,129
8814,2019,7,Fishing,Kiribati,17071.0,276
8815,2019,7,Fishing,Marshall Islands,4280.0,136
8816,2019,7,Fishing,Micronesia,11512.0,249
8817,2019,7,Fishing,Nauru,2785.0,90
8818,2019,7,Fishing,Niue,46.0,8
8819,2019,7,Fishing,Palau,401.0,30
8820,2019,7,Fishing,Papua New Guinea,12908.0,229
8821,2019,7,Fishing,Samoa,194.0,70
8822,2019,7,Fishing,Solomon Islands,2683.0,140
8823,2019,7,Fishing,Tokelau,355.0,33
8824,2019,7,Fishing,Tonga,297.0,20
8825,2019,7,Fishing,Tuvalu,1665.0,129
8826,2019,7,Fishing,Vanuatu,672.0,71
8827,2019,7,Others,Cook Islands,2792.0,64
8828,2019,7,Others,Fiji,5059.0,111
8829,2019,7,Others,Kiribati,881.0,70
8830,2019,7,Others,Marshall Islands,354.0,25
8831,2019,7,Others,Micronesia,3779.0,82
8832,2019,7,Others,Nauru,56.0,15
8833,2019,7,Others,Niue,509.0,23
8834,2019,7,Others,Palau,236.0,15
8835,2019,7,Others,Papua New Guinea,7855.0,161
8836,2019,7,Others,Samoa,220.0,30
8837,2019,7,Others,Solomon Islands,1411.0,53
8838,2019,7,Others,Tokelau,153.0,5
8839,2019,7,Others,Tonga,987.0,34
8840,2019,7,Others,Tuvalu,166.0,53
8841,2019,7,Others,Vanuatu,1812.0,55
8842,2019,7,Passenger,Cook Islands,626.0,2
8843,2019,7,Passenger,Fiji,3166.0,25
8844,2019,7,Passenger,Kiribati,51.0,4
8845,2019,7,Passenger,Micronesia,390.0,6
8846,2019,7,Passenger,Nauru,15.0,1
8847,2019,7,Passenger,Niue,177.0,1
8848,2019,7,Passenger,Palau,16.0,1
8849,2019,7,Passenger,Papua New Guinea,2530.0,30
8850,2019,7,Passenger,Samoa,60.0,3
8851,2019,7,Passenger,Solomon Islands,149.0,4
8852,2019,7,Passenger,Tokelau,17.0,1
8853,2019,7,Passenger,Tonga,478.0,6
8854,2019,7,Passenger,Vanuatu,2221.0,8
8855,2019,7,Tanker,Cook Islands,770.0,8
8856,2019,7,Tanker,Fiji,1505.0,13
8857,2019,7,Tanker,Kiribati,2972.0,16
8858,2019,7,Tanker,Marshall Islands,1602.0,12
8859,2019,7,Tanker,Micronesia,42532.0,119
8860,2019,7,Tanker,Nauru,497.0,11
8861,2019,7,Tanker,Niue,177.0,3
8862,2019,7,Tanker,Palau,6209.0,51
8863,2019,7,Tanker,Papua New Guinea,104084.0,173
8864,2019,7,Tanker,Samoa,131.0,2
8865,2019,7,Tanker,Solomon Islands,3762.0,27
8866,2019,7,Tanker,Tokelau,129.0,1
8867,2019,7,Tanker,Tonga,410.0,5
8868,2019,7,Tanker,Tuvalu,433.0,5
8869,2019,7,Tanker,Vanuatu,692.0,8
8870,2019,8,Cargo,Cook Islands,7234.0,40
8871,2019,8,Cargo,Fiji,7584.0,47
8872,2019,8,Cargo,Kiribati,12854.0,98
8873,2019,8,Cargo,Marshall Islands,10289.0,70
8874,2019,8,Cargo,Micronesia,138026.0,808
8875,2019,8,Cargo,Nauru,1077.0,22
8876,2019,8,Cargo,Niue,1133.0,14
8877,2019,8,Cargo,Palau,39153.0,420
8878,2019,8,Cargo,Papua New Guinea,368722.0,1119
8879,2019,8,Cargo,Samoa,1136.0,18
8880,2019,8,Cargo,Solomon Islands,18375.0,152
8881,2019,8,Cargo,Tokelau,795.0,8
8882,2019,8,Cargo,Tonga,2338.0,24
8883,2019,8,Cargo,Tuvalu,1581.0,19
8884,2019,8,Cargo,Vanuatu,3647.0,36
8885,2019,8,Fishing,Cook Islands,2498.0,67
8886,2019,8,Fishing,Fiji,1112.0,160
8887,2019,8,Fishing,Kiribati,10282.0,239
8888,2019,8,Fishing,Marshall Islands,5426.0,161
8889,2019,8,Fishing,Micronesia,17493.0,300
8890,2019,8,Fishing,Nauru,3516.0,101
8891,2019,8,Fishing,Niue,94.0,10
8892,2019,8,Fishing,Palau,631.0,51
8893,2019,8,Fishing,Papua New Guinea,7861.0,190
8894,2019,8,Fishing,Samoa,220.0,82
8895,2019,8,Fishing,Solomon Islands,2629.0,130
8896,2019,8,Fishing,Tokelau,544.0,54
8897,2019,8,Fishing,Tonga,286.0,23
8898,2019,8,Fishing,Tuvalu,3346.0,112
8899,2019,8,Fishing,Vanuatu,646.0,57
8900,2019,8,Others,Cook Islands,4095.0,85
8901,2019,8,Others,Fiji,4737.0,139
8902,2019,8,Others,Kiribati,1747.0,70
8903,2019,8,Others,Marshall Islands,764.0,32
8904,2019,8,Others,Micronesia,4824.0,67
8905,2019,8,Others,Nauru,298.0,10
8906,2019,8,Others,Niue,1332.0,48
8907,2019,8,Others,Palau,1354.0,17
8908,2019,8,Others,Papua New Guinea,11215.0,149
8909,2019,8,Others,Samoa,375.0,47
8910,2019,8,Others,Solomon Islands,917.0,77
8911,2019,8,Others,Tokelau,214.0,8
8912,2019,8,Others,Tonga,1871.0,63
8913,2019,8,Others,Tuvalu,393.0,29
8914,2019,8,Others,Vanuatu,1388.0,38
8915,2019,8,Passenger,Cook Islands,1219.0,3
8916,2019,8,Passenger,Fiji,1897.0,26
8917,2019,8,Passenger,Kiribati,22.0,2
8918,2019,8,Passenger,Micronesia,43.0,1
8919,2019,8,Passenger,Niue,12.0,1
8920,2019,8,Passenger,Papua New Guinea,2867.0,28
8921,2019,8,Passenger,Samoa,50.0,2
8922,2019,8,Passenger,Solomon Islands,99.0,3
8923,2019,8,Passenger,Tokelau,15.0,1
8924,2019,8,Passenger,Tonga,268.0,5
8925,2019,8,Passenger,Vanuatu,1612.0,7
8926,2019,8,Tanker,Cook Islands,2114.0,9
8927,2019,8,Tanker,Fiji,1950.0,14
8928,2019,8,Tanker,Kiribati,3280.0,19
8929,2019,8,Tanker,Marshall Islands,1291.0,14
8930,2019,8,Tanker,Micronesia,41051.0,110
8931,2019,8,Tanker,Nauru,932.0,11
8932,2019,8,Tanker,Niue,292.0,4
8933,2019,8,Tanker,Palau,7675.0,52
8934,2019,8,Tanker,Papua New Guinea,94961.0,166
8935,2019,8,Tanker,Samoa,237.0,4
8936,2019,8,Tanker,Solomon Islands,3062.0,27
8937,2019,8,Tanker,Tonga,521.0,7
8938,2019,8,Tanker,Tuvalu,138.0,1
8939,2019,8,Tanker,Vanuatu,941.0,8
8940,2019,9,Cargo,Cook Islands,6006.0,36
8941,2019,9,Cargo,Fiji,5849.0,37
8942,2019,9,Cargo,Kiribati,14351.0,99
8943,2019,9,Cargo,Marshall Islands,7859.0,72
8944,2019,9,Cargo,Micronesia,129380.0,774
8945,2019,9,Cargo,Nauru,835.0,23
8946,2019,9,Cargo,Niue,1033.0,13
8947,2019,9,Cargo,Palau,40444.0,415
8948,2019,9,Cargo,Papua New Guinea,355357.0,1111
8949,2019,9,Cargo,Samoa,1887.0,17
8950,2019,9,Cargo,Solomon Islands,17958.0,160
8951,2019,9,Cargo,Tokelau,351.0,9
8952,2019,9,Cargo,Tonga,2518.0,21
8953,2019,9,Cargo,Tuvalu,1417.0,24
8954,2019,9,Cargo,Vanuatu,3483.0,35
8955,2019,9,Fishing,Cook Islands,2450.0,84
8956,2019,9,Fishing,Fiji,904.0,150
8957,2019,9,Fishing,Kiribati,12001.0,266
8958,2019,9,Fishing,Marshall Islands,4293.0,136
8959,2019,9,Fishing,Micronesia,10780.0,265
8960,2019,9,Fishing,Nauru,1355.0,52
8961,2019,9,Fishing,Niue,63.0,12
8962,2019,9,Fishing,Palau,643.0,46
8963,2019,9,Fishing,Papua New Guinea,10760.0,203
8964,2019,9,Fishing,Samoa,177.0,68
8965,2019,9,Fishing,Solomon Islands,2361.0,141
8966,2019,9,Fishing,Tokelau,490.0,53
8967,2019,9,Fishing,Tonga,356.0,34
8968,2019,9,Fishing,Tuvalu,3429.0,138
8969,2019,9,Fishing,Vanuatu,713.0,69
8970,2019,9,Others,Cook Islands,2779.0,78
8971,2019,9,Others,Fiji,4785.0,164
8972,2019,9,Others,Kiribati,855.0,64
8973,2019,9,Others,Marshall Islands,859.0,40
8974,2019,9,Others,Micronesia,2253.0,81
8975,2019,9,Others,Nauru,70.0,8
8976,2019,9,Others,Niue,1020.0,39
8977,2019,9,Others,Palau,626.0,17
8978,2019,9,Others,Papua New Guinea,6097.0,158
8979,2019,9,Others,Samoa,289.0,35
8980,2019,9,Others,Solomon Islands,1177.0,71
8981,2019,9,Others,Tokelau,141.0,6
8982,2019,9,Others,Tonga,2681.0,86
8983,2019,9,Others,Tuvalu,130.0,41
8984,2019,9,Others,Vanuatu,1303.0,45
8985,2019,9,Passenger,Cook Islands,2194.0,3
8986,2019,9,Passenger,Fiji,2973.0,27
8987,2019,9,Passenger,Kiribati,4215.0,5
8988,2019,9,Passenger,Micronesia,395.0,3
8989,2019,9,Passenger,Niue,169.0,1
8990,2019,9,Passenger,Palau,62.0,3
8991,2019,9,Passenger,Papua New Guinea,3595.0,29
8992,2019,9,Passenger,Samoa,189.0,3
8993,2019,9,Passenger,Solomon Islands,696.0,6
8994,2019,9,Passenger,Tokelau,390.0,2
8995,2019,9,Passenger,Tonga,872.0,7
8996,2019,9,Passenger,Vanuatu,1427.0,8
8997,2019,9,Tanker,Cook Islands,1443.0,12
8998,2019,9,Tanker,Fiji,1979.0,16
8999,2019,9,Tanker,Kiribati,4212.0,23
9000,2019,9,Tanker,Marshall Islands,1151.0,11
9001,2019,9,Tanker,Micronesia,39734.0,113
9002,2019,9,Tanker,Nauru,478.0,9
9003,2019,9,Tanker,Niue,414.0,5
9004,2019,9,Tanker,Palau,9180.0,62
9005,2019,9,Tanker,Papua New Guinea,98967.0,171
9006,2019,9,Tanker,Samoa,148.0,3
9007,2019,9,Tanker,Solomon Islands,3673.0,33
9008,2019,9,Tanker,Tokelau,167.0,3
9009,2019,9,Tanker,Tonga,624.0,8
9010,2019,9,Tanker,Tuvalu,201.0,3
9011,2019,9,Tanker,Vanuatu,661.0,8
9012,2019,10,Cargo,Cook Islands,7645.0,35
9013,2019,10,Cargo,Fiji,6945.0,45
9014,2019,10,Cargo,Kiribati,14526.0,102
9015,2019,10,Cargo,Marshall Islands,11870.0,83
9016,2019,10,Cargo,Micronesia,147287.0,845
9017,2019,10,Cargo,Nauru,1607.0,34
9018,2019,10,Cargo,Niue,1043.0,18
9019,2019,10,Cargo,Palau,39022.0,398
9020,2019,10,Cargo,Papua New Guinea,387838.0,1139
9021,2019,10,Cargo,Samoa,1798.0,18
9022,2019,10,Cargo,Solomon Islands,18913.0,164
9023,2019,10,Cargo,Tokelau,335.0,8
9024,2019,10,Cargo,Tonga,2446.0,23
9025,2019,10,Cargo,Tuvalu,1596.0,26
9026,2019,10,Cargo,Vanuatu,3274.0,32
9027,2019,10,Fishing,Cook Islands,1514.0,62
9028,2019,10,Fishing,Fiji,896.0,133
9029,2019,10,Fishing,Kiribati,17944.0,291
9030,2019,10,Fishing,Marshall Islands,3863.0,129
9031,2019,10,Fishing,Micronesia,12442.0,244
9032,2019,10,Fishing,Nauru,1419.0,66
9033,2019,10,Fishing,Niue,68.0,5
9034,2019,10,Fishing,Palau,622.0,37
9035,2019,10,Fishing,Papua New Guinea,5752.0,137
9036,2019,10,Fishing,Samoa,268.0,53
9037,2019,10,Fishing,Solomon Islands,2478.0,123
9038,2019,10,Fishing,Tokelau,504.0,42
9039,2019,10,Fishing,Tonga,231.0,14
9040,2019,10,Fishing,Tuvalu,5690.0,189
9041,2019,10,Fishing,Vanuatu,1104.0,96
9042,2019,10,Others,Cook Islands,1801.0,75
9043,2019,10,Others,Fiji,6497.0,261
9044,2019,10,Others,Kiribati,1123.0,85
9045,2019,10,Others,Marshall Islands,939.0,50
9046,2019,10,Others,Micronesia,3839.0,100
9047,2019,10,Others,Nauru,209.0,11
9048,2019,10,Others,Niue,472.0,44
9049,2019,10,Others,Palau,906.0,29
9050,2019,10,Others,Papua New Guinea,8607.0,176
9051,2019,10,Others,Samoa,385.0,19
9052,2019,10,Others,Solomon Islands,1696.0,127
9053,2019,10,Others,Tokelau,125.0,7
9054,2019,10,Others,Tonga,2916.0,75
9055,2019,10,Others,Tuvalu,659.0,66
9056,2019,10,Others,Vanuatu,1451.0,51
9057,2019,10,Passenger,Cook Islands,3264.0,5
9058,2019,10,Passenger,Fiji,6991.0,27
9059,2019,10,Passenger,Kiribati,5426.0,6
9060,2019,10,Passenger,Marshall Islands,826.0,1
9061,2019,10,Passenger,Micronesia,646.0,3
9062,2019,10,Passenger,Niue,34.0,1
9063,2019,10,Passenger,Palau,20.0,3
9064,2019,10,Passenger,Papua New Guinea,5228.0,35
9065,2019,10,Passenger,Samoa,213.0,3
9066,2019,10,Passenger,Solomon Islands,231.0,5
9067,2019,10,Passenger,Tokelau,320.0,2
9068,2019,10,Passenger,Tonga,5141.0,10
9069,2019,10,Passenger,Tuvalu,0.0,1
9070,2019,10,Passenger,Vanuatu,3932.0,11
9071,2019,10,Tanker,Cook Islands,835.0,7
9072,2019,10,Tanker,Fiji,1800.0,13
9073,2019,10,Tanker,Kiribati,4108.0,23
9074,2019,10,Tanker,Marshall Islands,2635.0,19
9075,2019,10,Tanker,Micronesia,43273.0,112
9076,2019,10,Tanker,Nauru,408.0,11
9077,2019,10,Tanker,Niue,108.0,2
9078,2019,10,Tanker,Palau,6307.0,54
9079,2019,10,Tanker,Papua New Guinea,101362.0,171
9080,2019,10,Tanker,Samoa,59.0,2
9081,2019,10,Tanker,Solomon Islands,3107.0,26
9082,2019,10,Tanker,Tokelau,121.0,1
9083,2019,10,Tanker,Tonga,466.0,7
9084,2019,10,Tanker,Tuvalu,390.0,4
9085,2019,10,Tanker,Vanuatu,771.0,8
9086,2019,11,Cargo,Cook Islands,7430.0,39
9087,2019,11,Cargo,Fiji,8412.0,46
9088,2019,11,Cargo,Kiribati,12952.0,100
9089,2019,11,Cargo,Marshall Islands,8681.0,81
9090,2019,11,Cargo,Micronesia,140505.0,852
9091,2019,11,Cargo,Nauru,1240.0,25
9092,2019,11,Cargo,Niue,1037.0,12
9093,2019,11,Cargo,Palau,36513.0,397
9094,2019,11,Cargo,Papua New Guinea,382276.0,1174
9095,2019,11,Cargo,Samoa,1120.0,16
9096,2019,11,Cargo,Solomon Islands,19651.0,175
9097,2019,11,Cargo,Tokelau,644.0,8
9098,2019,11,Cargo,Tonga,2124.0,19
9099,2019,11,Cargo,Tuvalu,2646.0,35
9100,2019,11,Cargo,Vanuatu,3063.0,31
9101,2019,11,Fishing,Cook Islands,742.0,33
9102,2019,11,Fishing,Fiji,738.0,118
9103,2019,11,Fishing,Kiribati,16921.0,283
9104,2019,11,Fishing,Marshall Islands,3809.0,140
9105,2019,11,Fishing,Micronesia,10403.0,254
9106,2019,11,Fishing,Nauru,4959.0,128
9107,2019,11,Fishing,Niue,88.0,7
9108,2019,11,Fishing,Palau,420.0,35
9109,2019,11,Fishing,Papua New Guinea,6159.0,135
9110,2019,11,Fishing,Samoa,156.0,47
9111,2019,11,Fishing,Solomon Islands,3273.0,146
9112,2019,11,Fishing,Tokelau,486.0,30
9113,2019,11,Fishing,Tonga,249.0,15
9114,2019,11,Fishing,Tuvalu,7072.0,211
9115,2019,11,Fishing,Vanuatu,1386.0,92
9116,2019,11,Others,Cook Islands,946.0,35
9117,2019,11,Others,Fiji,2914.0,147
9118,2019,11,Others,Kiribati,1026.0,69
9119,2019,11,Others,Marshall Islands,748.0,47
9120,2019,11,Others,Micronesia,3970.0,79
9121,2019,11,Others,Nauru,221.0,11
9122,2019,11,Others,Niue,202.0,9
9123,2019,11,Others,Palau,228.0,15
9124,2019,11,Others,Papua New Guinea,5100.0,127
9125,2019,11,Others,Samoa,219.0,15
9126,2019,11,Others,Solomon Islands,1654.0,39
9127,2019,11,Others,Tokelau,227.0,7
9128,2019,11,Others,Tonga,1317.0,47
9129,2019,11,Others,Tuvalu,87.0,45
9130,2019,11,Others,Vanuatu,885.0,28
9131,2019,11,Passenger,Cook Islands,1617.0,5
9132,2019,11,Passenger,Fiji,9420.0,28
9133,2019,11,Passenger,Kiribati,406.0,3
9134,2019,11,Passenger,Micronesia,125.0,3
9135,2019,11,Passenger,Niue,447.0,2
9136,2019,11,Passenger,Palau,681.0,4
9137,2019,11,Passenger,Papua New Guinea,3528.0,33
9138,2019,11,Passenger,Samoa,414.0,5
9139,2019,11,Passenger,Solomon Islands,66.0,5
9140,2019,11,Passenger,Tokelau,28.0,1
9141,2019,11,Passenger,Tonga,1525.0,9
9142,2019,11,Passenger,Vanuatu,5474.0,15
9143,2019,11,Tanker,Cook Islands,1369.0,9
9144,2019,11,Tanker,Fiji,1863.0,14
9145,2019,11,Tanker,Kiribati,4187.0,21
9146,2019,11,Tanker,Marshall Islands,3012.0,16
9147,2019,11,Tanker,Micronesia,44180.0,123
9148,2019,11,Tanker,Nauru,1007.0,11
9149,2019,11,Tanker,Niue,347.0,4
9150,2019,11,Tanker,Palau,8693.0,65
9151,2019,11,Tanker,Papua New Guinea,108344.0,186
9152,2019,11,Tanker,Samoa,197.0,4
9153,2019,11,Tanker,Solomon Islands,2956.0,26
9154,2019,11,Tanker,Tokelau,149.0,1
9155,2019,11,Tanker,Tonga,592.0,8
9156,2019,11,Tanker,Tuvalu,330.0,5
9157,2019,11,Tanker,Vanuatu,818.0,9
9158,2019,12,Cargo,Cook Islands,9469.0,44
9159,2019,12,Cargo,Fiji,8853.0,48
9160,2019,12,Cargo,Kiribati,16964.0,100
9161,2019,12,Cargo,Marshall Islands,9177.0,81
9162,2019,12,Cargo,Micronesia,142944.0,861
9163,2019,12,Cargo,Nauru,1525.0,24
9164,2019,12,Cargo,Niue,850.0,8
9165,2019,12,Cargo,Palau,39310.0,417
9166,2019,12,Cargo,Papua New Guinea,390569.0,1188
9167,2019,12,Cargo,Samoa,1856.0,20
9168,2019,12,Cargo,Solomon Islands,19824.0,167
9169,2019,12,Cargo,Tokelau,622.0,9
9170,2019,12,Cargo,Tonga,2553.0,20
9171,2019,12,Cargo,Tuvalu,3271.0,37
9172,2019,12,Cargo,Vanuatu,3942.0,34
9173,2019,12,Fishing,Cook Islands,892.0,30
9174,2019,12,Fishing,Fiji,915.0,156
9175,2019,12,Fishing,Kiribati,12921.0,244
9176,2019,12,Fishing,Marshall Islands,3076.0,137
9177,2019,12,Fishing,Micronesia,13736.0,301
9178,2019,12,Fishing,Nauru,2471.0,93
9179,2019,12,Fishing,Niue,142.0,14
9180,2019,12,Fishing,Palau,550.0,48
9181,2019,12,Fishing,Papua New Guinea,11342.0,217
9182,2019,12,Fishing,Samoa,212.0,38
9183,2019,12,Fishing,Solomon Islands,5340.0,200
9184,2019,12,Fishing,Tokelau,381.0,20
9185,2019,12,Fishing,Tonga,253.0,14
9186,2019,12,Fishing,Tuvalu,5045.0,164
9187,2019,12,Fishing,Vanuatu,1471.0,122
9188,2019,12,Others,Cook Islands,1225.0,33
9189,2019,12,Others,Fiji,2634.0,94
9190,2019,12,Others,Kiribati,2550.0,106
9191,2019,12,Others,Marshall Islands,493.0,40
9192,2019,12,Others,Micronesia,2232.0,77
9193,2019,12,Others,Nauru,72.0,5
9194,2019,12,Others,Niue,100.0,5
9195,2019,12,Others,Palau,860.0,36
9196,2019,12,Others,Papua New Guinea,3605.0,141
9197,2019,12,Others,Samoa,287.0,10
9198,2019,12,Others,Solomon Islands,2690.0,37
9199,2019,12,Others,Tokelau,382.0,12
9200,2019,12,Others,Tonga,536.0,24
9201,2019,12,Others,Tuvalu,890.0,44
9202,2019,12,Others,Vanuatu,1245.0,27
9203,2019,12,Passenger,Cook Islands,1949.0,4
9204,2019,12,Passenger,Fiji,5627.0,23
9205,2019,12,Passenger,Kiribati,71.0,2
9206,2019,12,Passenger,Micronesia,415.0,2
9207,2019,12,Passenger,Niue,824.0,3
9208,2019,12,Passenger,Palau,10.0,3
9209,2019,12,Passenger,Papua New Guinea,7739.0,39
9210,2019,12,Passenger,Samoa,41.0,2
9211,2019,12,Passenger,Solomon Islands,1364.0,5
9212,2019,12,Passenger,Tokelau,24.0,1
9213,2019,12,Passenger,Tonga,1324.0,7
9214,2019,12,Passenger,Vanuatu,7321.0,15
9215,2019,12,Tanker,Cook Islands,710.0,8
9216,2019,12,Tanker,Fiji,1527.0,14
9217,2019,12,Tanker,Kiribati,4085.0,21
9218,2019,12,Tanker,Marshall Islands,2193.0,18
9219,2019,12,Tanker,Micronesia,43869.0,135
9220,2019,12,Tanker,Nauru,602.0,8
9221,2019,12,Tanker,Niue,153.0,3
9222,2019,12,Tanker,Palau,7449.0,61
9223,2019,12,Tanker,Papua New Guinea,103302.0,183
9224,2019,12,Tanker,Samoa,101.0,3
9225,2019,12,Tanker,Solomon Islands,3978.0,38
9226,2019,12,Tanker,Tonga,409.0,6
9227,2019,12,Tanker,Tuvalu,305.0,7
9228,2019,12,Tanker,Vanuatu,989.0,12
9229,2020,1,Cargo,Cook Islands,8809.0,41
9230,2020,1,Cargo,Fiji,7870.0,46
9231,2020,1,Cargo,Kiribati,19890.0,113
9232,2020,1,Cargo,Marshall Islands,10362.0,87
9233,2020,1,Cargo,Micronesia,131528.0,802
9234,2020,1,Cargo,Nauru,1914.0,34
9235,2020,1,Cargo,Niue,1213.0,14
9236,2020,1,Cargo,Palau,34595.0,369
9237,2020,1,Cargo,Papua New Guinea,326382.0,1115
9238,2020,1,Cargo,Samoa,1237.0,15
9239,2020,1,Cargo,Solomon Islands,15879.0,166
9240,2020,1,Cargo,Tokelau,740.0,8
9241,2020,1,Cargo,Tonga,1686.0,17
9242,2020,1,Cargo,Tuvalu,2625.0,28
9243,2020,1,Cargo,Vanuatu,2538.0,29
9244,2020,1,Fishing,Cook Islands,626.0,31
9245,2020,1,Fishing,Fiji,1132.0,176
9246,2020,1,Fishing,Kiribati,14091.0,247
9247,2020,1,Fishing,Marshall Islands,3929.0,158
9248,2020,1,Fishing,Micronesia,7701.0,248
9249,2020,1,Fishing,Nauru,968.0,70
9250,2020,1,Fishing,Niue,132.0,10
9251,2020,1,Fishing,Palau,311.0,34
9252,2020,1,Fishing,Papua New Guinea,11393.0,169
9253,2020,1,Fishing,Samoa,124.0,51
9254,2020,1,Fishing,Solomon Islands,9137.0,254
9255,2020,1,Fishing,Tokelau,140.0,18
9256,2020,1,Fishing,Tonga,264.0,19
9257,2020,1,Fishing,Tuvalu,2141.0,91
9258,2020,1,Fishing,Vanuatu,1208.0,104
9259,2020,1,Others,Cook Islands,712.0,32
9260,2020,1,Others,Fiji,1152.0,55
9261,2020,1,Others,Kiribati,1435.0,71
9262,2020,1,Others,Marshall Islands,562.0,36
9263,2020,1,Others,Micronesia,1582.0,56
9264,2020,1,Others,Nauru,632.0,87
9265,2020,1,Others,Niue,68.0,6
9266,2020,1,Others,Palau,519.0,22
9267,2020,1,Others,Papua New Guinea,2643.0,116
9268,2020,1,Others,Samoa,119.0,8
9269,2020,1,Others,Solomon Islands,865.0,41
9270,2020,1,Others,Tokelau,231.0,4
9271,2020,1,Others,Tonga,109.0,14
9272,2020,1,Others,Tuvalu,386.0,50
9273,2020,1,Others,Vanuatu,191.0,12
9274,2020,1,Passenger,Cook Islands,921.0,6
9275,2020,1,Passenger,Fiji,7770.0,24
9276,2020,1,Passenger,Kiribati,1058.0,5
9277,2020,1,Passenger,Marshall Islands,618.0,1
9278,2020,1,Passenger,Micronesia,1776.0,3
9279,2020,1,Passenger,Niue,132.0,2
9280,2020,1,Passenger,Palau,205.0,3
9281,2020,1,Passenger,Papua New Guinea,5146.0,34
9282,2020,1,Passenger,Samoa,46.0,3
9283,2020,1,Passenger,Solomon Islands,35.0,3
9284,2020,1,Passenger,Tokelau,16.0,1
9285,2020,1,Passenger,Tonga,439.0,7
9286,2020,1,Passenger,Vanuatu,7075.0,17
9287,2020,1,Tanker,Cook Islands,1274.0,7
9288,2020,1,Tanker,Fiji,2056.0,15
9289,2020,1,Tanker,Kiribati,3947.0,24
9290,2020,1,Tanker,Marshall Islands,1473.0,18
9291,2020,1,Tanker,Micronesia,40217.0,123
9292,2020,1,Tanker,Nauru,580.0,10
9293,2020,1,Tanker,Niue,461.0,5
9294,2020,1,Tanker,Palau,8189.0,50
9295,2020,1,Tanker,Papua New Guinea,102858.0,179
9296,2020,1,Tanker,Samoa,34.0,1
9297,2020,1,Tanker,Solomon Islands,4267.0,37
9298,2020,1,Tanker,Tokelau,57.0,2
9299,2020,1,Tanker,Tonga,931.0,11
9300,2020,1,Tanker,Tuvalu,97.0,3
9301,2020,1,Tanker,Vanuatu,663.0,7
9302,2020,2,Cargo,Cook Islands,7710.0,39
9303,2020,2,Cargo,Fiji,7750.0,39
9304,2020,2,Cargo,Kiribati,16270.0,103
9305,2020,2,Cargo,Marshall Islands,7826.0,79
9306,2020,2,Cargo,Micronesia,102150.0,713
9307,2020,2,Cargo,Nauru,1109.0,27
9308,2020,2,Cargo,Niue,697.0,12
9309,2020,2,Cargo,Palau,26701.0,330
9310,2020,2,Cargo,Papua New Guinea,273757.0,1058
9311,2020,2,Cargo,Samoa,1403.0,16
9312,2020,2,Cargo,Solomon Islands,16707.0,164
9313,2020,2,Cargo,Tokelau,810.0,8
9314,2020,2,Cargo,Tonga,1911.0,19
9315,2020,2,Cargo,Tuvalu,1704.0,24
9316,2020,2,Cargo,Vanuatu,2788.0,31
9317,2020,2,Fishing,Cook Islands,325.0,18
9318,2020,2,Fishing,Fiji,782.0,135
9319,2020,2,Fishing,Kiribati,12279.0,240
9320,2020,2,Fishing,Marshall Islands,2352.0,128
9321,2020,2,Fishing,Micronesia,7112.0,235
9322,2020,2,Fishing,Nauru,768.0,37
9323,2020,2,Fishing,Niue,113.0,9
9324,2020,2,Fishing,Palau,354.0,22
9325,2020,2,Fishing,Papua New Guinea,10751.0,171
9326,2020,2,Fishing,Samoa,247.0,45
9327,2020,2,Fishing,Solomon Islands,4352.0,180
9328,2020,2,Fishing,Tokelau,151.0,19
9329,2020,2,Fishing,Tonga,207.0,13
9330,2020,2,Fishing,Tuvalu,1515.0,91
9331,2020,2,Fishing,Vanuatu,1048.0,92
9332,2020,2,Others,Cook Islands,347.0,20
9333,2020,2,Others,Fiji,1005.0,62
9334,2020,2,Others,Kiribati,539.0,62
9335,2020,2,Others,Marshall Islands,662.0,41
9336,2020,2,Others,Micronesia,1534.0,60
9337,2020,2,Others,Nauru,895.0,119
9338,2020,2,Others,Niue,89.0,4
9339,2020,2,Others,Palau,487.0,21
9340,2020,2,Others,Papua New Guinea,3684.0,130
9341,2020,2,Others,Samoa,224.0,6
9342,2020,2,Others,Solomon Islands,782.0,44
9343,2020,2,Others,Tokelau,101.0,3
9344,2020,2,Others,Tonga,300.0,15
9345,2020,2,Others,Tuvalu,128.0,51
9346,2020,2,Others,Vanuatu,265.0,15
9347,2020,2,Passenger,Cook Islands,4479.0,12
9348,2020,2,Passenger,Fiji,7753.0,25
9349,2020,2,Passenger,Kiribati,2599.0,6
9350,2020,2,Passenger,Micronesia,307.0,3
9351,2020,2,Passenger,Nauru,0.0,1
9352,2020,2,Passenger,Niue,1043.0,7
9353,2020,2,Passenger,Palau,19.0,3
9354,2020,2,Passenger,Papua New Guinea,6223.0,42
9355,2020,2,Passenger,Samoa,158.0,3
9356,2020,2,Passenger,Solomon Islands,489.0,5
9357,2020,2,Passenger,Tokelau,14.0,1
9358,2020,2,Passenger,Tonga,2631.0,13
9359,2020,2,Passenger,Vanuatu,4520.0,17
9360,2020,2,Tanker,Cook Islands,654.0,6
9361,2020,2,Tanker,Fiji,1333.0,14
9362,2020,2,Tanker,Kiribati,3993.0,25
9363,2020,2,Tanker,Marshall Islands,1532.0,14
9364,2020,2,Tanker,Micronesia,39163.0,116
9365,2020,2,Tanker,Nauru,688.0,15
9366,2020,2,Tanker,Niue,279.0,4
9367,2020,2,Tanker,Palau,6869.0,53
9368,2020,2,Tanker,Papua New Guinea,94523.0,180
9369,2020,2,Tanker,Samoa,96.0,4
9370,2020,2,Tanker,Solomon Islands,4203.0,36
9371,2020,2,Tanker,Tonga,546.0,9
9372,2020,2,Tanker,Tuvalu,280.0,5
9373,2020,2,Tanker,Vanuatu,732.0,8
9374,2020,3,Cargo,Cook Islands,9295.0,42
9375,2020,3,Cargo,Fiji,7825.0,46
9376,2020,3,Cargo,Kiribati,16506.0,111
9377,2020,3,Cargo,Marshall Islands,6254.0,76
9378,2020,3,Cargo,Micronesia,124442.0,780
9379,2020,3,Cargo,Nauru,1860.0,39
9380,2020,3,Cargo,Niue,1487.0,11
9381,2020,3,Cargo,Palau,31064.0,358
9382,2020,3,Cargo,Papua New Guinea,304312.0,1096
9383,2020,3,Cargo,Samoa,2460.0,21
9384,2020,3,Cargo,Solomon Islands,15588.0,153
9385,2020,3,Cargo,Tokelau,657.0,12
9386,2020,3,Cargo,Tonga,2002.0,13
9387,2020,3,Cargo,Tuvalu,3098.0,24
9388,2020,3,Cargo,Vanuatu,4009.0,45
9389,2020,3,Fishing,Cook Islands,1238.0,55
9390,2020,3,Fishing,Fiji,689.0,141
9391,2020,3,Fishing,Kiribati,11764.0,285
9392,2020,3,Fishing,Marshall Islands,3855.0,152
9393,2020,3,Fishing,Micronesia,8267.0,247
9394,2020,3,Fishing,Nauru,3585.0,94
9395,2020,3,Fishing,Niue,91.0,7
9396,2020,3,Fishing,Palau,263.0,17
9397,2020,3,Fishing,Papua New Guinea,11701.0,198
9398,2020,3,Fishing,Samoa,223.0,51
9399,2020,3,Fishing,Solomon Islands,3167.0,145
9400,2020,3,Fishing,Tokelau,143.0,23
9401,2020,3,Fishing,Tonga,284.0,21
9402,2020,3,Fishing,Tuvalu,2102.0,100
9403,2020,3,Fishing,Vanuatu,692.0,74
9404,2020,3,Others,Cook Islands,210.0,37
9405,2020,3,Others,Fiji,1482.0,66
9406,2020,3,Others,Kiribati,1175.0,88
9407,2020,3,Others,Marshall Islands,641.0,34
9408,2020,3,Others,Micronesia,1957.0,107
9409,2020,3,Others,Nauru,696.0,109
9410,2020,3,Others,Niue,117.0,6
9411,2020,3,Others,Palau,602.0,35
9412,2020,3,Others,Papua New Guinea,4474.0,131
9413,2020,3,Others,Samoa,175.0,6
9414,2020,3,Others,Solomon Islands,773.0,35
9415,2020,3,Others,Tokelau,299.0,6
9416,2020,3,Others,Tonga,179.0,8
9417,2020,3,Others,Tuvalu,198.0,52
9418,2020,3,Others,Vanuatu,287.0,25
9419,2020,3,Passenger,Cook Islands,2015.0,4
9420,2020,3,Passenger,Fiji,6187.0,24
9421,2020,3,Passenger,Kiribati,1179.0,6
9422,2020,3,Passenger,Micronesia,119.0,2
9423,2020,3,Passenger,Nauru,8.0,1
9424,2020,3,Passenger,Niue,570.0,3
9425,2020,3,Passenger,Palau,48.0,3
9426,2020,3,Passenger,Papua New Guinea,1388.0,35
9427,2020,3,Passenger,Samoa,244.0,4
9428,2020,3,Passenger,Solomon Islands,71.0,3
9429,2020,3,Passenger,Tokelau,335.0,4
9430,2020,3,Passenger,Tonga,1631.0,10
9431,2020,3,Passenger,Tuvalu,238.0,2
9432,2020,3,Passenger,Vanuatu,2811.0,9
9433,2020,3,Tanker,Cook Islands,931.0,9
9434,2020,3,Tanker,Fiji,1669.0,13
9435,2020,3,Tanker,Kiribati,3308.0,24
9436,2020,3,Tanker,Marshall Islands,1052.0,12
9437,2020,3,Tanker,Micronesia,40591.0,113
9438,2020,3,Tanker,Nauru,551.0,14
9439,2020,3,Tanker,Niue,270.0,4
9440,2020,3,Tanker,Palau,6891.0,49
9441,2020,3,Tanker,Papua New Guinea,98323.0,175
9442,2020,3,Tanker,Samoa,119.0,4
9443,2020,3,Tanker,Solomon Islands,3368.0,33
9444,2020,3,Tanker,Tokelau,47.0,1
9445,2020,3,Tanker,Tonga,478.0,9
9446,2020,3,Tanker,Tuvalu,135.0,3
9447,2020,3,Tanker,Vanuatu,821.0,8
9448,2020,4,Cargo,Cook Islands,8484.0,41
9449,2020,4,Cargo,Fiji,7345.0,42
9450,2020,4,Cargo,Kiribati,10727.0,80
9451,2020,4,Cargo,Marshall Islands,5107.0,58
9452,2020,4,Cargo,Micronesia,113078.0,721
9453,2020,4,Cargo,Nauru,1223.0,25
9454,2020,4,Cargo,Niue,1305.0,13
9455,2020,4,Cargo,Palau,33601.0,349
9456,2020,4,Cargo,Papua New Guinea,292356.0,1009
9457,2020,4,Cargo,Samoa,1409.0,16
9458,2020,4,Cargo,Solomon Islands,16230.0,147
9459,2020,4,Cargo,Tokelau,781.0,6
9460,2020,4,Cargo,Tonga,2048.0,20
9461,2020,4,Cargo,Tuvalu,1311.0,17
9462,2020,4,Cargo,Vanuatu,2764.0,26
9463,2020,4,Fishing,Cook Islands,1887.0,68
9464,2020,4,Fishing,Fiji,833.0,154
9465,2020,4,Fishing,Kiribati,6984.0,230
9466,2020,4,Fishing,Marshall Islands,5960.0,191
9467,2020,4,Fishing,Micronesia,13965.0,349
9468,2020,4,Fishing,Nauru,4107.0,128
9469,2020,4,Fishing,Niue,91.0,16
9470,2020,4,Fishing,Palau,154.0,19
9471,2020,4,Fishing,Papua New Guinea,11982.0,198
9472,2020,4,Fishing,Samoa,202.0,43
9473,2020,4,Fishing,Solomon Islands,2452.0,191
9474,2020,4,Fishing,Tokelau,143.0,21
9475,2020,4,Fishing,Tonga,334.0,32
9476,2020,4,Fishing,Tuvalu,1501.0,102
9477,2020,4,Fishing,Vanuatu,382.0,60
9478,2020,4,Others,Cook Islands,352.0,26
9479,2020,4,Others,Fiji,707.0,62
9480,2020,4,Others,Kiribati,1008.0,66
9481,2020,4,Others,Marshall Islands,455.0,26
9482,2020,4,Others,Micronesia,2774.0,64
9483,2020,4,Others,Nauru,715.0,98
9484,2020,4,Others,Niue,39.0,4
9485,2020,4,Others,Palau,568.0,15
9486,2020,4,Others,Papua New Guinea,5626.0,93
9487,2020,4,Others,Samoa,217.0,6
9488,2020,4,Others,Solomon Islands,665.0,19
9489,2020,4,Others,Tokelau,53.0,2
9490,2020,4,Others,Tonga,196.0,13
9491,2020,4,Others,Tuvalu,273.0,32
9492,2020,4,Others,Vanuatu,292.0,19
9493,2020,4,Passenger,Cook Islands,483.0,2
9494,2020,4,Passenger,Fiji,1435.0,20
9495,2020,4,Passenger,Kiribati,564.0,5
9496,2020,4,Passenger,Micronesia,72.0,1
9497,2020,4,Passenger,Nauru,17.0,2
9498,2020,4,Passenger,Palau,2847.0,8
9499,2020,4,Passenger,Papua New Guinea,12322.0,40
9500,2020,4,Passenger,Samoa,82.0,3
9501,2020,4,Passenger,Solomon Islands,30.0,2
9502,2020,4,Passenger,Tokelau,71.0,2
9503,2020,4,Passenger,Tonga,224.0,6
9504,2020,4,Passenger,Tuvalu,124.0,2
9505,2020,4,Passenger,Vanuatu,169.0,2
9506,2020,4,Tanker,Cook Islands,618.0,5
9507,2020,4,Tanker,Fiji,2164.0,13
9508,2020,4,Tanker,Kiribati,2682.0,18
9509,2020,4,Tanker,Marshall Islands,2784.0,22
9510,2020,4,Tanker,Micronesia,36533.0,108
9511,2020,4,Tanker,Nauru,1048.0,19
9512,2020,4,Tanker,Niue,214.0,3
9513,2020,4,Tanker,Palau,5311.0,46
9514,2020,4,Tanker,Papua New Guinea,86318.0,178
9515,2020,4,Tanker,Samoa,164.0,4
9516,2020,4,Tanker,Solomon Islands,2219.0,21
9517,2020,4,Tanker,Tonga,521.0,9
9518,2020,4,Tanker,Tuvalu,120.0,3
9519,2020,4,Tanker,Vanuatu,725.0,8
9520,2020,5,Cargo,Cook Islands,5527.0,37
9521,2020,5,Cargo,Fiji,5678.0,41
9522,2020,5,Cargo,Kiribati,13668.0,75
9523,2020,5,Cargo,Marshall Islands,6151.0,48
9524,2020,5,Cargo,Micronesia,126711.0,781
9525,2020,5,Cargo,Nauru,892.0,23
9526,2020,5,Cargo,Niue,1172.0,15
9527,2020,5,Cargo,Palau,35989.0,361
9528,2020,5,Cargo,Papua New Guinea,309388.0,1065
9529,2020,5,Cargo,Samoa,1007.0,14
9530,2020,5,Cargo,Solomon Islands,16678.0,166
9531,2020,5,Cargo,Tokelau,250.0,8
9532,2020,5,Cargo,Tonga,2111.0,21
9533,2020,5,Cargo,Tuvalu,1974.0,22
9534,2020,5,Cargo,Vanuatu,3004.0,33
9535,2020,5,Fishing,Cook Islands,2307.0,99
9536,2020,5,Fishing,Fiji,1034.0,195
9537,2020,5,Fishing,Kiribati,6643.0,230
9538,2020,5,Fishing,Marshall Islands,2587.0,159
9539,2020,5,Fishing,Micronesia,15407.0,345
9540,2020,5,Fishing,Nauru,2195.0,82
9541,2020,5,Fishing,Niue,99.0,11
9542,2020,5,Fishing,Palau,138.0,18
9543,2020,5,Fishing,Papua New Guinea,13071.0,265
9544,2020,5,Fishing,Samoa,96.0,33
9545,2020,5,Fishing,Solomon Islands,2758.0,162
9546,2020,5,Fishing,Tokelau,273.0,33
9547,2020,5,Fishing,Tonga,277.0,33
9548,2020,5,Fishing,Tuvalu,1799.0,114
9549,2020,5,Fishing,Vanuatu,386.0,65
9550,2020,5,Others,Cook Islands,623.0,65
9551,2020,5,Others,Fiji,697.0,117
9552,2020,5,Others,Kiribati,776.0,150
9553,2020,5,Others,Marshall Islands,682.0,83
9554,2020,5,Others,Micronesia,3246.0,212
9555,2020,5,Others,Nauru,565.0,114
9556,2020,5,Others,Niue,103.0,21
9557,2020,5,Others,Palau,491.0,50
9558,2020,5,Others,Papua New Guinea,4006.0,405
9559,2020,5,Others,Samoa,256.0,12
9560,2020,5,Others,Solomon Islands,538.0,119
9561,2020,5,Others,Tokelau,164.0,10
9562,2020,5,Others,Tonga,91.0,33
9563,2020,5,Others,Tuvalu,208.0,56
9564,2020,5,Others,Vanuatu,224.0,27
9565,2020,5,Passenger,Cook Islands,131.0,1
9566,2020,5,Passenger,Fiji,1861.0,19
9567,2020,5,Passenger,Kiribati,40.0,2
9568,2020,5,Passenger,Marshall Islands,0.0,1
9569,2020,5,Passenger,Micronesia,77.0,1
9570,2020,5,Passenger,Nauru,9.0,1
9571,2020,5,Passenger,Niue,72.0,1
9572,2020,5,Passenger,Palau,548.0,5
9573,2020,5,Passenger,Papua New Guinea,1092.0,28
9574,2020,5,Passenger,Samoa,17.0,2
9575,2020,5,Passenger,Solomon Islands,24.0,4
9576,2020,5,Passenger,Tokelau,22.0,1
9577,2020,5,Passenger,Tonga,251.0,6
9578,2020,5,Passenger,Tuvalu,0.0,1
9579,2020,5,Passenger,Vanuatu,162.0,2
9580,2020,5,Tanker,Cook Islands,1011.0,9
9581,2020,5,Tanker,Fiji,1373.0,14
9582,2020,5,Tanker,Kiribati,3319.0,24
9583,2020,5,Tanker,Marshall Islands,3363.0,21
9584,2020,5,Tanker,Micronesia,34386.0,91
9585,2020,5,Tanker,Nauru,913.0,12
9586,2020,5,Tanker,Niue,45.0,2
9587,2020,5,Tanker,Palau,7742.0,46
9588,2020,5,Tanker,Papua New Guinea,84627.0,158
9589,2020,5,Tanker,Samoa,130.0,2
9590,2020,5,Tanker,Solomon Islands,1870.0,23
9591,2020,5,Tanker,Tonga,315.0,8
9592,2020,5,Tanker,Tuvalu,383.0,5
9593,2020,5,Tanker,Vanuatu,474.0,8
9594,2020,6,Cargo,Cook Islands,4791.0,31
9595,2020,6,Cargo,Fiji,7040.0,38
9596,2020,6,Cargo,Kiribati,10749.0,81
9597,2020,6,Cargo,Marshall Islands,4863.0,51
9598,2020,6,Cargo,Micronesia,132791.0,848
9599,2020,6,Cargo,Nauru,741.0,24
9600,2020,6,Cargo,Niue,804.0,11
9601,2020,6,Cargo,Palau,35674.0,360
9602,2020,6,Cargo,Papua New Guinea,328213.0,1127
9603,2020,6,Cargo,Samoa,956.0,15
9604,2020,6,Cargo,Solomon Islands,16964.0,184
9605,2020,6,Cargo,Tokelau,319.0,4
9606,2020,6,Cargo,Tonga,1868.0,18
9607,2020,6,Cargo,Tuvalu,2143.0,27
9608,2020,6,Cargo,Vanuatu,3425.0,35
9609,2020,6,Fishing,Cook Islands,3103.0,103
9610,2020,6,Fishing,Fiji,1082.0,184
9611,2020,6,Fishing,Kiribati,10651.0,267
9612,2020,6,Fishing,Marshall Islands,3321.0,165
9613,2020,6,Fishing,Micronesia,13021.0,304
9614,2020,6,Fishing,Nauru,1915.0,72
9615,2020,6,Fishing,Niue,31.0,6
9616,2020,6,Fishing,Palau,96.0,9
9617,2020,6,Fishing,Papua New Guinea,10842.0,214
9618,2020,6,Fishing,Samoa,104.0,34
9619,2020,6,Fishing,Solomon Islands,1916.0,126
9620,2020,6,Fishing,Tokelau,351.0,39
9621,2020,6,Fishing,Tonga,274.0,24
9622,2020,6,Fishing,Tuvalu,1439.0,99
9623,2020,6,Fishing,Vanuatu,620.0,61
9624,2020,6,Others,Cook Islands,1707.0,32
9625,2020,6,Others,Fiji,731.0,80
9626,2020,6,Others,Kiribati,1966.0,94
9627,2020,6,Others,Marshall Islands,599.0,52
9628,2020,6,Others,Micronesia,2758.0,64
9629,2020,6,Others,Nauru,1177.0,128
9630,2020,6,Others,Niue,227.0,15
9631,2020,6,Others,Palau,91.0,22
9632,2020,6,Others,Papua New Guinea,2148.0,99
9633,2020,6,Others,Samoa,364.0,12
9634,2020,6,Others,Solomon Islands,487.0,25
9635,2020,6,Others,Tokelau,296.0,13
9636,2020,6,Others,Tonga,159.0,14
9637,2020,6,Others,Tuvalu,102.0,24
9638,2020,6,Others,Vanuatu,233.0,23
9639,2020,6,Passenger,Fiji,1623.0,21
9640,2020,6,Passenger,Kiribati,19.0,2
9641,2020,6,Passenger,Micronesia,61.0,1
9642,2020,6,Passenger,Nauru,23.0,1
9643,2020,6,Passenger,Palau,9.0,2
9644,2020,6,Passenger,Papua New Guinea,815.0,24
9645,2020,6,Passenger,Samoa,16.0,2
9646,2020,6,Passenger,Solomon Islands,38.0,4
9647,2020,6,Passenger,Tokelau,35.0,2
9648,2020,6,Passenger,Tonga,162.0,7
9649,2020,6,Passenger,Vanuatu,135.0,2
9650,2020,6,Tanker,Cook Islands,729.0,6
9651,2020,6,Tanker,Fiji,1404.0,10
9652,2020,6,Tanker,Kiribati,3070.0,20
9653,2020,6,Tanker,Marshall Islands,2152.0,14
9654,2020,6,Tanker,Micronesia,36651.0,91
9655,2020,6,Tanker,Nauru,767.0,11
9656,2020,6,Tanker,Niue,174.0,4
9657,2020,6,Tanker,Palau,6894.0,50
9658,2020,6,Tanker,Papua New Guinea,81380.0,171
9659,2020,6,Tanker,Samoa,82.0,3
9660,2020,6,Tanker,Solomon Islands,2025.0,21
9661,2020,6,Tanker,Tokelau,72.0,1
9662,2020,6,Tanker,Tonga,420.0,7
9663,2020,6,Tanker,Tuvalu,45.0,2
9664,2020,6,Tanker,Vanuatu,728.0,9
9665,2020,7,Cargo,Cook Islands,4981.0,34
9666,2020,7,Cargo,Fiji,6130.0,49
9667,2020,7,Cargo,Kiribati,10698.0,88
9668,2020,7,Cargo,Marshall Islands,7387.0,58
9669,2020,7,Cargo,Micronesia,119302.0,735
9670,2020,7,Cargo,Nauru,841.0,24
9671,2020,7,Cargo,Niue,1142.0,16
9672,2020,7,Cargo,Palau,39534.0,377
9673,2020,7,Cargo,Papua New Guinea,314348.0,1076
9674,2020,7,Cargo,Samoa,1831.0,14
9675,2020,7,Cargo,Solomon Islands,16017.0,163
9676,2020,7,Cargo,Tokelau,730.0,9
9677,2020,7,Cargo,Tonga,1923.0,23
9678,2020,7,Cargo,Tuvalu,1274.0,22
9679,2020,7,Cargo,Vanuatu,3162.0,32
9680,2020,7,Fishing,Cook Islands,3034.0,108
9681,2020,7,Fishing,Fiji,1109.0,213
9682,2020,7,Fishing,Kiribati,9587.0,310
9683,2020,7,Fishing,Marshall Islands,3124.0,137
9684,2020,7,Fishing,Micronesia,11496.0,285
9685,2020,7,Fishing,Nauru,3862.0,81
9686,2020,7,Fishing,Niue,114.0,11
9687,2020,7,Fishing,Palau,306.0,19
9688,2020,7,Fishing,Papua New Guinea,15388.0,258
9689,2020,7,Fishing,Samoa,230.0,51
9690,2020,7,Fishing,Solomon Islands,2068.0,102
9691,2020,7,Fishing,Tokelau,394.0,38
9692,2020,7,Fishing,Tonga,218.0,19
9693,2020,7,Fishing,Tuvalu,1939.0,100
9694,2020,7,Fishing,Vanuatu,1183.0,91
9695,2020,7,Others,Cook Islands,2449.0,55
9696,2020,7,Others,Fiji,2492.0,79
9697,2020,7,Others,Kiribati,716.0,87
9698,2020,7,Others,Marshall Islands,690.0,35
9699,2020,7,Others,Micronesia,2055.0,66
9700,2020,7,Others,Nauru,979.0,118
9701,2020,7,Others,Niue,245.0,8
9702,2020,7,Others,Palau,88.0,14
9703,2020,7,Others,Papua New Guinea,1964.0,102
9704,2020,7,Others,Samoa,371.0,9
9705,2020,7,Others,Solomon Islands,624.0,22
9706,2020,7,Others,Tokelau,206.0,7
9707,2020,7,Others,Tonga,709.0,18
9708,2020,7,Others,Tuvalu,680.0,25
9709,2020,7,Others,Vanuatu,442.0,19
9710,2020,7,Passenger,Cook Islands,0.0,1
9711,2020,7,Passenger,Fiji,1760.0,22
9712,2020,7,Passenger,Kiribati,26.0,3
9713,2020,7,Passenger,Micronesia,96.0,5
9714,2020,7,Passenger,Nauru,16.0,1
9715,2020,7,Passenger,Palau,16.0,2
9716,2020,7,Passenger,Papua New Guinea,1016.0,22
9717,2020,7,Passenger,Samoa,16.0,2
9718,2020,7,Passenger,Solomon Islands,49.0,4
9719,2020,7,Passenger,Tokelau,21.0,1
9720,2020,7,Passenger,Tonga,150.0,5
9721,2020,7,Passenger,Vanuatu,112.0,1
9722,2020,7,Tanker,Cook Islands,1041.0,9
9723,2020,7,Tanker,Fiji,1508.0,12
9724,2020,7,Tanker,Kiribati,3306.0,16
9725,2020,7,Tanker,Marshall Islands,1547.0,13
9726,2020,7,Tanker,Micronesia,41746.0,102
9727,2020,7,Tanker,Nauru,589.0,11
9728,2020,7,Tanker,Niue,225.0,4
9729,2020,7,Tanker,Palau,9322.0,59
9730,2020,7,Tanker,Papua New Guinea,89812.0,177
9731,2020,7,Tanker,Samoa,54.0,4
9732,2020,7,Tanker,Solomon Islands,2673.0,23
9733,2020,7,Tanker,Tonga,516.0,9
9734,2020,7,Tanker,Tuvalu,204.0,4
9735,2020,7,Tanker,Vanuatu,611.0,7
9736,2020,8,Cargo,Cook Islands,6611.0,38
9737,2020,8,Cargo,Fiji,7582.0,48
9738,2020,8,Cargo,Kiribati,13050.0,99
9739,2020,8,Cargo,Marshall Islands,7867.0,60
9740,2020,8,Cargo,Micronesia,121081.0,732
9741,2020,8,Cargo,Nauru,1511.0,27
9742,2020,8,Cargo,Niue,1188.0,14
9743,2020,8,Cargo,Palau,43569.0,438
9744,2020,8,Cargo,Papua New Guinea,335954.0,1133
9745,2020,8,Cargo,Samoa,2217.0,20
9746,2020,8,Cargo,Solomon Islands,15470.0,171
9747,2020,8,Cargo,Tokelau,891.0,9
9748,2020,8,Cargo,Tonga,2151.0,26
9749,2020,8,Cargo,Tuvalu,2114.0,24
9750,2020,8,Cargo,Vanuatu,3228.0,32
9751,2020,8,Fishing,Cook Islands,2451.0,90
9752,2020,8,Fishing,Fiji,1285.0,236
9753,2020,8,Fishing,Kiribati,9585.0,285
9754,2020,8,Fishing,Marshall Islands,2666.0,122
9755,2020,8,Fishing,Micronesia,8790.0,209
9756,2020,8,Fishing,Nauru,3527.0,65
9757,2020,8,Fishing,Niue,153.0,16
9758,2020,8,Fishing,Palau,150.0,11
9759,2020,8,Fishing,Papua New Guinea,17214.0,252
9760,2020,8,Fishing,Samoa,259.0,59
9761,2020,8,Fishing,Solomon Islands,1772.0,132
9762,2020,8,Fishing,Tokelau,607.0,44
9763,2020,8,Fishing,Tonga,390.0,39
9764,2020,8,Fishing,Tuvalu,1482.0,91
9765,2020,8,Fishing,Vanuatu,1460.0,88
9766,2020,8,Others,Cook Islands,2012.0,34
9767,2020,8,Others,Fiji,1932.0,99
9768,2020,8,Others,Kiribati,266.0,75
9769,2020,8,Others,Marshall Islands,263.0,38
9770,2020,8,Others,Micronesia,2159.0,72
9771,2020,8,Others,Nauru,743.0,120
9772,2020,8,Others,Niue,379.0,10
9773,2020,8,Others,Palau,641.0,22
9774,2020,8,Others,Papua New Guinea,2904.0,130
9775,2020,8,Others,Samoa,427.0,14
9776,2020,8,Others,Solomon Islands,844.0,23
9777,2020,8,Others,Tokelau,186.0,5
9778,2020,8,Others,Tonga,324.0,18
9779,2020,8,Others,Tuvalu,130.0,24
9780,2020,8,Others,Vanuatu,510.0,15
9781,2020,8,Passenger,Cook Islands,24.0,2
9782,2020,8,Passenger,Fiji,1975.0,24
9783,2020,8,Passenger,Kiribati,20.0,4
9784,2020,8,Passenger,Micronesia,20.0,2
9785,2020,8,Passenger,Nauru,21.0,1
9786,2020,8,Passenger,Niue,9.0,2
9787,2020,8,Passenger,Papua New Guinea,967.0,26
9788,2020,8,Passenger,Samoa,18.0,2
9789,2020,8,Passenger,Solomon Islands,25.0,4
9790,2020,8,Passenger,Tokelau,20.0,1
9791,2020,8,Passenger,Tonga,176.0,6
9792,2020,8,Passenger,Vanuatu,93.0,1
9793,2020,8,Tanker,Cook Islands,1390.0,10
9794,2020,8,Tanker,Fiji,1469.0,11
9795,2020,8,Tanker,Kiribati,2661.0,18
9796,2020,8,Tanker,Marshall Islands,542.0,8
9797,2020,8,Tanker,Micronesia,37448.0,117
9798,2020,8,Tanker,Nauru,750.0,15
9799,2020,8,Tanker,Niue,198.0,3
9800,2020,8,Tanker,Palau,8118.0,50
9801,2020,8,Tanker,Papua New Guinea,95948.0,193
9802,2020,8,Tanker,Samoa,103.0,3
9803,2020,8,Tanker,Solomon Islands,2844.0,25
9804,2020,8,Tanker,Tonga,766.0,9
9805,2020,8,Tanker,Tuvalu,261.0,5
9806,2020,8,Tanker,Vanuatu,673.0,8
9807,2020,9,Cargo,Cook Islands,6075.0,37
9808,2020,9,Cargo,Fiji,6143.0,47
9809,2020,9,Cargo,Kiribati,13800.0,99
9810,2020,9,Cargo,Marshall Islands,8853.0,69
9811,2020,9,Cargo,Micronesia,119058.0,721
9812,2020,9,Cargo,Nauru,2365.0,34
9813,2020,9,Cargo,Niue,842.0,13
9814,2020,9,Cargo,Palau,42464.0,432
9815,2020,9,Cargo,Papua New Guinea,320297.0,1094
9816,2020,9,Cargo,Samoa,1544.0,16
9817,2020,9,Cargo,Solomon Islands,16402.0,166
9818,2020,9,Cargo,Tokelau,1127.0,6
9819,2020,9,Cargo,Tonga,1665.0,18
9820,2020,9,Cargo,Tuvalu,1656.0,20
9821,2020,9,Cargo,Vanuatu,2458.0,27
9822,2020,9,Fishing,Cook Islands,1743.0,91
9823,2020,9,Fishing,Fiji,1113.0,220
9824,2020,9,Fishing,Kiribati,10353.0,229
9825,2020,9,Fishing,Marshall Islands,2307.0,120
9826,2020,9,Fishing,Micronesia,8840.0,209
9827,2020,9,Fishing,Nauru,686.0,41
9828,2020,9,Fishing,Niue,195.0,38
9829,2020,9,Fishing,Palau,452.0,31
9830,2020,9,Fishing,Papua New Guinea,10967.0,205
9831,2020,9,Fishing,Samoa,296.0,68
9832,2020,9,Fishing,Solomon Islands,1853.0,132
9833,2020,9,Fishing,Tokelau,931.0,57
9834,2020,9,Fishing,Tonga,481.0,54
9835,2020,9,Fishing,Tuvalu,4265.0,121
9836,2020,9,Fishing,Vanuatu,1214.0,101
9837,2020,9,Others,Cook Islands,1316.0,40
9838,2020,9,Others,Fiji,1985.0,116
9839,2020,9,Others,Kiribati,292.0,58
9840,2020,9,Others,Marshall Islands,714.0,56
9841,2020,9,Others,Micronesia,1540.0,82
9842,2020,9,Others,Nauru,459.0,106
9843,2020,9,Others,Niue,112.0,8
9844,2020,9,Others,Palau,141.0,17
9845,2020,9,Others,Papua New Guinea,1380.0,108
9846,2020,9,Others,Samoa,170.0,15
9847,2020,9,Others,Solomon Islands,492.0,27
9848,2020,9,Others,Tokelau,411.0,13
9849,2020,9,Others,Tonga,199.0,13
9850,2020,9,Others,Tuvalu,123.0,30
9851,2020,9,Others,Vanuatu,256.0,15
9852,2020,9,Passenger,Fiji,1883.0,24
9853,2020,9,Passenger,Kiribati,53.0,3
9854,2020,9,Passenger,Marshall Islands,0.0,1
9855,2020,9,Passenger,Micronesia,0.0,1
9856,2020,9,Passenger,Nauru,10.0,1
9857,2020,9,Passenger,Niue,3.0,1
9858,2020,9,Passenger,Papua New Guinea,885.0,24
9859,2020,9,Passenger,Samoa,28.0,2
9860,2020,9,Passenger,Solomon Islands,27.0,3
9861,2020,9,Passenger,Tokelau,19.0,1
9862,2020,9,Passenger,Tonga,195.0,6
9863,2020,9,Passenger,Tuvalu,0.0,1
9864,2020,9,Passenger,Vanuatu,114.0,1
9865,2020,9,Tanker,Cook Islands,868.0,7
9866,2020,9,Tanker,Fiji,1273.0,14
9867,2020,9,Tanker,Kiribati,2467.0,15
9868,2020,9,Tanker,Marshall Islands,1496.0,8
9869,2020,9,Tanker,Micronesia,42607.0,129
9870,2020,9,Tanker,Nauru,373.0,8
9871,2020,9,Tanker,Niue,137.0,2
9872,2020,9,Tanker,Palau,9233.0,64
9873,2020,9,Tanker,Papua New Guinea,98122.0,178
9874,2020,9,Tanker,Samoa,58.0,3
9875,2020,9,Tanker,Solomon Islands,2589.0,26
9876,2020,9,Tanker,Tokelau,88.0,2
9877,2020,9,Tanker,Tonga,298.0,4
9878,2020,9,Tanker,Tuvalu,313.0,4
9879,2020,9,Tanker,Vanuatu,538.0,6
9880,2020,10,Cargo,Cook Islands,7096.0,44
9881,2020,10,Cargo,Fiji,7730.0,45
9882,2020,10,Cargo,Kiribati,14214.0,97
9883,2020,10,Cargo,Marshall Islands,6916.0,66
9884,2020,10,Cargo,Micronesia,128974.0,744
9885,2020,10,Cargo,Nauru,1052.0,25
9886,2020,10,Cargo,Niue,851.0,10
9887,2020,10,Cargo,Palau,42343.0,414
9888,2020,10,Cargo,Papua New Guinea,343190.0,1140
9889,2020,10,Cargo,Samoa,1635.0,15
9890,2020,10,Cargo,Solomon Islands,18100.0,181
9891,2020,10,Cargo,Tokelau,1637.0,7
9892,2020,10,Cargo,Tonga,1719.0,21
9893,2020,10,Cargo,Tuvalu,2330.0,27
9894,2020,10,Cargo,Vanuatu,3001.0,30
9895,2020,10,Fishing,Cook Islands,996.0,62
9896,2020,10,Fishing,Fiji,920.0,176
9897,2020,10,Fishing,Kiribati,9570.0,252
9898,2020,10,Fishing,Marshall Islands,3035.0,135
9899,2020,10,Fishing,Micronesia,7650.0,203
9900,2020,10,Fishing,Nauru,2468.0,76
9901,2020,10,Fishing,Niue,69.0,11
9902,2020,10,Fishing,Palau,224.0,15
9903,2020,10,Fishing,Papua New Guinea,10887.0,172
9904,2020,10,Fishing,Samoa,224.0,60
9905,2020,10,Fishing,Solomon Islands,2875.0,136
9906,2020,10,Fishing,Tokelau,814.0,57
9907,2020,10,Fishing,Tonga,192.0,23
9908,2020,10,Fishing,Tuvalu,3847.0,145
9909,2020,10,Fishing,Vanuatu,1720.0,130
9910,2020,10,Others,Cook Islands,867.0,37
9911,2020,10,Others,Fiji,2147.0,106
9912,2020,10,Others,Kiribati,1047.0,70
9913,2020,10,Others,Marshall Islands,482.0,40
9914,2020,10,Others,Micronesia,1644.0,63
9915,2020,10,Others,Nauru,632.0,102
9916,2020,10,Others,Niue,198.0,10
9917,2020,10,Others,Palau,463.0,21
9918,2020,10,Others,Papua New Guinea,1540.0,121
9919,2020,10,Others,Samoa,244.0,12
9920,2020,10,Others,Solomon Islands,543.0,27
9921,2020,10,Others,Tokelau,104.0,3
9922,2020,10,Others,Tonga,373.0,18
9923,2020,10,Others,Tuvalu,421.0,21
9924,2020,10,Others,Vanuatu,369.0,25
9925,2020,10,Passenger,Cook Islands,75.0,2
9926,2020,10,Passenger,Fiji,2119.0,21
9927,2020,10,Passenger,Kiribati,134.0,4
9928,2020,10,Passenger,Micronesia,61.0,1
9929,2020,10,Passenger,Nauru,14.0,1
9930,2020,10,Passenger,Palau,8.0,4
9931,2020,10,Passenger,Papua New Guinea,1221.0,34
9932,2020,10,Passenger,Samoa,30.0,2
9933,2020,10,Passenger,Solomon Islands,27.0,4
9934,2020,10,Passenger,Tokelau,26.0,1
9935,2020,10,Passenger,Tonga,151.0,5
9936,2020,10,Passenger,Tuvalu,0.0,1
9937,2020,10,Passenger,Vanuatu,83.0,1
9938,2020,10,Tanker,Cook Islands,1147.0,8
9939,2020,10,Tanker,Fiji,2070.0,13
9940,2020,10,Tanker,Kiribati,3223.0,19
9941,2020,10,Tanker,Marshall Islands,2388.0,10
9942,2020,10,Tanker,Micronesia,39708.0,104
9943,2020,10,Tanker,Nauru,471.0,13
9944,2020,10,Tanker,Niue,253.0,4
9945,2020,10,Tanker,Palau,8563.0,58
9946,2020,10,Tanker,Papua New Guinea,100803.0,172
9947,2020,10,Tanker,Samoa,134.0,4
9948,2020,10,Tanker,Solomon Islands,2224.0,26
9949,2020,10,Tanker,Tokelau,63.0,1
9950,2020,10,Tanker,Tonga,642.0,8
9951,2020,10,Tanker,Tuvalu,559.0,5
9952,2020,10,Tanker,Vanuatu,566.0,8
9953,2020,11,Cargo,Cook Islands,5249.0,39
9954,2020,11,Cargo,Fiji,7972.0,46
9955,2020,11,Cargo,Kiribati,14048.0,91
9956,2020,11,Cargo,Marshall Islands,6025.0,64
9957,2020,11,Cargo,Micronesia,117100.0,744
9958,2020,11,Cargo,Nauru,1550.0,30
9959,2020,11,Cargo,Niue,1149.0,14
9960,2020,11,Cargo,Palau,38652.0,403
9961,2020,11,Cargo,Papua New Guinea,319298.0,1107
9962,2020,11,Cargo,Samoa,1947.0,20
9963,2020,11,Cargo,Solomon Islands,17118.0,177
9964,2020,11,Cargo,Tokelau,957.0,9
9965,2020,11,Cargo,Tonga,2197.0,24
9966,2020,11,Cargo,Tuvalu,2622.0,31
9967,2020,11,Cargo,Vanuatu,3179.0,33
9968,2020,11,Fishing,Cook Islands,643.0,29
9969,2020,11,Fishing,Fiji,707.0,138
9970,2020,11,Fishing,Kiribati,6976.0,171
9971,2020,11,Fishing,Marshall Islands,2047.0,90
9972,2020,11,Fishing,Micronesia,7099.0,194
9973,2020,11,Fishing,Nauru,1189.0,57
9974,2020,11,Fishing,Niue,89.0,5
9975,2020,11,Fishing,Palau,260.0,17
9976,2020,11,Fishing,Papua New Guinea,11986.0,200
9977,2020,11,Fishing,Samoa,212.0,39
9978,2020,11,Fishing,Solomon Islands,2815.0,151
9979,2020,11,Fishing,Tokelau,448.0,35
9980,2020,11,Fishing,Tonga,136.0,13
9981,2020,11,Fishing,Tuvalu,2833.0,100
9982,2020,11,Fishing,Vanuatu,1690.0,123
9983,2020,11,Others,Cook Islands,1165.0,16
9984,2020,11,Others,Fiji,2183.0,100
9985,2020,11,Others,Kiribati,557.0,65
9986,2020,11,Others,Marshall Islands,470.0,28
9987,2020,11,Others,Micronesia,1976.0,68
9988,2020,11,Others,Nauru,747.0,113
9989,2020,11,Others,Niue,57.0,3
9990,2020,11,Others,Palau,320.0,21
9991,2020,11,Others,Papua New Guinea,2737.0,135
9992,2020,11,Others,Samoa,223.0,9
9993,2020,11,Others,Solomon Islands,932.0,28
9994,2020,11,Others,Tokelau,303.0,5
9995,2020,11,Others,Tonga,262.0,8
9996,2020,11,Others,Tuvalu,1061.0,45
9997,2020,11,Others,Vanuatu,304.0,14
9998,2020,11,Passenger,Cook Islands,7.0,2
9999,2020,11,Passenger,Fiji,1972.0,22
10000,2020,11,Passenger,Kiribati,73.0,2
10001,2020,11,Passenger,Marshall Islands,1.0,1
10002,2020,11,Passenger,Micronesia,23.0,2
10003,2020,11,Passenger,Nauru,15.0,2
10004,2020,11,Passenger,Niue,3.0,1
10005,2020,11,Passenger,Papua New Guinea,940.0,31
10006,2020,11,Passenger,Samoa,23.0,2
10007,2020,11,Passenger,Solomon Islands,78.0,4
10008,2020,11,Passenger,Tokelau,21.0,1
10009,2020,11,Passenger,Tonga,251.0,6
10010,2020,11,Passenger,Vanuatu,112.0,1
10011,2020,11,Tanker,Cook Islands,462.0,7
10012,2020,11,Tanker,Fiji,1294.0,11
10013,2020,11,Tanker,Kiribati,3157.0,18
10014,2020,11,Tanker,Marshall Islands,1665.0,11
10015,2020,11,Tanker,Micronesia,45001.0,116
10016,2020,11,Tanker,Nauru,1132.0,20
10017,2020,11,Tanker,Niue,108.0,2
10018,2020,11,Tanker,Palau,9292.0,59
10019,2020,11,Tanker,Papua New Guinea,106748.0,177
10020,2020,11,Tanker,Samoa,113.0,4
10021,2020,11,Tanker,Solomon Islands,1749.0,22
10022,2020,11,Tanker,Tonga,347.0,6
10023,2020,11,Tanker,Tuvalu,516.0,8
10024,2020,11,Tanker,Vanuatu,501.0,7
10025,2020,12,Cargo,Cook Islands,7369.0,34
10026,2020,12,Cargo,Fiji,8906.0,45
10027,2020,12,Cargo,Kiribati,20373.0,111
10028,2020,12,Cargo,Marshall Islands,10187.0,85
10029,2020,12,Cargo,Micronesia,136389.0,789
10030,2020,12,Cargo,Nauru,1506.0,26
10031,2020,12,Cargo,Niue,1268.0,13
10032,2020,12,Cargo,Palau,37327.0,393
10033,2020,12,Cargo,Papua New Guinea,350753.0,1135
10034,2020,12,Cargo,Samoa,1950.0,18
10035,2020,12,Cargo,Solomon Islands,18398.0,169
10036,2020,12,Cargo,Tokelau,2118.0,15
10037,2020,12,Cargo,Tonga,2188.0,19
10038,2020,12,Cargo,Tuvalu,3006.0,38
10039,2020,12,Cargo,Vanuatu,2465.0,25
10040,2020,12,Fishing,Cook Islands,639.0,20
10041,2020,12,Fishing,Fiji,726.0,140
10042,2020,12,Fishing,Kiribati,8030.0,196
10043,2020,12,Fishing,Marshall Islands,2245.0,98
10044,2020,12,Fishing,Micronesia,7329.0,208
10045,2020,12,Fishing,Nauru,2580.0,92
10046,2020,12,Fishing,Niue,45.0,1
10047,2020,12,Fishing,Palau,154.0,12
10048,2020,12,Fishing,Papua New Guinea,13380.0,198
10049,2020,12,Fishing,Samoa,340.0,39
10050,2020,12,Fishing,Solomon Islands,2578.0,147
10051,2020,12,Fishing,Tokelau,180.0,29
10052,2020,12,Fishing,Tonga,138.0,15
10053,2020,12,Fishing,Tuvalu,1981.0,67
10054,2020,12,Fishing,Vanuatu,1648.0,123
10055,2020,12,Others,Cook Islands,475.0,22
10056,2020,12,Others,Fiji,1468.0,84
10057,2020,12,Others,Kiribati,557.0,71
10058,2020,12,Others,Marshall Islands,483.0,35
10059,2020,12,Others,Micronesia,4268.0,52
10060,2020,12,Others,Nauru,1132.0,170
10061,2020,12,Others,Niue,13.0,1
10062,2020,12,Others,Palau,297.0,12
10063,2020,12,Others,Papua New Guinea,5628.0,137
10064,2020,12,Others,Samoa,186.0,4
10065,2020,12,Others,Solomon Islands,534.0,20
10066,2020,12,Others,Tokelau,149.0,3
10067,2020,12,Others,Tonga,66.0,5
10068,2020,12,Others,Tuvalu,86.0,35
10069,2020,12,Others,Vanuatu,218.0,13
10070,2020,12,Passenger,Cook Islands,117.0,2
10071,2020,12,Passenger,Fiji,2188.0,21
10072,2020,12,Passenger,Kiribati,74.0,1
10073,2020,12,Passenger,Micronesia,69.0,1
10074,2020,12,Passenger,Nauru,26.0,2
10075,2020,12,Passenger,Palau,0.0,1
10076,2020,12,Passenger,Papua New Guinea,1130.0,25
10077,2020,12,Passenger,Samoa,19.0,2
10078,2020,12,Passenger,Solomon Islands,24.0,3
10079,2020,12,Passenger,Tokelau,28.0,2
10080,2020,12,Passenger,Tonga,215.0,6
10081,2020,12,Passenger,Tuvalu,9.0,2
10082,2020,12,Passenger,Vanuatu,123.0,1
10083,2020,12,Tanker,Cook Islands,1036.0,10
10084,2020,12,Tanker,Fiji,2229.0,14
10085,2020,12,Tanker,Kiribati,3001.0,17
10086,2020,12,Tanker,Marshall Islands,1412.0,19
10087,2020,12,Tanker,Micronesia,40517.0,118
10088,2020,12,Tanker,Nauru,939.0,22
10089,2020,12,Tanker,Niue,179.0,3
10090,2020,12,Tanker,Palau,6864.0,41
10091,2020,12,Tanker,Papua New Guinea,95082.0,165
10092,2020,12,Tanker,Samoa,132.0,5
10093,2020,12,Tanker,Solomon Islands,2556.0,25
10094,2020,12,Tanker,Tokelau,48.0,1
10095,2020,12,Tanker,Tonga,413.0,6
10096,2020,12,Tanker,Tuvalu,732.0,7
10097,2020,12,Tanker,Vanuatu,1063.0,12
10098,2021,1,Cargo,Cook Islands,8414.0,41
10099,2021,1,Cargo,Fiji,9206.0,46
10100,2021,1,Cargo,Kiribati,23142.0,100
10101,2021,1,Cargo,Marshall Islands,11789.0,87
10102,2021,1,Cargo,Micronesia,129745.0,733
10103,2021,1,Cargo,Nauru,1938.0,28
10104,2021,1,Cargo,Niue,785.0,9
10105,2021,1,Cargo,Palau,36048.0,388
10106,2021,1,Cargo,Papua New Guinea,333430.0,1114
10107,2021,1,Cargo,Samoa,2725.0,15
10108,2021,1,Cargo,Solomon Islands,14946.0,130
10109,2021,1,Cargo,Tokelau,1302.0,11
10110,2021,1,Cargo,Tonga,1907.0,19
10111,2021,1,Cargo,Tuvalu,2349.0,20
10112,2021,1,Cargo,Vanuatu,3022.0,34
10113,2021,1,Fishing,Cook Islands,637.0,24
10114,2021,1,Fishing,Fiji,795.0,145
10115,2021,1,Fishing,Kiribati,5308.0,178
10116,2021,1,Fishing,Marshall Islands,1684.0,105
10117,2021,1,Fishing,Micronesia,6021.0,184
10118,2021,1,Fishing,Nauru,1349.0,65
10119,2021,1,Fishing,Niue,55.0,3
10120,2021,1,Fishing,Palau,274.0,19
10121,2021,1,Fishing,Papua New Guinea,16277.0,258
10122,2021,1,Fishing,Samoa,279.0,30
10123,2021,1,Fishing,Solomon Islands,4199.0,223
10124,2021,1,Fishing,Tokelau,390.0,31
10125,2021,1,Fishing,Tonga,146.0,13
10126,2021,1,Fishing,Tuvalu,1536.0,53
10127,2021,1,Fishing,Vanuatu,948.0,79
10128,2021,1,Others,Cook Islands,226.0,25
10129,2021,1,Others,Fiji,2617.0,86
10130,2021,1,Others,Kiribati,881.0,94
10131,2021,1,Others,Marshall Islands,436.0,52
10132,2021,1,Others,Micronesia,1497.0,67
10133,2021,1,Others,Nauru,791.0,135
10134,2021,1,Others,Niue,26.0,3
10135,2021,1,Others,Palau,151.0,8
10136,2021,1,Others,Papua New Guinea,3104.0,135
10137,2021,1,Others,Samoa,130.0,7
10138,2021,1,Others,Solomon Islands,780.0,31
10139,2021,1,Others,Tokelau,1.0,1
10140,2021,1,Others,Tonga,72.0,11
10141,2021,1,Others,Tuvalu,301.0,26
10142,2021,1,Others,Vanuatu,266.0,17
10143,2021,1,Passenger,Cook Islands,137.0,3
10144,2021,1,Passenger,Fiji,1841.0,21
10145,2021,1,Passenger,Kiribati,47.0,4
10146,2021,1,Passenger,Marshall Islands,9.0,2
10147,2021,1,Passenger,Micronesia,56.0,3
10148,2021,1,Passenger,Nauru,7.0,1
10149,2021,1,Passenger,Niue,61.0,1
10150,2021,1,Passenger,Palau,2.0,1
10151,2021,1,Passenger,Papua New Guinea,998.0,30
10152,2021,1,Passenger,Samoa,21.0,2
10153,2021,1,Passenger,Solomon Islands,42.0,4
10154,2021,1,Passenger,Tokelau,12.0,1
10155,2021,1,Passenger,Tonga,229.0,7
10156,2021,1,Passenger,Tuvalu,0.0,1
10157,2021,1,Passenger,Vanuatu,84.0,1
10158,2021,1,Tanker,Cook Islands,463.0,4
10159,2021,1,Tanker,Fiji,1807.0,15
10160,2021,1,Tanker,Kiribati,2724.0,20
10161,2021,1,Tanker,Marshall Islands,1986.0,15
10162,2021,1,Tanker,Micronesia,40923.0,117
10163,2021,1,Tanker,Nauru,675.0,15
10164,2021,1,Tanker,Niue,169.0,2
10165,2021,1,Tanker,Palau,6241.0,44
10166,2021,1,Tanker,Papua New Guinea,98026.0,167
10167,2021,1,Tanker,Samoa,119.0,3
10168,2021,1,Tanker,Solomon Islands,2941.0,34
10169,2021,1,Tanker,Tokelau,81.0,1
10170,2021,1,Tanker,Tonga,538.0,9
10171,2021,1,Tanker,Tuvalu,363.0,5
10172,2021,1,Tanker,Vanuatu,986.0,9
10173,2021,2,Cargo,Cook Islands,6105.0,32
10174,2021,2,Cargo,Fiji,7978.0,39
10175,2021,2,Cargo,Kiribati,14450.0,101
10176,2021,2,Cargo,Marshall Islands,9633.0,88
10177,2021,2,Cargo,Micronesia,111821.0,719
10178,2021,2,Cargo,Nauru,1490.0,35
10179,2021,2,Cargo,Niue,1302.0,16
10180,2021,2,Cargo,Palau,34822.0,387
10181,2021,2,Cargo,Papua New Guinea,299515.0,1079
10182,2021,2,Cargo,Samoa,2874.0,14
10183,2021,2,Cargo,Solomon Islands,15151.0,147
10184,2021,2,Cargo,Tokelau,775.0,7
10185,2021,2,Cargo,Tonga,2716.0,23
10186,2021,2,Cargo,Tuvalu,1545.0,19
10187,2021,2,Cargo,Vanuatu,2368.0,22
10188,2021,2,Fishing,Cook Islands,589.0,31
10189,2021,2,Fishing,Fiji,731.0,148
10190,2021,2,Fishing,Kiribati,5925.0,176
10191,2021,2,Fishing,Marshall Islands,1542.0,101
10192,2021,2,Fishing,Micronesia,6217.0,192
10193,2021,2,Fishing,Nauru,1927.0,84
10194,2021,2,Fishing,Niue,27.0,7
10195,2021,2,Fishing,Palau,162.0,13
10196,2021,2,Fishing,Papua New Guinea,17665.0,261
10197,2021,2,Fishing,Samoa,222.0,35
10198,2021,2,Fishing,Solomon Islands,2778.0,188
10199,2021,2,Fishing,Tokelau,497.0,41
10200,2021,2,Fishing,Tonga,143.0,20
10201,2021,2,Fishing,Tuvalu,845.0,52
10202,2021,2,Fishing,Vanuatu,524.0,58
10203,2021,2,Others,Cook Islands,94.0,31
10204,2021,2,Others,Fiji,2178.0,92
10205,2021,2,Others,Kiribati,977.0,117
10206,2021,2,Others,Marshall Islands,586.0,57
10207,2021,2,Others,Micronesia,1699.0,117
10208,2021,2,Others,Nauru,780.0,145
10209,2021,2,Others,Niue,22.0,7
10210,2021,2,Others,Palau,163.0,18
10211,2021,2,Others,Papua New Guinea,4184.0,202
10212,2021,2,Others,Samoa,81.0,5
10213,2021,2,Others,Solomon Islands,407.0,40
10214,2021,2,Others,Tokelau,162.0,6
10215,2021,2,Others,Tonga,82.0,10
10216,2021,2,Others,Tuvalu,544.0,35
10217,2021,2,Others,Vanuatu,225.0,17
10218,2021,2,Passenger,Cook Islands,88.0,1
10219,2021,2,Passenger,Fiji,1846.0,24
10220,2021,2,Passenger,Kiribati,50.0,1
10221,2021,2,Passenger,Micronesia,20.0,2
10222,2021,2,Passenger,Nauru,7.0,1
10223,2021,2,Passenger,Papua New Guinea,843.0,24
10224,2021,2,Passenger,Samoa,25.0,3
10225,2021,2,Passenger,Solomon Islands,10.0,2
10226,2021,2,Passenger,Tokelau,15.0,1
10227,2021,2,Passenger,Tonga,61.0,5
10228,2021,2,Passenger,Tuvalu,8.0,1
10229,2021,2,Passenger,Vanuatu,100.0,2
10230,2021,2,Tanker,Cook Islands,1066.0,7
10231,2021,2,Tanker,Fiji,2498.0,15
10232,2021,2,Tanker,Kiribati,2017.0,16
10233,2021,2,Tanker,Marshall Islands,2428.0,17
10234,2021,2,Tanker,Micronesia,38502.0,116
10235,2021,2,Tanker,Nauru,941.0,17
10236,2021,2,Tanker,Niue,425.0,4
10237,2021,2,Tanker,Palau,5289.0,46
10238,2021,2,Tanker,Papua New Guinea,88617.0,169
10239,2021,2,Tanker,Samoa,53.0,3
10240,2021,2,Tanker,Solomon Islands,2616.0,28
10241,2021,2,Tanker,Tokelau,164.0,2
10242,2021,2,Tanker,Tonga,712.0,9
10243,2021,2,Tanker,Tuvalu,490.0,7
10244,2021,2,Tanker,Vanuatu,672.0,6
10245,2021,3,Cargo,Cook Islands,8450.0,43
10246,2021,3,Cargo,Fiji,9466.0,49
10247,2021,3,Cargo,Kiribati,20592.0,109
10248,2021,3,Cargo,Marshall Islands,7648.0,68
10249,2021,3,Cargo,Micronesia,131527.0,771
10250,2021,3,Cargo,Nauru,1943.0,40
10251,2021,3,Cargo,Niue,711.0,10
10252,2021,3,Cargo,Palau,40162.0,409
10253,2021,3,Cargo,Papua New Guinea,325971.0,1140
10254,2021,3,Cargo,Samoa,940.0,21
10255,2021,3,Cargo,Solomon Islands,18697.0,179
10256,2021,3,Cargo,Tokelau,2493.0,14
10257,2021,3,Cargo,Tonga,2162.0,21
10258,2021,3,Cargo,Tuvalu,1614.0,22
10259,2021,3,Cargo,Vanuatu,4575.0,49
10260,2021,3,Fishing,Cook Islands,1308.0,57
10261,2021,3,Fishing,Fiji,893.0,155
10262,2021,3,Fishing,Kiribati,8096.0,220
10263,2021,3,Fishing,Marshall Islands,2035.0,114
10264,2021,3,Fishing,Micronesia,10063.0,288
10265,2021,3,Fishing,Nauru,1492.0,62
10266,2021,3,Fishing,Niue,61.0,9
10267,2021,3,Fishing,Palau,140.0,14
10268,2021,3,Fishing,Papua New Guinea,15358.0,261
10269,2021,3,Fishing,Samoa,201.0,35
10270,2021,3,Fishing,Solomon Islands,2590.0,159
10271,2021,3,Fishing,Tokelau,376.0,33
10272,2021,3,Fishing,Tonga,240.0,23
10273,2021,3,Fishing,Tuvalu,834.0,47
10274,2021,3,Fishing,Vanuatu,571.0,77
10275,2021,3,Others,Cook Islands,332.0,33
10276,2021,3,Others,Fiji,1990.0,100
10277,2021,3,Others,Kiribati,1072.0,125
10278,2021,3,Others,Marshall Islands,942.0,73
10279,2021,3,Others,Micronesia,2708.0,107
10280,2021,3,Others,Nauru,953.0,143
10281,2021,3,Others,Niue,72.0,6
10282,2021,3,Others,Palau,271.0,16
10283,2021,3,Others,Papua New Guinea,2559.0,186
10284,2021,3,Others,Samoa,127.0,6
10285,2021,3,Others,Solomon Islands,778.0,46
10286,2021,3,Others,Tokelau,24.0,3
10287,2021,3,Others,Tonga,70.0,16
10288,2021,3,Others,Tuvalu,391.0,44
10289,2021,3,Others,Vanuatu,282.0,19
10290,2021,3,Passenger,Cook Islands,126.0,2
10291,2021,3,Passenger,Fiji,2086.0,25
10292,2021,3,Passenger,Kiribati,30.0,1
10293,2021,3,Passenger,Marshall Islands,1.0,1
10294,2021,3,Passenger,Micronesia,0.0,1
10295,2021,3,Passenger,Nauru,13.0,3
10296,2021,3,Passenger,Niue,45.0,1
10297,2021,3,Passenger,Papua New Guinea,1288.0,29
10298,2021,3,Passenger,Samoa,52.0,3
10299,2021,3,Passenger,Solomon Islands,105.0,7
10300,2021,3,Passenger,Tokelau,16.0,1
10301,2021,3,Passenger,Tonga,191.0,6
10302,2021,3,Passenger,Tuvalu,27.0,1
10303,2021,3,Passenger,Vanuatu,174.0,4
10304,2021,3,Tanker,Cook Islands,874.0,8
10305,2021,3,Tanker,Fiji,1843.0,16
10306,2021,3,Tanker,Kiribati,2748.0,18
10307,2021,3,Tanker,Marshall Islands,4747.0,23
10308,2021,3,Tanker,Micronesia,38184.0,119
10309,2021,3,Tanker,Nauru,1370.0,23
10310,2021,3,Tanker,Niue,354.0,5
10311,2021,3,Tanker,Palau,9436.0,57
10312,2021,3,Tanker,Papua New Guinea,98190.0,183
10313,2021,3,Tanker,Samoa,139.0,4
10314,2021,3,Tanker,Solomon Islands,2645.0,24
10315,2021,3,Tanker,Tonga,697.0,12
10316,2021,3,Tanker,Tuvalu,221.0,5
10317,2021,3,Tanker,Vanuatu,592.0,7
10318,2021,4,Cargo,Cook Islands,7104.0,43
10319,2021,4,Cargo,Fiji,7787.0,38
10320,2021,4,Cargo,Kiribati,19753.0,103
10321,2021,4,Cargo,Marshall Islands,8710.0,78
10322,2021,4,Cargo,Micronesia,122197.0,704
10323,2021,4,Cargo,Nauru,1602.0,42
10324,2021,4,Cargo,Niue,932.0,10
10325,2021,4,Cargo,Palau,39803.0,398
10326,2021,4,Cargo,Papua New Guinea,327537.0,1101
10327,2021,4,Cargo,Samoa,548.0,12
10328,2021,4,Cargo,Solomon Islands,19259.0,176
10329,2021,4,Cargo,Tokelau,1002.0,10
10330,2021,4,Cargo,Tonga,2251.0,17
10331,2021,4,Cargo,Tuvalu,1916.0,22
10332,2021,4,Cargo,Vanuatu,3651.0,35
10333,2021,4,Fishing,Cook Islands,1325.0,51
10334,2021,4,Fishing,Fiji,889.0,171
10335,2021,4,Fishing,Kiribati,8671.0,195
10336,2021,4,Fishing,Marshall Islands,2405.0,112
10337,2021,4,Fishing,Micronesia,9017.0,264
10338,2021,4,Fishing,Nauru,2960.0,96
10339,2021,4,Fishing,Palau,130.0,14
10340,2021,4,Fishing,Papua New Guinea,14438.0,255
10341,2021,4,Fishing,Samoa,212.0,37
10342,2021,4,Fishing,Solomon Islands,2993.0,162
10343,2021,4,Fishing,Tokelau,418.0,41
10344,2021,4,Fishing,Tonga,195.0,20
10345,2021,4,Fishing,Tuvalu,768.0,71
10346,2021,4,Fishing,Vanuatu,432.0,49
10347,2021,4,Others,Cook Islands,190.0,53
10348,2021,4,Others,Fiji,1325.0,124
10349,2021,4,Others,Kiribati,280.0,160
10350,2021,4,Others,Marshall Islands,433.0,111
10351,2021,4,Others,Micronesia,1172.0,174
10352,2021,4,Others,Nauru,1196.0,153
10353,2021,4,Others,Niue,81.0,9
10354,2021,4,Others,Palau,251.0,29
10355,2021,4,Others,Papua New Guinea,2278.0,323
10356,2021,4,Others,Samoa,167.0,5
10357,2021,4,Others,Solomon Islands,837.0,67
10358,2021,4,Others,Tokelau,148.0,11
10359,2021,4,Others,Tonga,60.0,12
10360,2021,4,Others,Tuvalu,107.0,40
10361,2021,4,Others,Vanuatu,177.0,22
10362,2021,4,Passenger,Cook Islands,301.0,4
10363,2021,4,Passenger,Fiji,1770.0,23
10364,2021,4,Passenger,Kiribati,22.0,2
10365,2021,4,Passenger,Micronesia,37.0,2
10366,2021,4,Passenger,Nauru,7.0,3
10367,2021,4,Passenger,Niue,72.0,1
10368,2021,4,Passenger,Palau,36.0,4
10369,2021,4,Passenger,Papua New Guinea,1098.0,31
10370,2021,4,Passenger,Samoa,71.0,3
10371,2021,4,Passenger,Solomon Islands,29.0,5
10372,2021,4,Passenger,Tonga,188.0,7
10373,2021,4,Passenger,Tuvalu,37.0,1
10374,2021,4,Passenger,Vanuatu,87.0,1
10375,2021,4,Tanker,Cook Islands,603.0,7
10376,2021,4,Tanker,Fiji,1446.0,15
10377,2021,4,Tanker,Kiribati,2683.0,15
10378,2021,4,Tanker,Marshall Islands,841.0,12
10379,2021,4,Tanker,Micronesia,35839.0,102
10380,2021,4,Tanker,Nauru,1262.0,23
10381,2021,4,Tanker,Niue,122.0,2
10382,2021,4,Tanker,Palau,9642.0,62
10383,2021,4,Tanker,Papua New Guinea,90651.0,170
10384,2021,4,Tanker,Samoa,37.0,2
10385,2021,4,Tanker,Solomon Islands,1920.0,26
10386,2021,4,Tanker,Tonga,410.0,9
10387,2021,4,Tanker,Tuvalu,96.0,4
10388,2021,4,Tanker,Vanuatu,741.0,11
10389,2021,5,Cargo,Cook Islands,5039.0,36
10390,2021,5,Cargo,Fiji,9161.0,55
10391,2021,5,Cargo,Kiribati,14849.0,92
10392,2021,5,Cargo,Marshall Islands,9836.0,83
10393,2021,5,Cargo,Micronesia,127522.0,797
10394,2021,5,Cargo,Nauru,1522.0,32
10395,2021,5,Cargo,Niue,894.0,11
10396,2021,5,Cargo,Palau,42770.0,402
10397,2021,5,Cargo,Papua New Guinea,336435.0,1100
10398,2021,5,Cargo,Samoa,694.0,18
10399,2021,5,Cargo,Solomon Islands,17952.0,178
10400,2021,5,Cargo,Tokelau,643.0,9
10401,2021,5,Cargo,Tonga,2146.0,22
10402,2021,5,Cargo,Tuvalu,2608.0,25
10403,2021,5,Cargo,Vanuatu,2868.0,31
10404,2021,5,Fishing,Cook Islands,1868.0,54
10405,2021,5,Fishing,Fiji,879.0,197
10406,2021,5,Fishing,Kiribati,10820.0,218
10407,2021,5,Fishing,Marshall Islands,2715.0,153
10408,2021,5,Fishing,Micronesia,7810.0,257
10409,2021,5,Fishing,Nauru,3148.0,101
10410,2021,5,Fishing,Niue,15.0,4
10411,2021,5,Fishing,Palau,281.0,31
10412,2021,5,Fishing,Papua New Guinea,7690.0,193
10413,2021,5,Fishing,Samoa,140.0,41
10414,2021,5,Fishing,Solomon Islands,1935.0,145
10415,2021,5,Fishing,Tokelau,152.0,18
10416,2021,5,Fishing,Tonga,207.0,20
10417,2021,5,Fishing,Tuvalu,1233.0,77
10418,2021,5,Fishing,Vanuatu,296.0,43
10419,2021,5,Others,Cook Islands,477.0,56
10420,2021,5,Others,Fiji,1491.0,92
10421,2021,5,Others,Kiribati,913.0,107
10422,2021,5,Others,Marshall Islands,455.0,102
10423,2021,5,Others,Micronesia,1410.0,149
10424,2021,5,Others,Nauru,1188.0,179
10425,2021,5,Others,Niue,100.0,8
10426,2021,5,Others,Palau,438.0,35
10427,2021,5,Others,Papua New Guinea,1986.0,240
10428,2021,5,Others,Samoa,316.0,9
10429,2021,5,Others,Solomon Islands,678.0,49
10430,2021,5,Others,Tokelau,148.0,7
10431,2021,5,Others,Tonga,128.0,11
10432,2021,5,Others,Tuvalu,37.0,24
10433,2021,5,Others,Vanuatu,49.0,13
10434,2021,5,Passenger,Cook Islands,89.0,2
10435,2021,5,Passenger,Fiji,966.0,19
10436,2021,5,Passenger,Kiribati,9.0,1
10437,2021,5,Passenger,Marshall Islands,3.0,1
10438,2021,5,Passenger,Micronesia,62.0,1
10439,2021,5,Passenger,Nauru,21.0,4
10440,2021,5,Passenger,Niue,25.0,1
10441,2021,5,Passenger,Palau,24.0,1
10442,2021,5,Passenger,Papua New Guinea,1231.0,30
10443,2021,5,Passenger,Samoa,63.0,2
10444,2021,5,Passenger,Solomon Islands,66.0,5
10445,2021,5,Passenger,Tonga,152.0,7
10446,2021,5,Passenger,Tuvalu,36.0,1
10447,2021,5,Passenger,Vanuatu,110.0,2
10448,2021,5,Tanker,Cook Islands,905.0,7
10449,2021,5,Tanker,Fiji,1669.0,16
10450,2021,5,Tanker,Kiribati,3520.0,20
10451,2021,5,Tanker,Marshall Islands,1940.0,14
10452,2021,5,Tanker,Micronesia,35929.0,105
10453,2021,5,Tanker,Nauru,1435.0,21
10454,2021,5,Tanker,Niue,363.0,5
10455,2021,5,Tanker,Palau,6535.0,49
10456,2021,5,Tanker,Papua New Guinea,87273.0,160
10457,2021,5,Tanker,Samoa,161.0,4
10458,2021,5,Tanker,Solomon Islands,1893.0,20
10459,2021,5,Tanker,Tonga,669.0,11
10460,2021,5,Tanker,Tuvalu,98.0,5
10461,2021,5,Tanker,Vanuatu,599.0,8
10462,2021,6,Cargo,Cook Islands,6229.0,39
10463,2021,6,Cargo,Fiji,8393.0,43
10464,2021,6,Cargo,Kiribati,15807.0,83
10465,2021,6,Cargo,Marshall Islands,6538.0,69
10466,2021,6,Cargo,Micronesia,140406.0,841
10467,2021,6,Cargo,Nauru,1736.0,40
10468,2021,6,Cargo,Niue,979.0,15
10469,2021,6,Cargo,Palau,37716.0,382
10470,2021,6,Cargo,Papua New Guinea,357129.0,1193
10471,2021,6,Cargo,Samoa,599.0,18
10472,2021,6,Cargo,Solomon Islands,18258.0,172
10473,2021,6,Cargo,Tokelau,699.0,7
10474,2021,6,Cargo,Tonga,2266.0,24
10475,2021,6,Cargo,Tuvalu,1618.0,25
10476,2021,6,Cargo,Vanuatu,2570.0,31
10477,2021,6,Fishing,Cook Islands,2071.0,61
10478,2021,6,Fishing,Fiji,674.0,127
10479,2021,6,Fishing,Kiribati,9933.0,243
10480,2021,6,Fishing,Marshall Islands,4005.0,183
10481,2021,6,Fishing,Micronesia,7030.0,209
10482,2021,6,Fishing,Nauru,1753.0,89
10483,2021,6,Fishing,Niue,6.0,2
10484,2021,6,Fishing,Palau,183.0,22
10485,2021,6,Fishing,Papua New Guinea,5951.0,149
10486,2021,6,Fishing,Samoa,57.0,40
10487,2021,6,Fishing,Solomon Islands,1527.0,112
10488,2021,6,Fishing,Tokelau,84.0,10
10489,2021,6,Fishing,Tonga,154.0,17
10490,2021,6,Fishing,Tuvalu,1457.0,79
10491,2021,6,Fishing,Vanuatu,215.0,26
10492,2021,6,Others,Cook Islands,400.0,86
10493,2021,6,Others,Fiji,2145.0,98
10494,2021,6,Others,Kiribati,832.0,124
10495,2021,6,Others,Marshall Islands,450.0,80
10496,2021,6,Others,Micronesia,2365.0,166
10497,2021,6,Others,Nauru,1289.0,172
10498,2021,6,Others,Niue,81.0,6
10499,2021,6,Others,Palau,389.0,35
10500,2021,6,Others,Papua New Guinea,2225.0,262
10501,2021,6,Others,Samoa,177.0,12
10502,2021,6,Others,Solomon Islands,703.0,54
10503,2021,6,Others,Tokelau,222.0,7
10504,2021,6,Others,Tonga,183.0,10
10505,2021,6,Others,Tuvalu,362.0,36
10506,2021,6,Others,Vanuatu,220.0,29
10507,2021,6,Passenger,Cook Islands,64.0,1
10508,2021,6,Passenger,Fiji,984.0,19
10509,2021,6,Passenger,Kiribati,2.0,2
10510,2021,6,Passenger,Marshall Islands,0.0,1
10511,2021,6,Passenger,Micronesia,472.0,4
10512,2021,6,Passenger,Nauru,14.0,2
10513,2021,6,Passenger,Palau,1.0,2
10514,2021,6,Passenger,Papua New Guinea,1432.0,32
10515,2021,6,Passenger,Samoa,77.0,3
10516,2021,6,Passenger,Solomon Islands,56.0,4
10517,2021,6,Passenger,Tonga,105.0,5
10518,2021,6,Passenger,Tuvalu,37.0,1
10519,2021,6,Passenger,Vanuatu,102.0,1
10520,2021,6,Tanker,Cook Islands,898.0,8
10521,2021,6,Tanker,Fiji,1412.0,11
10522,2021,6,Tanker,Kiribati,3307.0,22
10523,2021,6,Tanker,Marshall Islands,1525.0,16
10524,2021,6,Tanker,Micronesia,41806.0,111
10525,2021,6,Tanker,Nauru,1935.0,26
10526,2021,6,Tanker,Niue,231.0,4
10527,2021,6,Tanker,Palau,6138.0,47
10528,2021,6,Tanker,Papua New Guinea,88802.0,155
10529,2021,6,Tanker,Samoa,105.0,3
10530,2021,6,Tanker,Solomon Islands,2078.0,20
10531,2021,6,Tanker,Tokelau,29.0,2
10532,2021,6,Tanker,Tonga,436.0,11
10533,2021,6,Tanker,Tuvalu,220.0,9
10534,2021,6,Tanker,Vanuatu,349.0,7
10535,2021,7,Cargo,Cook Islands,7421.0,44
10536,2021,7,Cargo,Fiji,8377.0,44
10537,2021,7,Cargo,Kiribati,16087.0,91
10538,2021,7,Cargo,Marshall Islands,7444.0,75
10539,2021,7,Cargo,Micronesia,143641.0,848
10540,2021,7,Cargo,Nauru,1557.0,37
10541,2021,7,Cargo,Niue,1251.0,14
10542,2021,7,Cargo,Palau,40889.0,389
10543,2021,7,Cargo,Papua New Guinea,368490.0,1203
10544,2021,7,Cargo,Samoa,752.0,17
10545,2021,7,Cargo,Solomon Islands,19459.0,180
10546,2021,7,Cargo,Tokelau,1194.0,13
10547,2021,7,Cargo,Tonga,2027.0,25
10548,2021,7,Cargo,Tuvalu,2805.0,21
10549,2021,7,Cargo,Vanuatu,3449.0,35
10550,2021,7,Fishing,Cook Islands,2182.0,56
10551,2021,7,Fishing,Fiji,565.0,117
10552,2021,7,Fishing,Kiribati,7589.0,236
10553,2021,7,Fishing,Marshall Islands,3989.0,164
10554,2021,7,Fishing,Micronesia,5896.0,170
10555,2021,7,Fishing,Nauru,3129.0,108
10556,2021,7,Fishing,Niue,5.0,3
10557,2021,7,Fishing,Palau,192.0,23
10558,2021,7,Fishing,Papua New Guinea,7928.0,167
10559,2021,7,Fishing,Samoa,38.0,13
10560,2021,7,Fishing,Solomon Islands,1430.0,105
10561,2021,7,Fishing,Tokelau,140.0,22
10562,2021,7,Fishing,Tonga,167.0,15
10563,2021,7,Fishing,Tuvalu,1149.0,77
10564,2021,7,Fishing,Vanuatu,219.0,29
10565,2021,7,Others,Cook Islands,561.0,45
10566,2021,7,Others,Fiji,2282.0,113
10567,2021,7,Others,Kiribati,1368.0,138
10568,2021,7,Others,Marshall Islands,261.0,83
10569,2021,7,Others,Micronesia,910.0,159
10570,2021,7,Others,Nauru,1180.0,181
10571,2021,7,Others,Niue,73.0,9
10572,2021,7,Others,Palau,763.0,25
10573,2021,7,Others,Papua New Guinea,1805.0,281
10574,2021,7,Others,Samoa,92.0,5
10575,2021,7,Others,Solomon Islands,696.0,42
10576,2021,7,Others,Tokelau,57.0,1
10577,2021,7,Others,Tonga,394.0,14
10578,2021,7,Others,Tuvalu,165.0,38
10579,2021,7,Others,Vanuatu,146.0,27
10580,2021,7,Passenger,Cook Islands,60.0,1
10581,2021,7,Passenger,Fiji,773.0,15
10582,2021,7,Passenger,Kiribati,37.0,2
10583,2021,7,Passenger,Micronesia,26.0,3
10584,2021,7,Passenger,Nauru,14.0,1
10585,2021,7,Passenger,Papua New Guinea,2375.0,28
10586,2021,7,Passenger,Samoa,74.0,3
10587,2021,7,Passenger,Solomon Islands,298.0,4
10588,2021,7,Passenger,Tokelau,8.0,1
10589,2021,7,Passenger,Tonga,89.0,3
10590,2021,7,Passenger,Tuvalu,11.0,1
10591,2021,7,Passenger,Vanuatu,112.0,2
10592,2021,7,Tanker,Cook Islands,1587.0,10
10593,2021,7,Tanker,Fiji,1635.0,13
10594,2021,7,Tanker,Kiribati,3587.0,20
10595,2021,7,Tanker,Marshall Islands,1088.0,10
10596,2021,7,Tanker,Micronesia,35784.0,98
10597,2021,7,Tanker,Nauru,1933.0,31
10598,2021,7,Tanker,Niue,201.0,3
10599,2021,7,Tanker,Palau,6097.0,52
10600,2021,7,Tanker,Papua New Guinea,91495.0,173
10601,2021,7,Tanker,Samoa,187.0,4
10602,2021,7,Tanker,Solomon Islands,1937.0,24
10603,2021,7,Tanker,Tokelau,8.0,1
10604,2021,7,Tanker,Tonga,466.0,8
10605,2021,7,Tanker,Tuvalu,168.0,3
10606,2021,7,Tanker,Vanuatu,725.0,10
10607,2021,8,Cargo,Cook Islands,4223.0,30
10608,2021,8,Cargo,Fiji,7583.0,42
10609,2021,8,Cargo,Kiribati,18404.0,95
10610,2021,8,Cargo,Marshall Islands,9757.0,76
10611,2021,8,Cargo,Micronesia,153709.0,869
10612,2021,8,Cargo,Nauru,1333.0,28
10613,2021,8,Cargo,Niue,1085.0,15
10614,2021,8,Cargo,Palau,41280.0,369
10615,2021,8,Cargo,Papua New Guinea,360797.0,1174
10616,2021,8,Cargo,Samoa,638.0,15
10617,2021,8,Cargo,Solomon Islands,19424.0,184
10618,2021,8,Cargo,Tokelau,401.0,7
10619,2021,8,Cargo,Tonga,1975.0,23
10620,2021,8,Cargo,Tuvalu,1205.0,19
10621,2021,8,Cargo,Vanuatu,2872.0,25
10622,2021,8,Fishing,Cook Islands,1498.0,49
10623,2021,8,Fishing,Fiji,412.0,98
10624,2021,8,Fishing,Kiribati,5580.0,220
10625,2021,8,Fishing,Marshall Islands,5448.0,201
10626,2021,8,Fishing,Micronesia,6857.0,193
10627,2021,8,Fishing,Nauru,3798.0,126
10628,2021,8,Fishing,Niue,5.0,2
10629,2021,8,Fishing,Palau,294.0,22
10630,2021,8,Fishing,Papua New Guinea,8053.0,165
10631,2021,8,Fishing,Samoa,48.0,20
10632,2021,8,Fishing,Solomon Islands,1568.0,78
10633,2021,8,Fishing,Tokelau,118.0,13
10634,2021,8,Fishing,Tonga,227.0,21
10635,2021,8,Fishing,Tuvalu,610.0,43
10636,2021,8,Fishing,Vanuatu,185.0,19
10637,2021,8,Others,Cook Islands,585.0,66
10638,2021,8,Others,Fiji,2819.0,125
10639,2021,8,Others,Kiribati,1229.0,105
10640,2021,8,Others,Marshall Islands,457.0,73
10641,2021,8,Others,Micronesia,1291.0,136
10642,2021,8,Others,Nauru,1515.0,182
10643,2021,8,Others,Niue,70.0,7
10644,2021,8,Others,Palau,578.0,24
10645,2021,8,Others,Papua New Guinea,1423.0,273
10646,2021,8,Others,Samoa,93.0,13
10647,2021,8,Others,Solomon Islands,604.0,51
10648,2021,8,Others,Tokelau,44.0,2
10649,2021,8,Others,Tonga,367.0,22
10650,2021,8,Others,Tuvalu,578.0,37
10651,2021,8,Others,Vanuatu,157.0,22
10652,2021,8,Passenger,Cook Islands,26.0,1
10653,2021,8,Passenger,Fiji,789.0,19
10654,2021,8,Passenger,Kiribati,21.0,2
10655,2021,8,Passenger,Micronesia,289.0,2
10656,2021,8,Passenger,Nauru,15.0,2
10657,2021,8,Passenger,Papua New Guinea,2817.0,28
10658,2021,8,Passenger,Samoa,120.0,3
10659,2021,8,Passenger,Solomon Islands,12.0,3
10660,2021,8,Passenger,Tokelau,20.0,1
10661,2021,8,Passenger,Tonga,33.0,3
10662,2021,8,Passenger,Tuvalu,3.0,1
10663,2021,8,Passenger,Vanuatu,117.0,1
10664,2021,8,Tanker,Cook Islands,1028.0,10
10665,2021,8,Tanker,Fiji,1547.0,14
10666,2021,8,Tanker,Kiribati,2997.0,20
10667,2021,8,Tanker,Marshall Islands,1808.0,15
10668,2021,8,Tanker,Micronesia,41562.0,109
10669,2021,8,Tanker,Nauru,2463.0,30
10670,2021,8,Tanker,Niue,160.0,4
10671,2021,8,Tanker,Palau,7292.0,45
10672,2021,8,Tanker,Papua New Guinea,97043.0,171
10673,2021,8,Tanker,Samoa,173.0,5
10674,2021,8,Tanker,Solomon Islands,1969.0,22
10675,2021,8,Tanker,Tokelau,34.0,1
10676,2021,8,Tanker,Tonga,360.0,10
10677,2021,8,Tanker,Tuvalu,226.0,5
10678,2021,8,Tanker,Vanuatu,787.0,11
10679,2021,9,Cargo,Cook Islands,5401.0,37
10680,2021,9,Cargo,Fiji,7082.0,44
10681,2021,9,Cargo,Kiribati,14571.0,94
10682,2021,9,Cargo,Marshall Islands,8195.0,62
10683,2021,9,Cargo,Micronesia,136301.0,788
10684,2021,9,Cargo,Nauru,1600.0,37
10685,2021,9,Cargo,Niue,825.0,12
10686,2021,9,Cargo,Palau,39045.0,358
10687,2021,9,Cargo,Papua New Guinea,336509.0,1112
10688,2021,9,Cargo,Samoa,635.0,17
10689,2021,9,Cargo,Solomon Islands,18081.0,163
10690,2021,9,Cargo,Tokelau,614.0,10
10691,2021,9,Cargo,Tonga,1363.0,18
10692,2021,9,Cargo,Tuvalu,1473.0,15
10693,2021,9,Cargo,Vanuatu,3638.0,31
10694,2021,9,Fishing,Cook Islands,703.0,36
10695,2021,9,Fishing,Fiji,371.0,102
10696,2021,9,Fishing,Kiribati,5850.0,197
10697,2021,9,Fishing,Marshall Islands,3096.0,160
10698,2021,9,Fishing,Micronesia,7461.0,212
10699,2021,9,Fishing,Nauru,1916.0,87
10700,2021,9,Fishing,Palau,296.0,25
10701,2021,9,Fishing,Papua New Guinea,11063.0,177
10702,2021,9,Fishing,Samoa,73.0,32
10703,2021,9,Fishing,Solomon Islands,1438.0,109
10704,2021,9,Fishing,Tokelau,177.0,14
10705,2021,9,Fishing,Tonga,124.0,10
10706,2021,9,Fishing,Tuvalu,117.0,14
10707,2021,9,Fishing,Vanuatu,222.0,34
10708,2021,9,Others,Cook Islands,415.0,40
10709,2021,9,Others,Fiji,3524.0,134
10710,2021,9,Others,Kiribati,834.0,142
10711,2021,9,Others,Marshall Islands,350.0,89
10712,2021,9,Others,Micronesia,2598.0,159
10713,2021,9,Others,Nauru,1028.0,147
10714,2021,9,Others,Niue,116.0,12
10715,2021,9,Others,Palau,994.0,54
10716,2021,9,Others,Papua New Guinea,2332.0,289
10717,2021,9,Others,Samoa,27.0,11
10718,2021,9,Others,Solomon Islands,763.0,55
10719,2021,9,Others,Tokelau,114.0,10
10720,2021,9,Others,Tonga,262.0,17
10721,2021,9,Others,Tuvalu,266.0,28
10722,2021,9,Others,Vanuatu,344.0,34
10723,2021,9,Passenger,Cook Islands,72.0,1
10724,2021,9,Passenger,Fiji,707.0,15
10725,2021,9,Passenger,Kiribati,0.0,1
10726,2021,9,Passenger,Marshall Islands,60.0,2
10727,2021,9,Passenger,Micronesia,18.0,2
10728,2021,9,Passenger,Nauru,14.0,4
10729,2021,9,Passenger,Palau,11.0,1
10730,2021,9,Passenger,Papua New Guinea,1150.0,27
10731,2021,9,Passenger,Samoa,111.0,3
10732,2021,9,Passenger,Solomon Islands,19.0,2
10733,2021,9,Passenger,Tokelau,10.0,1
10734,2021,9,Passenger,Tonga,99.0,3
10735,2021,9,Passenger,Tuvalu,19.0,1
10736,2021,9,Passenger,Vanuatu,63.0,1
10737,2021,9,Tanker,Cook Islands,1204.0,11
10738,2021,9,Tanker,Fiji,2023.0,15
10739,2021,9,Tanker,Kiribati,2945.0,17
10740,2021,9,Tanker,Marshall Islands,1336.0,14
10741,2021,9,Tanker,Micronesia,37991.0,100
10742,2021,9,Tanker,Nauru,1845.0,28
10743,2021,9,Tanker,Niue,323.0,5
10744,2021,9,Tanker,Palau,6824.0,49
10745,2021,9,Tanker,Papua New Guinea,93036.0,167
10746,2021,9,Tanker,Samoa,156.0,3
10747,2021,9,Tanker,Solomon Islands,1844.0,21
10748,2021,9,Tanker,Tokelau,0.0,1
10749,2021,9,Tanker,Tonga,701.0,10
10750,2021,9,Tanker,Tuvalu,243.0,3
10751,2021,9,Tanker,Vanuatu,779.0,11
10752,2021,10,Cargo,Cook Islands,6739.0,38
10753,2021,10,Cargo,Fiji,8990.0,49
10754,2021,10,Cargo,Kiribati,15253.0,93
10755,2021,10,Cargo,Marshall Islands,7058.0,60
10756,2021,10,Cargo,Micronesia,128398.0,753
10757,2021,10,Cargo,Nauru,2109.0,31
10758,2021,10,Cargo,Niue,1079.0,14
10759,2021,10,Cargo,Palau,43238.0,417
10760,2021,10,Cargo,Papua New Guinea,355521.0,1152
10761,2021,10,Cargo,Samoa,661.0,13
10762,2021,10,Cargo,Solomon Islands,19347.0,169
10763,2021,10,Cargo,Tokelau,1921.0,15
10764,2021,10,Cargo,Tonga,2490.0,21
10765,2021,10,Cargo,Tuvalu,2326.0,22
10766,2021,10,Cargo,Vanuatu,2690.0,27
10767,2021,10,Fishing,Cook Islands,542.0,20
10768,2021,10,Fishing,Fiji,499.0,105
10769,2021,10,Fishing,Kiribati,4597.0,146
10770,2021,10,Fishing,Marshall Islands,2107.0,120
10771,2021,10,Fishing,Micronesia,7796.0,207
10772,2021,10,Fishing,Nauru,802.0,41
10773,2021,10,Fishing,Niue,26.0,2
10774,2021,10,Fishing,Palau,306.0,21
10775,2021,10,Fishing,Papua New Guinea,11673.0,200
10776,2021,10,Fishing,Samoa,67.0,28
10777,2021,10,Fishing,Solomon Islands,1973.0,104
10778,2021,10,Fishing,Tokelau,209.0,17
10779,2021,10,Fishing,Tonga,145.0,13
10780,2021,10,Fishing,Tuvalu,928.0,50
10781,2021,10,Fishing,Vanuatu,434.0,47
10782,2021,10,Others,Cook Islands,384.0,47
10783,2021,10,Others,Fiji,3401.0,141
10784,2021,10,Others,Kiribati,1093.0,124
10785,2021,10,Others,Marshall Islands,350.0,76
10786,2021,10,Others,Micronesia,1616.0,153
10787,2021,10,Others,Nauru,1060.0,157
10788,2021,10,Others,Niue,46.0,3
10789,2021,10,Others,Palau,622.0,28
10790,2021,10,Others,Papua New Guinea,1742.0,276
10791,2021,10,Others,Samoa,19.0,1
10792,2021,10,Others,Solomon Islands,767.0,60
10793,2021,10,Others,Tokelau,2.0,3
10794,2021,10,Others,Tonga,181.0,13
10795,2021,10,Others,Tuvalu,351.0,19
10796,2021,10,Others,Vanuatu,228.0,25
10797,2021,10,Passenger,Cook Islands,433.0,3
10798,2021,10,Passenger,Fiji,840.0,15
10799,2021,10,Passenger,Kiribati,0.0,2
10800,2021,10,Passenger,Marshall Islands,10.0,1
10801,2021,10,Passenger,Micronesia,139.0,4
10802,2021,10,Passenger,Nauru,0.0,2
10803,2021,10,Passenger,Niue,96.0,1
10804,2021,10,Passenger,Palau,36.0,1
10805,2021,10,Passenger,Papua New Guinea,1570.0,27
10806,2021,10,Passenger,Samoa,123.0,3
10807,2021,10,Passenger,Solomon Islands,27.0,3
10808,2021,10,Passenger,Tokelau,21.0,1
10809,2021,10,Passenger,Tonga,152.0,4
10810,2021,10,Passenger,Tuvalu,0.0,1
10811,2021,10,Passenger,Vanuatu,121.0,2
10812,2021,10,Tanker,Cook Islands,935.0,10
10813,2021,10,Tanker,Fiji,1015.0,10
10814,2021,10,Tanker,Kiribati,2691.0,18
10815,2021,10,Tanker,Marshall Islands,2320.0,13
10816,2021,10,Tanker,Micronesia,41093.0,116
10817,2021,10,Tanker,Nauru,1138.0,22
10818,2021,10,Tanker,Niue,130.0,4
10819,2021,10,Tanker,Palau,7343.0,55
10820,2021,10,Tanker,Papua New Guinea,106679.0,180
10821,2021,10,Tanker,Samoa,24.0,1
10822,2021,10,Tanker,Solomon Islands,1999.0,23
10823,2021,10,Tanker,Tokelau,208.0,5
10824,2021,10,Tanker,Tonga,186.0,4
10825,2021,10,Tanker,Tuvalu,540.0,5
10826,2021,10,Tanker,Vanuatu,583.0,8
10827,2021,11,Cargo,Cook Islands,5844.0,35
10828,2021,11,Cargo,Fiji,7197.0,44
10829,2021,11,Cargo,Kiribati,16278.0,97
10830,2021,11,Cargo,Marshall Islands,8940.0,88
10831,2021,11,Cargo,Micronesia,139976.0,828
10832,2021,11,Cargo,Nauru,948.0,23
10833,2021,11,Cargo,Niue,925.0,13
10834,2021,11,Cargo,Palau,35620.0,359
10835,2021,11,Cargo,Papua New Guinea,345336.0,1143
10836,2021,11,Cargo,Samoa,1235.0,14
10837,2021,11,Cargo,Solomon Islands,18927.0,183
10838,2021,11,Cargo,Tokelau,627.0,7
10839,2021,11,Cargo,Tonga,1423.0,15
10840,2021,11,Cargo,Tuvalu,1983.0,24
10841,2021,11,Cargo,Vanuatu,3590.0,35
10842,2021,11,Fishing,Cook Islands,728.0,20
10843,2021,11,Fishing,Fiji,420.0,87
10844,2021,11,Fishing,Kiribati,5186.0,178
10845,2021,11,Fishing,Marshall Islands,3087.0,160
10846,2021,11,Fishing,Micronesia,6086.0,183
10847,2021,11,Fishing,Nauru,945.0,56
10848,2021,11,Fishing,Niue,16.0,1
10849,2021,11,Fishing,Palau,399.0,26
10850,2021,11,Fishing,Papua New Guinea,11926.0,210
10851,2021,11,Fishing,Samoa,114.0,28
10852,2021,11,Fishing,Solomon Islands,1961.0,125
10853,2021,11,Fishing,Tokelau,206.0,18
10854,2021,11,Fishing,Tonga,66.0,8
10855,2021,11,Fishing,Tuvalu,2125.0,82
10856,2021,11,Fishing,Vanuatu,803.0,54
10857,2021,11,Others,Cook Islands,405.0,45
10858,2021,11,Others,Fiji,2282.0,132
10859,2021,11,Others,Kiribati,543.0,147
10860,2021,11,Others,Marshall Islands,289.0,66
10861,2021,11,Others,Micronesia,2109.0,141
10862,2021,11,Others,Nauru,1160.0,157
10863,2021,11,Others,Niue,186.0,14
10864,2021,11,Others,Palau,597.0,33
10865,2021,11,Others,Papua New Guinea,3186.0,256
10866,2021,11,Others,Samoa,62.0,9
10867,2021,11,Others,Solomon Islands,394.0,42
10868,2021,11,Others,Tokelau,4.0,4
10869,2021,11,Others,Tonga,305.0,14
10870,2021,11,Others,Tuvalu,346.0,33
10871,2021,11,Others,Vanuatu,365.0,25
10872,2021,11,Passenger,Cook Islands,145.0,3
10873,2021,11,Passenger,Fiji,1117.0,21
10874,2021,11,Passenger,Kiribati,18.0,3
10875,2021,11,Passenger,Marshall Islands,681.0,1
10876,2021,11,Passenger,Micronesia,1288.0,4
10877,2021,11,Passenger,Nauru,36.0,5
10878,2021,11,Passenger,Niue,0.0,1
10879,2021,11,Passenger,Palau,510.0,1
10880,2021,11,Passenger,Papua New Guinea,1297.0,26
10881,2021,11,Passenger,Samoa,131.0,4
10882,2021,11,Passenger,Solomon Islands,93.0,4
10883,2021,11,Passenger,Tokelau,19.0,1
10884,2021,11,Passenger,Tonga,46.0,4
10885,2021,11,Passenger,Tuvalu,64.0,3
10886,2021,11,Passenger,Vanuatu,97.0,1
10887,2021,11,Tanker,Cook Islands,1327.0,10
10888,2021,11,Tanker,Fiji,1997.0,15
10889,2021,11,Tanker,Kiribati,2318.0,17
10890,2021,11,Tanker,Marshall Islands,940.0,13
10891,2021,11,Tanker,Micronesia,38785.0,120
10892,2021,11,Tanker,Nauru,1106.0,18
10893,2021,11,Tanker,Niue,407.0,8
10894,2021,11,Tanker,Palau,7484.0,70
10895,2021,11,Tanker,Papua New Guinea,99593.0,185
10896,2021,11,Tanker,Samoa,144.0,3
10897,2021,11,Tanker,Solomon Islands,2235.0,22
10898,2021,11,Tanker,Tokelau,153.0,1
10899,2021,11,Tanker,Tonga,1054.0,13
10900,2021,11,Tanker,Tuvalu,685.0,7
10901,2021,11,Tanker,Vanuatu,678.0,9
10902,2021,12,Cargo,Cook Islands,6038.0,38
10903,2021,12,Cargo,Fiji,7814.0,42
10904,2021,12,Cargo,Kiribati,17530.0,100
10905,2021,12,Cargo,Marshall Islands,10996.0,107
10906,2021,12,Cargo,Micronesia,128728.0,784
10907,2021,12,Cargo,Nauru,1210.0,29
10908,2021,12,Cargo,Niue,906.0,13
10909,2021,12,Cargo,Palau,37885.0,372
10910,2021,12,Cargo,Papua New Guinea,328474.0,1100
10911,2021,12,Cargo,Samoa,1209.0,14
10912,2021,12,Cargo,Solomon Islands,17609.0,154
10913,2021,12,Cargo,Tokelau,1204.0,12
10914,2021,12,Cargo,Tonga,2061.0,21
10915,2021,12,Cargo,Tuvalu,1887.0,21
10916,2021,12,Cargo,Vanuatu,3146.0,29
10917,2021,12,Fishing,Cook Islands,557.0,23
10918,2021,12,Fishing,Fiji,601.0,125
10919,2021,12,Fishing,Kiribati,5863.0,166
10920,2021,12,Fishing,Marshall Islands,3910.0,171
10921,2021,12,Fishing,Micronesia,5539.0,173
10922,2021,12,Fishing,Nauru,1236.0,52
10923,2021,12,Fishing,Niue,40.0,6
10924,2021,12,Fishing,Palau,377.0,30
10925,2021,12,Fishing,Papua New Guinea,9957.0,207
10926,2021,12,Fishing,Samoa,264.0,24
10927,2021,12,Fishing,Solomon Islands,2605.0,141
10928,2021,12,Fishing,Tokelau,82.0,11
10929,2021,12,Fishing,Tonga,112.0,8
10930,2021,12,Fishing,Tuvalu,663.0,52
10931,2021,12,Fishing,Vanuatu,641.0,49
10932,2021,12,Others,Cook Islands,206.0,29
10933,2021,12,Others,Fiji,3897.0,122
10934,2021,12,Others,Kiribati,1743.0,126
10935,2021,12,Others,Marshall Islands,475.0,81
10936,2021,12,Others,Micronesia,1391.0,132
10937,2021,12,Others,Nauru,848.0,155
10938,2021,12,Others,Niue,48.0,5
10939,2021,12,Others,Palau,1511.0,32
10940,2021,12,Others,Papua New Guinea,2378.0,284
10941,2021,12,Others,Samoa,83.0,4
10942,2021,12,Others,Solomon Islands,1122.0,46
10943,2021,12,Others,Tokelau,110.0,10
10944,2021,12,Others,Tonga,117.0,11
10945,2021,12,Others,Tuvalu,1322.0,32
10946,2021,12,Others,Vanuatu,542.0,29
10947,2021,12,Passenger,Cook Islands,187.0,2
10948,2021,12,Passenger,Fiji,1542.0,18
10949,2021,12,Passenger,Kiribati,26.0,3
10950,2021,12,Passenger,Marshall Islands,20.0,4
10951,2021,12,Passenger,Micronesia,24.0,3
10952,2021,12,Passenger,Nauru,75.0,5
10953,2021,12,Passenger,Palau,7.0,2
10954,2021,12,Passenger,Papua New Guinea,1032.0,32
10955,2021,12,Passenger,Samoa,97.0,3
10956,2021,12,Passenger,Solomon Islands,46.0,4
10957,2021,12,Passenger,Tokelau,21.0,1
10958,2021,12,Passenger,Tonga,78.0,3
10959,2021,12,Passenger,Tuvalu,18.0,2
10960,2021,12,Passenger,Vanuatu,134.0,1
10961,2021,12,Tanker,Cook Islands,795.0,9
10962,2021,12,Tanker,Fiji,1724.0,15
10963,2021,12,Tanker,Kiribati,1790.0,16
10964,2021,12,Tanker,Marshall Islands,2243.0,17
10965,2021,12,Tanker,Micronesia,42066.0,118
10966,2021,12,Tanker,Nauru,1291.0,15
10967,2021,12,Tanker,Niue,294.0,5
10968,2021,12,Tanker,Palau,6947.0,57
10969,2021,12,Tanker,Papua New Guinea,101731.0,185
10970,2021,12,Tanker,Samoa,123.0,3
10971,2021,12,Tanker,Solomon Islands,2792.0,30
10972,2021,12,Tanker,Tokelau,42.0,1
10973,2021,12,Tanker,Tonga,514.0,8
10974,2021,12,Tanker,Tuvalu,431.0,4
10975,2021,12,Tanker,Vanuatu,679.0,7
10976,2022,1,Cargo,Cook Islands,6996.0,39
10977,2022,1,Cargo,Fiji,6537.0,41
10978,2022,1,Cargo,Kiribati,20382.0,102
10979,2022,1,Cargo,Marshall Islands,11230.0,119
10980,2022,1,Cargo,Micronesia,135440.0,785
10981,2022,1,Cargo,Nauru,2034.0,41
10982,2022,1,Cargo,Niue,588.0,9
10983,2022,1,Cargo,Palau,32608.0,352
10984,2022,1,Cargo,Papua New Guinea,326665.0,1115
10985,2022,1,Cargo,Samoa,977.0,16
10986,2022,1,Cargo,Solomon Islands,13093.0,128
10987,2022,1,Cargo,Tokelau,1230.0,13
10988,2022,1,Cargo,Tonga,1571.0,20
10989,2022,1,Cargo,Tuvalu,2172.0,21
10990,2022,1,Cargo,Vanuatu,2440.0,26
10991,2022,1,Fishing,Cook Islands,573.0,27
10992,2022,1,Fishing,Fiji,700.0,107
10993,2022,1,Fishing,Kiribati,7983.0,210
10994,2022,1,Fishing,Marshall Islands,4273.0,186
10995,2022,1,Fishing,Micronesia,4324.0,162
10996,2022,1,Fishing,Nauru,748.0,51
10997,2022,1,Fishing,Niue,29.0,4
10998,2022,1,Fishing,Palau,254.0,29
10999,2022,1,Fishing,Papua New Guinea,9912.0,197
11000,2022,1,Fishing,Samoa,276.0,33
11001,2022,1,Fishing,Solomon Islands,2421.0,145
11002,2022,1,Fishing,Tokelau,431.0,21
11003,2022,1,Fishing,Tonga,119.0,18
11004,2022,1,Fishing,Tuvalu,857.0,34
11005,2022,1,Fishing,Vanuatu,497.0,41
11006,2022,1,Others,Cook Islands,306.0,37
11007,2022,1,Others,Fiji,2002.0,111
11008,2022,1,Others,Kiribati,605.0,147
11009,2022,1,Others,Marshall Islands,409.0,73
11010,2022,1,Others,Micronesia,1243.0,148
11011,2022,1,Others,Nauru,792.0,168
11012,2022,1,Others,Niue,33.0,7
11013,2022,1,Others,Palau,435.0,37
11014,2022,1,Others,Papua New Guinea,1780.0,258
11015,2022,1,Others,Samoa,42.0,4
11016,2022,1,Others,Solomon Islands,360.0,46
11017,2022,1,Others,Tokelau,2.0,3
11018,2022,1,Others,Tonga,847.0,20
11019,2022,1,Others,Tuvalu,112.0,30
11020,2022,1,Others,Vanuatu,379.0,20
11021,2022,1,Passenger,Cook Islands,66.0,2
11022,2022,1,Passenger,Fiji,1274.0,16
11023,2022,1,Passenger,Kiribati,298.0,3
11024,2022,1,Passenger,Micronesia,81.0,4
11025,2022,1,Passenger,Nauru,43.0,7
11026,2022,1,Passenger,Niue,2.0,1
11027,2022,1,Passenger,Palau,0.0,1
11028,2022,1,Passenger,Papua New Guinea,1247.0,27
11029,2022,1,Passenger,Samoa,82.0,3
11030,2022,1,Passenger,Solomon Islands,18.0,4
11031,2022,1,Passenger,Tokelau,9.0,1
11032,2022,1,Passenger,Tonga,23.0,3
11033,2022,1,Passenger,Tuvalu,18.0,1
11034,2022,1,Passenger,Vanuatu,99.0,2
11035,2022,1,Tanker,Cook Islands,674.0,7
11036,2022,1,Tanker,Fiji,1793.0,15
11037,2022,1,Tanker,Kiribati,3158.0,16
11038,2022,1,Tanker,Marshall Islands,2993.0,22
11039,2022,1,Tanker,Micronesia,39852.0,119
11040,2022,1,Tanker,Nauru,1312.0,15
11041,2022,1,Tanker,Niue,166.0,2
11042,2022,1,Tanker,Palau,5949.0,50
11043,2022,1,Tanker,Papua New Guinea,97013.0,174
11044,2022,1,Tanker,Samoa,61.0,3
11045,2022,1,Tanker,Solomon Islands,2772.0,31
11046,2022,1,Tanker,Tonga,418.0,7
11047,2022,1,Tanker,Tuvalu,288.0,4
11048,2022,1,Tanker,Vanuatu,865.0,8
11049,2022,2,Cargo,Cook Islands,6433.0,35
11050,2022,2,Cargo,Fiji,7057.0,41
11051,2022,2,Cargo,Kiribati,13769.0,90
11052,2022,2,Cargo,Marshall Islands,8507.0,85
11053,2022,2,Cargo,Micronesia,104824.0,703
11054,2022,2,Cargo,Nauru,2040.0,35
11055,2022,2,Cargo,Niue,1184.0,14
11056,2022,2,Cargo,Palau,30612.0,326
11057,2022,2,Cargo,Papua New Guinea,274616.0,1021
11058,2022,2,Cargo,Samoa,1111.0,17
11059,2022,2,Cargo,Solomon Islands,12307.0,121
11060,2022,2,Cargo,Tokelau,1355.0,14
11061,2022,2,Cargo,Tonga,2151.0,22
11062,2022,2,Cargo,Tuvalu,1884.0,21
11063,2022,2,Cargo,Vanuatu,2974.0,31
11064,2022,2,Fishing,Cook Islands,293.0,19
11065,2022,2,Fishing,Fiji,542.0,93
11066,2022,2,Fishing,Kiribati,5089.0,176
11067,2022,2,Fishing,Marshall Islands,3031.0,170
11068,2022,2,Fishing,Micronesia,5218.0,159
11069,2022,2,Fishing,Nauru,906.0,49
11070,2022,2,Fishing,Niue,7.0,2
11071,2022,2,Fishing,Palau,209.0,19
11072,2022,2,Fishing,Papua New Guinea,7933.0,207
11073,2022,2,Fishing,Samoa,249.0,29
11074,2022,2,Fishing,Solomon Islands,3246.0,161
11075,2022,2,Fishing,Tokelau,320.0,26
11076,2022,2,Fishing,Tonga,56.0,10
11077,2022,2,Fishing,Tuvalu,1056.0,52
11078,2022,2,Fishing,Vanuatu,526.0,54
11079,2022,2,Others,Cook Islands,151.0,26
11080,2022,2,Others,Fiji,2202.0,109
11081,2022,2,Others,Kiribati,641.0,113
11082,2022,2,Others,Marshall Islands,338.0,84
11083,2022,2,Others,Micronesia,580.0,124
11084,2022,2,Others,Nauru,1035.0,156
11085,2022,2,Others,Niue,31.0,6
11086,2022,2,Others,Palau,174.0,26
11087,2022,2,Others,Papua New Guinea,1668.0,236
11088,2022,2,Others,Samoa,258.0,5
11089,2022,2,Others,Solomon Islands,444.0,66
11090,2022,2,Others,Tokelau,116.0,10
11091,2022,2,Others,Tonga,1787.0,31
11092,2022,2,Others,Tuvalu,112.0,44
11093,2022,2,Others,Vanuatu,577.0,31
11094,2022,2,Passenger,Cook Islands,98.0,2
11095,2022,2,Passenger,Fiji,1339.0,20
11096,2022,2,Passenger,Kiribati,129.0,3
11097,2022,2,Passenger,Nauru,21.0,4
11098,2022,2,Passenger,Niue,65.0,1
11099,2022,2,Passenger,Palau,0.0,1
11100,2022,2,Passenger,Papua New Guinea,971.0,28
11101,2022,2,Passenger,Samoa,83.0,3
11102,2022,2,Passenger,Solomon Islands,2.0,4
11103,2022,2,Passenger,Tokelau,16.0,1
11104,2022,2,Passenger,Tonga,83.0,4
11105,2022,2,Passenger,Tuvalu,17.0,1
11106,2022,2,Passenger,Vanuatu,69.0,1
11107,2022,2,Tanker,Cook Islands,813.0,7
11108,2022,2,Tanker,Fiji,1708.0,16
11109,2022,2,Tanker,Kiribati,2303.0,20
11110,2022,2,Tanker,Marshall Islands,3156.0,19
11111,2022,2,Tanker,Micronesia,38803.0,110
11112,2022,2,Tanker,Nauru,814.0,18
11113,2022,2,Tanker,Niue,196.0,3
11114,2022,2,Tanker,Palau,5254.0,55
11115,2022,2,Tanker,Papua New Guinea,88942.0,171
11116,2022,2,Tanker,Samoa,212.0,4
11117,2022,2,Tanker,Solomon Islands,2778.0,29
11118,2022,2,Tanker,Tokelau,172.0,2
11119,2022,2,Tanker,Tonga,550.0,9
11120,2022,2,Tanker,Tuvalu,630.0,8
11121,2022,2,Tanker,Vanuatu,752.0,8
11122,2022,3,Cargo,Cook Islands,8296.0,46
11123,2022,3,Cargo,Fiji,6225.0,46
11124,2022,3,Cargo,Kiribati,17235.0,101
11125,2022,3,Cargo,Marshall Islands,8230.0,100
11126,2022,3,Cargo,Micronesia,124450.0,746
11127,2022,3,Cargo,Nauru,2364.0,37
11128,2022,3,Cargo,Niue,1249.0,13
11129,2022,3,Cargo,Palau,31518.0,334
11130,2022,3,Cargo,Papua New Guinea,299397.0,1081
11131,2022,3,Cargo,Samoa,763.0,13
11132,2022,3,Cargo,Solomon Islands,17171.0,154
11133,2022,3,Cargo,Tokelau,1146.0,8
11134,2022,3,Cargo,Tonga,2414.0,23
11135,2022,3,Cargo,Tuvalu,2864.0,20
11136,2022,3,Cargo,Vanuatu,2857.0,35
11137,2022,3,Fishing,Cook Islands,643.0,33
11138,2022,3,Fishing,Fiji,623.0,107
11139,2022,3,Fishing,Kiribati,4618.0,165
11140,2022,3,Fishing,Marshall Islands,3227.0,165
11141,2022,3,Fishing,Micronesia,6075.0,187
11142,2022,3,Fishing,Nauru,1239.0,67
11143,2022,3,Fishing,Niue,39.0,7
11144,2022,3,Fishing,Palau,362.0,22
11145,2022,3,Fishing,Papua New Guinea,9599.0,264
11146,2022,3,Fishing,Samoa,145.0,26
11147,2022,3,Fishing,Solomon Islands,4169.0,179
11148,2022,3,Fishing,Tokelau,554.0,35
11149,2022,3,Fishing,Tonga,107.0,9
11150,2022,3,Fishing,Tuvalu,947.0,60
11151,2022,3,Fishing,Vanuatu,522.0,49
11152,2022,3,Others,Cook Islands,2715.0,33
11153,2022,3,Others,Fiji,1837.0,100
11154,2022,3,Others,Kiribati,1517.0,131
11155,2022,3,Others,Marshall Islands,404.0,74
11156,2022,3,Others,Micronesia,1393.0,135
11157,2022,3,Others,Nauru,1191.0,197
11158,2022,3,Others,Niue,1141.0,4
11159,2022,3,Others,Palau,476.0,29
11160,2022,3,Others,Papua New Guinea,1923.0,267
11161,2022,3,Others,Samoa,113.0,6
11162,2022,3,Others,Solomon Islands,423.0,53
11163,2022,3,Others,Tokelau,65.0,10
11164,2022,3,Others,Tonga,1398.0,22
11165,2022,3,Others,Tuvalu,447.0,41
11166,2022,3,Others,Vanuatu,363.0,33
11167,2022,3,Passenger,Cook Islands,32.0,2
11168,2022,3,Passenger,Fiji,1192.0,17
11169,2022,3,Passenger,Kiribati,1488.0,4
11170,2022,3,Passenger,Marshall Islands,7.0,2
11171,2022,3,Passenger,Micronesia,78.0,2
11172,2022,3,Passenger,Nauru,7.0,4
11173,2022,3,Passenger,Niue,0.0,1
11174,2022,3,Passenger,Palau,1.0,1
11175,2022,3,Passenger,Papua New Guinea,1682.0,30
11176,2022,3,Passenger,Samoa,63.0,3
11177,2022,3,Passenger,Solomon Islands,23.0,2
11178,2022,3,Passenger,Tokelau,16.0,1
11179,2022,3,Passenger,Tonga,36.0,4
11180,2022,3,Passenger,Tuvalu,25.0,2
11181,2022,3,Passenger,Vanuatu,8.0,1
11182,2022,3,Tanker,Cook Islands,647.0,6
11183,2022,3,Tanker,Fiji,2321.0,17
11184,2022,3,Tanker,Kiribati,2413.0,23
11185,2022,3,Tanker,Marshall Islands,1360.0,17
11186,2022,3,Tanker,Micronesia,44594.0,125
11187,2022,3,Tanker,Nauru,1269.0,18
11188,2022,3,Tanker,Niue,289.0,4
11189,2022,3,Tanker,Palau,5603.0,40
11190,2022,3,Tanker,Papua New Guinea,105901.0,178
11191,2022,3,Tanker,Samoa,108.0,3
11192,2022,3,Tanker,Solomon Islands,2393.0,32
11193,2022,3,Tanker,Tokelau,98.0,1
11194,2022,3,Tanker,Tonga,607.0,9
11195,2022,3,Tanker,Tuvalu,364.0,7
11196,2022,3,Tanker,Vanuatu,739.0,7
11197,2022,4,Cargo,Cook Islands,9057.0,57
11198,2022,4,Cargo,Fiji,8009.0,45
11199,2022,4,Cargo,Kiribati,18257.0,113
11200,2022,4,Cargo,Marshall Islands,9496.0,95
11201,2022,4,Cargo,Micronesia,113084.0,728
11202,2022,4,Cargo,Nauru,1407.0,34
11203,2022,4,Cargo,Niue,1481.0,21
11204,2022,4,Cargo,Palau,40673.0,410
11205,2022,4,Cargo,Papua New Guinea,293915.0,1065
11206,2022,4,Cargo,Samoa,1022.0,17
11207,2022,4,Cargo,Solomon Islands,15333.0,140
11208,2022,4,Cargo,Tokelau,1300.0,11
11209,2022,4,Cargo,Tonga,2924.0,30
11210,2022,4,Cargo,Tuvalu,1935.0,16
11211,2022,4,Cargo,Vanuatu,3195.0,34
11212,2022,4,Fishing,Cook Islands,961.0,44
11213,2022,4,Fishing,Fiji,941.0,185
11214,2022,4,Fishing,Kiribati,6002.0,217
11215,2022,4,Fishing,Marshall Islands,3249.0,161
11216,2022,4,Fishing,Micronesia,5550.0,202
11217,2022,4,Fishing,Nauru,1303.0,64
11218,2022,4,Fishing,Niue,16.0,4
11219,2022,4,Fishing,Palau,477.0,52
11220,2022,4,Fishing,Papua New Guinea,10788.0,272
11221,2022,4,Fishing,Samoa,280.0,40
11222,2022,4,Fishing,Solomon Islands,2548.0,150
11223,2022,4,Fishing,Tokelau,284.0,31
11224,2022,4,Fishing,Tonga,288.0,12
11225,2022,4,Fishing,Tuvalu,695.0,65
11226,2022,4,Fishing,Vanuatu,451.0,58
11227,2022,4,Others,Cook Islands,2310.0,121
11228,2022,4,Others,Fiji,3620.0,146
11229,2022,4,Others,Kiribati,1801.0,132
11230,2022,4,Others,Marshall Islands,492.0,76
11231,2022,4,Others,Micronesia,2109.0,138
11232,2022,4,Others,Nauru,1146.0,168
11233,2022,4,Others,Niue,409.0,20
11234,2022,4,Others,Palau,551.0,30
11235,2022,4,Others,Papua New Guinea,2764.0,338
11236,2022,4,Others,Samoa,126.0,11
11237,2022,4,Others,Solomon Islands,903.0,57
11238,2022,4,Others,Tokelau,379.0,20
11239,2022,4,Others,Tonga,814.0,20
11240,2022,4,Others,Tuvalu,186.0,24
11241,2022,4,Others,Vanuatu,894.0,48
11242,2022,4,Passenger,Cook Islands,307.0,4
11243,2022,4,Passenger,Fiji,1567.0,18
11244,2022,4,Passenger,Kiribati,28.0,2
11245,2022,4,Passenger,Micronesia,10.0,2
11246,2022,4,Passenger,Palau,34.0,3
11247,2022,4,Passenger,Papua New Guinea,3155.0,35
11248,2022,4,Passenger,Samoa,97.0,4
11249,2022,4,Passenger,Solomon Islands,145.0,6
11250,2022,4,Passenger,Tokelau,16.0,1
11251,2022,4,Passenger,Tonga,298.0,4
11252,2022,4,Passenger,Tuvalu,29.0,1
11253,2022,4,Passenger,Vanuatu,108.0,4
11254,2022,4,Tanker,Cook Islands,1078.0,10
11255,2022,4,Tanker,Fiji,1444.0,13
11256,2022,4,Tanker,Kiribati,2667.0,18
11257,2022,4,Tanker,Marshall Islands,1075.0,11
11258,2022,4,Tanker,Micronesia,39899.0,117
11259,2022,4,Tanker,Nauru,795.0,20
11260,2022,4,Tanker,Niue,184.0,4
11261,2022,4,Tanker,Palau,8527.0,65
11262,2022,4,Tanker,Papua New Guinea,106411.0,193
11263,2022,4,Tanker,Samoa,71.0,2
11264,2022,4,Tanker,Solomon Islands,2455.0,25
11265,2022,4,Tanker,Tokelau,56.0,1
11266,2022,4,Tanker,Tonga,327.0,7
11267,2022,4,Tanker,Tuvalu,229.0,5
11268,2022,4,Tanker,Vanuatu,368.0,6
11269,2022,5,Cargo,Cook Islands,9516.0,58
11270,2022,5,Cargo,Fiji,7599.0,48
11271,2022,5,Cargo,Kiribati,19046.0,107
11272,2022,5,Cargo,Marshall Islands,7578.0,64
11273,2022,5,Cargo,Micronesia,131526.0,798
11274,2022,5,Cargo,Nauru,1732.0,27
11275,2022,5,Cargo,Niue,1037.0,14
11276,2022,5,Cargo,Palau,36044.0,369
11277,2022,5,Cargo,Papua New Guinea,334028.0,1141
11278,2022,5,Cargo,Samoa,518.0,14
11279,2022,5,Cargo,Solomon Islands,18081.0,156
11280,2022,5,Cargo,Tokelau,1366.0,11
11281,2022,5,Cargo,Tonga,1807.0,23
11282,2022,5,Cargo,Tuvalu,2128.0,17
11283,2022,5,Cargo,Vanuatu,3121.0,33
11284,2022,5,Fishing,Cook Islands,2454.0,95
11285,2022,5,Fishing,Fiji,961.0,141
11286,2022,5,Fishing,Kiribati,5864.0,224
11287,2022,5,Fishing,Marshall Islands,3021.0,152
11288,2022,5,Fishing,Micronesia,4025.0,180
11289,2022,5,Fishing,Nauru,809.0,44
11290,2022,5,Fishing,Niue,12.0,3
11291,2022,5,Fishing,Palau,568.0,79
11292,2022,5,Fishing,Papua New Guinea,10781.0,290
11293,2022,5,Fishing,Samoa,74.0,33
11294,2022,5,Fishing,Solomon Islands,2697.0,154
11295,2022,5,Fishing,Tokelau,383.0,48
11296,2022,5,Fishing,Tonga,98.0,15
11297,2022,5,Fishing,Tuvalu,541.0,52
11298,2022,5,Fishing,Vanuatu,560.0,70
11299,2022,5,Others,Cook Islands,19976.0,310
11300,2022,5,Others,Fiji,11800.0,263
11301,2022,5,Others,Kiribati,4335.0,90
11302,2022,5,Others,Marshall Islands,2111.0,38
11303,2022,5,Others,Micronesia,1085.0,43
11304,2022,5,Others,Nauru,3.0,3
11305,2022,5,Others,Niue,699.0,39
11306,2022,5,Others,Palau,429.0,20
11307,2022,5,Others,Papua New Guinea,6634.0,274
11308,2022,5,Others,Samoa,821.0,29
11309,2022,5,Others,Solomon Islands,1898.0,55
11310,2022,5,Others,Tokelau,1562.0,27
11311,2022,5,Others,Tonga,1562.0,58
11312,2022,5,Others,Tuvalu,94.0,11
11313,2022,5,Others,Vanuatu,2135.0,47
11314,2022,5,Passenger,Cook Islands,698.0,4
11315,2022,5,Passenger,Fiji,1199.0,14
11316,2022,5,Passenger,Kiribati,1750.0,3
11317,2022,5,Passenger,Marshall Islands,0.0,1
11318,2022,5,Passenger,Micronesia,0.0,3
11319,2022,5,Passenger,Palau,1.0,1
11320,2022,5,Passenger,Papua New Guinea,1316.0,30
11321,2022,5,Passenger,Samoa,93.0,3
11322,2022,5,Passenger,Solomon Islands,15.0,2
11323,2022,5,Passenger,Tokelau,16.0,1
11324,2022,5,Passenger,Tonga,168.0,5
11325,2022,5,Passenger,Tuvalu,24.0,1
11326,2022,5,Passenger,Vanuatu,44.0,2
11327,2022,5,Tanker,Cook Islands,1811.0,17
11328,2022,5,Tanker,Fiji,1474.0,14
11329,2022,5,Tanker,Kiribati,2419.0,20
11330,2022,5,Tanker,Marshall Islands,1351.0,14
11331,2022,5,Tanker,Micronesia,40752.0,140
11332,2022,5,Tanker,Nauru,531.0,7
11333,2022,5,Tanker,Niue,119.0,4
11334,2022,5,Tanker,Palau,7309.0,57
11335,2022,5,Tanker,Papua New Guinea,104903.0,211
11336,2022,5,Tanker,Samoa,164.0,2
11337,2022,5,Tanker,Solomon Islands,2022.0,24
11338,2022,5,Tanker,Tokelau,373.0,3
11339,2022,5,Tanker,Tonga,273.0,6
11340,2022,5,Tanker,Tuvalu,902.0,9
11341,2022,5,Tanker,Vanuatu,680.0,9
11342,2022,6,Cargo,Cook Islands,8258.0,59
11343,2022,6,Cargo,Fiji,7172.0,48
11344,2022,6,Cargo,Kiribati,16745.0,99
11345,2022,6,Cargo,Marshall Islands,7908.0,63
11346,2022,6,Cargo,Micronesia,131505.0,787
11347,2022,6,Cargo,Nauru,1453.0,23
11348,2022,6,Cargo,Niue,1302.0,16
11349,2022,6,Cargo,Palau,34330.0,366
11350,2022,6,Cargo,Papua New Guinea,323787.0,1129
11351,2022,6,Cargo,Samoa,751.0,16
11352,2022,6,Cargo,Solomon Islands,18374.0,162
11353,2022,6,Cargo,Tokelau,962.0,11
11354,2022,6,Cargo,Tonga,2714.0,25
11355,2022,6,Cargo,Tuvalu,1854.0,18
11356,2022,6,Cargo,Vanuatu,2579.0,26
11357,2022,6,Fishing,Cook Islands,2649.0,87
11358,2022,6,Fishing,Fiji,1115.0,133
11359,2022,6,Fishing,Kiribati,5361.0,225
11360,2022,6,Fishing,Marshall Islands,2209.0,114
11361,2022,6,Fishing,Micronesia,5083.0,201
11362,2022,6,Fishing,Nauru,672.0,45
11363,2022,6,Fishing,Niue,53.0,10
11364,2022,6,Fishing,Palau,522.0,67
11365,2022,6,Fishing,Papua New Guinea,11665.0,285
11366,2022,6,Fishing,Samoa,122.0,34
11367,2022,6,Fishing,Solomon Islands,2720.0,153
11368,2022,6,Fishing,Tokelau,250.0,36
11369,2022,6,Fishing,Tonga,189.0,18
11370,2022,6,Fishing,Tuvalu,679.0,58
11371,2022,6,Fishing,Vanuatu,673.0,73
11372,2022,6,Others,Cook Islands,23330.0,281
11373,2022,6,Others,Fiji,17326.0,371
11374,2022,6,Others,Kiribati,4274.0,87
11375,2022,6,Others,Marshall Islands,1462.0,43
11376,2022,6,Others,Micronesia,1956.0,48
11377,2022,6,Others,Nauru,62.0,5
11378,2022,6,Others,Niue,729.0,33
11379,2022,6,Others,Palau,531.0,15
11380,2022,6,Others,Papua New Guinea,7599.0,297
11381,2022,6,Others,Samoa,848.0,26
11382,2022,6,Others,Solomon Islands,2197.0,40
11383,2022,6,Others,Tokelau,606.0,9
11384,2022,6,Others,Tonga,1939.0,76
11385,2022,6,Others,Tuvalu,110.0,10
11386,2022,6,Others,Vanuatu,3208.0,126
11387,2022,6,Passenger,Cook Islands,371.0,5
11388,2022,6,Passenger,Fiji,1129.0,16
11389,2022,6,Passenger,Kiribati,921.0,2
11390,2022,6,Passenger,Marshall Islands,0.0,1
11391,2022,6,Passenger,Micronesia,8.0,4
11392,2022,6,Passenger,Niue,89.0,2
11393,2022,6,Passenger,Palau,1.0,2
11394,2022,6,Passenger,Papua New Guinea,1221.0,29
11395,2022,6,Passenger,Samoa,88.0,3
11396,2022,6,Passenger,Solomon Islands,9.0,1
11397,2022,6,Passenger,Tokelau,12.0,1
11398,2022,6,Passenger,Tonga,233.0,7
11399,2022,6,Passenger,Tuvalu,28.0,2
11400,2022,6,Passenger,Vanuatu,54.0,2
11401,2022,6,Tanker,Cook Islands,1746.0,14
11402,2022,6,Tanker,Fiji,2073.0,17
11403,2022,6,Tanker,Kiribati,1781.0,14
11404,2022,6,Tanker,Marshall Islands,997.0,13
11405,2022,6,Tanker,Micronesia,37385.0,119
11406,2022,6,Tanker,Nauru,667.0,9
11407,2022,6,Tanker,Niue,458.0,6
11408,2022,6,Tanker,Palau,5208.0,46
11409,2022,6,Tanker,Papua New Guinea,84275.0,181
11410,2022,6,Tanker,Samoa,37.0,2
11411,2022,6,Tanker,Solomon Islands,2229.0,24
11412,2022,6,Tanker,Tonga,1224.0,11
11413,2022,6,Tanker,Tuvalu,307.0,5
11414,2022,6,Tanker,Vanuatu,602.0,8
11415,2022,7,Cargo,Cook Islands,8576.0,49
11416,2022,7,Cargo,Fiji,6835.0,45
11417,2022,7,Cargo,Kiribati,14028.0,85
11418,2022,7,Cargo,Marshall Islands,6519.0,52
11419,2022,7,Cargo,Micronesia,114857.0,725
11420,2022,7,Cargo,Nauru,1149.0,18
11421,2022,7,Cargo,Niue,1229.0,14
11422,2022,7,Cargo,Palau,35113.0,356
11423,2022,7,Cargo,Papua New Guinea,296709.0,1081
11424,2022,7,Cargo,Samoa,830.0,15
11425,2022,7,Cargo,Solomon Islands,16579.0,151
11426,2022,7,Cargo,Tokelau,1480.0,16
11427,2022,7,Cargo,Tonga,2840.0,26
11428,2022,7,Cargo,Tuvalu,1745.0,19
11429,2022,7,Cargo,Vanuatu,2783.0,28
11430,2022,7,Fishing,Cook Islands,2752.0,86
11431,2022,7,Fishing,Fiji,1338.0,167
11432,2022,7,Fishing,Kiribati,4510.0,200
11433,2022,7,Fishing,Marshall Islands,2578.0,122
11434,2022,7,Fishing,Micronesia,5580.0,182
11435,2022,7,Fishing,Nauru,1206.0,39
11436,2022,7,Fishing,Niue,22.0,6
11437,2022,7,Fishing,Palau,343.0,55
11438,2022,7,Fishing,Papua New Guinea,14306.0,320
11439,2022,7,Fishing,Samoa,181.0,24
11440,2022,7,Fishing,Solomon Islands,2671.0,160
11441,2022,7,Fishing,Tokelau,231.0,31
11442,2022,7,Fishing,Tonga,191.0,22
11443,2022,7,Fishing,Tuvalu,708.0,51
11444,2022,7,Fishing,Vanuatu,1246.0,70
11445,2022,7,Others,Cook Islands,21806.0,243
11446,2022,7,Others,Fiji,19205.0,430
11447,2022,7,Others,Kiribati,4309.0,55
11448,2022,7,Others,Marshall Islands,447.0,8
11449,2022,7,Others,Micronesia,1949.0,20
11450,2022,7,Others,Nauru,77.0,2
11451,2022,7,Others,Niue,864.0,33
11452,2022,7,Others,Palau,1100.0,22
11453,2022,7,Others,Papua New Guinea,4579.0,238
11454,2022,7,Others,Samoa,188.0,18
11455,2022,7,Others,Solomon Islands,1520.0,34
11456,2022,7,Others,Tokelau,465.0,9
11457,2022,7,Others,Tonga,1547.0,57
11458,2022,7,Others,Tuvalu,223.0,6
11459,2022,7,Others,Vanuatu,7516.0,215
11460,2022,7,Passenger,Cook Islands,17.0,1
11461,2022,7,Passenger,Fiji,1037.0,18
11462,2022,7,Passenger,Kiribati,31.0,1
11463,2022,7,Passenger,Micronesia,56.0,1
11464,2022,7,Passenger,Nauru,18.0,1
11465,2022,7,Passenger,Palau,13.0,2
11466,2022,7,Passenger,Papua New Guinea,1165.0,31
11467,2022,7,Passenger,Samoa,84.0,3
11468,2022,7,Passenger,Solomon Islands,85.0,4
11469,2022,7,Passenger,Tokelau,20.0,1
11470,2022,7,Passenger,Tonga,148.0,4
11471,2022,7,Passenger,Tuvalu,15.0,1
11472,2022,7,Passenger,Vanuatu,96.0,2
11473,2022,7,Tanker,Cook Islands,1519.0,12
11474,2022,7,Tanker,Fiji,2569.0,20
11475,2022,7,Tanker,Kiribati,2541.0,20
11476,2022,7,Tanker,Marshall Islands,1222.0,10
11477,2022,7,Tanker,Micronesia,41754.0,128
11478,2022,7,Tanker,Nauru,537.0,8
11479,2022,7,Tanker,Niue,826.0,9
11480,2022,7,Tanker,Palau,8216.0,47
11481,2022,7,Tanker,Papua New Guinea,99188.0,189
11482,2022,7,Tanker,Samoa,136.0,5
11483,2022,7,Tanker,Solomon Islands,3273.0,33
11484,2022,7,Tanker,Tokelau,92.0,3
11485,2022,7,Tanker,Tonga,1140.0,13
11486,2022,7,Tanker,Tuvalu,151.0,4
11487,2022,7,Tanker,Vanuatu,1094.0,9
11488,2022,8,Cargo,Cook Islands,7956.0,57
11489,2022,8,Cargo,Fiji,7455.0,48
11490,2022,8,Cargo,Kiribati,17361.0,104
11491,2022,8,Cargo,Marshall Islands,8048.0,52
11492,2022,8,Cargo,Micronesia,129400.0,791
11493,2022,8,Cargo,Nauru,1114.0,19
11494,2022,8,Cargo,Niue,969.0,11
11495,2022,8,Cargo,Palau,33470.0,337
11496,2022,8,Cargo,Papua New Guinea,319038.0,1129
11497,2022,8,Cargo,Samoa,673.0,14
11498,2022,8,Cargo,Solomon Islands,17028.0,155
11499,2022,8,Cargo,Tokelau,982.0,13
11500,2022,8,Cargo,Tonga,2060.0,20
11501,2022,8,Cargo,Tuvalu,1630.0,20
11502,2022,8,Cargo,Vanuatu,4354.0,38
11503,2022,8,Fishing,Cook Islands,2114.0,94
11504,2022,8,Fishing,Fiji,1160.0,159
11505,2022,8,Fishing,Kiribati,5376.0,216
11506,2022,8,Fishing,Marshall Islands,2551.0,126
11507,2022,8,Fishing,Micronesia,6557.0,200
11508,2022,8,Fishing,Nauru,844.0,25
11509,2022,8,Fishing,Niue,89.0,6
11510,2022,8,Fishing,Palau,341.0,45
11511,2022,8,Fishing,Papua New Guinea,11081.0,244
11512,2022,8,Fishing,Samoa,124.0,36
11513,2022,8,Fishing,Solomon Islands,1932.0,142
11514,2022,8,Fishing,Tokelau,279.0,32
11515,2022,8,Fishing,Tonga,181.0,19
11516,2022,8,Fishing,Tuvalu,516.0,50
11517,2022,8,Fishing,Vanuatu,1464.0,85
11518,2022,8,Others,Cook Islands,15302.0,221
11519,2022,8,Others,Fiji,20734.0,465
11520,2022,8,Others,Kiribati,5868.0,68
11521,2022,8,Others,Marshall Islands,317.0,12
11522,2022,8,Others,Micronesia,2629.0,24
11523,2022,8,Others,Nauru,33.0,6
11524,2022,8,Others,Niue,823.0,29
11525,2022,8,Others,Palau,301.0,12
11526,2022,8,Others,Papua New Guinea,4492.0,228
11527,2022,8,Others,Samoa,793.0,47
11528,2022,8,Others,Solomon Islands,1065.0,38
11529,2022,8,Others,Tokelau,742.0,28
11530,2022,8,Others,Tonga,2015.0,73
11531,2022,8,Others,Tuvalu,74.0,5
11532,2022,8,Others,Vanuatu,8832.0,247
11533,2022,8,Passenger,Cook Islands,79.0,2
11534,2022,8,Passenger,Fiji,2601.0,18
11535,2022,8,Passenger,Kiribati,8.0,1
11536,2022,8,Passenger,Micronesia,0.0,1
11537,2022,8,Passenger,Palau,0.0,1
11538,2022,8,Passenger,Papua New Guinea,1006.0,25
11539,2022,8,Passenger,Samoa,79.0,3
11540,2022,8,Passenger,Solomon Islands,12.0,4
11541,2022,8,Passenger,Tokelau,21.0,1
11542,2022,8,Passenger,Tonga,78.0,3
11543,2022,8,Passenger,Tuvalu,13.0,1
11544,2022,8,Passenger,Vanuatu,374.0,3
11545,2022,8,Tanker,Cook Islands,1882.0,14
11546,2022,8,Tanker,Fiji,2320.0,20
11547,2022,8,Tanker,Kiribati,3083.0,15
11548,2022,8,Tanker,Marshall Islands,894.0,8
11549,2022,8,Tanker,Micronesia,43207.0,134
11550,2022,8,Tanker,Nauru,331.0,5
11551,2022,8,Tanker,Niue,292.0,5
11552,2022,8,Tanker,Palau,7408.0,53
11553,2022,8,Tanker,Papua New Guinea,101099.0,202
11554,2022,8,Tanker,Samoa,161.0,5
11555,2022,8,Tanker,Solomon Islands,2996.0,27
11556,2022,8,Tanker,Tokelau,100.0,2
11557,2022,8,Tanker,Tonga,830.0,11
11558,2022,8,Tanker,Tuvalu,299.0,6
11559,2022,8,Tanker,Vanuatu,742.0,8
11560,2022,9,Cargo,Cook Islands,6664.0,43
11561,2022,9,Cargo,Fiji,8307.0,54
11562,2022,9,Cargo,Kiribati,15592.0,97
11563,2022,9,Cargo,Marshall Islands,6530.0,60
11564,2022,9,Cargo,Micronesia,113989.0,729
11565,2022,9,Cargo,Nauru,695.0,11
11566,2022,9,Cargo,Niue,1396.0,17
11567,2022,9,Cargo,Palau,37777.0,388
11568,2022,9,Cargo,Papua New Guinea,305444.0,1102
11569,2022,9,Cargo,Samoa,813.0,20
11570,2022,9,Cargo,Solomon Islands,16011.0,148
11571,2022,9,Cargo,Tokelau,1084.0,12
11572,2022,9,Cargo,Tonga,2696.0,27
11573,2022,9,Cargo,Tuvalu,1808.0,17
11574,2022,9,Cargo,Vanuatu,3175.0,35
11575,2022,9,Fishing,Cook Islands,1589.0,68
11576,2022,9,Fishing,Fiji,1137.0,134
11577,2022,9,Fishing,Kiribati,5248.0,207
11578,2022,9,Fishing,Marshall Islands,2714.0,119
11579,2022,9,Fishing,Micronesia,8834.0,223
11580,2022,9,Fishing,Nauru,866.0,24
11581,2022,9,Fishing,Niue,47.0,8
11582,2022,9,Fishing,Palau,410.0,47
11583,2022,9,Fishing,Papua New Guinea,7644.0,182
11584,2022,9,Fishing,Samoa,158.0,52
11585,2022,9,Fishing,Solomon Islands,2290.0,116
11586,2022,9,Fishing,Tokelau,259.0,33
11587,2022,9,Fishing,Tonga,280.0,35
11588,2022,9,Fishing,Tuvalu,365.0,42
11589,2022,9,Fishing,Vanuatu,1294.0,60
11590,2022,9,Others,Cook Islands,11194.0,139
11591,2022,9,Others,Fiji,22054.0,490
11592,2022,9,Others,Kiribati,4055.0,55
11593,2022,9,Others,Marshall Islands,355.0,11
11594,2022,9,Others,Micronesia,1182.0,25
11595,2022,9,Others,Nauru,193.0,5
11596,2022,9,Others,Niue,1030.0,39
11597,2022,9,Others,Palau,126.0,8
11598,2022,9,Others,Papua New Guinea,5291.0,254
11599,2022,9,Others,Samoa,670.0,38
11600,2022,9,Others,Solomon Islands,2532.0,44
11601,2022,9,Others,Tokelau,405.0,10
11602,2022,9,Others,Tonga,1545.0,58
11603,2022,9,Others,Tuvalu,500.0,17
11604,2022,9,Others,Vanuatu,8176.0,234
11605,2022,9,Passenger,Cook Islands,237.0,2
11606,2022,9,Passenger,Fiji,2193.0,18
11607,2022,9,Passenger,Kiribati,23.0,1
11608,2022,9,Passenger,Marshall Islands,26.0,1
11609,2022,9,Passenger,Micronesia,22.0,2
11610,2022,9,Passenger,Palau,32.0,2
11611,2022,9,Passenger,Papua New Guinea,1625.0,33
11612,2022,9,Passenger,Samoa,223.0,4
11613,2022,9,Passenger,Solomon Islands,41.0,5
11614,2022,9,Passenger,Tokelau,244.0,2
11615,2022,9,Passenger,Tonga,113.0,4
11616,2022,9,Passenger,Tuvalu,25.0,1
11617,2022,9,Passenger,Vanuatu,98.0,2
11618,2022,9,Tanker,Cook Islands,1081.0,9
11619,2022,9,Tanker,Fiji,2120.0,18
11620,2022,9,Tanker,Kiribati,3667.0,15
11621,2022,9,Tanker,Marshall Islands,773.0,11
11622,2022,9,Tanker,Micronesia,42260.0,137
11623,2022,9,Tanker,Nauru,819.0,8
11624,2022,9,Tanker,Niue,245.0,4
11625,2022,9,Tanker,Palau,11638.0,59
11626,2022,9,Tanker,Papua New Guinea,98027.0,196
11627,2022,9,Tanker,Samoa,89.0,3
11628,2022,9,Tanker,Solomon Islands,2855.0,27
11629,2022,9,Tanker,Tokelau,83.0,1
11630,2022,9,Tanker,Tonga,818.0,11
11631,2022,9,Tanker,Tuvalu,315.0,5
11632,2022,9,Tanker,Vanuatu,811.0,9
11633,2022,10,Cargo,Cook Islands,5815.0,38
11634,2022,10,Cargo,Fiji,7055.0,47
11635,2022,10,Cargo,Kiribati,18353.0,103
11636,2022,10,Cargo,Marshall Islands,8878.0,80
11637,2022,10,Cargo,Micronesia,124815.0,767
11638,2022,10,Cargo,Nauru,817.0,18
11639,2022,10,Cargo,Niue,1357.0,16
11640,2022,10,Cargo,Palau,33994.0,357
11641,2022,10,Cargo,Papua New Guinea,320607.0,1106
11642,2022,10,Cargo,Samoa,412.0,13
11643,2022,10,Cargo,Solomon Islands,18574.0,175
11644,2022,10,Cargo,Tokelau,477.0,7
11645,2022,10,Cargo,Tonga,2494.0,27
11646,2022,10,Cargo,Tuvalu,1857.0,17
11647,2022,10,Cargo,Vanuatu,2920.0,32
11648,2022,10,Fishing,Cook Islands,1133.0,54
11649,2022,10,Fishing,Fiji,1394.0,172
11650,2022,10,Fishing,Kiribati,6399.0,214
11651,2022,10,Fishing,Marshall Islands,3432.0,146
11652,2022,10,Fishing,Micronesia,5885.0,211
11653,2022,10,Fishing,Nauru,1121.0,43
11654,2022,10,Fishing,Niue,19.0,3
11655,2022,10,Fishing,Palau,344.0,47
11656,2022,10,Fishing,Papua New Guinea,7818.0,199
11657,2022,10,Fishing,Samoa,169.0,37
11658,2022,10,Fishing,Solomon Islands,2522.0,126
11659,2022,10,Fishing,Tokelau,263.0,28
11660,2022,10,Fishing,Tonga,229.0,23
11661,2022,10,Fishing,Tuvalu,473.0,46
11662,2022,10,Fishing,Vanuatu,1639.0,86
11663,2022,10,Others,Cook Islands,3759.0,60
11664,2022,10,Others,Fiji,19312.0,462
11665,2022,10,Others,Kiribati,3709.0,66
11666,2022,10,Others,Marshall Islands,513.0,18
11667,2022,10,Others,Micronesia,2370.0,27
11668,2022,10,Others,Nauru,210.0,4
11669,2022,10,Others,Niue,553.0,23
11670,2022,10,Others,Palau,356.0,17
11671,2022,10,Others,Papua New Guinea,5830.0,253
11672,2022,10,Others,Samoa,246.0,22
11673,2022,10,Others,Solomon Islands,2639.0,59
11674,2022,10,Others,Tokelau,398.0,5
11675,2022,10,Others,Tonga,1315.0,48
11676,2022,10,Others,Tuvalu,1432.0,39
11677,2022,10,Others,Vanuatu,10284.0,259
11678,2022,10,Passenger,Cook Islands,5248.0,12
11679,2022,10,Passenger,Fiji,8042.0,23
11680,2022,10,Passenger,Kiribati,7562.0,12
11681,2022,10,Passenger,Marshall Islands,45.0,2
11682,2022,10,Passenger,Micronesia,30.0,4
11683,2022,10,Passenger,Niue,1783.0,6
11684,2022,10,Passenger,Palau,5.0,2
11685,2022,10,Passenger,Papua New Guinea,6633.0,37
11686,2022,10,Passenger,Samoa,897.0,7
11687,2022,10,Passenger,Solomon Islands,715.0,9
11688,2022,10,Passenger,Tokelau,665.0,3
11689,2022,10,Passenger,Tonga,2627.0,11
11690,2022,10,Passenger,Tuvalu,128.0,3
11691,2022,10,Passenger,Vanuatu,640.0,6
11692,2022,10,Tanker,Cook Islands,1126.0,11
11693,2022,10,Tanker,Fiji,1444.0,12
11694,2022,10,Tanker,Kiribati,4297.0,19
11695,2022,10,Tanker,Marshall Islands,1075.0,11
11696,2022,10,Tanker,Micronesia,48603.0,143
11697,2022,10,Tanker,Nauru,417.0,5
11698,2022,10,Tanker,Niue,350.0,7
11699,2022,10,Tanker,Palau,11839.0,65
11700,2022,10,Tanker,Papua New Guinea,109687.0,211
11701,2022,10,Tanker,Samoa,30.0,2
11702,2022,10,Tanker,Solomon Islands,2947.0,29
11703,2022,10,Tanker,Tokelau,96.0,1
11704,2022,10,Tanker,Tonga,703.0,11
11705,2022,10,Tanker,Tuvalu,213.0,4
11706,2022,10,Tanker,Vanuatu,724.0,7
11707,2022,11,Cargo,Cook Islands,7165.0,52
11708,2022,11,Cargo,Fiji,9670.0,58
11709,2022,11,Cargo,Kiribati,20444.0,122
11710,2022,11,Cargo,Marshall Islands,9093.0,91
11711,2022,11,Cargo,Micronesia,128046.0,824
11712,2022,11,Cargo,Nauru,1201.0,24
11713,2022,11,Cargo,Niue,1244.0,15
11714,2022,11,Cargo,Palau,34182.0,350
11715,2022,11,Cargo,Papua New Guinea,315164.0,1133
11716,2022,11,Cargo,Samoa,817.0,16
11717,2022,11,Cargo,Solomon Islands,20341.0,182
11718,2022,11,Cargo,Tokelau,1200.0,14
11719,2022,11,Cargo,Tonga,2985.0,25
11720,2022,11,Cargo,Tuvalu,2992.0,25
11721,2022,11,Cargo,Vanuatu,2828.0,32
11722,2022,11,Fishing,Cook Islands,1275.0,34
11723,2022,11,Fishing,Fiji,842.0,122
11724,2022,11,Fishing,Kiribati,6849.0,199
11725,2022,11,Fishing,Marshall Islands,3700.0,143
11726,2022,11,Fishing,Micronesia,8267.0,233
11727,2022,11,Fishing,Nauru,1112.0,48
11728,2022,11,Fishing,Palau,432.0,64
11729,2022,11,Fishing,Papua New Guinea,6782.0,213
11730,2022,11,Fishing,Samoa,275.0,46
11731,2022,11,Fishing,Solomon Islands,2858.0,157
11732,2022,11,Fishing,Tokelau,372.0,29
11733,2022,11,Fishing,Tonga,231.0,18
11734,2022,11,Fishing,Tuvalu,1163.0,55
11735,2022,11,Fishing,Vanuatu,1653.0,79
11736,2022,11,Others,Cook Islands,3292.0,67
11737,2022,11,Others,Fiji,8392.0,246
11738,2022,11,Others,Kiribati,3518.0,46
11739,2022,11,Others,Marshall Islands,468.0,18
11740,2022,11,Others,Micronesia,1248.0,36
11741,2022,11,Others,Nauru,137.0,4
11742,2022,11,Others,Niue,442.0,15
11743,2022,11,Others,Palau,190.0,11
11744,2022,11,Others,Papua New Guinea,4703.0,247
11745,2022,11,Others,Samoa,237.0,23
11746,2022,11,Others,Solomon Islands,4216.0,53
11747,2022,11,Others,Tokelau,404.0,15
11748,2022,11,Others,Tonga,1306.0,39
11749,2022,11,Others,Tuvalu,2559.0,36
11750,2022,11,Others,Vanuatu,9236.0,223
11751,2022,11,Passenger,Cook Islands,1040.0,7
11752,2022,11,Passenger,Fiji,2901.0,18
11753,2022,11,Passenger,Kiribati,1556.0,3
11754,2022,11,Passenger,Marshall Islands,12.0,1
11755,2022,11,Passenger,Micronesia,58.0,3
11756,2022,11,Passenger,Niue,201.0,2
11757,2022,11,Passenger,Palau,33.0,3
11758,2022,11,Passenger,Papua New Guinea,7526.0,40
11759,2022,11,Passenger,Samoa,298.0,5
11760,2022,11,Passenger,Solomon Islands,597.0,6
11761,2022,11,Passenger,Tokelau,308.0,2
11762,2022,11,Passenger,Tonga,473.0,6
11763,2022,11,Passenger,Tuvalu,20.0,1
11764,2022,11,Passenger,Vanuatu,1984.0,10
11765,2022,11,Tanker,Cook Islands,624.0,8
11766,2022,11,Tanker,Fiji,1810.0,16
11767,2022,11,Tanker,Kiribati,3305.0,15
11768,2022,11,Tanker,Marshall Islands,2275.0,18
11769,2022,11,Tanker,Micronesia,43916.0,142
11770,2022,11,Tanker,Nauru,936.0,12
11771,2022,11,Tanker,Niue,280.0,5
11772,2022,11,Tanker,Palau,6235.0,53
11773,2022,11,Tanker,Papua New Guinea,106575.0,205
11774,2022,11,Tanker,Samoa,99.0,2
11775,2022,11,Tanker,Solomon Islands,3558.0,33
11776,2022,11,Tanker,Tokelau,24.0,1
11777,2022,11,Tanker,Tonga,493.0,8
11778,2022,11,Tanker,Tuvalu,259.0,4
11779,2022,11,Tanker,Vanuatu,788.0,8
11780,2022,12,Cargo,Cook Islands,12331.0,52
11781,2022,12,Cargo,Fiji,9390.0,56
11782,2022,12,Cargo,Kiribati,21366.0,123
11783,2022,12,Cargo,Marshall Islands,12826.0,104
11784,2022,12,Cargo,Micronesia,128219.0,816
11785,2022,12,Cargo,Nauru,1429.0,17
11786,2022,12,Cargo,Niue,1901.0,16
11787,2022,12,Cargo,Palau,30476.0,356
11788,2022,12,Cargo,Papua New Guinea,317321.0,1138
11789,2022,12,Cargo,Samoa,948.0,16
11790,2022,12,Cargo,Solomon Islands,16698.0,153
11791,2022,12,Cargo,Tokelau,1400.0,15
11792,2022,12,Cargo,Tonga,3757.0,25
11793,2022,12,Cargo,Tuvalu,1728.0,16
11794,2022,12,Cargo,Vanuatu,2515.0,29
11795,2022,12,Fishing,Cook Islands,819.0,27
11796,2022,12,Fishing,Fiji,959.0,136
11797,2022,12,Fishing,Kiribati,5915.0,189
11798,2022,12,Fishing,Marshall Islands,2798.0,148
11799,2022,12,Fishing,Micronesia,7314.0,229
11800,2022,12,Fishing,Nauru,1336.0,49
11801,2022,12,Fishing,Palau,347.0,44
11802,2022,12,Fishing,Papua New Guinea,7626.0,250
11803,2022,12,Fishing,Samoa,281.0,48
11804,2022,12,Fishing,Solomon Islands,3646.0,190
11805,2022,12,Fishing,Tokelau,351.0,26
11806,2022,12,Fishing,Tonga,234.0,20
11807,2022,12,Fishing,Tuvalu,948.0,54
11808,2022,12,Fishing,Vanuatu,1834.0,104
11809,2022,12,Others,Cook Islands,2042.0,25
11810,2022,12,Others,Fiji,4354.0,127
11811,2022,12,Others,Kiribati,3616.0,42
11812,2022,12,Others,Marshall Islands,922.0,15
11813,2022,12,Others,Micronesia,4093.0,44
11814,2022,12,Others,Nauru,183.0,4
11815,2022,12,Others,Niue,42.0,2
11816,2022,12,Others,Palau,138.0,12
11817,2022,12,Others,Papua New Guinea,4668.0,211
11818,2022,12,Others,Samoa,202.0,14
11819,2022,12,Others,Solomon Islands,4927.0,61
11820,2022,12,Others,Tokelau,212.0,6
11821,2022,12,Others,Tonga,339.0,10
11822,2022,12,Others,Tuvalu,1627.0,25
11823,2022,12,Others,Vanuatu,10355.0,186
11824,2022,12,Passenger,Cook Islands,1187.0,6
11825,2022,12,Passenger,Fiji,4275.0,21
11826,2022,12,Passenger,Kiribati,782.0,3
11827,2022,12,Passenger,Marshall Islands,37.0,2
11828,2022,12,Passenger,Micronesia,62.0,3
11829,2022,12,Passenger,Niue,180.0,1
11830,2022,12,Passenger,Palau,2.0,2
11831,2022,12,Passenger,Papua New Guinea,1261.0,35
11832,2022,12,Passenger,Samoa,323.0,6
11833,2022,12,Passenger,Solomon Islands,166.0,6
11834,2022,12,Passenger,Tokelau,20.0,1
11835,2022,12,Passenger,Tonga,536.0,5
11836,2022,12,Passenger,Tuvalu,8.0,1
11837,2022,12,Passenger,Vanuatu,4687.0,17
11838,2022,12,Tanker,Cook Islands,564.0,5
11839,2022,12,Tanker,Fiji,1724.0,15
11840,2022,12,Tanker,Kiribati,3345.0,17
11841,2022,12,Tanker,Marshall Islands,1477.0,13
11842,2022,12,Tanker,Micronesia,46199.0,143
11843,2022,12,Tanker,Nauru,761.0,6
11844,2022,12,Tanker,Niue,433.0,4
11845,2022,12,Tanker,Palau,7001.0,62
11846,2022,12,Tanker,Papua New Guinea,104373.0,200
11847,2022,12,Tanker,Samoa,141.0,4
11848,2022,12,Tanker,Solomon Islands,3667.0,29
11849,2022,12,Tanker,Tokelau,109.0,2
11850,2022,12,Tanker,Tonga,755.0,8
11851,2022,12,Tanker,Tuvalu,802.0,4
11852,2022,12,Tanker,Vanuatu,645.0,7
11853,2023,1,Cargo,Cook Islands,7254.0,46
11854,2023,1,Cargo,Fiji,8193.0,53
11855,2023,1,Cargo,Kiribati,20801.0,122
11856,2023,1,Cargo,Marshall Islands,15846.0,121
11857,2023,1,Cargo,Micronesia,112017.0,732
11858,2023,1,Cargo,Nauru,859.0,11
11859,2023,1,Cargo,Niue,1185.0,13
11860,2023,1,Cargo,Palau,29223.0,326
11861,2023,1,Cargo,Papua New Guinea,288694.0,1087
11862,2023,1,Cargo,Samoa,622.0,17
11863,2023,1,Cargo,Solomon Islands,15053.0,145
11864,2023,1,Cargo,Tokelau,1090.0,12
11865,2023,1,Cargo,Tonga,2498.0,25
11866,2023,1,Cargo,Tuvalu,1556.0,22
11867,2023,1,Cargo,Vanuatu,3056.0,35
11868,2023,1,Fishing,Cook Islands,636.0,24
11869,2023,1,Fishing,Fiji,1093.0,135
11870,2023,1,Fishing,Kiribati,5790.0,185
11871,2023,1,Fishing,Marshall Islands,3368.0,175
11872,2023,1,Fishing,Micronesia,6573.0,234
11873,2023,1,Fishing,Nauru,1207.0,47
11874,2023,1,Fishing,Niue,61.0,5
11875,2023,1,Fishing,Palau,257.0,41
11876,2023,1,Fishing,Papua New Guinea,8659.0,308
11877,2023,1,Fishing,Samoa,277.0,41
11878,2023,1,Fishing,Solomon Islands,3789.0,203
11879,2023,1,Fishing,Tokelau,192.0,16
11880,2023,1,Fishing,Tonga,214.0,21
11881,2023,1,Fishing,Tuvalu,838.0,38
11882,2023,1,Fishing,Vanuatu,1537.0,97
11883,2023,1,Others,Cook Islands,637.0,4
11884,2023,1,Others,Fiji,2945.0,105
11885,2023,1,Others,Kiribati,2183.0,40
11886,2023,1,Others,Marshall Islands,719.0,28
11887,2023,1,Others,Micronesia,3559.0,66
11888,2023,1,Others,Nauru,87.0,4
11889,2023,1,Others,Palau,267.0,16
11890,2023,1,Others,Papua New Guinea,4720.0,269
11891,2023,1,Others,Samoa,633.0,15
11892,2023,1,Others,Solomon Islands,4555.0,57
11893,2023,1,Others,Tokelau,201.0,4
11894,2023,1,Others,Tonga,170.0,5
11895,2023,1,Others,Tuvalu,587.0,12
11896,2023,1,Others,Vanuatu,7497.0,168
11897,2023,1,Passenger,Cook Islands,1222.0,5
11898,2023,1,Passenger,Fiji,3518.0,21
11899,2023,1,Passenger,Kiribati,2456.0,4
11900,2023,1,Passenger,Marshall Islands,114.0,2
11901,2023,1,Passenger,Micronesia,245.0,4
11902,2023,1,Passenger,Niue,504.0,2
11903,2023,1,Passenger,Palau,33.0,3
11904,2023,1,Passenger,Papua New Guinea,2599.0,32
11905,2023,1,Passenger,Samoa,227.0,5
11906,2023,1,Passenger,Solomon Islands,280.0,5
11907,2023,1,Passenger,Tokelau,15.0,1
11908,2023,1,Passenger,Tonga,1648.0,6
11909,2023,1,Passenger,Tuvalu,0.0,1
11910,2023,1,Passenger,Vanuatu,4885.0,12
11911,2023,1,Tanker,Cook Islands,676.0,5
11912,2023,1,Tanker,Fiji,1249.0,12
11913,2023,1,Tanker,Kiribati,4179.0,17
11914,2023,1,Tanker,Marshall Islands,2189.0,20
11915,2023,1,Tanker,Micronesia,49556.0,133
11916,2023,1,Tanker,Nauru,637.0,8
11917,2023,1,Tanker,Niue,100.0,2
11918,2023,1,Tanker,Palau,6897.0,57
11919,2023,1,Tanker,Papua New Guinea,110530.0,203
11920,2023,1,Tanker,Samoa,116.0,4
11921,2023,1,Tanker,Solomon Islands,3213.0,33
11922,2023,1,Tanker,Tokelau,89.0,2
11923,2023,1,Tanker,Tonga,407.0,8
11924,2023,1,Tanker,Tuvalu,463.0,6
11925,2023,1,Tanker,Vanuatu,560.0,7
11926,2023,2,Cargo,Cook Islands,5970.0,42
11927,2023,2,Cargo,Fiji,6428.0,50
11928,2023,2,Cargo,Kiribati,18421.0,106
11929,2023,2,Cargo,Marshall Islands,7260.0,78
11930,2023,2,Cargo,Micronesia,100007.0,713
11931,2023,2,Cargo,Nauru,629.0,11
11932,2023,2,Cargo,Niue,987.0,11
11933,2023,2,Cargo,Palau,25625.0,291
11934,2023,2,Cargo,Papua New Guinea,262744.0,1040
11935,2023,2,Cargo,Samoa,457.0,13
11936,2023,2,Cargo,Solomon Islands,13571.0,147
11937,2023,2,Cargo,Tokelau,1140.0,10
11938,2023,2,Cargo,Tonga,2529.0,21
11939,2023,2,Cargo,Tuvalu,1494.0,16
11940,2023,2,Cargo,Vanuatu,2118.0,27
11941,2023,2,Fishing,Cook Islands,1083.0,37
11942,2023,2,Fishing,Fiji,896.0,144
11943,2023,2,Fishing,Kiribati,5156.0,149
11944,2023,2,Fishing,Marshall Islands,2444.0,136
11945,2023,2,Fishing,Micronesia,5876.0,184
11946,2023,2,Fishing,Nauru,792.0,42
11947,2023,2,Fishing,Niue,21.0,3
11948,2023,2,Fishing,Palau,218.0,27
11949,2023,2,Fishing,Papua New Guinea,9850.0,307
11950,2023,2,Fishing,Samoa,163.0,31
11951,2023,2,Fishing,Solomon Islands,3703.0,218
11952,2023,2,Fishing,Tokelau,187.0,19
11953,2023,2,Fishing,Tonga,237.0,22
11954,2023,2,Fishing,Tuvalu,278.0,26
11955,2023,2,Fishing,Vanuatu,1202.0,82
11956,2023,2,Others,Cook Islands,2706.0,44
11957,2023,2,Others,Fiji,2472.0,100
11958,2023,2,Others,Kiribati,3304.0,40
11959,2023,2,Others,Marshall Islands,785.0,27
11960,2023,2,Others,Micronesia,3337.0,42
11961,2023,2,Others,Nauru,314.0,3
11962,2023,2,Others,Palau,115.0,4
11963,2023,2,Others,Papua New Guinea,5131.0,324
11964,2023,2,Others,Samoa,281.0,12
11965,2023,2,Others,Solomon Islands,2820.0,51
11966,2023,2,Others,Tokelau,170.0,10
11967,2023,2,Others,Tonga,119.0,8
11968,2023,2,Others,Tuvalu,417.0,18
11969,2023,2,Others,Vanuatu,6682.0,111
11970,2023,2,Passenger,Cook Islands,2031.0,8
11971,2023,2,Passenger,Fiji,11243.0,25
11972,2023,2,Passenger,Kiribati,2175.0,6
11973,2023,2,Passenger,Marshall Islands,498.0,4
11974,2023,2,Passenger,Micronesia,640.0,5
11975,2023,2,Passenger,Niue,129.0,1
11976,2023,2,Passenger,Palau,204.0,3
11977,2023,2,Passenger,Papua New Guinea,4900.0,37
11978,2023,2,Passenger,Samoa,880.0,9
11979,2023,2,Passenger,Solomon Islands,251.0,3
11980,2023,2,Passenger,Tokelau,636.0,3
11981,2023,2,Passenger,Tonga,4334.0,11
11982,2023,2,Passenger,Tuvalu,926.0,3
11983,2023,2,Passenger,Vanuatu,4371.0,14
11984,2023,2,Tanker,Cook Islands,1456.0,8
11985,2023,2,Tanker,Fiji,1278.0,13
11986,2023,2,Tanker,Kiribati,2910.0,15
11987,2023,2,Tanker,Marshall Islands,872.0,10
11988,2023,2,Tanker,Micronesia,41592.0,137
11989,2023,2,Tanker,Nauru,383.0,8
11990,2023,2,Tanker,Niue,185.0,4
11991,2023,2,Tanker,Palau,6969.0,57
11992,2023,2,Tanker,Papua New Guinea,100364.0,207
11993,2023,2,Tanker,Samoa,132.0,3
11994,2023,2,Tanker,Solomon Islands,2968.0,30
11995,2023,2,Tanker,Tokelau,229.0,3
11996,2023,2,Tanker,Tonga,429.0,7
11997,2023,2,Tanker,Tuvalu,335.0,6
11998,2023,2,Tanker,Vanuatu,719.0,10
11999,2023,3,Cargo,Cook Islands,9579.0,60
12000,2023,3,Cargo,Fiji,8653.0,55
12001,2023,3,Cargo,Kiribati,17451.0,94
12002,2023,3,Cargo,Marshall Islands,7626.0,67
12003,2023,3,Cargo,Micronesia,117281.0,764
12004,2023,3,Cargo,Nauru,1019.0,19
12005,2023,3,Cargo,Niue,1605.0,18
12006,2023,3,Cargo,Palau,33239.0,343
12007,2023,3,Cargo,Papua New Guinea,309827.0,1133
12008,2023,3,Cargo,Samoa,991.0,19
12009,2023,3,Cargo,Solomon Islands,15871.0,151
12010,2023,3,Cargo,Tokelau,1125.0,15
12011,2023,3,Cargo,Tonga,3286.0,28
12012,2023,3,Cargo,Tuvalu,1949.0,23
12013,2023,3,Cargo,Vanuatu,3737.0,36
12014,2023,3,Fishing,Cook Islands,1680.0,61
12015,2023,3,Fishing,Fiji,943.0,180
12016,2023,3,Fishing,Kiribati,4473.0,191
12017,2023,3,Fishing,Marshall Islands,3651.0,173
12018,2023,3,Fishing,Micronesia,8279.0,261
12019,2023,3,Fishing,Nauru,920.0,39
12020,2023,3,Fishing,Niue,19.0,5
12021,2023,3,Fishing,Palau,182.0,27
12022,2023,3,Fishing,Papua New Guinea,9483.0,283
12023,2023,3,Fishing,Samoa,171.0,40
12024,2023,3,Fishing,Solomon Islands,3427.0,191
12025,2023,3,Fishing,Tokelau,132.0,17
12026,2023,3,Fishing,Tonga,270.0,24
12027,2023,3,Fishing,Tuvalu,411.0,33
12028,2023,3,Fishing,Vanuatu,1060.0,79
12029,2023,3,Others,Cook Islands,8909.0,89
12030,2023,3,Others,Fiji,2949.0,116
12031,2023,3,Others,Kiribati,3191.0,49
12032,2023,3,Others,Marshall Islands,979.0,24
12033,2023,3,Others,Micronesia,3438.0,51
12034,2023,3,Others,Nauru,151.0,2
12035,2023,3,Others,Palau,1040.0,17
12036,2023,3,Others,Papua New Guinea,5038.0,318
12037,2023,3,Others,Samoa,330.0,11
12038,2023,3,Others,Solomon Islands,3210.0,49
12039,2023,3,Others,Tokelau,420.0,20
12040,2023,3,Others,Tonga,387.0,7
12041,2023,3,Others,Tuvalu,603.0,16
12042,2023,3,Others,Vanuatu,5704.0,108
12043,2023,3,Passenger,Cook Islands,1422.0,6
12044,2023,3,Passenger,Fiji,1547.0,17
12045,2023,3,Passenger,Kiribati,2296.0,4
12046,2023,3,Passenger,Marshall Islands,50.0,2
12047,2023,3,Passenger,Micronesia,176.0,5
12048,2023,3,Passenger,Niue,356.0,3
12049,2023,3,Passenger,Palau,609.0,2
12050,2023,3,Passenger,Papua New Guinea,4529.0,38
12051,2023,3,Passenger,Samoa,322.0,7
12052,2023,3,Passenger,Solomon Islands,698.0,7
12053,2023,3,Passenger,Tokelau,430.0,2
12054,2023,3,Passenger,Tonga,505.0,7
12055,2023,3,Passenger,Tuvalu,13.0,1
12056,2023,3,Passenger,Vanuatu,2344.0,14
12057,2023,3,Tanker,Cook Islands,519.0,8
12058,2023,3,Tanker,Fiji,1505.0,15
12059,2023,3,Tanker,Kiribati,2956.0,13
12060,2023,3,Tanker,Marshall Islands,1510.0,14
12061,2023,3,Tanker,Micronesia,40700.0,140
12062,2023,3,Tanker,Nauru,579.0,7
12063,2023,3,Tanker,Niue,183.0,3
12064,2023,3,Tanker,Palau,12709.0,61
12065,2023,3,Tanker,Papua New Guinea,107442.0,206
12066,2023,3,Tanker,Samoa,18.0,2
12067,2023,3,Tanker,Solomon Islands,3185.0,32
12068,2023,3,Tanker,Tokelau,171.0,4
12069,2023,3,Tanker,Tonga,318.0,5
12070,2023,3,Tanker,Tuvalu,255.0,5
12071,2023,3,Tanker,Vanuatu,742.0,6
12072,2023,4,Cargo,Cook Islands,10040.0,62
12073,2023,4,Cargo,Fiji,6920.0,55
12074,2023,4,Cargo,Kiribati,16335.0,93
12075,2023,4,Cargo,Marshall Islands,5255.0,46
12076,2023,4,Cargo,Micronesia,113916.0,762
12077,2023,4,Cargo,Nauru,1155.0,17
12078,2023,4,Cargo,Niue,946.0,13
12079,2023,4,Cargo,Palau,35741.0,376
12080,2023,4,Cargo,Papua New Guinea,310881.0,1126
12081,2023,4,Cargo,Samoa,622.0,16
12082,2023,4,Cargo,Solomon Islands,17311.0,173
12083,2023,4,Cargo,Tokelau,1611.0,19
12084,2023,4,Cargo,Tonga,3144.0,24
12085,2023,4,Cargo,Tuvalu,2132.0,22
12086,2023,4,Cargo,Vanuatu,3732.0,42
12087,2023,4,Fishing,Cook Islands,2300.0,90
12088,2023,4,Fishing,Fiji,861.0,159
12089,2023,4,Fishing,Kiribati,5787.0,211
12090,2023,4,Fishing,Marshall Islands,3170.0,179
12091,2023,4,Fishing,Micronesia,5786.0,223
12092,2023,4,Fishing,Nauru,2115.0,65
12093,2023,4,Fishing,Niue,14.0,5
12094,2023,4,Fishing,Palau,87.0,25
12095,2023,4,Fishing,Papua New Guinea,8272.0,269
12096,2023,4,Fishing,Samoa,138.0,39
12097,2023,4,Fishing,Solomon Islands,3828.0,176
12098,2023,4,Fishing,Tokelau,128.0,28
12099,2023,4,Fishing,Tonga,254.0,34
12100,2023,4,Fishing,Tuvalu,472.0,37
12101,2023,4,Fishing,Vanuatu,840.0,50
12102,2023,4,Others,Cook Islands,14758.0,175
12103,2023,4,Others,Fiji,4402.0,149
12104,2023,4,Others,Kiribati,6558.0,88
12105,2023,4,Others,Marshall Islands,769.0,20
12106,2023,4,Others,Micronesia,1697.0,38
12107,2023,4,Others,Nauru,28.0,3
12108,2023,4,Others,Niue,223.0,10
12109,2023,4,Others,Palau,157.0,9
12110,2023,4,Others,Papua New Guinea,5378.0,319
12111,2023,4,Others,Samoa,544.0,12
12112,2023,4,Others,Solomon Islands,2771.0,45
12113,2023,4,Others,Tokelau,212.0,10
12114,2023,4,Others,Tonga,590.0,23
12115,2023,4,Others,Tuvalu,648.0,10
12116,2023,4,Others,Vanuatu,4020.0,66
12117,2023,4,Passenger,Cook Islands,4448.0,15
12118,2023,4,Passenger,Fiji,6123.0,20
12119,2023,4,Passenger,Kiribati,6825.0,10
12120,2023,4,Passenger,Marshall Islands,160.0,3
12121,2023,4,Passenger,Micronesia,434.0,7
12122,2023,4,Passenger,Niue,550.0,2
12123,2023,4,Passenger,Palau,301.0,3
12124,2023,4,Passenger,Papua New Guinea,2993.0,34
12125,2023,4,Passenger,Samoa,773.0,8
12126,2023,4,Passenger,Solomon Islands,576.0,6
12127,2023,4,Passenger,Tokelau,22.0,1
12128,2023,4,Passenger,Tonga,2703.0,11
12129,2023,4,Passenger,Tuvalu,0.0,1
12130,2023,4,Passenger,Vanuatu,2963.0,15
12131,2023,4,Tanker,Cook Islands,1258.0,11
12132,2023,4,Tanker,Fiji,1610.0,14
12133,2023,4,Tanker,Kiribati,2710.0,15
12134,2023,4,Tanker,Marshall Islands,1402.0,10
12135,2023,4,Tanker,Micronesia,38069.0,120
12136,2023,4,Tanker,Nauru,738.0,8
12137,2023,4,Tanker,Niue,221.0,3
12138,2023,4,Tanker,Palau,9351.0,55
12139,2023,4,Tanker,Papua New Guinea,105541.0,188
12140,2023,4,Tanker,Samoa,121.0,3
12141,2023,4,Tanker,Solomon Islands,2598.0,26
12142,2023,4,Tanker,Tonga,493.0,8
12143,2023,4,Tanker,Tuvalu,728.0,6
12144,2023,4,Tanker,Vanuatu,863.0,8
12145,2023,5,Cargo,Cook Islands,6039.0,47
12146,2023,5,Cargo,Fiji,7474.0,53
12147,2023,5,Cargo,Kiribati,16343.0,95
12148,2023,5,Cargo,Marshall Islands,6921.0,61
12149,2023,5,Cargo,Micronesia,116053.0,735
12150,2023,5,Cargo,Nauru,1437.0,18
12151,2023,5,Cargo,Niue,886.0,15
12152,2023,5,Cargo,Palau,36023.0,368
12153,2023,5,Cargo,Papua New Guinea,307283.0,1098
12154,2023,5,Cargo,Samoa,596.0,16
12155,2023,5,Cargo,Solomon Islands,17259.0,153
12156,2023,5,Cargo,Tokelau,340.0,4
12157,2023,5,Cargo,Tonga,2766.0,24
12158,2023,5,Cargo,Tuvalu,1220.0,17
12159,2023,5,Cargo,Vanuatu,5239.0,49
12160,2023,5,Fishing,Cook Islands,2719.0,98
12161,2023,5,Fishing,Fiji,805.0,160
12162,2023,5,Fishing,Kiribati,8211.0,215
12163,2023,5,Fishing,Marshall Islands,3160.0,167
12164,2023,5,Fishing,Micronesia,4076.0,159
12165,2023,5,Fishing,Nauru,1714.0,63
12166,2023,5,Fishing,Niue,2.0,1
12167,2023,5,Fishing,Palau,216.0,20
12168,2023,5,Fishing,Papua New Guinea,6577.0,244
12169,2023,5,Fishing,Samoa,133.0,28
12170,2023,5,Fishing,Solomon Islands,3039.0,175
12171,2023,5,Fishing,Tokelau,178.0,20
12172,2023,5,Fishing,Tonga,209.0,42
12173,2023,5,Fishing,Tuvalu,350.0,25
12174,2023,5,Fishing,Vanuatu,573.0,42
12175,2023,5,Others,Cook Islands,18846.0,230
12176,2023,5,Others,Fiji,12375.0,307
12177,2023,5,Others,Kiribati,8496.0,79
12178,2023,5,Others,Marshall Islands,467.0,12
12179,2023,5,Others,Micronesia,4505.0,35
12180,2023,5,Others,Nauru,223.0,5
12181,2023,5,Others,Niue,1959.0,56
12182,2023,5,Others,Palau,501.0,14
12183,2023,5,Others,Papua New Guinea,5951.0,280
12184,2023,5,Others,Samoa,644.0,25
12185,2023,5,Others,Solomon Islands,2191.0,48
12186,2023,5,Others,Tokelau,161.0,12
12187,2023,5,Others,Tonga,3684.0,117
12188,2023,5,Others,Tuvalu,940.0,19
12189,2023,5,Others,Vanuatu,5580.0,97
12190,2023,5,Passenger,Cook Islands,1073.0,5
12191,2023,5,Passenger,Fiji,4393.0,17
12192,2023,5,Passenger,Kiribati,1848.0,4
12193,2023,5,Passenger,Marshall Islands,202.0,3
12194,2023,5,Passenger,Micronesia,233.0,4
12195,2023,5,Passenger,Palau,31.0,4
12196,2023,5,Passenger,Papua New Guinea,3736.0,33
12197,2023,5,Passenger,Samoa,221.0,6
12198,2023,5,Passenger,Solomon Islands,125.0,4
12199,2023,5,Passenger,Tokelau,224.0,4
12200,2023,5,Passenger,Tonga,580.0,5
12201,2023,5,Passenger,Tuvalu,13.0,1
12202,2023,5,Passenger,Vanuatu,2184.0,9
12203,2023,5,Tanker,Cook Islands,1130.0,10
12204,2023,5,Tanker,Fiji,1558.0,15
12205,2023,5,Tanker,Kiribati,2757.0,17
12206,2023,5,Tanker,Marshall Islands,1026.0,10
12207,2023,5,Tanker,Micronesia,38437.0,125
12208,2023,5,Tanker,Nauru,817.0,6
12209,2023,5,Tanker,Niue,291.0,6
12210,2023,5,Tanker,Palau,11090.0,61
12211,2023,5,Tanker,Papua New Guinea,100814.0,190
12212,2023,5,Tanker,Samoa,100.0,3
12213,2023,5,Tanker,Solomon Islands,3073.0,32
12214,2023,5,Tanker,Tokelau,113.0,3
12215,2023,5,Tanker,Tonga,574.0,9
12216,2023,5,Tanker,Tuvalu,1196.0,7
12217,2023,5,Tanker,Vanuatu,761.0,11
12218,2023,6,Cargo,Cook Islands,5747.0,36
12219,2023,6,Cargo,Fiji,7320.0,53
12220,2023,6,Cargo,Kiribati,16153.0,93
12221,2023,6,Cargo,Marshall Islands,6321.0,64
12222,2023,6,Cargo,Micronesia,116040.0,776
12223,2023,6,Cargo,Nauru,734.0,20
12224,2023,6,Cargo,Niue,1006.0,13
12225,2023,6,Cargo,Palau,43509.0,446
12226,2023,6,Cargo,Papua New Guinea,331101.0,1179
12227,2023,6,Cargo,Samoa,565.0,16
12228,2023,6,Cargo,Solomon Islands,17003.0,163
12229,2023,6,Cargo,Tokelau,506.0,10
12230,2023,6,Cargo,Tonga,2994.0,26
12231,2023,6,Cargo,Tuvalu,862.0,15
12232,2023,6,Cargo,Vanuatu,4034.0,39
12233,2023,6,Fishing,Cook Islands,2522.0,92
12234,2023,6,Fishing,Fiji,743.0,135
12235,2023,6,Fishing,Kiribati,9057.0,323
12236,2023,6,Fishing,Marshall Islands,2543.0,177
12237,2023,6,Fishing,Micronesia,4540.0,136
12238,2023,6,Fishing,Nauru,314.0,20
12239,2023,6,Fishing,Niue,4.0,1
12240,2023,6,Fishing,Palau,253.0,30
12241,2023,6,Fishing,Papua New Guinea,5975.0,201
12242,2023,6,Fishing,Samoa,197.0,58
12243,2023,6,Fishing,Solomon Islands,2396.0,148
12244,2023,6,Fishing,Tokelau,214.0,30
12245,2023,6,Fishing,Tonga,234.0,37
12246,2023,6,Fishing,Tuvalu,217.0,32
12247,2023,6,Fishing,Vanuatu,411.0,37
12248,2023,6,Others,Cook Islands,18253.0,224
12249,2023,6,Others,Fiji,17970.0,397
12250,2023,6,Others,Kiribati,7994.0,113
12251,2023,6,Others,Marshall Islands,854.0,18
12252,2023,6,Others,Micronesia,1765.0,22
12253,2023,6,Others,Nauru,119.0,5
12254,2023,6,Others,Niue,941.0,36
12255,2023,6,Others,Palau,93.0,10
12256,2023,6,Others,Papua New Guinea,5545.0,332
12257,2023,6,Others,Samoa,796.0,30
12258,2023,6,Others,Solomon Islands,2718.0,58
12259,2023,6,Others,Tokelau,726.0,15
12260,2023,6,Others,Tonga,5671.0,158
12261,2023,6,Others,Tuvalu,797.0,20
12262,2023,6,Others,Vanuatu,4023.0,120
12263,2023,6,Passenger,Cook Islands,118.0,2
12264,2023,6,Passenger,Fiji,1234.0,15
12265,2023,6,Passenger,Kiribati,52.0,2
12266,2023,6,Passenger,Marshall Islands,165.0,3
12267,2023,6,Passenger,Micronesia,532.0,7
12268,2023,6,Passenger,Niue,30.0,1
12269,2023,6,Passenger,Palau,132.0,2
12270,2023,6,Passenger,Papua New Guinea,8517.0,30
12271,2023,6,Passenger,Samoa,129.0,5
12272,2023,6,Passenger,Solomon Islands,1563.0,5
12273,2023,6,Passenger,Tokelau,49.0,2
12274,2023,6,Passenger,Tonga,197.0,3
12275,2023,6,Passenger,Tuvalu,13.0,2
12276,2023,6,Passenger,Vanuatu,1868.0,10
12277,2023,6,Tanker,Cook Islands,1111.0,9
12278,2023,6,Tanker,Fiji,1894.0,15
12279,2023,6,Tanker,Kiribati,2962.0,15
12280,2023,6,Tanker,Marshall Islands,713.0,9
12281,2023,6,Tanker,Micronesia,35921.0,110
12282,2023,6,Tanker,Nauru,669.0,8
12283,2023,6,Tanker,Niue,298.0,5
12284,2023,6,Tanker,Palau,9079.0,68
12285,2023,6,Tanker,Papua New Guinea,95439.0,196
12286,2023,6,Tanker,Samoa,122.0,4
12287,2023,6,Tanker,Solomon Islands,2734.0,27
12288,2023,6,Tanker,Tokelau,16.0,1
12289,2023,6,Tanker,Tonga,821.0,9
12290,2023,6,Tanker,Tuvalu,369.0,5
12291,2023,6,Tanker,Vanuatu,950.0,9
12292,2023,7,Cargo,Cook Islands,5969.0,36
12293,2023,7,Cargo,Fiji,8313.0,57
12294,2023,7,Cargo,Kiribati,13879.0,99
12295,2023,7,Cargo,Marshall Islands,7856.0,71
12296,2023,7,Cargo,Micronesia,118460.0,776
12297,2023,7,Cargo,Nauru,1173.0,25
12298,2023,7,Cargo,Niue,1263.0,17
12299,2023,7,Cargo,Palau,34710.0,396
12300,2023,7,Cargo,Papua New Guinea,311104.0,1135
12301,2023,7,Cargo,Samoa,693.0,18
12302,2023,7,Cargo,Solomon Islands,15574.0,155
12303,2023,7,Cargo,Tokelau,896.0,9
12304,2023,7,Cargo,Tonga,3447.0,30
12305,2023,7,Cargo,Tuvalu,1550.0,13
12306,2023,7,Cargo,Vanuatu,4158.0,39
12307,2023,7,Fishing,Cook Islands,2614.0,104
12308,2023,7,Fishing,Fiji,1059.0,154
12309,2023,7,Fishing,Kiribati,9797.0,313
12310,2023,7,Fishing,Marshall Islands,3492.0,189
12311,2023,7,Fishing,Micronesia,3939.0,116
12312,2023,7,Fishing,Nauru,810.0,26
12313,2023,7,Fishing,Niue,73.0,9
12314,2023,7,Fishing,Palau,141.0,30
12315,2023,7,Fishing,Papua New Guinea,5199.0,155
12316,2023,7,Fishing,Samoa,171.0,61
12317,2023,7,Fishing,Solomon Islands,2451.0,163
12318,2023,7,Fishing,Tokelau,248.0,28
12319,2023,7,Fishing,Tonga,273.0,37
12320,2023,7,Fishing,Tuvalu,314.0,31
12321,2023,7,Fishing,Vanuatu,339.0,32
12322,2023,7,Others,Cook Islands,21810.0,280
12323,2023,7,Others,Fiji,23848.0,536
12324,2023,7,Others,Kiribati,7808.0,80
12325,2023,7,Others,Marshall Islands,1016.0,22
12326,2023,7,Others,Micronesia,2270.0,32
12327,2023,7,Others,Nauru,51.0,3
12328,2023,7,Others,Niue,2171.0,73
12329,2023,7,Others,Palau,1203.0,16
12330,2023,7,Others,Papua New Guinea,7419.0,385
12331,2023,7,Others,Samoa,733.0,43
12332,2023,7,Others,Solomon Islands,4176.0,59
12333,2023,7,Others,Tokelau,301.0,2
12334,2023,7,Others,Tonga,6978.0,208
12335,2023,7,Others,Tuvalu,228.0,8
12336,2023,7,Others,Vanuatu,5917.0,136
12337,2023,7,Passenger,Cook Islands,165.0,2
12338,2023,7,Passenger,Fiji,6766.0,16
12339,2023,7,Passenger,Kiribati,84.0,2
12340,2023,7,Passenger,Marshall Islands,67.0,2
12341,2023,7,Passenger,Micronesia,278.0,5
12342,2023,7,Passenger,Palau,32.0,1
12343,2023,7,Passenger,Papua New Guinea,1010.0,32
12344,2023,7,Passenger,Samoa,87.0,3
12345,2023,7,Passenger,Solomon Islands,50.0,3
12346,2023,7,Passenger,Tokelau,11.0,1
12347,2023,7,Passenger,Tonga,1709.0,6
12348,2023,7,Passenger,Vanuatu,2634.0,10
12349,2023,7,Tanker,Cook Islands,991.0,10
12350,2023,7,Tanker,Fiji,2000.0,14
12351,2023,7,Tanker,Kiribati,2936.0,20
12352,2023,7,Tanker,Marshall Islands,1128.0,8
12353,2023,7,Tanker,Micronesia,35277.0,127
12354,2023,7,Tanker,Nauru,808.0,9
12355,2023,7,Tanker,Niue,269.0,4
12356,2023,7,Tanker,Palau,10800.0,59
12357,2023,7,Tanker,Papua New Guinea,96941.0,201
12358,2023,7,Tanker,Samoa,153.0,3
12359,2023,7,Tanker,Solomon Islands,2438.0,30
12360,2023,7,Tanker,Tonga,757.0,9
12361,2023,7,Tanker,Tuvalu,133.0,4
12362,2023,7,Tanker,Vanuatu,724.0,9
12363,2023,8,Cargo,Cook Islands,6190.0,46
12364,2023,8,Cargo,Fiji,8581.0,49
12365,2023,8,Cargo,Kiribati,14076.0,102
12366,2023,8,Cargo,Marshall Islands,8637.0,69
12367,2023,8,Cargo,Micronesia,107984.0,737
12368,2023,8,Cargo,Nauru,1029.0,24
12369,2023,8,Cargo,Niue,1027.0,16
12370,2023,8,Cargo,Palau,37466.0,424
12371,2023,8,Cargo,Papua New Guinea,297749.0,1122
12372,2023,8,Cargo,Samoa,856.0,17
12373,2023,8,Cargo,Solomon Islands,13682.0,158
12374,2023,8,Cargo,Tokelau,449.0,6
12375,2023,8,Cargo,Tonga,3281.0,27
12376,2023,8,Cargo,Tuvalu,944.0,12
12377,2023,8,Cargo,Vanuatu,4218.0,43
12378,2023,8,Fishing,Cook Islands,2082.0,85
12379,2023,8,Fishing,Fiji,1024.0,164
12380,2023,8,Fishing,Kiribati,7556.0,266
12381,2023,8,Fishing,Marshall Islands,3920.0,180
12382,2023,8,Fishing,Micronesia,4412.0,141
12383,2023,8,Fishing,Nauru,750.0,33
12384,2023,8,Fishing,Niue,34.0,5
12385,2023,8,Fishing,Palau,240.0,35
12386,2023,8,Fishing,Papua New Guinea,4728.0,163
12387,2023,8,Fishing,Samoa,120.0,41
12388,2023,8,Fishing,Solomon Islands,2781.0,170
12389,2023,8,Fishing,Tokelau,206.0,33
12390,2023,8,Fishing,Tonga,231.0,40
12391,2023,8,Fishing,Tuvalu,241.0,20
12392,2023,8,Fishing,Vanuatu,177.0,29
12393,2023,8,Others,Cook Islands,19967.0,247
12394,2023,8,Others,Fiji,25697.0,615
12395,2023,8,Others,Kiribati,7136.0,93
12396,2023,8,Others,Marshall Islands,3000.0,28
12397,2023,8,Others,Micronesia,3866.0,41
12398,2023,8,Others,Nauru,151.0,2
12399,2023,8,Others,Niue,2215.0,78
12400,2023,8,Others,Palau,373.0,17
12401,2023,8,Others,Papua New Guinea,7057.0,354
12402,2023,8,Others,Samoa,858.0,59
12403,2023,8,Others,Solomon Islands,3070.0,52
12404,2023,8,Others,Tokelau,470.0,23
12405,2023,8,Others,Tonga,5527.0,188
12406,2023,8,Others,Tuvalu,110.0,4
12407,2023,8,Others,Vanuatu,8000.0,186
12408,2023,8,Passenger,Cook Islands,111.0,2
12409,2023,8,Passenger,Fiji,6207.0,15
12410,2023,8,Passenger,Kiribati,69.0,2
12411,2023,8,Passenger,Marshall Islands,205.0,3
12412,2023,8,Passenger,Micronesia,162.0,6
12413,2023,8,Passenger,Palau,47.0,2
12414,2023,8,Passenger,Papua New Guinea,2953.0,29
12415,2023,8,Passenger,Samoa,87.0,4
12416,2023,8,Passenger,Solomon Islands,10.0,2
12417,2023,8,Passenger,Tokelau,18.0,1
12418,2023,8,Passenger,Tonga,1082.0,4
12419,2023,8,Passenger,Vanuatu,2509.0,9
12420,2023,8,Tanker,Cook Islands,720.0,8
12421,2023,8,Tanker,Fiji,1519.0,12
12422,2023,8,Tanker,Kiribati,2888.0,17
12423,2023,8,Tanker,Marshall Islands,1309.0,13
12424,2023,8,Tanker,Micronesia,36192.0,133
12425,2023,8,Tanker,Nauru,907.0,8
12426,2023,8,Tanker,Niue,182.0,3
12427,2023,8,Tanker,Palau,11316.0,73
12428,2023,8,Tanker,Papua New Guinea,97761.0,193
12429,2023,8,Tanker,Samoa,140.0,4
12430,2023,8,Tanker,Solomon Islands,3285.0,29
12431,2023,8,Tanker,Tonga,573.0,9
12432,2023,8,Tanker,Vanuatu,828.0,9
12433,2023,9,Cargo,Cook Islands,6410.0,47
12434,2023,9,Cargo,Fiji,8621.0,53
12435,2023,9,Cargo,Kiribati,15638.0,99
12436,2023,9,Cargo,Marshall Islands,6368.0,72
12437,2023,9,Cargo,Micronesia,108102.0,747
12438,2023,9,Cargo,Nauru,949.0,22
12439,2023,9,Cargo,Niue,1166.0,13
12440,2023,9,Cargo,Palau,32972.0,367
12441,2023,9,Cargo,Papua New Guinea,288930.0,1081
12442,2023,9,Cargo,Samoa,843.0,16
12443,2023,9,Cargo,Solomon Islands,14317.0,142
12444,2023,9,Cargo,Tokelau,333.0,9
12445,2023,9,Cargo,Tonga,2697.0,23
12446,2023,9,Cargo,Tuvalu,789.0,11
12447,2023,9,Cargo,Vanuatu,3778.0,37
12448,2023,9,Fishing,Cook Islands,1797.0,80
12449,2023,9,Fishing,Fiji,1176.0,214
12450,2023,9,Fishing,Kiribati,9007.0,286
12451,2023,9,Fishing,Marshall Islands,4759.0,180
12452,2023,9,Fishing,Micronesia,4117.0,157
12453,2023,9,Fishing,Nauru,465.0,19
12454,2023,9,Fishing,Niue,49.0,11
12455,2023,9,Fishing,Palau,222.0,34
12456,2023,9,Fishing,Papua New Guinea,5245.0,161
12457,2023,9,Fishing,Samoa,173.0,50
12458,2023,9,Fishing,Solomon Islands,2888.0,176
12459,2023,9,Fishing,Tokelau,243.0,28
12460,2023,9,Fishing,Tonga,385.0,48
12461,2023,9,Fishing,Tuvalu,483.0,34
12462,2023,9,Fishing,Vanuatu,398.0,50
12463,2023,9,Others,Cook Islands,10960.0,184
12464,2023,9,Others,Fiji,25473.0,633
12465,2023,9,Others,Kiribati,6805.0,97
12466,2023,9,Others,Marshall Islands,927.0,25
12467,2023,9,Others,Micronesia,1868.0,41
12468,2023,9,Others,Nauru,36.0,3
12469,2023,9,Others,Niue,1616.0,60
12470,2023,9,Others,Palau,263.0,11
12471,2023,9,Others,Papua New Guinea,4807.0,321
12472,2023,9,Others,Samoa,771.0,53
12473,2023,9,Others,Solomon Islands,4935.0,75
12474,2023,9,Others,Tokelau,206.0,8
12475,2023,9,Others,Tonga,4462.0,169
12476,2023,9,Others,Tuvalu,625.0,15
12477,2023,9,Others,Vanuatu,9998.0,240
12478,2023,9,Passenger,Cook Islands,864.0,5
12479,2023,9,Passenger,Fiji,4444.0,17
12480,2023,9,Passenger,Kiribati,707.0,2
12481,2023,9,Passenger,Marshall Islands,69.0,2
12482,2023,9,Passenger,Micronesia,246.0,7
12483,2023,9,Passenger,Palau,41.0,4
12484,2023,9,Passenger,Papua New Guinea,1722.0,30
12485,2023,9,Passenger,Samoa,237.0,4
12486,2023,9,Passenger,Solomon Islands,170.0,5
12487,2023,9,Passenger,Tokelau,248.0,2
12488,2023,9,Passenger,Tonga,659.0,8
12489,2023,9,Passenger,Tuvalu,40.0,1
12490,2023,9,Passenger,Vanuatu,3072.0,10
12491,2023,9,Tanker,Cook Islands,1102.0,14
12492,2023,9,Tanker,Fiji,1735.0,18
12493,2023,9,Tanker,Kiribati,2123.0,16
12494,2023,9,Tanker,Marshall Islands,1545.0,16
12495,2023,9,Tanker,Micronesia,38638.0,135
12496,2023,9,Tanker,Nauru,703.0,9
12497,2023,9,Tanker,Niue,299.0,4
12498,2023,9,Tanker,Palau,9548.0,72
12499,2023,9,Tanker,Papua New Guinea,96008.0,205
12500,2023,9,Tanker,Samoa,158.0,5
12501,2023,9,Tanker,Solomon Islands,2813.0,30
12502,2023,9,Tanker,Tonga,620.0,11
12503,2023,9,Tanker,Tuvalu,75.0,2
12504,2023,9,Tanker,Vanuatu,696.0,8
12505,2023,10,Cargo,Cook Islands,6905.0,49
12506,2023,10,Cargo,Fiji,11782.0,66
12507,2023,10,Cargo,Kiribati,15032.0,119
12508,2023,10,Cargo,Marshall Islands,7732.0,68
12509,2023,10,Cargo,Micronesia,121747.0,776
12510,2023,10,Cargo,Nauru,1353.0,25
12511,2023,10,Cargo,Niue,1306.0,18
12512,2023,10,Cargo,Palau,33125.0,369
12513,2023,10,Cargo,Papua New Guinea,306249.0,1113
12514,2023,10,Cargo,Samoa,1044.0,18
12515,2023,10,Cargo,Solomon Islands,15200.0,146
12516,2023,10,Cargo,Tokelau,350.0,5
12517,2023,10,Cargo,Tonga,3745.0,34
12518,2023,10,Cargo,Tuvalu,2130.0,20
12519,2023,10,Cargo,Vanuatu,3576.0,34
12520,2023,10,Fishing,Cook Islands,1532.0,61
12521,2023,10,Fishing,Fiji,719.0,138
12522,2023,10,Fishing,Kiribati,9695.0,323
12523,2023,10,Fishing,Marshall Islands,3723.0,167
12524,2023,10,Fishing,Micronesia,5025.0,138
12525,2023,10,Fishing,Nauru,145.0,11
12526,2023,10,Fishing,Niue,3.0,1
12527,2023,10,Fishing,Palau,179.0,21
12528,2023,10,Fishing,Papua New Guinea,5414.0,148
12529,2023,10,Fishing,Samoa,166.0,48
12530,2023,10,Fishing,Solomon Islands,2512.0,161
12531,2023,10,Fishing,Tokelau,175.0,22
12532,2023,10,Fishing,Tonga,196.0,20
12533,2023,10,Fishing,Tuvalu,1296.0,76
12534,2023,10,Fishing,Vanuatu,345.0,36
12535,2023,10,Others,Cook Islands,10361.0,104
12536,2023,10,Others,Fiji,19956.0,548
12537,2023,10,Others,Kiribati,9694.0,123
12538,2023,10,Others,Marshall Islands,958.0,19
12539,2023,10,Others,Micronesia,4169.0,56
12540,2023,10,Others,Nauru,105.0,4
12541,2023,10,Others,Niue,1039.0,37
12542,2023,10,Others,Palau,171.0,5
12543,2023,10,Others,Papua New Guinea,5633.0,320
12544,2023,10,Others,Samoa,728.0,28
12545,2023,10,Others,Solomon Islands,7233.0,82
12546,2023,10,Others,Tokelau,135.0,8
12547,2023,10,Others,Tonga,4826.0,133
12548,2023,10,Others,Tuvalu,688.0,14
12549,2023,10,Others,Vanuatu,6418.0,185
12550,2023,10,Passenger,Cook Islands,7611.0,16
12551,2023,10,Passenger,Fiji,7240.0,22
12552,2023,10,Passenger,Kiribati,14468.0,17
12553,2023,10,Passenger,Marshall Islands,320.0,5
12554,2023,10,Passenger,Micronesia,926.0,11
12555,2023,10,Passenger,Nauru,11.0,1
12556,2023,10,Passenger,Niue,921.0,6
12557,2023,10,Passenger,Palau,162.0,5
12558,2023,10,Passenger,Papua New Guinea,4135.0,45
12559,2023,10,Passenger,Samoa,504.0,8
12560,2023,10,Passenger,Solomon Islands,250.0,6
12561,2023,10,Passenger,Tokelau,197.0,2
12562,2023,10,Passenger,Tonga,6639.0,15
12563,2023,10,Passenger,Tuvalu,168.0,3
12564,2023,10,Passenger,Vanuatu,3064.0,13
12565,2023,10,Tanker,Cook Islands,687.0,8
12566,2023,10,Tanker,Fiji,2223.0,20
12567,2023,10,Tanker,Kiribati,3986.0,22
12568,2023,10,Tanker,Marshall Islands,2659.0,14
12569,2023,10,Tanker,Micronesia,44984.0,143
12570,2023,10,Tanker,Nauru,299.0,8
12571,2023,10,Tanker,Niue,222.0,5
12572,2023,10,Tanker,Palau,12912.0,63
12573,2023,10,Tanker,Papua New Guinea,109572.0,202
12574,2023,10,Tanker,Samoa,131.0,5
12575,2023,10,Tanker,Solomon Islands,3640.0,32
12576,2023,10,Tanker,Tokelau,94.0,2
12577,2023,10,Tanker,Tonga,620.0,11
12578,2023,10,Tanker,Tuvalu,377.0,7
12579,2023,10,Tanker,Vanuatu,812.0,9
12580,2023,11,Cargo,Cook Islands,9135.0,59
12581,2023,11,Cargo,Fiji,8779.0,53
12582,2023,11,Cargo,Kiribati,15779.0,110
12583,2023,11,Cargo,Marshall Islands,7064.0,78
12584,2023,11,Cargo,Micronesia,127833.0,824
12585,2023,11,Cargo,Nauru,1965.0,39
12586,2023,11,Cargo,Niue,990.0,15
12587,2023,11,Cargo,Palau,32659.0,356
12588,2023,11,Cargo,Papua New Guinea,325906.0,1160
12589,2023,11,Cargo,Samoa,1494.0,20
12590,2023,11,Cargo,Solomon Islands,14666.0,145
12591,2023,11,Cargo,Tokelau,726.0,11
12592,2023,11,Cargo,Tonga,2373.0,22
12593,2023,11,Cargo,Tuvalu,3024.0,31
12594,2023,11,Cargo,Vanuatu,3765.0,32
12595,2023,11,Fishing,Cook Islands,1766.0,44
12596,2023,11,Fishing,Fiji,733.0,119
12597,2023,11,Fishing,Kiribati,9947.0,321
12598,2023,11,Fishing,Marshall Islands,3493.0,186
12599,2023,11,Fishing,Micronesia,5390.0,153
12600,2023,11,Fishing,Nauru,415.0,29
12601,2023,11,Fishing,Palau,246.0,33
12602,2023,11,Fishing,Papua New Guinea,5295.0,163
12603,2023,11,Fishing,Samoa,153.0,47
12604,2023,11,Fishing,Solomon Islands,2474.0,125
12605,2023,11,Fishing,Tokelau,124.0,12
12606,2023,11,Fishing,Tonga,225.0,14
12607,2023,11,Fishing,Tuvalu,2397.0,94
12608,2023,11,Fishing,Vanuatu,580.0,63
12609,2023,11,Others,Cook Islands,5180.0,55
12610,2023,11,Others,Fiji,10920.0,333
12611,2023,11,Others,Kiribati,9329.0,117
12612,2023,11,Others,Marshall Islands,1359.0,23
12613,2023,11,Others,Micronesia,2873.0,44
12614,2023,11,Others,Nauru,306.0,4
12615,2023,11,Others,Niue,293.0,11
12616,2023,11,Others,Palau,93.0,12
12617,2023,11,Others,Papua New Guinea,8542.0,355
12618,2023,11,Others,Samoa,363.0,21
12619,2023,11,Others,Solomon Islands,5488.0,77
12620,2023,11,Others,Tokelau,281.0,6
12621,2023,11,Others,Tonga,2288.0,70
12622,2023,11,Others,Tuvalu,1877.0,32
12623,2023,11,Others,Vanuatu,4533.0,104
12624,2023,11,Passenger,Cook Islands,2060.0,7
12625,2023,11,Passenger,Fiji,4172.0,19
12626,2023,11,Passenger,Kiribati,2523.0,4
12627,2023,11,Passenger,Marshall Islands,103.0,2
12628,2023,11,Passenger,Micronesia,423.0,7
12629,2023,11,Passenger,Niue,978.0,3
12630,2023,11,Passenger,Palau,81.0,5
12631,2023,11,Passenger,Papua New Guinea,3005.0,41
12632,2023,11,Passenger,Samoa,397.0,4
12633,2023,11,Passenger,Solomon Islands,265.0,4
12634,2023,11,Passenger,Tokelau,195.0,2
12635,2023,11,Passenger,Tonga,2820.0,9
12636,2023,11,Passenger,Tuvalu,68.0,1
12637,2023,11,Passenger,Vanuatu,2912.0,15
12638,2023,11,Tanker,Cook Islands,647.0,11
12639,2023,11,Tanker,Fiji,1457.0,15
12640,2023,11,Tanker,Kiribati,4864.0,23
12641,2023,11,Tanker,Marshall Islands,1048.0,13
12642,2023,11,Tanker,Micronesia,41422.0,135
12643,2023,11,Tanker,Nauru,439.0,6
12644,2023,11,Tanker,Niue,71.0,2
12645,2023,11,Tanker,Palau,8076.0,47
12646,2023,11,Tanker,Papua New Guinea,99672.0,196
12647,2023,11,Tanker,Samoa,124.0,4
12648,2023,11,Tanker,Solomon Islands,3370.0,34
12649,2023,11,Tanker,Tokelau,115.0,1
12650,2023,11,Tanker,Tonga,310.0,7
12651,2023,11,Tanker,Tuvalu,270.0,5
12652,2023,11,Tanker,Vanuatu,1038.0,11
12653,2023,12,Cargo,Cook Islands,10202.0,63
12654,2023,12,Cargo,Fiji,11069.0,64
12655,2023,12,Cargo,Kiribati,18581.0,126
12656,2023,12,Cargo,Marshall Islands,10836.0,90
12657,2023,12,Cargo,Micronesia,119149.0,765
12658,2023,12,Cargo,Nauru,1254.0,25
12659,2023,12,Cargo,Niue,2025.0,22
12660,2023,12,Cargo,Palau,33579.0,369
12661,2023,12,Cargo,Papua New Guinea,305582.0,1128
12662,2023,12,Cargo,Samoa,1027.0,14
12663,2023,12,Cargo,Solomon Islands,20100.0,184
12664,2023,12,Cargo,Tokelau,1213.0,12
12665,2023,12,Cargo,Tonga,3788.0,28
12666,2023,12,Cargo,Tuvalu,3922.0,39
12667,2023,12,Cargo,Vanuatu,4985.0,47
12668,2023,12,Fishing,Cook Islands,1238.0,39
12669,2023,12,Fishing,Fiji,1066.0,159
12670,2023,12,Fishing,Kiribati,8297.0,263
12671,2023,12,Fishing,Marshall Islands,2817.0,161
12672,2023,12,Fishing,Micronesia,4702.0,140
12673,2023,12,Fishing,Nauru,320.0,21
12674,2023,12,Fishing,Niue,22.0,2
12675,2023,12,Fishing,Palau,307.0,35
12676,2023,12,Fishing,Papua New Guinea,6741.0,182
12677,2023,12,Fishing,Samoa,133.0,43
12678,2023,12,Fishing,Solomon Islands,1853.0,123
12679,2023,12,Fishing,Tokelau,186.0,23
12680,2023,12,Fishing,Tonga,207.0,22
12681,2023,12,Fishing,Tuvalu,2975.0,102
12682,2023,12,Fishing,Vanuatu,1242.0,112
12683,2023,12,Others,Cook Islands,2847.0,38
12684,2023,12,Others,Fiji,6211.0,145
12685,2023,12,Others,Kiribati,7480.0,92
12686,2023,12,Others,Marshall Islands,1014.0,27
12687,2023,12,Others,Micronesia,3535.0,46
12688,2023,12,Others,Nauru,137.0,2
12689,2023,12,Others,Niue,90.0,4
12690,2023,12,Others,Palau,114.0,21
12691,2023,12,Others,Papua New Guinea,8639.0,342
12692,2023,12,Others,Samoa,343.0,12
12693,2023,12,Others,Solomon Islands,4285.0,61
12694,2023,12,Others,Tokelau,278.0,10
12695,2023,12,Others,Tonga,95.0,8
12696,2023,12,Others,Tuvalu,2322.0,21
12697,2023,12,Others,Vanuatu,9227.0,103
12698,2023,12,Passenger,Cook Islands,1078.0,6
12699,2023,12,Passenger,Fiji,4998.0,22
12700,2023,12,Passenger,Kiribati,1141.0,3
12701,2023,12,Passenger,Marshall Islands,84.0,2
12702,2023,12,Passenger,Micronesia,226.0,7
12703,2023,12,Passenger,Niue,212.0,2
12704,2023,12,Passenger,Palau,26.0,3
12705,2023,12,Passenger,Papua New Guinea,3170.0,43
12706,2023,12,Passenger,Samoa,294.0,4
12707,2023,12,Passenger,Solomon Islands,75.0,4
12708,2023,12,Passenger,Tokelau,61.0,2
12709,2023,12,Passenger,Tonga,782.0,7
12710,2023,12,Passenger,Tuvalu,74.0,1
12711,2023,12,Passenger,Vanuatu,5120.0,17
12712,2023,12,Tanker,Cook Islands,1147.0,8
12713,2023,12,Tanker,Fiji,2036.0,17
12714,2023,12,Tanker,Kiribati,4303.0,21
12715,2023,12,Tanker,Marshall Islands,1677.0,10
12716,2023,12,Tanker,Micronesia,43612.0,140
12717,2023,12,Tanker,Nauru,543.0,9
12718,2023,12,Tanker,Niue,258.0,3
12719,2023,12,Tanker,Palau,7109.0,57
12720,2023,12,Tanker,Papua New Guinea,97727.0,205
12721,2023,12,Tanker,Samoa,142.0,3
12722,2023,12,Tanker,Solomon Islands,4626.0,40
12723,2023,12,Tanker,Tokelau,313.0,4
12724,2023,12,Tanker,Tonga,511.0,7
12725,2023,12,Tanker,Tuvalu,446.0,7
12726,2023,12,Tanker,Vanuatu,979.0,9
12727,2024,1,Cargo,Cook Islands,9476.0,63
12728,2024,1,Cargo,Fiji,9888.0,60
12729,2024,1,Cargo,Kiribati,24934.0,142
12730,2024,1,Cargo,Marshall Islands,20956.0,170
12731,2024,1,Cargo,Micronesia,124189.0,790
12732,2024,1,Cargo,Nauru,1327.0,27
12733,2024,1,Cargo,Niue,1417.0,16
12734,2024,1,Cargo,Palau,31183.0,361
12735,2024,1,Cargo,Papua New Guinea,301543.0,1102
12736,2024,1,Cargo,Samoa,854.0,15
12737,2024,1,Cargo,Solomon Islands,16490.0,157
12738,2024,1,Cargo,Tokelau,727.0,8
12739,2024,1,Cargo,Tonga,3098.0,26
12740,2024,1,Cargo,Tuvalu,3174.0,41
12741,2024,1,Cargo,Vanuatu,5050.0,38
12742,2024,1,Fishing,Cook Islands,1553.0,50
12743,2024,1,Fishing,Fiji,994.0,156
12744,2024,1,Fishing,Kiribati,7697.0,222
12745,2024,1,Fishing,Marshall Islands,4165.0,203
12746,2024,1,Fishing,Micronesia,4709.0,152
12747,2024,1,Fishing,Nauru,338.0,30
12748,2024,1,Fishing,Palau,162.0,20
12749,2024,1,Fishing,Papua New Guinea,7462.0,182
12750,2024,1,Fishing,Samoa,211.0,43
12751,2024,1,Fishing,Solomon Islands,1857.0,95
12752,2024,1,Fishing,Tokelau,155.0,21
12753,2024,1,Fishing,Tonga,222.0,20
12754,2024,1,Fishing,Tuvalu,3097.0,105
12755,2024,1,Fishing,Vanuatu,1332.0,93
12756,2024,1,Others,Cook Islands,3533.0,51
12757,2024,1,Others,Fiji,5407.0,123
12758,2024,1,Others,Kiribati,3882.0,57
12759,2024,1,Others,Marshall Islands,2035.0,32
12760,2024,1,Others,Micronesia,3195.0,67
12761,2024,1,Others,Nauru,20.0,1
12762,2024,1,Others,Niue,45.0,2
12763,2024,1,Others,Palau,296.0,17
12764,2024,1,Others,Papua New Guinea,7863.0,438
12765,2024,1,Others,Samoa,129.0,10
12766,2024,1,Others,Solomon Islands,3477.0,56
12767,2024,1,Others,Tokelau,31.0,1
12768,2024,1,Others,Tonga,162.0,9
12769,2024,1,Others,Tuvalu,1144.0,21
12770,2024,1,Others,Vanuatu,7722.0,108
12771,2024,1,Passenger,Cook Islands,2043.0,10
12772,2024,1,Passenger,Fiji,4015.0,21
12773,2024,1,Passenger,Kiribati,3678.0,10
12774,2024,1,Passenger,Marshall Islands,88.0,2
12775,2024,1,Passenger,Micronesia,255.0,8
12776,2024,1,Passenger,Niue,214.0,2
12777,2024,1,Passenger,Palau,87.0,4
12778,2024,1,Passenger,Papua New Guinea,1938.0,35
12779,2024,1,Passenger,Samoa,676.0,9
12780,2024,1,Passenger,Solomon Islands,233.0,4
12781,2024,1,Passenger,Tokelau,588.0,5
12782,2024,1,Passenger,Tonga,1115.0,9
12783,2024,1,Passenger,Tuvalu,64.0,1
12784,2024,1,Passenger,Vanuatu,6788.0,17
12785,2024,1,Tanker,Cook Islands,984.0,8
12786,2024,1,Tanker,Fiji,1847.0,17
12787,2024,1,Tanker,Kiribati,3319.0,21
12788,2024,1,Tanker,Marshall Islands,2464.0,26
12789,2024,1,Tanker,Micronesia,36121.0,131
12790,2024,1,Tanker,Nauru,232.0,4
12791,2024,1,Tanker,Niue,172.0,3
12792,2024,1,Tanker,Palau,8968.0,55
12793,2024,1,Tanker,Papua New Guinea,105247.0,211
12794,2024,1,Tanker,Samoa,104.0,5
12795,2024,1,Tanker,Solomon Islands,3654.0,39
12796,2024,1,Tanker,Tokelau,60.0,1
12797,2024,1,Tanker,Tonga,617.0,10
12798,2024,1,Tanker,Tuvalu,820.0,9
12799,2024,1,Tanker,Vanuatu,1606.0,12
12800,2024,2,Cargo,Cook Islands,6901.0,50
12801,2024,2,Cargo,Fiji,9025.0,50
12802,2024,2,Cargo,Kiribati,19371.0,115
12803,2024,2,Cargo,Marshall Islands,11572.0,101
12804,2024,2,Cargo,Micronesia,100037.0,732
12805,2024,2,Cargo,Nauru,846.0,20
12806,2024,2,Cargo,Niue,1414.0,16
12807,2024,2,Cargo,Palau,27169.0,323
12808,2024,2,Cargo,Papua New Guinea,272539.0,1063
12809,2024,2,Cargo,Samoa,782.0,13
12810,2024,2,Cargo,Solomon Islands,12650.0,130
12811,2024,2,Cargo,Tokelau,630.0,9
12812,2024,2,Cargo,Tonga,2209.0,25
12813,2024,2,Cargo,Tuvalu,1872.0,33
12814,2024,2,Cargo,Vanuatu,2813.0,35
12815,2024,2,Fishing,Cook Islands,1268.0,69
12816,2024,2,Fishing,Fiji,953.0,155
12817,2024,2,Fishing,Kiribati,5821.0,213
12818,2024,2,Fishing,Marshall Islands,3450.0,179
12819,2024,2,Fishing,Micronesia,6757.0,188
12820,2024,2,Fishing,Nauru,1699.0,63
12821,2024,2,Fishing,Niue,36.0,9
12822,2024,2,Fishing,Palau,347.0,26
12823,2024,2,Fishing,Papua New Guinea,7242.0,211
12824,2024,2,Fishing,Samoa,196.0,48
12825,2024,2,Fishing,Solomon Islands,1582.0,93
12826,2024,2,Fishing,Tokelau,166.0,19
12827,2024,2,Fishing,Tonga,207.0,27
12828,2024,2,Fishing,Tuvalu,1298.0,69
12829,2024,2,Fishing,Vanuatu,929.0,67
12830,2024,2,Others,Cook Islands,3616.0,48
12831,2024,2,Others,Fiji,6012.0,135
12832,2024,2,Others,Kiribati,5263.0,71
12833,2024,2,Others,Marshall Islands,1213.0,29
12834,2024,2,Others,Micronesia,5707.0,95
12835,2024,2,Others,Nauru,447.0,4
12836,2024,2,Others,Niue,5.0,1
12837,2024,2,Others,Palau,1129.0,30
12838,2024,2,Others,Papua New Guinea,8392.0,394
12839,2024,2,Others,Samoa,75.0,12
12840,2024,2,Others,Solomon Islands,5452.0,54
12841,2024,2,Others,Tokelau,16.0,1
12842,2024,2,Others,Tonga,86.0,6
12843,2024,2,Others,Tuvalu,629.0,13
12844,2024,2,Others,Vanuatu,7386.0,109
12845,2024,2,Passenger,Cook Islands,5101.0,13
12846,2024,2,Passenger,Fiji,14395.0,32
12847,2024,2,Passenger,Kiribati,4361.0,6
12848,2024,2,Passenger,Marshall Islands,591.0,3
12849,2024,2,Passenger,Micronesia,972.0,7
12850,2024,2,Passenger,Niue,522.0,2
12851,2024,2,Passenger,Palau,140.0,4
12852,2024,2,Passenger,Papua New Guinea,3778.0,38
12853,2024,2,Passenger,Samoa,1106.0,12
12854,2024,2,Passenger,Solomon Islands,114.0,5
12855,2024,2,Passenger,Tokelau,317.0,3
12856,2024,2,Passenger,Tonga,2819.0,15
12857,2024,2,Passenger,Tuvalu,459.0,2
12858,2024,2,Passenger,Vanuatu,4872.0,14
12859,2024,2,Tanker,Cook Islands,770.0,8
12860,2024,2,Tanker,Fiji,1900.0,14
12861,2024,2,Tanker,Kiribati,4056.0,24
12862,2024,2,Tanker,Marshall Islands,1326.0,14
12863,2024,2,Tanker,Micronesia,37705.0,127
12864,2024,2,Tanker,Nauru,969.0,8
12865,2024,2,Tanker,Niue,3.0,1
12866,2024,2,Tanker,Palau,6401.0,44
12867,2024,2,Tanker,Papua New Guinea,92568.0,186
12868,2024,2,Tanker,Samoa,105.0,3
12869,2024,2,Tanker,Solomon Islands,3325.0,32
12870,2024,2,Tanker,Tokelau,65.0,2
12871,2024,2,Tanker,Tonga,394.0,7
12872,2024,2,Tanker,Tuvalu,298.0,5
12873,2024,2,Tanker,Vanuatu,680.0,9
12874,2024,3,Cargo,Cook Islands,9846.0,58
12875,2024,3,Cargo,Fiji,10361.0,58
12876,2024,3,Cargo,Kiribati,17612.0,99
12877,2024,3,Cargo,Marshall Islands,7238.0,67
12878,2024,3,Cargo,Micronesia,115336.0,749
12879,2024,3,Cargo,Nauru,1261.0,17
12880,2024,3,Cargo,Niue,2253.0,23
12881,2024,3,Cargo,Palau,34231.0,363
12882,2024,3,Cargo,Papua New Guinea,291507.0,1086
12883,2024,3,Cargo,Samoa,1656.0,20
12884,2024,3,Cargo,Solomon Islands,17651.0,166
12885,2024,3,Cargo,Tokelau,428.0,6
12886,2024,3,Cargo,Tonga,3701.0,32
12887,2024,3,Cargo,Tuvalu,2550.0,25
12888,2024,3,Cargo,Vanuatu,4831.0,42
12889,2024,3,Fishing,Cook Islands,2339.0,89
12890,2024,3,Fishing,Fiji,1166.0,174
12891,2024,3,Fishing,Kiribati,5121.0,210
12892,2024,3,Fishing,Marshall Islands,2213.0,136
12893,2024,3,Fishing,Micronesia,7562.0,251
12894,2024,3,Fishing,Nauru,366.0,26
12895,2024,3,Fishing,Niue,24.0,4
12896,2024,3,Fishing,Palau,261.0,37
12897,2024,3,Fishing,Papua New Guinea,6755.0,177
12898,2024,3,Fishing,Samoa,140.0,64
12899,2024,3,Fishing,Solomon Islands,2676.0,154
12900,2024,3,Fishing,Tokelau,153.0,29
12901,2024,3,Fishing,Tonga,257.0,25
12902,2024,3,Fishing,Tuvalu,3187.0,80
12903,2024,3,Fishing,Vanuatu,968.0,78
12904,2024,3,Others,Cook Islands,8036.0,110
12905,2024,3,Others,Fiji,6757.0,137
12906,2024,3,Others,Kiribati,8822.0,179
12907,2024,3,Others,Marshall Islands,1381.0,34
12908,2024,3,Others,Micronesia,6025.0,78
12909,2024,3,Others,Nauru,174.0,3
12910,2024,3,Others,Niue,187.0,6
12911,2024,3,Others,Palau,607.0,39
12912,2024,3,Others,Papua New Guinea,11020.0,441
12913,2024,3,Others,Samoa,255.0,11
12914,2024,3,Others,Solomon Islands,3795.0,58
12915,2024,3,Others,Tokelau,173.0,9
12916,2024,3,Others,Tonga,258.0,11
12917,2024,3,Others,Tuvalu,878.0,13
12918,2024,3,Others,Vanuatu,5538.0,106
12919,2024,3,Passenger,Cook Islands,1618.0,7
12920,2024,3,Passenger,Fiji,4772.0,24
12921,2024,3,Passenger,Kiribati,1758.0,4
12922,2024,3,Passenger,Marshall Islands,55.0,2
12923,2024,3,Passenger,Micronesia,1736.0,9
12924,2024,3,Passenger,Niue,421.0,2
12925,2024,3,Passenger,Palau,290.0,4
12926,2024,3,Passenger,Papua New Guinea,7658.0,55
12927,2024,3,Passenger,Samoa,440.0,7
12928,2024,3,Passenger,Solomon Islands,237.0,8
12929,2024,3,Passenger,Tokelau,149.0,3
12930,2024,3,Passenger,Tonga,1037.0,6
12931,2024,3,Passenger,Tuvalu,15.0,1
12932,2024,3,Passenger,Vanuatu,3275.0,18
12933,2024,3,Tanker,Cook Islands,984.0,11
12934,2024,3,Tanker,Fiji,1656.0,16
12935,2024,3,Tanker,Kiribati,2079.0,19
12936,2024,3,Tanker,Marshall Islands,3918.0,21
12937,2024,3,Tanker,Micronesia,49532.0,158
12938,2024,3,Tanker,Nauru,250.0,4
12939,2024,3,Tanker,Niue,265.0,5
12940,2024,3,Tanker,Palau,7323.0,55
12941,2024,3,Tanker,Papua New Guinea,106706.0,213
12942,2024,3,Tanker,Samoa,132.0,3
12943,2024,3,Tanker,Solomon Islands,4258.0,36
12944,2024,3,Tanker,Tokelau,102.0,2
12945,2024,3,Tanker,Tonga,440.0,9
12946,2024,3,Tanker,Tuvalu,667.0,8
12947,2024,3,Tanker,Vanuatu,1183.0,12
12948,2024,4,Cargo,Cook Islands,7370.0,42
12949,2024,4,Cargo,Fiji,8455.0,56
12950,2024,4,Cargo,Kiribati,13573.0,95
12951,2024,4,Cargo,Marshall Islands,5605.0,60
12952,2024,4,Cargo,Micronesia,115015.0,779
12953,2024,4,Cargo,Nauru,885.0,18
12954,2024,4,Cargo,Niue,807.0,11
12955,2024,4,Cargo,Palau,33664.0,347
12956,2024,4,Cargo,Papua New Guinea,295947.0,1095
12957,2024,4,Cargo,Samoa,950.0,16
12958,2024,4,Cargo,Solomon Islands,16730.0,161
12959,2024,4,Cargo,Tokelau,721.0,11
12960,2024,4,Cargo,Tonga,2794.0,21
12961,2024,4,Cargo,Tuvalu,2117.0,26
12962,2024,4,Cargo,Vanuatu,4309.0,41
12963,2024,4,Fishing,Cook Islands,1735.0,83
12964,2024,4,Fishing,Fiji,1165.0,171
12965,2024,4,Fishing,Kiribati,5522.0,183
12966,2024,4,Fishing,Marshall Islands,2182.0,127
12967,2024,4,Fishing,Micronesia,7841.0,250
12968,2024,4,Fishing,Nauru,132.0,18
12969,2024,4,Fishing,Niue,5.0,1
12970,2024,4,Fishing,Palau,266.0,29
12971,2024,4,Fishing,Papua New Guinea,7185.0,209
12972,2024,4,Fishing,Samoa,115.0,54
12973,2024,4,Fishing,Solomon Islands,3821.0,136
12974,2024,4,Fishing,Tokelau,277.0,35
12975,2024,4,Fishing,Tonga,189.0,25
12976,2024,4,Fishing,Tuvalu,1699.0,66
12977,2024,4,Fishing,Vanuatu,589.0,58
12978,2024,4,Others,Cook Islands,7711.0,150
12979,2024,4,Others,Fiji,6924.0,183
12980,2024,4,Others,Kiribati,18677.0,220
12981,2024,4,Others,Marshall Islands,921.0,28
12982,2024,4,Others,Micronesia,2592.0,64
12983,2024,4,Others,Nauru,129.0,1
12984,2024,4,Others,Niue,180.0,7
12985,2024,4,Others,Palau,330.0,16
12986,2024,4,Others,Papua New Guinea,4950.0,363
12987,2024,4,Others,Samoa,111.0,11
12988,2024,4,Others,Solomon Islands,3893.0,57
12989,2024,4,Others,Tokelau,341.0,27
12990,2024,4,Others,Tonga,185.0,13
12991,2024,4,Others,Tuvalu,876.0,21
12992,2024,4,Others,Vanuatu,2944.0,77
12993,2024,4,Passenger,Cook Islands,5625.0,16
12994,2024,4,Passenger,Fiji,7399.0,25
12995,2024,4,Passenger,Kiribati,9657.0,11
12996,2024,4,Passenger,Marshall Islands,79.0,3
12997,2024,4,Passenger,Micronesia,1208.0,9
12998,2024,4,Passenger,Nauru,9.0,1
12999,2024,4,Passenger,Niue,1124.0,4
13000,2024,4,Passenger,Palau,47.0,3
13001,2024,4,Passenger,Papua New Guinea,4762.0,42
13002,2024,4,Passenger,Samoa,999.0,10
13003,2024,4,Passenger,Solomon Islands,565.0,10
13004,2024,4,Passenger,Tokelau,1145.0,6
13005,2024,4,Passenger,Tonga,2490.0,11
13006,2024,4,Passenger,Vanuatu,2558.0,14
13007,2024,4,Tanker,Cook Islands,1298.0,11
13008,2024,4,Tanker,Fiji,2328.0,17
13009,2024,4,Tanker,Kiribati,2628.0,22
13010,2024,4,Tanker,Marshall Islands,2616.0,13
13011,2024,4,Tanker,Micronesia,43583.0,139
13012,2024,4,Tanker,Nauru,488.0,8
13013,2024,4,Tanker,Niue,336.0,6
13014,2024,4,Tanker,Palau,7187.0,55
13015,2024,4,Tanker,Papua New Guinea,101661.0,200
13016,2024,4,Tanker,Samoa,220.0,6
13017,2024,4,Tanker,Solomon Islands,4145.0,36
13018,2024,4,Tanker,Tokelau,137.0,3
13019,2024,4,Tanker,Tonga,762.0,9
13020,2024,4,Tanker,Tuvalu,946.0,9
13021,2024,4,Tanker,Vanuatu,827.0,9
13022,2024,5,Cargo,Cook Islands,7684.0,59
13023,2024,5,Cargo,Fiji,8143.0,55
13024,2024,5,Cargo,Kiribati,14569.0,77
13025,2024,5,Cargo,Marshall Islands,6934.0,55
13026,2024,5,Cargo,Micronesia,109817.0,739
13027,2024,5,Cargo,Nauru,842.0,16
13028,2024,5,Cargo,Niue,1176.0,17
13029,2024,5,Cargo,Palau,41081.0,405
13030,2024,5,Cargo,Papua New Guinea,301321.0,1089
13031,2024,5,Cargo,Samoa,921.0,16
13032,2024,5,Cargo,Solomon Islands,14741.0,140
13033,2024,5,Cargo,Tokelau,382.0,7
13034,2024,5,Cargo,Tonga,3099.0,24
13035,2024,5,Cargo,Tuvalu,1912.0,20
13036,2024,5,Cargo,Vanuatu,4225.0,45
13037,2024,5,Fishing,Cook Islands,2156.0,87
13038,2024,5,Fishing,Fiji,996.0,162
13039,2024,5,Fishing,Kiribati,6195.0,210
13040,2024,5,Fishing,Marshall Islands,2569.0,143
13041,2024,5,Fishing,Micronesia,8114.0,273
13042,2024,5,Fishing,Nauru,240.0,21
13043,2024,5,Fishing,Niue,3.0,2
13044,2024,5,Fishing,Palau,329.0,33
13045,2024,5,Fishing,Papua New Guinea,7079.0,206
13046,2024,5,Fishing,Samoa,86.0,45
13047,2024,5,Fishing,Solomon Islands,3429.0,151
13048,2024,5,Fishing,Tokelau,123.0,32
13049,2024,5,Fishing,Tonga,331.0,30
13050,2024,5,Fishing,Tuvalu,848.0,53
13051,2024,5,Fishing,Vanuatu,348.0,47
13052,2024,5,Others,Cook Islands,18837.0,250
13053,2024,5,Others,Fiji,13585.0,381
13054,2024,5,Others,Kiribati,20440.0,230
13055,2024,5,Others,Marshall Islands,813.0,23
13056,2024,5,Others,Micronesia,2282.0,72
13057,2024,5,Others,Niue,2107.0,60
13058,2024,5,Others,Palau,430.0,26
13059,2024,5,Others,Papua New Guinea,4830.0,359
13060,2024,5,Others,Samoa,258.0,22
13061,2024,5,Others,Solomon Islands,2864.0,57
13062,2024,5,Others,Tokelau,518.0,12
13063,2024,5,Others,Tonga,3507.0,121
13064,2024,5,Others,Tuvalu,1113.0,28
13065,2024,5,Others,Vanuatu,2730.0,120
13066,2024,5,Passenger,Cook Islands,212.0,3
13067,2024,5,Passenger,Fiji,2371.0,21
13068,2024,5,Passenger,Kiribati,57.0,2
13069,2024,5,Passenger,Marshall Islands,169.0,3
13070,2024,5,Passenger,Micronesia,959.0,7
13071,2024,5,Passenger,Palau,342.0,7
13072,2024,5,Passenger,Papua New Guinea,7264.0,36
13073,2024,5,Passenger,Samoa,117.0,4
13074,2024,5,Passenger,Solomon Islands,1456.0,10
13075,2024,5,Passenger,Tokelau,40.0,2
13076,2024,5,Passenger,Tonga,174.0,5
13077,2024,5,Passenger,Tuvalu,3.0,1
13078,2024,5,Passenger,Vanuatu,3692.0,8
13079,2024,5,Tanker,Cook Islands,1299.0,10
13080,2024,5,Tanker,Fiji,1694.0,15
13081,2024,5,Tanker,Kiribati,876.0,9
13082,2024,5,Tanker,Marshall Islands,550.0,6
13083,2024,5,Tanker,Micronesia,43915.0,135
13084,2024,5,Tanker,Nauru,135.0,1
13085,2024,5,Tanker,Niue,209.0,4
13086,2024,5,Tanker,Palau,7925.0,58
13087,2024,5,Tanker,Papua New Guinea,104316.0,207
13088,2024,5,Tanker,Samoa,106.0,3
13089,2024,5,Tanker,Solomon Islands,4380.0,38
13090,2024,5,Tanker,Tokelau,28.0,1
13091,2024,5,Tanker,Tonga,588.0,8
13092,2024,5,Tanker,Tuvalu,167.0,3
13093,2024,5,Tanker,Vanuatu,595.0,10
13094,2024,6,Cargo,Cook Islands,6910.0,51
13095,2024,6,Cargo,Fiji,8717.0,54
13096,2024,6,Cargo,Kiribati,13160.0,79
13097,2024,6,Cargo,Marshall Islands,6101.0,50
13098,2024,6,Cargo,Micronesia,114195.0,754
13099,2024,6,Cargo,Nauru,511.0,9
13100,2024,6,Cargo,Niue,779.0,14
13101,2024,6,Cargo,Palau,35732.0,396
13102,2024,6,Cargo,Papua New Guinea,309346.0,1109
13103,2024,6,Cargo,Samoa,885.0,17
13104,2024,6,Cargo,Solomon Islands,13565.0,133
13105,2024,6,Cargo,Tokelau,289.0,8
13106,2024,6,Cargo,Tonga,3041.0,23
13107,2024,6,Cargo,Tuvalu,1600.0,16
13108,2024,6,Cargo,Vanuatu,4337.0,38
13109,2024,6,Fishing,Cook Islands,1459.0,75
13110,2024,6,Fishing,Fiji,1037.0,150
13111,2024,6,Fishing,Kiribati,5099.0,207
13112,2024,6,Fishing,Marshall Islands,2390.0,112
13113,2024,6,Fishing,Micronesia,6470.0,209
13114,2024,6,Fishing,Nauru,418.0,27
13115,2024,6,Fishing,Niue,71.0,2
13116,2024,6,Fishing,Palau,418.0,41
13117,2024,6,Fishing,Papua New Guinea,9085.0,255
13118,2024,6,Fishing,Samoa,43.0,34
13119,2024,6,Fishing,Solomon Islands,2560.0,134
13120,2024,6,Fishing,Tokelau,105.0,29
13121,2024,6,Fishing,Tonga,345.0,30
13122,2024,6,Fishing,Tuvalu,403.0,43
13123,2024,6,Fishing,Vanuatu,272.0,38
13124,2024,6,Others,Cook Islands,10851.0,210
13125,2024,6,Others,Fiji,24045.0,522
13126,2024,6,Others,Kiribati,12640.0,199
13127,2024,6,Others,Marshall Islands,709.0,18
13128,2024,6,Others,Micronesia,3166.0,69
13129,2024,6,Others,Nauru,270.0,3
13130,2024,6,Others,Niue,2090.0,67
13131,2024,6,Others,Palau,476.0,25
13132,2024,6,Others,Papua New Guinea,7634.0,438
13133,2024,6,Others,Samoa,465.0,33
13134,2024,6,Others,Solomon Islands,3576.0,71
13135,2024,6,Others,Tokelau,123.0,7
13136,2024,6,Others,Tonga,6656.0,219
13137,2024,6,Others,Tuvalu,644.0,15
13138,2024,6,Others,Vanuatu,4982.0,142
13139,2024,6,Passenger,Cook Islands,20.0,2
13140,2024,6,Passenger,Fiji,1712.0,15
13141,2024,6,Passenger,Kiribati,30.0,3
13142,2024,6,Passenger,Marshall Islands,111.0,3
13143,2024,6,Passenger,Micronesia,219.0,4
13144,2024,6,Passenger,Palau,175.0,3
13145,2024,6,Passenger,Papua New Guinea,3871.0,33
13146,2024,6,Passenger,Samoa,121.0,3
13147,2024,6,Passenger,Solomon Islands,70.0,6
13148,2024,6,Passenger,Tokelau,28.0,2
13149,2024,6,Passenger,Tonga,133.0,3
13150,2024,6,Passenger,Tuvalu,6.0,1
13151,2024,6,Passenger,Vanuatu,1766.0,7
13152,2024,6,Tanker,Cook Islands,737.0,10
13153,2024,6,Tanker,Fiji,1660.0,16
13154,2024,6,Tanker,Kiribati,1807.0,14
13155,2024,6,Tanker,Marshall Islands,757.0,6
13156,2024,6,Tanker,Micronesia,37536.0,119
13157,2024,6,Tanker,Nauru,319.0,7
13158,2024,6,Tanker,Niue,85.0,2
13159,2024,6,Tanker,Palau,10379.0,60
13160,2024,6,Tanker,Papua New Guinea,95302.0,196
13161,2024,6,Tanker,Samoa,97.0,3
13162,2024,6,Tanker,Solomon Islands,3198.0,31
13163,2024,6,Tanker,Tokelau,105.0,1
13164,2024,6,Tanker,Tonga,371.0,8
13165,2024,6,Tanker,Tuvalu,329.0,4
13166,2024,6,Tanker,Vanuatu,833.0,9
13167,2024,7,Cargo,Cook Islands,6927.0,50
13168,2024,7,Cargo,Fiji,9012.0,52
13169,2024,7,Cargo,Kiribati,14384.0,90
13170,2024,7,Cargo,Marshall Islands,7592.0,53
13171,2024,7,Cargo,Micronesia,115127.0,742
13172,2024,7,Cargo,Nauru,599.0,15
13173,2024,7,Cargo,Niue,1267.0,17
13174,2024,7,Cargo,Palau,36746.0,384
13175,2024,7,Cargo,Papua New Guinea,303033.0,1103
13176,2024,7,Cargo,Samoa,789.0,16
13177,2024,7,Cargo,Solomon Islands,13569.0,142
13178,2024,7,Cargo,Tokelau,496.0,7
13179,2024,7,Cargo,Tonga,3082.0,30
13180,2024,7,Cargo,Tuvalu,1118.0,16
13181,2024,7,Cargo,Vanuatu,4060.0,38
13182,2024,7,Fishing,Cook Islands,1747.0,62
13183,2024,7,Fishing,Fiji,1289.0,193
13184,2024,7,Fishing,Kiribati,5860.0,180
13185,2024,7,Fishing,Marshall Islands,2581.0,135
13186,2024,7,Fishing,Micronesia,6491.0,233
13187,2024,7,Fishing,Nauru,423.0,24
13188,2024,7,Fishing,Niue,9.0,2
13189,2024,7,Fishing,Palau,367.0,33
13190,2024,7,Fishing,Papua New Guinea,7015.0,230
13191,2024,7,Fishing,Samoa,104.0,38
13192,2024,7,Fishing,Solomon Islands,3087.0,166
13193,2024,7,Fishing,Tokelau,118.0,35
13194,2024,7,Fishing,Tonga,151.0,26
13195,2024,7,Fishing,Tuvalu,576.0,38
13196,2024,7,Fishing,Vanuatu,327.0,47
13197,2024,7,Others,Cook Islands,10025.0,136
13198,2024,7,Others,Fiji,27487.0,642
13199,2024,7,Others,Kiribati,11122.0,142
13200,2024,7,Others,Marshall Islands,611.0,20
13201,2024,7,Others,Micronesia,1666.0,49
13202,2024,7,Others,Nauru,233.0,6
13203,2024,7,Others,Niue,1148.0,40
13204,2024,7,Others,Palau,564.0,39
13205,2024,7,Others,Papua New Guinea,8515.0,471
13206,2024,7,Others,Samoa,349.0,33
13207,2024,7,Others,Solomon Islands,4609.0,95
13208,2024,7,Others,Tokelau,290.0,5
13209,2024,7,Others,Tonga,4499.0,170
13210,2024,7,Others,Tuvalu,1474.0,54
13211,2024,7,Others,Vanuatu,6442.0,187
13212,2024,7,Passenger,Cook Islands,278.0,3
13213,2024,7,Passenger,Fiji,4367.0,20
13214,2024,7,Passenger,Kiribati,48.0,3
13215,2024,7,Passenger,Marshall Islands,96.0,2
13216,2024,7,Passenger,Micronesia,112.0,3
13217,2024,7,Passenger,Niue,110.0,1
13218,2024,7,Passenger,Palau,95.0,4
13219,2024,7,Passenger,Papua New Guinea,925.0,32
13220,2024,7,Passenger,Samoa,139.0,3
13221,2024,7,Passenger,Solomon Islands,91.0,6
13222,2024,7,Passenger,Tokelau,48.0,2
13223,2024,7,Passenger,Tonga,923.0,6
13224,2024,7,Passenger,Vanuatu,4575.0,10
13225,2024,7,Tanker,Cook Islands,617.0,7
13226,2024,7,Tanker,Fiji,1412.0,15
13227,2024,7,Tanker,Kiribati,2507.0,17
13228,2024,7,Tanker,Marshall Islands,662.0,6
13229,2024,7,Tanker,Micronesia,36104.0,117
13230,2024,7,Tanker,Nauru,705.0,8
13231,2024,7,Tanker,Niue,94.0,2
13232,2024,7,Tanker,Palau,10832.0,67
13233,2024,7,Tanker,Papua New Guinea,98594.0,205
13234,2024,7,Tanker,Samoa,92.0,3
13235,2024,7,Tanker,Solomon Islands,2225.0,21
13236,2024,7,Tanker,Tokelau,67.0,2
13237,2024,7,Tanker,Tonga,258.0,6
13238,2024,7,Tanker,Tuvalu,143.0,3
13239,2024,7,Tanker,Vanuatu,522.0,8
13240,2024,8,Cargo,Cook Islands,6142.0,45
13241,2024,8,Cargo,Fiji,9659.0,61
13242,2024,8,Cargo,Kiribati,15371.0,88
13243,2024,8,Cargo,Marshall Islands,6094.0,51
13244,2024,8,Cargo,Micronesia,118736.0,755
13245,2024,8,Cargo,Nauru,759.0,13
13246,2024,8,Cargo,Niue,1056.0,21
13247,2024,8,Cargo,Palau,33510.0,360
13248,2024,8,Cargo,Papua New Guinea,298134.0,1116
13249,2024,8,Cargo,Samoa,1277.0,19
13250,2024,8,Cargo,Solomon Islands,14137.0,144
13251,2024,8,Cargo,Tokelau,227.0,6
13252,2024,8,Cargo,Tonga,3307.0,29
13253,2024,8,Cargo,Tuvalu,1803.0,20
13254,2024,8,Cargo,Vanuatu,5619.0,48
13255,2024,8,Fishing,Cook Islands,1734.0,59
13256,2024,8,Fishing,Fiji,1299.0,181
13257,2024,8,Fishing,Kiribati,4596.0,145
13258,2024,8,Fishing,Marshall Islands,2706.0,117
13259,2024,8,Fishing,Micronesia,5014.0,187
13260,2024,8,Fishing,Nauru,809.0,38
13261,2024,8,Fishing,Niue,6.0,1
13262,2024,8,Fishing,Palau,127.0,37
13263,2024,8,Fishing,Papua New Guinea,7794.0,240
13264,2024,8,Fishing,Samoa,39.0,32
13265,2024,8,Fishing,Solomon Islands,2334.0,130
13266,2024,8,Fishing,Tokelau,102.0,21
13267,2024,8,Fishing,Tonga,265.0,47
13268,2024,8,Fishing,Tuvalu,739.0,43
13269,2024,8,Fishing,Vanuatu,269.0,42
13270,2024,8,Others,Cook Islands,11894.0,179
13271,2024,8,Others,Fiji,27531.0,660
13272,2024,8,Others,Kiribati,9577.0,111
13273,2024,8,Others,Marshall Islands,611.0,16
13274,2024,8,Others,Micronesia,1097.0,38
13275,2024,8,Others,Nauru,160.0,4
13276,2024,8,Others,Niue,2023.0,60
13277,2024,8,Others,Palau,525.0,30
13278,2024,8,Others,Papua New Guinea,8056.0,505
13279,2024,8,Others,Samoa,430.0,28
13280,2024,8,Others,Solomon Islands,4441.0,91
13281,2024,8,Others,Tokelau,642.0,12
13282,2024,8,Others,Tonga,5304.0,178
13283,2024,8,Others,Tuvalu,3279.0,95
13284,2024,8,Others,Vanuatu,6089.0,178
13285,2024,8,Passenger,Cook Islands,1020.0,5
13286,2024,8,Passenger,Fiji,5302.0,21
13287,2024,8,Passenger,Kiribati,74.0,2
13288,2024,8,Passenger,Marshall Islands,154.0,2
13289,2024,8,Passenger,Micronesia,266.0,3
13290,2024,8,Passenger,Niue,0.0,1
13291,2024,8,Passenger,Palau,155.0,4
13292,2024,8,Passenger,Papua New Guinea,3565.0,33
13293,2024,8,Passenger,Samoa,184.0,4
13294,2024,8,Passenger,Solomon Islands,232.0,5
13295,2024,8,Passenger,Tokelau,14.0,1
13296,2024,8,Passenger,Tonga,1930.0,8
13297,2024,8,Passenger,Vanuatu,2303.0,9
13298,2024,8,Tanker,Cook Islands,1185.0,11
13299,2024,8,Tanker,Fiji,2288.0,16
13300,2024,8,Tanker,Kiribati,1786.0,14
13301,2024,8,Tanker,Marshall Islands,693.0,7
13302,2024,8,Tanker,Micronesia,38306.0,130
13303,2024,8,Tanker,Nauru,909.0,10
13304,2024,8,Tanker,Niue,311.0,7
13305,2024,8,Tanker,Palau,10073.0,65
13306,2024,8,Tanker,Papua New Guinea,104949.0,206
13307,2024,8,Tanker,Samoa,224.0,6
13308,2024,8,Tanker,Solomon Islands,2724.0,28
13309,2024,8,Tanker,Tokelau,97.0,2
13310,2024,8,Tanker,Tonga,857.0,14
13311,2024,8,Tanker,Tuvalu,147.0,4
13312,2024,8,Tanker,Vanuatu,920.0,10
13313,2024,9,Cargo,Cook Islands,7109.0,56
13314,2024,9,Cargo,Fiji,8909.0,51
13315,2024,9,Cargo,Kiribati,17005.0,86
13316,2024,9,Cargo,Marshall Islands,7399.0,61
13317,2024,9,Cargo,Micronesia,119816.0,769
13318,2024,9,Cargo,Nauru,988.0,16
13319,2024,9,Cargo,Niue,843.0,12
13320,2024,9,Cargo,Palau,31114.0,337
13321,2024,9,Cargo,Papua New Guinea,298338.0,1096
13322,2024,9,Cargo,Samoa,402.0,13
13323,2024,9,Cargo,Solomon Islands,12298.0,131
13324,2024,9,Cargo,Tokelau,1034.0,11
13325,2024,9,Cargo,Tonga,1900.0,19
13326,2024,9,Cargo,Tuvalu,1371.0,15
13327,2024,9,Cargo,Vanuatu,3965.0,33
13328,2024,9,Fishing,Cook Islands,1458.0,56
13329,2024,9,Fishing,Fiji,962.0,147
13330,2024,9,Fishing,Kiribati,5728.0,154
13331,2024,9,Fishing,Marshall Islands,2908.0,142
13332,2024,9,Fishing,Micronesia,4833.0,161
13333,2024,9,Fishing,Nauru,788.0,36
13334,2024,9,Fishing,Niue,22.0,5
13335,2024,9,Fishing,Palau,246.0,32
13336,2024,9,Fishing,Papua New Guinea,8270.0,241
13337,2024,9,Fishing,Samoa,88.0,37
13338,2024,9,Fishing,Solomon Islands,2293.0,139
13339,2024,9,Fishing,Tokelau,83.0,16
13340,2024,9,Fishing,Tonga,201.0,18
13341,2024,9,Fishing,Tuvalu,1235.0,64
13342,2024,9,Fishing,Vanuatu,342.0,45
13343,2024,9,Others,Cook Islands,9446.0,181
13344,2024,9,Others,Fiji,24572.0,700
13345,2024,9,Others,Kiribati,8114.0,132
13346,2024,9,Others,Marshall Islands,690.0,20
13347,2024,9,Others,Micronesia,3105.0,45
13348,2024,9,Others,Nauru,34.0,2
13349,2024,9,Others,Niue,2706.0,84
13350,2024,9,Others,Palau,865.0,41
13351,2024,9,Others,Papua New Guinea,8004.0,536
13352,2024,9,Others,Samoa,319.0,21
13353,2024,9,Others,Solomon Islands,4581.0,90
13354,2024,9,Others,Tokelau,220.0,4
13355,2024,9,Others,Tonga,5183.0,190
13356,2024,9,Others,Tuvalu,5897.0,129
13357,2024,9,Others,Vanuatu,5844.0,185
13358,2024,9,Passenger,Cook Islands,248.0,3
13359,2024,9,Passenger,Fiji,4712.0,22
13360,2024,9,Passenger,Kiribati,1159.0,4
13361,2024,9,Passenger,Marshall Islands,56.0,1
13362,2024,9,Passenger,Micronesia,875.0,7
13363,2024,9,Passenger,Niue,120.0,2
13364,2024,9,Passenger,Palau,591.0,6
13365,2024,9,Passenger,Papua New Guinea,4166.0,35
13366,2024,9,Passenger,Samoa,177.0,3
13367,2024,9,Passenger,Solomon Islands,647.0,8
13368,2024,9,Passenger,Tokelau,12.0,1
13369,2024,9,Passenger,Tonga,383.0,7
13370,2024,9,Passenger,Vanuatu,4485.0,12
13371,2024,9,Tanker,Cook Islands,1321.0,16
13372,2024,9,Tanker,Fiji,1672.0,16
13373,2024,9,Tanker,Kiribati,1816.0,13
13374,2024,9,Tanker,Marshall Islands,1394.0,10
13375,2024,9,Tanker,Micronesia,40066.0,118
13376,2024,9,Tanker,Nauru,715.0,7
13377,2024,9,Tanker,Niue,269.0,5
13378,2024,9,Tanker,Palau,11730.0,71
13379,2024,9,Tanker,Papua New Guinea,108449.0,197
13380,2024,9,Tanker,Samoa,178.0,5
13381,2024,9,Tanker,Solomon Islands,2607.0,28
13382,2024,9,Tanker,Tokelau,99.0,2
13383,2024,9,Tanker,Tonga,450.0,9
13384,2024,9,Tanker,Tuvalu,325.0,6
13385,2024,9,Tanker,Vanuatu,683.0,9
13386,2024,10,Cargo,Cook Islands,7073.0,42
13387,2024,10,Cargo,Fiji,7377.0,57
13388,2024,10,Cargo,Kiribati,16371.0,95
13389,2024,10,Cargo,Marshall Islands,7501.0,85
13390,2024,10,Cargo,Micronesia,121988.0,853
13391,2024,10,Cargo,Nauru,746.0,18
13392,2024,10,Cargo,Niue,784.0,13
13393,2024,10,Cargo,Palau,33949.0,415
13394,2024,10,Cargo,Papua New Guinea,312542.0,1185
13395,2024,10,Cargo,Samoa,1262.0,20
13396,2024,10,Cargo,Solomon Islands,15802.0,169
13397,2024,10,Cargo,Tokelau,886.0,11
13398,2024,10,Cargo,Tonga,3385.0,25
13399,2024,10,Cargo,Tuvalu,1638.0,20
13400,2024,10,Cargo,Vanuatu,4084.0,41
13401,2024,10,Fishing,Cook Islands,1440.0,61
13402,2024,10,Fishing,Fiji,1185.0,171
13403,2024,10,Fishing,Kiribati,5293.0,195
13404,2024,10,Fishing,Marshall Islands,2354.0,133
13405,2024,10,Fishing,Micronesia,6445.0,196
13406,2024,10,Fishing,Nauru,662.0,30
13407,2024,10,Fishing,Palau,325.0,38
13408,2024,10,Fishing,Papua New Guinea,10643.0,239
13409,2024,10,Fishing,Samoa,59.0,25
13410,2024,10,Fishing,Solomon Islands,4018.0,178
13411,2024,10,Fishing,Tokelau,108.0,10
13412,2024,10,Fishing,Tonga,147.0,23
13413,2024,10,Fishing,Tuvalu,1020.0,57
13414,2024,10,Fishing,Vanuatu,972.0,82
13415,2024,10,Others,Cook Islands,5645.0,76
13416,2024,10,Others,Fiji,30897.0,631
13417,2024,10,Others,Kiribati,8454.0,93
13418,2024,10,Others,Marshall Islands,1875.0,45
13419,2024,10,Others,Micronesia,2837.0,57
13420,2024,10,Others,Nauru,273.0,14
13421,2024,10,Others,Niue,1122.0,41
13422,2024,10,Others,Palau,686.0,41
13423,2024,10,Others,Papua New Guinea,6678.0,226
13424,2024,10,Others,Samoa,763.0,28
13425,2024,10,Others,Solomon Islands,5955.0,83
13426,2024,10,Others,Tokelau,51.0,2
13427,2024,10,Others,Tonga,6807.0,154
13428,2024,10,Others,Tuvalu,3719.0,52
13429,2024,10,Others,Vanuatu,9835.0,195
13430,2024,10,Passenger,Cook Islands,4590.0,12
13431,2024,10,Passenger,Fiji,8366.0,21
13432,2024,10,Passenger,Kiribati,4848.0,14
13433,2024,10,Passenger,Marshall Islands,830.0,5
13434,2024,10,Passenger,Micronesia,263.0,5
13435,2024,10,Passenger,Niue,715.0,3
13436,2024,10,Passenger,Palau,87.0,6
13437,2024,10,Passenger,Papua New Guinea,3917.0,41
13438,2024,10,Passenger,Samoa,1009.0,7
13439,2024,10,Passenger,Solomon Islands,529.0,7
13440,2024,10,Passenger,Tokelau,492.0,3
13441,2024,10,Passenger,Tonga,5302.0,10
13442,2024,10,Passenger,Vanuatu,3961.0,15
13443,2024,10,Tanker,Cook Islands,701.0,8
13444,2024,10,Tanker,Fiji,1809.0,16
13445,2024,10,Tanker,Kiribati,1956.0,13
13446,2024,10,Tanker,Marshall Islands,1457.0,22
13447,2024,10,Tanker,Micronesia,40707.0,149
13448,2024,10,Tanker,Nauru,433.0,12
13449,2024,10,Tanker,Niue,96.0,2
13450,2024,10,Tanker,Palau,10046.0,76
13451,2024,10,Tanker,Papua New Guinea,106953.0,213
13452,2024,10,Tanker,Samoa,132.0,4
13453,2024,10,Tanker,Solomon Islands,3216.0,30
13454,2024,10,Tanker,Tokelau,6.0,1
13455,2024,10,Tanker,Tonga,542.0,10
13456,2024,10,Tanker,Tuvalu,188.0,4
13457,2024,10,Tanker,Vanuatu,1121.0,11
13458,2024,11,Cargo,Cook Islands,6725.0,39
13459,2024,11,Cargo,Fiji,7371.0,58
13460,2024,11,Cargo,Kiribati,16324.0,106
13461,2024,11,Cargo,Marshall Islands,10022.0,106
13462,2024,11,Cargo,Micronesia,126928.0,874
13463,2024,11,Cargo,Nauru,1159.0,31
13464,2024,11,Cargo,Niue,995.0,16
13465,2024,11,Cargo,Palau,35584.0,413
13466,2024,11,Cargo,Papua New Guinea,314143.0,1233
13467,2024,11,Cargo,Samoa,772.0,19
13468,2024,11,Cargo,Solomon Islands,15647.0,164
13469,2024,11,Cargo,Tokelau,518.0,9
13470,2024,11,Cargo,Tonga,3627.0,25
13471,2024,11,Cargo,Tuvalu,1639.0,18
13472,2024,11,Cargo,Vanuatu,4613.0,42
13473,2024,11,Fishing,Cook Islands,976.0,47
13474,2024,11,Fishing,Fiji,850.0,134
13475,2024,11,Fishing,Kiribati,7738.0,215
13476,2024,11,Fishing,Marshall Islands,2911.0,164
13477,2024,11,Fishing,Micronesia,5297.0,157
13478,2024,11,Fishing,Nauru,394.0,20
13479,2024,11,Fishing,Niue,8.0,4
13480,2024,11,Fishing,Palau,231.0,27
13481,2024,11,Fishing,Papua New Guinea,7268.0,195
13482,2024,11,Fishing,Samoa,65.0,36
13483,2024,11,Fishing,Solomon Islands,3599.0,148
13484,2024,11,Fishing,Tokelau,29.0,7
13485,2024,11,Fishing,Tonga,181.0,16
13486,2024,11,Fishing,Tuvalu,752.0,41
13487,2024,11,Fishing,Vanuatu,1775.0,102
13488,2024,11,Others,Cook Islands,2883.0,41
13489,2024,11,Others,Fiji,13798.0,360
13490,2024,11,Others,Kiribati,8934.0,103
13491,2024,11,Others,Marshall Islands,1488.0,45
13492,2024,11,Others,Micronesia,2266.0,62
13493,2024,11,Others,Nauru,185.0,9
13494,2024,11,Others,Niue,383.0,12
13495,2024,11,Others,Palau,1081.0,42
13496,2024,11,Others,Papua New Guinea,7419.0,220
13497,2024,11,Others,Samoa,136.0,18
13498,2024,11,Others,Solomon Islands,6825.0,83
13499,2024,11,Others,Tokelau,61.0,3
13500,2024,11,Others,Tonga,2369.0,70
13501,2024,11,Others,Tuvalu,2271.0,35
13502,2024,11,Others,Vanuatu,9067.0,145
13503,2024,11,Passenger,Cook Islands,3193.0,7
13504,2024,11,Passenger,Fiji,6743.0,23
13505,2024,11,Passenger,Kiribati,3562.0,9
13506,2024,11,Passenger,Marshall Islands,1243.0,4
13507,2024,11,Passenger,Micronesia,214.0,6
13508,2024,11,Passenger,Nauru,0.0,1
13509,2024,11,Passenger,Niue,775.0,4
13510,2024,11,Passenger,Palau,54.0,3
13511,2024,11,Passenger,Papua New Guinea,2840.0,40
13512,2024,11,Passenger,Samoa,1201.0,7
13513,2024,11,Passenger,Solomon Islands,267.0,9
13514,2024,11,Passenger,Tokelau,834.0,4
13515,2024,11,Passenger,Tonga,1918.0,8
13516,2024,11,Passenger,Tuvalu,0.0,1
13517,2024,11,Passenger,Vanuatu,2116.0,17
13518,2024,11,Tanker,Cook Islands,809.0,9
13519,2024,11,Tanker,Fiji,1237.0,12
13520,2024,11,Tanker,Kiribati,2104.0,20
13521,2024,11,Tanker,Marshall Islands,1332.0,19
13522,2024,11,Tanker,Micronesia,41739.0,157
13523,2024,11,Tanker,Nauru,503.0,9
13524,2024,11,Tanker,Niue,129.0,3
13525,2024,11,Tanker,Palau,9465.0,67
13526,2024,11,Tanker,Papua New Guinea,105791.0,220
13527,2024,11,Tanker,Samoa,98.0,2
13528,2024,11,Tanker,Solomon Islands,3919.0,38
13529,2024,11,Tanker,Tokelau,189.0,3
13530,2024,11,Tanker,Tonga,453.0,7
13531,2024,11,Tanker,Tuvalu,355.0,7
13532,2024,11,Tanker,Vanuatu,637.0,8
13533,2024,12,Cargo,Cook Islands,5926.0,36
13534,2024,12,Cargo,Fiji,9620.0,62
13535,2024,12,Cargo,Kiribati,23787.0,123
13536,2024,12,Cargo,Marshall Islands,11822.0,119
13537,2024,12,Cargo,Micronesia,122582.0,846
13538,2024,12,Cargo,Nauru,996.0,21
13539,2024,12,Cargo,Niue,1851.0,15
13540,2024,12,Cargo,Palau,35384.0,417
13541,2024,12,Cargo,Papua New Guinea,314841.0,1201
13542,2024,12,Cargo,Samoa,567.0,16
13543,2024,12,Cargo,Solomon Islands,17109.0,164
13544,2024,12,Cargo,Tokelau,730.0,10
13545,2024,12,Cargo,Tonga,5505.0,28
13546,2024,12,Cargo,Tuvalu,1792.0,20
13547,2024,12,Cargo,Vanuatu,4292.0,41
13548,2024,12,Fishing,Cook Islands,987.0,43
13549,2024,12,Fishing,Fiji,930.0,129
13550,2024,12,Fishing,Kiribati,6857.0,191
13551,2024,12,Fishing,Marshall Islands,2398.0,142
13552,2024,12,Fishing,Micronesia,4358.0,154
13553,2024,12,Fishing,Nauru,847.0,28
13554,2024,12,Fishing,Niue,18.0,5
13555,2024,12,Fishing,Palau,250.0,38
13556,2024,12,Fishing,Papua New Guinea,9663.0,213
13557,2024,12,Fishing,Samoa,55.0,11
13558,2024,12,Fishing,Solomon Islands,2447.0,125
13559,2024,12,Fishing,Tokelau,70.0,11
13560,2024,12,Fishing,Tonga,142.0,17
13561,2024,12,Fishing,Tuvalu,488.0,31
13562,2024,12,Fishing,Vanuatu,2083.0,128
13563,2024,12,Others,Cook Islands,1643.0,31
13564,2024,12,Others,Fiji,9073.0,229
13565,2024,12,Others,Kiribati,9041.0,100
13566,2024,12,Others,Marshall Islands,1532.0,35
13567,2024,12,Others,Micronesia,1786.0,68
13568,2024,12,Others,Nauru,68.0,3
13569,2024,12,Others,Niue,125.0,6
13570,2024,12,Others,Palau,507.0,37
13571,2024,12,Others,Papua New Guinea,7207.0,208
13572,2024,12,Others,Samoa,194.0,12
13573,2024,12,Others,Solomon Islands,6059.0,65
13574,2024,12,Others,Tokelau,69.0,2
13575,2024,12,Others,Tonga,416.0,21
13576,2024,12,Others,Tuvalu,1285.0,26
13577,2024,12,Others,Vanuatu,10741.0,130
13578,2024,12,Passenger,Cook Islands,1497.0,6
13579,2024,12,Passenger,Fiji,2644.0,21
13580,2024,12,Passenger,Kiribati,274.0,4
13581,2024,12,Passenger,Marshall Islands,108.0,2
13582,2024,12,Passenger,Micronesia,94.0,7
13583,2024,12,Passenger,Nauru,1.0,1
13584,2024,12,Passenger,Niue,34.0,1
13585,2024,12,Passenger,Palau,72.0,4
13586,2024,12,Passenger,Papua New Guinea,2215.0,36
13587,2024,12,Passenger,Samoa,437.0,7
13588,2024,12,Passenger,Solomon Islands,121.0,9
13589,2024,12,Passenger,Tokelau,20.0,2
13590,2024,12,Passenger,Tonga,911.0,5
13591,2024,12,Passenger,Tuvalu,9.0,2
13592,2024,12,Passenger,Vanuatu,6393.0,23
13593,2024,12,Tanker,Cook Islands,1226.0,14
13594,2024,12,Tanker,Fiji,1616.0,19
13595,2024,12,Tanker,Kiribati,3895.0,28
13596,2024,12,Tanker,Marshall Islands,2745.0,30
13597,2024,12,Tanker,Micronesia,41531.0,164
13598,2024,12,Tanker,Nauru,477.0,6
13599,2024,12,Tanker,Niue,54.0,2
13600,2024,12,Tanker,Palau,9051.0,80
13601,2024,12,Tanker,Papua New Guinea,109289.0,226
13602,2024,12,Tanker,Samoa,203.0,6
13603,2024,12,Tanker,Solomon Islands,3216.0,35
13604,2024,12,Tanker,Tokelau,115.0,2
13605,2024,12,Tanker,Tonga,397.0,9
13606,2024,12,Tanker,Tuvalu,554.0,8
13607,2024,12,Tanker,Vanuatu,644.0,11
13608,2025,1,Cargo,Cook Islands,8952.0,47
13609,2025,1,Cargo,Fiji,7983.0,57
13610,2025,1,Cargo,Kiribati,29996.0,142
13611,2025,1,Cargo,Marshall Islands,20759.0,176
13612,2025,1,Cargo,Micronesia,113371.0,802
13613,2025,1,Cargo,Nauru,1614.0,23
13614,2025,1,Cargo,Niue,1922.0,23
13615,2025,1,Cargo,Palau,31664.0,380
13616,2025,1,Cargo,Papua New Guinea,269236.0,1115
13617,2025,1,Cargo,Samoa,670.0,18
13618,2025,1,Cargo,Solomon Islands,15418.0,157
13619,2025,1,Cargo,Tokelau,928.0,14
13620,2025,1,Cargo,Tonga,4479.0,33
13621,2025,1,Cargo,Tuvalu,1980.0,26
13622,2025,1,Cargo,Vanuatu,4120.0,39
13623,2025,1,Fishing,Cook Islands,614.0,43
13624,2025,1,Fishing,Fiji,1048.0,123
13625,2025,1,Fishing,Kiribati,7235.0,239
13626,2025,1,Fishing,Marshall Islands,2988.0,171
13627,2025,1,Fishing,Micronesia,6262.0,203
13628,2025,1,Fishing,Nauru,669.0,27
13629,2025,1,Fishing,Niue,7.0,2
13630,2025,1,Fishing,Palau,333.0,35
13631,2025,1,Fishing,Papua New Guinea,9472.0,319
13632,2025,1,Fishing,Samoa,48.0,20
13633,2025,1,Fishing,Solomon Islands,2051.0,127
13634,2025,1,Fishing,Tokelau,143.0,14
13635,2025,1,Fishing,Tonga,181.0,22
13636,2025,1,Fishing,Tuvalu,766.0,35
13637,2025,1,Fishing,Vanuatu,1612.0,114
13638,2025,1,Others,Cook Islands,951.0,17
13639,2025,1,Others,Fiji,13118.0,175
13640,2025,1,Others,Kiribati,23839.0,134
13641,2025,1,Others,Marshall Islands,2405.0,43
13642,2025,1,Others,Micronesia,4501.0,76
13643,2025,1,Others,Nauru,230.0,7
13644,2025,1,Others,Niue,147.0,3
13645,2025,1,Others,Palau,800.0,33
13646,2025,1,Others,Papua New Guinea,10850.0,245
13647,2025,1,Others,Samoa,220.0,14
13648,2025,1,Others,Solomon Islands,5262.0,52
13649,2025,1,Others,Tonga,181.0,15
13650,2025,1,Others,Tuvalu,1009.0,17
13651,2025,1,Others,Vanuatu,16092.0,96
13652,2025,1,Passenger,Cook Islands,989.0,10
13653,2025,1,Passenger,Fiji,5205.0,24
13654,2025,1,Passenger,Kiribati,1893.0,8
13655,2025,1,Passenger,Marshall Islands,498.0,4
13656,2025,1,Passenger,Micronesia,464.0,7
13657,2025,1,Passenger,Niue,192.0,3
13658,2025,1,Passenger,Palau,143.0,8
13659,2025,1,Passenger,Papua New Guinea,4267.0,34
13660,2025,1,Passenger,Samoa,289.0,7
13661,2025,1,Passenger,Solomon Islands,287.0,11
13662,2025,1,Passenger,Tokelau,33.0,2
13663,2025,1,Passenger,Tonga,591.0,7
13664,2025,1,Passenger,Tuvalu,17.0,2
13665,2025,1,Passenger,Vanuatu,4594.0,22
13666,2025,1,Tanker,Cook Islands,1478.0,13
13667,2025,1,Tanker,Fiji,2103.0,18
13668,2025,1,Tanker,Kiribati,3426.0,25
13669,2025,1,Tanker,Marshall Islands,2278.0,39
13670,2025,1,Tanker,Micronesia,43141.0,173
13671,2025,1,Tanker,Nauru,970.0,10
13672,2025,1,Tanker,Niue,353.0,6
13673,2025,1,Tanker,Palau,8909.0,76
13674,2025,1,Tanker,Papua New Guinea,110654.0,229
13675,2025,1,Tanker,Samoa,95.0,3
13676,2025,1,Tanker,Solomon Islands,4400.0,40
13677,2025,1,Tanker,Tokelau,51.0,1
13678,2025,1,Tanker,Tonga,865.0,13
13679,2025,1,Tanker,Tuvalu,573.0,9
13680,2025,1,Tanker,Vanuatu,759.0,9
13681,2025,2,Cargo,Cook Islands,6204.0,40
13682,2025,2,Cargo,Fiji,6495.0,49
13683,2025,2,Cargo,Kiribati,21116.0,116
13684,2025,2,Cargo,Marshall Islands,14448.0,149
13685,2025,2,Cargo,Micronesia,99738.0,741
13686,2025,2,Cargo,Nauru,1360.0,22
13687,2025,2,Cargo,Niue,911.0,11
13688,2025,2,Cargo,Palau,28380.0,349
13689,2025,2,Cargo,Papua New Guinea,245763.0,1066
13690,2025,2,Cargo,Samoa,563.0,18
13691,2025,2,Cargo,Solomon Islands,16546.0,173
13692,2025,2,Cargo,Tokelau,477.0,9
13693,2025,2,Cargo,Tonga,3210.0,24
13694,2025,2,Cargo,Tuvalu,2134.0,22
13695,2025,2,Cargo,Vanuatu,4972.0,41
13696,2025,2,Fishing,Cook Islands,617.0,39
13697,2025,2,Fishing,Fiji,673.0,146
13698,2025,2,Fishing,Kiribati,6067.0,234
13699,2025,2,Fishing,Marshall Islands,3053.0,163
13700,2025,2,Fishing,Micronesia,4291.0,159
13701,2025,2,Fishing,Nauru,755.0,30
13702,2025,2,Fishing,Niue,29.0,7
13703,2025,2,Fishing,Palau,334.0,22
13704,2025,2,Fishing,Papua New Guinea,7946.0,263
13705,2025,2,Fishing,Samoa,76.0,24
13706,2025,2,Fishing,Solomon Islands,1882.0,112
13707,2025,2,Fishing,Tokelau,137.0,21
13708,2025,2,Fishing,Tonga,124.0,19
13709,2025,2,Fishing,Tuvalu,554.0,34
13710,2025,2,Fishing,Vanuatu,1003.0,79
13711,2025,2,Others,Cook Islands,698.0,11
13712,2025,2,Others,Fiji,13639.0,192
13713,2025,2,Others,Kiribati,23357.0,155
13714,2025,2,Others,Marshall Islands,1979.0,42
13715,2025,2,Others,Micronesia,2931.0,52
13716,2025,2,Others,Nauru,260.0,11
13717,2025,2,Others,Niue,18.0,2
13718,2025,2,Others,Palau,334.0,23
13719,2025,2,Others,Papua New Guinea,10850.0,256
13720,2025,2,Others,Samoa,50.0,11
13721,2025,2,Others,Solomon Islands,5970.0,47
13722,2025,2,Others,Tonga,199.0,15
13723,2025,2,Others,Tuvalu,729.0,11
13724,2025,2,Others,Vanuatu,14518.0,92
13725,2025,2,Passenger,Cook Islands,2199.0,8
13726,2025,2,Passenger,Fiji,5260.0,27
13727,2025,2,Passenger,Kiribati,1421.0,7
13728,2025,2,Passenger,Marshall Islands,58.0,3
13729,2025,2,Passenger,Micronesia,516.0,8
13730,2025,2,Passenger,Nauru,14.0,2
13731,2025,2,Passenger,Niue,668.0,4
13732,2025,2,Passenger,Palau,47.0,6
13733,2025,2,Passenger,Papua New Guinea,4764.0,37
13734,2025,2,Passenger,Samoa,758.0,9
13735,2025,2,Passenger,Solomon Islands,576.0,8
13736,2025,2,Passenger,Tokelau,848.0,4
13737,2025,2,Passenger,Tonga,4706.0,14
13738,2025,2,Passenger,Tuvalu,16.0,1
13739,2025,2,Passenger,Vanuatu,2285.0,15
13740,2025,2,Tanker,Cook Islands,392.0,6
13741,2025,2,Tanker,Fiji,1733.0,16
13742,2025,2,Tanker,Kiribati,1601.0,16
13743,2025,2,Tanker,Marshall Islands,1489.0,33
13744,2025,2,Tanker,Micronesia,34382.0,168
13745,2025,2,Tanker,Nauru,1013.0,9
13746,2025,2,Tanker,Niue,286.0,4
13747,2025,2,Tanker,Palau,9183.0,79
13748,2025,2,Tanker,Papua New Guinea,93896.0,239
13749,2025,2,Tanker,Samoa,66.0,4
13750,2025,2,Tanker,Solomon Islands,4380.0,43
13751,2025,2,Tanker,Tonga,516.0,9
13752,2025,2,Tanker,Tuvalu,320.0,6
13753,2025,2,Tanker,Vanuatu,933.0,14
13754,2025,3,Cargo,Cook Islands,7292.0,47
13755,2025,3,Cargo,Fiji,8190.0,54
13756,2025,3,Cargo,Kiribati,18829.0,120
13757,2025,3,Cargo,Marshall Islands,15332.0,158
13758,2025,3,Cargo,Micronesia,123905.0,836
13759,2025,3,Cargo,Nauru,1318.0,31
13760,2025,3,Cargo,Niue,1398.0,18
13761,2025,3,Cargo,Palau,34919.0,416
13762,2025,3,Cargo,Papua New Guinea,295254.0,1191
13763,2025,3,Cargo,Samoa,494.0,16
13764,2025,3,Cargo,Solomon Islands,18140.0,180
13765,2025,3,Cargo,Tokelau,431.0,6
13766,2025,3,Cargo,Tonga,3773.0,29
13767,2025,3,Cargo,Tuvalu,1658.0,23
13768,2025,3,Cargo,Vanuatu,4207.0,40
13769,2025,3,Fishing,Cook Islands,637.0,39
13770,2025,3,Fishing,Fiji,1399.0,218
13771,2025,3,Fishing,Kiribati,8633.0,290
13772,2025,3,Fishing,Marshall Islands,3875.0,202
13773,2025,3,Fishing,Micronesia,6032.0,213
13774,2025,3,Fishing,Nauru,818.0,46
13775,2025,3,Fishing,Niue,11.0,5
13776,2025,3,Fishing,Palau,373.0,34
13777,2025,3,Fishing,Papua New Guinea,9294.0,244
13778,2025,3,Fishing,Samoa,99.0,17
13779,2025,3,Fishing,Solomon Islands,1544.0,92
13780,2025,3,Fishing,Tokelau,281.0,43
13781,2025,3,Fishing,Tonga,151.0,27
13782,2025,3,Fishing,Tuvalu,363.0,17
13783,2025,3,Fishing,Vanuatu,964.0,64
13784,2025,3,Others,Cook Islands,8763.0,41
13785,2025,3,Others,Fiji,18122.0,219
13786,2025,3,Others,Kiribati,51777.0,237
13787,2025,3,Others,Marshall Islands,2416.0,54
13788,2025,3,Others,Micronesia,4109.0,68
13789,2025,3,Others,Nauru,352.0,13
13790,2025,3,Others,Niue,165.0,3
13791,2025,3,Others,Palau,696.0,30
13792,2025,3,Others,Papua New Guinea,12097.0,246
13793,2025,3,Others,Samoa,267.0,11
13794,2025,3,Others,Solomon Islands,7368.0,61
13795,2025,3,Others,Tokelau,286.0,11
13796,2025,3,Others,Tonga,365.0,21
13797,2025,3,Others,Tuvalu,842.0,10
13798,2025,3,Others,Vanuatu,5478.0,58
13799,2025,3,Passenger,Cook Islands,1247.0,6
13800,2025,3,Passenger,Fiji,5021.0,25
13801,2025,3,Passenger,Kiribati,1711.0,6
13802,2025,3,Passenger,Marshall Islands,1039.0,4
13803,2025,3,Passenger,Micronesia,496.0,8
13804,2025,3,Passenger,Nauru,0.0,1
13805,2025,3,Passenger,Palau,472.0,9
13806,2025,3,Passenger,Papua New Guinea,1979.0,36
13807,2025,3,Passenger,Samoa,660.0,8
13808,2025,3,Passenger,Solomon Islands,628.0,11
13809,2025,3,Passenger,Tokelau,259.0,2
13810,2025,3,Passenger,Tonga,467.0,6
13811,2025,3,Passenger,Tuvalu,31.0,2
13812,2025,3,Passenger,Vanuatu,1854.0,16
13813,2025,3,Tanker,Cook Islands,1323.0,11
13814,2025,3,Tanker,Fiji,1857.0,17
13815,2025,3,Tanker,Kiribati,3787.0,27
13816,2025,3,Tanker,Marshall Islands,2113.0,33
13817,2025,3,Tanker,Micronesia,36837.0,166
13818,2025,3,Tanker,Nauru,1241.0,20
13819,2025,3,Tanker,Niue,234.0,5
13820,2025,3,Tanker,Palau,10981.0,94
13821,2025,3,Tanker,Papua New Guinea,102463.0,224
13822,2025,3,Tanker,Samoa,257.0,6
13823,2025,3,Tanker,Solomon Islands,3975.0,38
13824,2025,3,Tanker,Tokelau,131.0,3
13825,2025,3,Tanker,Tonga,454.0,9
13826,2025,3,Tanker,Tuvalu,1279.0,14
13827,2025,3,Tanker,Vanuatu,1002.0,15
13828,2025,4,Cargo,Cook Islands,6950.0,45
13829,2025,4,Cargo,Fiji,7745.0,60
13830,2025,4,Cargo,Kiribati,17056.0,114
13831,2025,4,Cargo,Marshall Islands,10729.0,136
13832,2025,4,Cargo,Micronesia,124456.0,860
13833,2025,4,Cargo,Nauru,2355.0,40
13834,2025,4,Cargo,Niue,1213.0,13
13835,2025,4,Cargo,Palau,36814.0,408
13836,2025,4,Cargo,Papua New Guinea,305192.0,1230
13837,2025,4,Cargo,Samoa,754.0,20
13838,2025,4,Cargo,Solomon Islands,18128.0,168
13839,2025,4,Cargo,Tokelau,872.0,11
13840,2025,4,Cargo,Tonga,3965.0,29
13841,2025,4,Cargo,Tuvalu,1470.0,25
13842,2025,4,Cargo,Vanuatu,5681.0,44
13843,2025,4,Fishing,Cook Islands,774.0,41
13844,2025,4,Fishing,Fiji,1012.0,116
13845,2025,4,Fishing,Kiribati,8458.0,301
13846,2025,4,Fishing,Marshall Islands,3781.0,205
13847,2025,4,Fishing,Micronesia,5225.0,193
13848,2025,4,Fishing,Nauru,504.0,27
13849,2025,4,Fishing,Niue,17.0,5
13850,2025,4,Fishing,Palau,240.0,34
13851,2025,4,Fishing,Papua New Guinea,8387.0,214
13852,2025,4,Fishing,Samoa,59.0,22
13853,2025,4,Fishing,Solomon Islands,2029.0,109
13854,2025,4,Fishing,Tokelau,111.0,20
13855,2025,4,Fishing,Tonga,126.0,24
13856,2025,4,Fishing,Tuvalu,435.0,28
13857,2025,4,Fishing,Vanuatu,906.0,60
13858,2025,4,Others,Cook Islands,11248.0,61
13859,2025,4,Others,Fiji,20001.0,279
13860,2025,4,Others,Kiribati,49402.0,252
13861,2025,4,Others,Marshall Islands,2366.0,48
13862,2025,4,Others,Micronesia,4924.0,67
13863,2025,4,Others,Nauru,376.0,14
13864,2025,4,Others,Niue,832.0,15
13865,2025,4,Others,Palau,505.0,27
13866,2025,4,Others,Papua New Guinea,11819.0,249
13867,2025,4,Others,Samoa,396.0,20
13868,2025,4,Others,Solomon Islands,7146.0,63
13869,2025,4,Others,Tokelau,349.0,6
13870,2025,4,Others,Tonga,1311.0,32
13871,2025,4,Others,Tuvalu,1478.0,10
13872,2025,4,Others,Vanuatu,6502.0,67
13873,2025,4,Passenger,Cook Islands,1823.0,9
13874,2025,4,Passenger,Fiji,3184.0,22
13875,2025,4,Passenger,Kiribati,2020.0,7
13876,2025,4,Passenger,Marshall Islands,216.0,10
13877,2025,4,Passenger,Micronesia,1115.0,12
13878,2025,4,Passenger,Nauru,1.0,1
13879,2025,4,Passenger,Niue,353.0,2
13880,2025,4,Passenger,Palau,215.0,9
13881,2025,4,Passenger,Papua New Guinea,3511.0,37
13882,2025,4,Passenger,Samoa,667.0,10
13883,2025,4,Passenger,Solomon Islands,795.0,10
13884,2025,4,Passenger,Tokelau,251.0,3
13885,2025,4,Passenger,Tonga,1083.0,5
13886,2025,4,Passenger,Tuvalu,20.0,1
13887,2025,4,Passenger,Vanuatu,1774.0,16
13888,2025,4,Tanker,Cook Islands,919.0,8
13889,2025,4,Tanker,Fiji,1633.0,14
13890,2025,4,Tanker,Kiribati,3437.0,22
13891,2025,4,Tanker,Marshall Islands,3161.0,40
13892,2025,4,Tanker,Micronesia,39013.0,178
13893,2025,4,Tanker,Nauru,724.0,16
13894,2025,4,Tanker,Niue,214.0,5
13895,2025,4,Tanker,Palau,10866.0,85
13896,2025,4,Tanker,Papua New Guinea,105549.0,233
13897,2025,4,Tanker,Samoa,124.0,3
13898,2025,4,Tanker,Solomon Islands,3333.0,30
13899,2025,4,Tanker,Tokelau,147.0,2
13900,2025,4,Tanker,Tonga,424.0,7
13901,2025,4,Tanker,Tuvalu,511.0,9
13902,2025,4,Tanker,Vanuatu,882.0,10
13903,2025,5,Cargo,Cook Islands,5966.0,45
13904,2025,5,Cargo,Fiji,5819.0,52
13905,2025,5,Cargo,Kiribati,15470.0,103
13906,2025,5,Cargo,Marshall Islands,10635.0,138
13907,2025,5,Cargo,Micronesia,123451.0,893
13908,2025,5,Cargo,Nauru,1168.0,28
13909,2025,5,Cargo,Niue,914.0,14
13910,2025,5,Cargo,Palau,41932.0,461
13911,2025,5,Cargo,Papua New Guinea,299139.0,1239
13912,2025,5,Cargo,Samoa,874.0,20
13913,2025,5,Cargo,Solomon Islands,17276.0,170
13914,2025,5,Cargo,Tokelau,835.0,9
13915,2025,5,Cargo,Tonga,3737.0,27
13916,2025,5,Cargo,Tuvalu,1127.0,18
13917,2025,5,Cargo,Vanuatu,4452.0,36
13918,2025,5,Fishing,Cook Islands,1088.0,46
13919,2025,5,Fishing,Fiji,843.0,137
13920,2025,5,Fishing,Kiribati,5852.0,274
13921,2025,5,Fishing,Marshall Islands,3912.0,196
13922,2025,5,Fishing,Micronesia,4202.0,175
13923,2025,5,Fishing,Nauru,165.0,14
13924,2025,5,Fishing,Niue,7.0,4
13925,2025,5,Fishing,Palau,185.0,27
13926,2025,5,Fishing,Papua New Guinea,7572.0,204
13927,2025,5,Fishing,Samoa,68.0,22
13928,2025,5,Fishing,Solomon Islands,1628.0,120
13929,2025,5,Fishing,Tokelau,137.0,31
13930,2025,5,Fishing,Tonga,139.0,22
13931,2025,5,Fishing,Tuvalu,367.0,31
13932,2025,5,Fishing,Vanuatu,868.0,75
13933,2025,5,Others,Cook Islands,17711.0,164
13934,2025,5,Others,Fiji,37572.0,489
13935,2025,5,Others,Kiribati,26214.0,212
13936,2025,5,Others,Marshall Islands,2317.0,40
13937,2025,5,Others,Micronesia,3419.0,63
13938,2025,5,Others,Nauru,198.0,16
13939,2025,5,Others,Niue,4054.0,72
13940,2025,5,Others,Palau,490.0,23
13941,2025,5,Others,Papua New Guinea,10617.0,255
13942,2025,5,Others,Samoa,372.0,27
13943,2025,5,Others,Solomon Islands,7723.0,70
13944,2025,5,Others,Tokelau,451.0,8
13945,2025,5,Others,Tonga,8798.0,151
13946,2025,5,Others,Tuvalu,611.0,18
13947,2025,5,Others,Vanuatu,12050.0,147
13948,2025,5,Passenger,Cook Islands,584.0,4
13949,2025,5,Passenger,Fiji,4630.0,24
13950,2025,5,Passenger,Kiribati,1134.0,4
13951,2025,5,Passenger,Marshall Islands,328.0,8
13952,2025,5,Passenger,Micronesia,916.0,14
13953,2025,5,Passenger,Nauru,15.0,2
13954,2025,5,Passenger,Niue,80.0,2
13955,2025,5,Passenger,Palau,196.0,8
13956,2025,5,Passenger,Papua New Guinea,2782.0,29
13957,2025,5,Passenger,Samoa,331.0,8
13958,2025,5,Passenger,Solomon Islands,304.0,9
13959,2025,5,Passenger,Tokelau,16.0,1
13960,2025,5,Passenger,Tonga,356.0,5
13961,2025,5,Passenger,Tuvalu,69.0,2
13962,2025,5,Passenger,Vanuatu,2456.0,16
13963,2025,5,Tanker,Cook Islands,390.0,7
13964,2025,5,Tanker,Fiji,1535.0,16
13965,2025,5,Tanker,Kiribati,4844.0,28
13966,2025,5,Tanker,Marshall Islands,1945.0,35
13967,2025,5,Tanker,Micronesia,39783.0,175
13968,2025,5,Tanker,Nauru,1092.0,16
13969,2025,5,Tanker,Niue,57.0,2
13970,2025,5,Tanker,Palau,9118.0,89
13971,2025,5,Tanker,Papua New Guinea,99752.0,226
13972,2025,5,Tanker,Samoa,175.0,4
13973,2025,5,Tanker,Solomon Islands,2536.0,32
13974,2025,5,Tanker,Tonga,509.0,8
13975,2025,5,Tanker,Tuvalu,298.0,4
13976,2025,5,Tanker,Vanuatu,811.0,10
13977,2025,6,Cargo,Cook Islands,6670.0,49
13978,2025,6,Cargo,Fiji,5821.0,51
13979,2025,6,Cargo,Kiribati,16059.0,94
13980,2025,6,Cargo,Marshall Islands,9895.0,136
13981,2025,6,Cargo,Micronesia,116324.0,867
13982,2025,6,Cargo,Nauru,785.0,28
13983,2025,6,Cargo,Niue,1075.0,12
13984,2025,6,Cargo,Palau,39421.0,463
13985,2025,6,Cargo,Papua New Guinea,299028.0,1228
13986,2025,6,Cargo,Samoa,554.0,17
13987,2025,6,Cargo,Solomon Islands,15103.0,155
13988,2025,6,Cargo,Tokelau,485.0,12
13989,2025,6,Cargo,Tonga,3365.0,30
13990,2025,6,Cargo,Tuvalu,1411.0,23
13991,2025,6,Cargo,Vanuatu,4099.0,40
13992,2025,6,Fishing,Cook Islands,675.0,56
13993,2025,6,Fishing,Fiji,873.0,156
13994,2025,6,Fishing,Kiribati,6589.0,248
13995,2025,6,Fishing,Marshall Islands,2885.0,167
13996,2025,6,Fishing,Micronesia,3626.0,159
13997,2025,6,Fishing,Nauru,313.0,26
13998,2025,6,Fishing,Niue,22.0,6
13999,2025,6,Fishing,Palau,495.0,45
14000,2025,6,Fishing,Papua New Guinea,7532.0,257
14001,2025,6,Fishing,Samoa,70.0,44
14002,2025,6,Fishing,Solomon Islands,1469.0,106
14003,2025,6,Fishing,Tokelau,115.0,37
14004,2025,6,Fishing,Tonga,127.0,14
14005,2025,6,Fishing,Tuvalu,442.0,37
14006,2025,6,Fishing,Vanuatu,864.0,61
14007,2025,6,Others,Cook Islands,4885.0,110
14008,2025,6,Others,Fiji,24742.0,678
14009,2025,6,Others,Kiribati,8334.0,120
14010,2025,6,Others,Marshall Islands,973.0,32
14011,2025,6,Others,Micronesia,3970.0,78
14012,2025,6,Others,Nauru,87.0,16
14013,2025,6,Others,Niue,1512.0,65
14014,2025,6,Others,Palau,443.0,27
14015,2025,6,Others,Papua New Guinea,7008.0,285
14016,2025,6,Others,Samoa,287.0,43
14017,2025,6,Others,Solomon Islands,4814.0,88
14018,2025,6,Others,Tokelau,90.0,6
14019,2025,6,Others,Tonga,6742.0,196
14020,2025,6,Others,Tuvalu,341.0,27
14021,2025,6,Others,Vanuatu,10504.0,193
14022,2025,6,Passenger,Cook Islands,376.0,3
14023,2025,6,Passenger,Fiji,738.0,17
14024,2025,6,Passenger,Kiribati,8.0,1
14025,2025,6,Passenger,Marshall Islands,35.0,5
14026,2025,6,Passenger,Micronesia,250.0,6
14027,2025,6,Passenger,Nauru,0.0,1
14028,2025,6,Passenger,Niue,103.0,1
14029,2025,6,Passenger,Palau,51.0,6
14030,2025,6,Passenger,Papua New Guinea,3460.0,30
14031,2025,6,Passenger,Samoa,216.0,6
14032,2025,6,Passenger,Solomon Islands,104.0,6
14033,2025,6,Passenger,Tokelau,16.0,1
14034,2025,6,Passenger,Tonga,239.0,4
14035,2025,6,Passenger,Tuvalu,1.0,1
14036,2025,6,Passenger,Vanuatu,1017.0,13
14037,2025,6,Tanker,Cook Islands,1045.0,8
14038,2025,6,Tanker,Fiji,1411.0,15
14039,2025,6,Tanker,Kiribati,2310.0,20
14040,2025,6,Tanker,Marshall Islands,2006.0,35
14041,2025,6,Tanker,Micronesia,31014.0,164
14042,2025,6,Tanker,Nauru,1114.0,20
14043,2025,6,Tanker,Niue,299.0,6
14044,2025,6,Tanker,Palau,8750.0,78
14045,2025,6,Tanker,Papua New Guinea,86984.0,231
14046,2025,6,Tanker,Samoa,96.0,3
14047,2025,6,Tanker,Solomon Islands,3288.0,36
14048,2025,6,Tanker,Tokelau,30.0,1
14049,2025,6,Tanker,Tonga,432.0,9
14050,2025,6,Tanker,Tuvalu,220.0,4
14051,2025,6,Tanker,Vanuatu,511.0,9
14052,2025,7,Cargo,Cook Islands,8758.0,62
14053,2025,7,Cargo,Fiji,7298.0,59
14054,2025,7,Cargo,Kiribati,20908.0,125
14055,2025,7,Cargo,Marshall Islands,10651.0,122
14056,2025,7,Cargo,Micronesia,142500.0,1013
14057,2025,7,Cargo,Nauru,1359.0,28
14058,2025,7,Cargo,Niue,1379.0,22
14059,2025,7,Cargo,Palau,40154.0,483
14060,2025,7,Cargo,Papua New Guinea,327870.0,1315
14061,2025,7,Cargo,Samoa,726.0,20
14062,2025,7,Cargo,Solomon Islands,16866.0,174
14063,2025,7,Cargo,Tokelau,937.0,15
14064,2025,7,Cargo,Tonga,3641.0,31
14065,2025,7,Cargo,Tuvalu,2341.0,38
14066,2025,7,Cargo,Vanuatu,4852.0,45
14067,2025,7,Fishing,Cook Islands,1009.0,58
14068,2025,7,Fishing,Fiji,1033.0,177
14069,2025,7,Fishing,Kiribati,5779.0,233
14070,2025,7,Fishing,Marshall Islands,2705.0,146
14071,2025,7,Fishing,Micronesia,4535.0,175
14072,2025,7,Fishing,Nauru,411.0,32
14073,2025,7,Fishing,Niue,40.0,11
14074,2025,7,Fishing,Palau,365.0,48
14075,2025,7,Fishing,Papua New Guinea,8403.0,271
14076,2025,7,Fishing,Samoa,75.0,39
14077,2025,7,Fishing,Solomon Islands,1982.0,120
14078,2025,7,Fishing,Tokelau,133.0,25
14079,2025,7,Fishing,Tonga,170.0,38
14080,2025,7,Fishing,Tuvalu,916.0,65
14081,2025,7,Fishing,Vanuatu,764.0,68
14082,2025,7,Others,Cook Islands,5750.0,122
14083,2025,7,Others,Fiji,30518.0,756
14084,2025,7,Others,Kiribati,9560.0,133
14085,2025,7,Others,Marshall Islands,1271.0,38
14086,2025,7,Others,Micronesia,2382.0,58
14087,2025,7,Others,Nauru,196.0,13
14088,2025,7,Others,Niue,1615.0,63
14089,2025,7,Others,Palau,487.0,36
14090,2025,7,Others,Papua New Guinea,7571.0,344
14091,2025,7,Others,Samoa,376.0,47
14092,2025,7,Others,Solomon Islands,4923.0,93
14093,2025,7,Others,Tokelau,86.0,7
14094,2025,7,Others,Tonga,5025.0,178
14095,2025,7,Others,Tuvalu,3375.0,115
14096,2025,7,Others,Vanuatu,8898.0,223
14097,2025,7,Passenger,Cook Islands,454.0,4
14098,2025,7,Passenger,Fiji,1644.0,18
14099,2025,7,Passenger,Kiribati,461.0,5
14100,2025,7,Passenger,Marshall Islands,225.0,9
14101,2025,7,Passenger,Micronesia,195.0,9
14102,2025,7,Passenger,Niue,13.0,1
14103,2025,7,Passenger,Palau,114.0,7
14104,2025,7,Passenger,Papua New Guinea,1827.0,36
14105,2025,7,Passenger,Samoa,242.0,6
14106,2025,7,Passenger,Solomon Islands,87.0,7
14107,2025,7,Passenger,Tokelau,15.0,1
14108,2025,7,Passenger,Tonga,132.0,3
14109,2025,7,Passenger,Tuvalu,0.0,2
14110,2025,7,Passenger,Vanuatu,1026.0,10
14111,2025,7,Tanker,Cook Islands,1484.0,11
14112,2025,7,Tanker,Fiji,2151.0,16
14113,2025,7,Tanker,Kiribati,2966.0,23
14114,2025,7,Tanker,Marshall Islands,2187.0,39
14115,2025,7,Tanker,Micronesia,40837.0,170
14116,2025,7,Tanker,Nauru,1199.0,20
14117,2025,7,Tanker,Niue,524.0,7
14118,2025,7,Tanker,Palau,10260.0,80
14119,2025,7,Tanker,Papua New Guinea,98710.0,234
14120,2025,7,Tanker,Samoa,103.0,3
14121,2025,7,Tanker,Solomon Islands,3381.0,37
14122,2025,7,Tanker,Tonga,999.0,11
14123,2025,7,Tanker,Tuvalu,211.0,6
14124,2025,7,Tanker,Vanuatu,864.0,8
14125,2025,8,Cargo,Cook Islands,8686.0,57
14126,2025,8,Cargo,Fiji,8095.0,56
14127,2025,8,Cargo,Kiribati,16225.0,107
14128,2025,8,Cargo,Marshall Islands,11853.0,145
14129,2025,8,Cargo,Micronesia,133078.0,979
14130,2025,8,Cargo,Nauru,1723.0,38
14131,2025,8,Cargo,Niue,1654.0,23
14132,2025,8,Cargo,Palau,36367.0,428
14133,2025,8,Cargo,Papua New Guinea,313406.0,1293
14134,2025,8,Cargo,Samoa,513.0,17
14135,2025,8,Cargo,Solomon Islands,15966.0,160
14136,2025,8,Cargo,Tokelau,657.0,13
14137,2025,8,Cargo,Tonga,3880.0,37
14138,2025,8,Cargo,Tuvalu,1716.0,24
14139,2025,8,Cargo,Vanuatu,4340.0,46
14140,2025,8,Fishing,Cook Islands,925.0,46
14141,2025,8,Fishing,Fiji,770.0,131
14142,2025,8,Fishing,Kiribati,7176.0,211
14143,2025,8,Fishing,Marshall Islands,2689.0,144
14144,2025,8,Fishing,Micronesia,5219.0,200
14145,2025,8,Fishing,Nauru,288.0,20
14146,2025,8,Fishing,Niue,70.0,17
14147,2025,8,Fishing,Palau,429.0,62
14148,2025,8,Fishing,Papua New Guinea,8442.0,257
14149,2025,8,Fishing,Samoa,38.0,41
14150,2025,8,Fishing,Solomon Islands,1713.0,109
14151,2025,8,Fishing,Tokelau,75.0,11
14152,2025,8,Fishing,Tonga,162.0,26
14153,2025,8,Fishing,Tuvalu,805.0,49
14154,2025,8,Fishing,Vanuatu,963.0,57
14155,2025,8,Others,Cook Islands,7041.0,143
14156,2025,8,Others,Fiji,31992.0,764
14157,2025,8,Others,Kiribati,7232.0,95
14158,2025,8,Others,Marshall Islands,1732.0,41
14159,2025,8,Others,Micronesia,5338.0,71
14160,2025,8,Others,Nauru,304.0,21
14161,2025,8,Others,Niue,2047.0,74
14162,2025,8,Others,Palau,700.0,28
14163,2025,8,Others,Papua New Guinea,8567.0,389
14164,2025,8,Others,Samoa,985.0,80
14165,2025,8,Others,Solomon Islands,5719.0,110
14166,2025,8,Others,Tokelau,117.0,6
14167,2025,8,Others,Tonga,5104.0,220
14168,2025,8,Others,Tuvalu,3093.0,78
14169,2025,8,Others,Vanuatu,11778.0,233
14170,2025,8,Passenger,Cook Islands,48.0,3
14171,2025,8,Passenger,Fiji,1746.0,14
14172,2025,8,Passenger,Kiribati,31.0,5
14173,2025,8,Passenger,Marshall Islands,340.0,9
14174,2025,8,Passenger,Micronesia,196.0,5
14175,2025,8,Passenger,Nauru,0.0,1
14176,2025,8,Passenger,Palau,35.0,5
14177,2025,8,Passenger,Papua New Guinea,1268.0,34
14178,2025,8,Passenger,Samoa,294.0,6
14179,2025,8,Passenger,Solomon Islands,115.0,7
14180,2025,8,Passenger,Tokelau,25.0,2
14181,2025,8,Passenger,Tonga,152.0,3
14182,2025,8,Passenger,Tuvalu,0.0,1
14183,2025,8,Passenger,Vanuatu,3088.0,11
14184,2025,8,Tanker,Cook Islands,384.0,4
14185,2025,8,Tanker,Fiji,1437.0,14
14186,2025,8,Tanker,Kiribati,2790.0,22
14187,2025,8,Tanker,Marshall Islands,1881.0,40
14188,2025,8,Tanker,Micronesia,44814.0,213
14189,2025,8,Tanker,Nauru,1001.0,16
14190,2025,8,Tanker,Niue,137.0,2
14191,2025,8,Tanker,Palau,8918.0,100
14192,2025,8,Tanker,Papua New Guinea,101698.0,243
14193,2025,8,Tanker,Samoa,41.0,3
14194,2025,8,Tanker,Solomon Islands,3259.0,39
14195,2025,8,Tanker,Tokelau,68.0,1
14196,2025,8,Tanker,Tonga,442.0,6
14197,2025,8,Tanker,Tuvalu,367.0,6
14198,2025,8,Tanker,Vanuatu,803.0,12
14199,2025,9,Cargo,Cook Islands,5573.0,45
14200,2025,9,Cargo,Fiji,7115.0,53
14201,2025,9,Cargo,Kiribati,15203.0,125
14202,2025,9,Cargo,Marshall Islands,12615.0,144
14203,2025,9,Cargo,Micronesia,132961.0,981
14204,2025,9,Cargo,Nauru,1226.0,35
14205,2025,9,Cargo,Niue,1353.0,16
14206,2025,9,Cargo,Palau,37793.0,468
14207,2025,9,Cargo,Papua New Guinea,310984.0,1321
14208,2025,9,Cargo,Samoa,607.0,16
14209,2025,9,Cargo,Solomon Islands,16804.0,171
14210,2025,9,Cargo,Tokelau,230.0,8
14211,2025,9,Cargo,Tonga,2959.0,25
14212,2025,9,Cargo,Tuvalu,916.0,21
14213,2025,9,Cargo,Vanuatu,4568.0,42
14214,2025,9,Fishing,Cook Islands,1007.0,72
14215,2025,9,Fishing,Fiji,754.0,162
14216,2025,9,Fishing,Kiribati,6408.0,245
14217,2025,9,Fishing,Marshall Islands,2869.0,182
14218,2025,9,Fishing,Micronesia,5343.0,206
14219,2025,9,Fishing,Nauru,617.0,27
14220,2025,9,Fishing,Niue,65.0,15
14221,2025,9,Fishing,Palau,549.0,62
14222,2025,9,Fishing,Papua New Guinea,9054.0,242
14223,2025,9,Fishing,Samoa,90.0,32
14224,2025,9,Fishing,Solomon Islands,1665.0,104
14225,2025,9,Fishing,Tokelau,110.0,28
14226,2025,9,Fishing,Tonga,122.0,23
14227,2025,9,Fishing,Tuvalu,1031.0,54
14228,2025,9,Fishing,Vanuatu,703.0,56
14229,2025,9,Others,Cook Islands,5007.0,98
14230,2025,9,Others,Fiji,30065.0,743
14231,2025,9,Others,Kiribati,8692.0,112
14232,2025,9,Others,Marshall Islands,1847.0,42
14233,2025,9,Others,Micronesia,2836.0,67
14234,2025,9,Others,Nauru,160.0,11
14235,2025,9,Others,Niue,1726.0,65
14236,2025,9,Others,Palau,529.0,27
14237,2025,9,Others,Papua New Guinea,9837.0,410
14238,2025,9,Others,Samoa,725.0,52
14239,2025,9,Others,Solomon Islands,5368.0,95
14240,2025,9,Others,Tokelau,69.0,3
14241,2025,9,Others,Tonga,5358.0,209
14242,2025,9,Others,Tuvalu,2504.0,66
14243,2025,9,Others,Vanuatu,10068.0,238
14244,2025,9,Passenger,Cook Islands,908.0,3
14245,2025,9,Passenger,Fiji,1869.0,19
14246,2025,9,Passenger,Kiribati,1063.0,5
14247,2025,9,Passenger,Marshall Islands,83.0,7
14248,2025,9,Passenger,Micronesia,345.0,5
14249,2025,9,Passenger,Nauru,0.0,1
14250,2025,9,Passenger,Palau,117.0,8
14251,2025,9,Passenger,Papua New Guinea,1518.0,36
14252,2025,9,Passenger,Samoa,258.0,6
14253,2025,9,Passenger,Solomon Islands,398.0,7
14254,2025,9,Passenger,Tokelau,25.0,2
14255,2025,9,Passenger,Tonga,212.0,5
14256,2025,9,Passenger,Tuvalu,0.0,1
14257,2025,9,Passenger,Vanuatu,1039.0,13
14258,2025,9,Tanker,Cook Islands,1415.0,13
14259,2025,9,Tanker,Fiji,1668.0,14
14260,2025,9,Tanker,Kiribati,3328.0,24
14261,2025,9,Tanker,Marshall Islands,1665.0,30
14262,2025,9,Tanker,Micronesia,43206.0,196
14263,2025,9,Tanker,Nauru,732.0,16
14264,2025,9,Tanker,Niue,345.0,5
14265,2025,9,Tanker,Palau,7941.0,90
14266,2025,9,Tanker,Papua New Guinea,99727.0,233
14267,2025,9,Tanker,Samoa,130.0,5
14268,2025,9,Tanker,Solomon Islands,2421.0,30
14269,2025,9,Tanker,Tokelau,77.0,3
14270,2025,9,Tanker,Tonga,835.0,11
14271,2025,9,Tanker,Tuvalu,421.0,10
14272,2025,9,Tanker,Vanuatu,693.0,8
14273,2025,10,Cargo,Cook Islands,7297.0,51
14274,2025,10,Cargo,Fiji,7738.0,54
14275,2025,10,Cargo,Kiribati,20915.0,131
14276,2025,10,Cargo,Marshall Islands,12064.0,159
14277,2025,10,Cargo,Micronesia,137732.0,996
14278,2025,10,Cargo,Nauru,1443.0,41
14279,2025,10,Cargo,Niue,946.0,18
14280,2025,10,Cargo,Palau,40823.0,483
14281,2025,10,Cargo,Papua New Guinea,330799.0,1343
14282,2025,10,Cargo,Samoa,607.0,19
14283,2025,10,Cargo,Solomon Islands,16702.0,173
14284,2025,10,Cargo,Tokelau,823.0,9
14285,2025,10,Cargo,Tonga,2927.0,26
14286,2025,10,Cargo,Tuvalu,1740.0,24
14287,2025,10,Cargo,Vanuatu,4349.0,43
14288,2025,10,Fishing,Cook Islands,751.0,66
14289,2025,10,Fishing,Fiji,966.0,181
14290,2025,10,Fishing,Kiribati,7583.0,285
14291,2025,10,Fishing,Marshall Islands,2812.0,174
14292,2025,10,Fishing,Micronesia,6238.0,205
14293,2025,10,Fishing,Nauru,647.0,38
14294,2025,10,Fishing,Niue,2.0,1
14295,2025,10,Fishing,Palau,564.0,62
14296,2025,10,Fishing,Papua New Guinea,11069.0,248
14297,2025,10,Fishing,Samoa,47.0,31
14298,2025,10,Fishing,Solomon Islands,1920.0,128
14299,2025,10,Fishing,Tokelau,65.0,13
14300,2025,10,Fishing,Tonga,57.0,25
14301,2025,10,Fishing,Tuvalu,776.0,56
14302,2025,10,Fishing,Vanuatu,720.0,66
14303,2025,10,Others,Cook Islands,2764.0,56
14304,2025,10,Others,Fiji,32966.0,844
14305,2025,10,Others,Kiribati,9017.0,115
14306,2025,10,Others,Marshall Islands,2755.0,51
14307,2025,10,Others,Micronesia,4904.0,80
14308,2025,10,Others,Nauru,262.0,20
14309,2025,10,Others,Niue,969.0,34
14310,2025,10,Others,Palau,966.0,41
14311,2025,10,Others,Papua New Guinea,9932.0,445
14312,2025,10,Others,Samoa,271.0,25
14313,2025,10,Others,Solomon Islands,4974.0,109
14314,2025,10,Others,Tokelau,75.0,6
14315,2025,10,Others,Tonga,5632.0,178
14316,2025,10,Others,Tuvalu,2237.0,75
14317,2025,10,Others,Vanuatu,10915.0,243
14318,2025,10,Passenger,Cook Islands,2676.0,9
14319,2025,10,Passenger,Fiji,3811.0,27
14320,2025,10,Passenger,Kiribati,2548.0,10
14321,2025,10,Passenger,Marshall Islands,135.0,7
14322,2025,10,Passenger,Micronesia,394.0,8
14323,2025,10,Passenger,Niue,670.0,3
14324,2025,10,Passenger,Palau,425.0,12
14325,2025,10,Passenger,Papua New Guinea,2248.0,41
14326,2025,10,Passenger,Samoa,935.0,10
14327,2025,10,Passenger,Solomon Islands,282.0,8
14328,2025,10,Passenger,Tokelau,595.0,5
14329,2025,10,Passenger,Tonga,2030.0,10
14330,2025,10,Passenger,Vanuatu,1897.0,14
14331,2025,10,Tanker,Cook Islands,1233.0,11
14332,2025,10,Tanker,Fiji,1970.0,16
14333,2025,10,Tanker,Kiribati,2437.0,16
14334,2025,10,Tanker,Marshall Islands,2729.0,39
14335,2025,10,Tanker,Micronesia,48259.0,216
14336,2025,10,Tanker,Nauru,732.0,16
14337,2025,10,Tanker,Niue,442.0,6
14338,2025,10,Tanker,Palau,7928.0,88
14339,2025,10,Tanker,Papua New Guinea,102170.0,250
14340,2025,10,Tanker,Samoa,224.0,3
14341,2025,10,Tanker,Solomon Islands,3359.0,40
14342,2025,10,Tanker,Tokelau,56.0,2
14343,2025,10,Tanker,Tonga,637.0,11
14344,2025,10,Tanker,Tuvalu,412.0,5
14345,2025,10,Tanker,Vanuatu,1197.0,12
14346,2025,11,Cargo,Cook Islands,7405.0,49
14347,2025,11,Cargo,Fiji,8722.0,62
14348,2025,11,Cargo,Kiribati,23483.0,136
14349,2025,11,Cargo,Marshall Islands,15554.0,186
14350,2025,11,Cargo,Micronesia,130974.0,989
14351,2025,11,Cargo,Nauru,1313.0,31
14352,2025,11,Cargo,Niue,1387.0,17
14353,2025,11,Cargo,Palau,38886.0,495
14354,2025,11,Cargo,Papua New Guinea,321319.0,1312
14355,2025,11,Cargo,Samoa,757.0,21
14356,2025,11,Cargo,Solomon Islands,18218.0,184
14357,2025,11,Cargo,Tokelau,425.0,8
14358,2025,11,Cargo,Tonga,3426.0,28
14359,2025,11,Cargo,Tuvalu,2431.0,26
14360,2025,11,Cargo,Vanuatu,4687.0,47
14361,2025,11,Fishing,Cook Islands,952.0,51
14362,2025,11,Fishing,Fiji,702.0,121
14363,2025,11,Fishing,Kiribati,8281.0,260
14364,2025,11,Fishing,Marshall Islands,2531.0,133
14365,2025,11,Fishing,Micronesia,8279.0,202
14366,2025,11,Fishing,Nauru,607.0,34
14367,2025,11,Fishing,Niue,9.0,3
14368,2025,11,Fishing,Palau,501.0,58
14369,2025,11,Fishing,Papua New Guinea,9300.0,236
14370,2025,11,Fishing,Samoa,98.0,29
14371,2025,11,Fishing,Solomon Islands,2715.0,134
14372,2025,11,Fishing,Tokelau,43.0,12
14373,2025,11,Fishing,Tonga,115.0,16
14374,2025,11,Fishing,Tuvalu,808.0,54
14375,2025,11,Fishing,Vanuatu,1260.0,90
14376,2025,11,Others,Cook Islands,1735.0,29
14377,2025,11,Others,Fiji,21290.0,490
14378,2025,11,Others,Kiribati,9098.0,125
14379,2025,11,Others,Marshall Islands,1571.0,35
14380,2025,11,Others,Micronesia,4003.0,93
14381,2025,11,Others,Nauru,411.0,23
14382,2025,11,Others,Niue,382.0,12
14383,2025,11,Others,Palau,586.0,39
14384,2025,11,Others,Papua New Guinea,10246.0,419
14385,2025,11,Others,Samoa,97.0,24
14386,2025,11,Others,Solomon Islands,4519.0,78
14387,2025,11,Others,Tokelau,32.0,1
14388,2025,11,Others,Tonga,1666.0,64
14389,2025,11,Others,Tuvalu,2387.0,68
14390,2025,11,Others,Vanuatu,7385.0,155
14391,2025,11,Passenger,Cook Islands,1279.0,7
14392,2025,11,Passenger,Fiji,2610.0,24
14393,2025,11,Passenger,Kiribati,867.0,7
14394,2025,11,Passenger,Marshall Islands,133.0,5
14395,2025,11,Passenger,Micronesia,169.0,8
14396,2025,11,Passenger,Niue,217.0,2
14397,2025,11,Passenger,Palau,31.0,4
14398,2025,11,Passenger,Papua New Guinea,4459.0,47
14399,2025,11,Passenger,Samoa,196.0,5
14400,2025,11,Passenger,Solomon Islands,739.0,9
14401,2025,11,Passenger,Tokelau,15.0,1
14402,2025,11,Passenger,Tonga,545.0,5
14403,2025,11,Passenger,Tuvalu,0.0,1
14404,2025,11,Passenger,Vanuatu,1563.0,13
14405,2025,11,Tanker,Cook Islands,938.0,8
14406,2025,11,Tanker,Fiji,1485.0,18
14407,2025,11,Tanker,Kiribati,2059.0,22
14408,2025,11,Tanker,Marshall Islands,1328.0,34
14409,2025,11,Tanker,Micronesia,42609.0,205
14410,2025,11,Tanker,Nauru,754.0,10
14411,2025,11,Tanker,Niue,246.0,4
14412,2025,11,Tanker,Palau,10921.0,102
14413,2025,11,Tanker,Papua New Guinea,107720.0,249
14414,2025,11,Tanker,Samoa,138.0,3
14415,2025,11,Tanker,Solomon Islands,3721.0,35
14416,2025,11,Tanker,Tonga,583.0,10
14417,2025,11,Tanker,Tuvalu,404.0,5
14418,2025,11,Tanker,Vanuatu,563.0,7
14419,2025,12,Cargo,Cook Islands,8431.0,54
14420,2025,12,Cargo,Fiji,8458.0,59
14421,2025,12,Cargo,Kiribati,29805.0,163
14422,2025,12,Cargo,Marshall Islands,17767.0,208
14423,2025,12,Cargo,Micronesia,145426.0,1007
14424,2025,12,Cargo,Nauru,2145.0,43
14425,2025,12,Cargo,Niue,1632.0,19
14426,2025,12,Cargo,Palau,36013.0,452
14427,2025,12,Cargo,Papua New Guinea,330219.0,1320
14428,2025,12,Cargo,Samoa,815.0,20
14429,2025,12,Cargo,Solomon Islands,18124.0,190
14430,2025,12,Cargo,Tokelau,953.0,13
14431,2025,12,Cargo,Tonga,4783.0,34
14432,2025,12,Cargo,Tuvalu,3291.0,29
14433,2025,12,Cargo,Vanuatu,4804.0,39
14434,2025,12,Fishing,Cook Islands,964.0,53
14435,2025,12,Fishing,Fiji,994.0,159
14436,2025,12,Fishing,Kiribati,7903.0,271
14437,2025,12,Fishing,Marshall Islands,2783.0,159
14438,2025,12,Fishing,Micronesia,8469.0,242
14439,2025,12,Fishing,Nauru,1368.0,54
14440,2025,12,Fishing,Niue,10.0,6
14441,2025,12,Fishing,Palau,274.0,64
14442,2025,12,Fishing,Papua New Guinea,7987.0,206
14443,2025,12,Fishing,Samoa,52.0,22
14444,2025,12,Fishing,Solomon Islands,3123.0,146
14445,2025,12,Fishing,Tokelau,88.0,17
14446,2025,12,Fishing,Tonga,159.0,27
14447,2025,12,Fishing,Tuvalu,507.0,47
14448,2025,12,Fishing,Vanuatu,1021.0,89
14449,2025,12,Others,Cook Islands,3886.0,85
14450,2025,12,Others,Fiji,24560.0,522
14451,2025,12,Others,Kiribati,17894.0,347
14452,2025,12,Others,Marshall Islands,1849.0,112
14453,2025,12,Others,Micronesia,5652.0,348
14454,2025,12,Others,Nauru,179.0,48
14455,2025,12,Others,Niue,303.0,12
14456,2025,12,Others,Palau,1426.0,157
14457,2025,12,Others,Papua New Guinea,15432.0,1068
14458,2025,12,Others,Samoa,120.0,24
14459,2025,12,Others,Solomon Islands,5449.0,188
14460,2025,12,Others,Tokelau,985.0,13
14461,2025,12,Others,Tonga,623.0,38
14462,2025,12,Others,Tuvalu,3217.0,101
14463,2025,12,Others,Vanuatu,6504.0,173
14464,2025,12,Passenger,Cook Islands,753.0,4
14465,2025,12,Passenger,Fiji,2183.0,25
14466,2025,12,Passenger,Kiribati,401.0,6
14467,2025,12,Passenger,Marshall Islands,141.0,6
14468,2025,12,Passenger,Micronesia,484.0,17
14469,2025,12,Passenger,Palau,167.0,10
14470,2025,12,Passenger,Papua New Guinea,2144.0,48
14471,2025,12,Passenger,Samoa,439.0,8
14472,2025,12,Passenger,Solomon Islands,214.0,11
14473,2025,12,Passenger,Tokelau,30.0,2
14474,2025,12,Passenger,Tonga,579.0,7
14475,2025,12,Passenger,Tuvalu,2.0,1
14476,2025,12,Passenger,Vanuatu,2657.0,18
14477,2025,12,Tanker,Cook Islands,1587.0,11
14478,2025,12,Tanker,Fiji,2285.0,17
14479,2025,12,Tanker,Kiribati,2132.0,22
14480,2025,12,Tanker,Marshall Islands,2890.0,49
14481,2025,12,Tanker,Micronesia,45719.0,207
14482,2025,12,Tanker,Nauru,750.0,12
14483,2025,12,Tanker,Niue,392.0,6
14484,2025,12,Tanker,Palau,9202.0,102
14485,2025,12,Tanker,Papua New Guinea,106065.0,270
14486,2025,12,Tanker,Samoa,173.0,5
14487,2025,12,Tanker,Solomon Islands,4676.0,43
14488,2025,12,Tanker,Tokelau,35.0,2
14489,2025,12,Tanker,Tonga,890.0,11
14490,2025,12,Tanker,Tuvalu,776.0,9
14491,2025,12,Tanker,Vanuatu,1067.0,12
14492,2026,1,Cargo,Cook Islands,10835.0,55
14493,2026,1,Cargo,Fiji,9129.0,59
14494,2026,1,Cargo,Kiribati,32316.0,161
14495,2026,1,Cargo,Marshall Islands,25627.0,246
14496,2026,1,Cargo,Micronesia,136251.0,978
14497,2026,1,Cargo,Nauru,1863.0,43
14498,2026,1,Cargo,Niue,1269.0,15
14499,2026,1,Cargo,Palau,36600.0,469
14500,2026,1,Cargo,Papua New Guinea,290778.0,1239
14501,2026,1,Cargo,Samoa,599.0,16
14502,2026,1,Cargo,Solomon Islands,16225.0,165
14503,2026,1,Cargo,Tokelau,1172.0,16
14504,2026,1,Cargo,Tonga,3640.0,25
14505,2026,1,Cargo,Tuvalu,3117.0,28
14506,2026,1,Cargo,Vanuatu,4082.0,48
14507,2026,1,Fishing,Cook Islands,696.0,38
14508,2026,1,Fishing,Fiji,751.0,127
14509,2026,1,Fishing,Kiribati,9068.0,191
14510,2026,1,Fishing,Marshall Islands,2925.0,164
14511,2026,1,Fishing,Micronesia,6712.0,213
14512,2026,1,Fishing,Nauru,1751.0,54
14513,2026,1,Fishing,Niue,5.0,5
14514,2026,1,Fishing,Palau,310.0,80
14515,2026,1,Fishing,Papua New Guinea,7900.0,205
14516,2026,1,Fishing,Samoa,53.0,15
14517,2026,1,Fishing,Solomon Islands,1828.0,118
14518,2026,1,Fishing,Tokelau,62.0,12
14519,2026,1,Fishing,Tonga,120.0,24
14520,2026,1,Fishing,Tuvalu,644.0,47
14521,2026,1,Fishing,Vanuatu,812.0,55
14522,2026,1,Others,Cook Islands,1402.0,35
14523,2026,1,Others,Fiji,20059.0,336
14524,2026,1,Others,Kiribati,17768.0,228
14525,2026,1,Others,Marshall Islands,2306.0,44
14526,2026,1,Others,Micronesia,4482.0,112
14527,2026,1,Others,Nauru,114.0,16
14528,2026,1,Others,Niue,35.0,2
14529,2026,1,Others,Palau,785.0,54
14530,2026,1,Others,Papua New Guinea,11519.0,427
14531,2026,1,Others,Samoa,64.0,8
14532,2026,1,Others,Solomon Islands,2393.0,67
14533,2026,1,Others,Tokelau,449.0,11
14534,2026,1,Others,Tonga,86.0,8
14535,2026,1,Others,Tuvalu,286.0,14
14536,2026,1,Others,Vanuatu,1374.0,46
14537,2026,1,Passenger,Cook Islands,1892.0,10
14538,2026,1,Passenger,Fiji,6314.0,28
14539,2026,1,Passenger,Kiribati,1266.0,6
14540,2026,1,Passenger,Marshall Islands,102.0,8
14541,2026,1,Passenger,Micronesia,293.0,16
14542,2026,1,Passenger,Nauru,0.0,2
14543,2026,1,Passenger,Niue,457.0,4
14544,2026,1,Passenger,Palau,51.0,10
14545,2026,1,Passenger,Papua New Guinea,2858.0,42
14546,2026,1,Passenger,Samoa,631.0,8
14547,2026,1,Passenger,Solomon Islands,1178.0,6
14548,2026,1,Passenger,Tokelau,21.0,1
14549,2026,1,Passenger,Tonga,2035.0,10
14550,2026,1,Passenger,Tuvalu,0.0,1
14551,2026,1,Passenger,Vanuatu,6560.0,19
14552,2026,1,Tanker,Cook Islands,988.0,11
14553,2026,1,Tanker,Fiji,1944.0,15
14554,2026,1,Tanker,Kiribati,3233.0,22
14555,2026,1,Tanker,Marshall Islands,2655.0,57
14556,2026,1,Tanker,Micronesia,42233.0,208
14557,2026,1,Tanker,Nauru,1105.0,16
14558,2026,1,Tanker,Niue,113.0,2
14559,2026,1,Tanker,Palau,7471.0,96
14560,2026,1,Tanker,Papua New Guinea,100466.0,252
14561,2026,1,Tanker,Samoa,177.0,4
14562,2026,1,Tanker,Solomon Islands,3317.0,40
14563,2026,1,Tanker,Tokelau,132.0,2
14564,2026,1,Tanker,Tonga,426.0,8
14565,2026,1,Tanker,Tuvalu,511.0,6
14566,2026,1,Tanker,Vanuatu,1048.0,14
14567,2026,2,Cargo,Cook Islands,5603.0,40
14568,2026,2,Cargo,Fiji,7760.0,57
14569,2026,2,Cargo,Kiribati,18685.0,124
14570,2026,2,Cargo,Marshall Islands,16126.0,187
14571,2026,2,Cargo,Micronesia,110016.0,877
14572,2026,2,Cargo,Nauru,1373.0,33
14573,2026,2,Cargo,Niue,1193.0,13
14574,2026,2,Cargo,Palau,31527.0,393
14575,2026,2,Cargo,Papua New Guinea,259330.0,1119
14576,2026,2,Cargo,Samoa,675.0,16
14577,2026,2,Cargo,Solomon Islands,16440.0,164
14578,2026,2,Cargo,Tokelau,485.0,7
14579,2026,2,Cargo,Tonga,3549.0,24
14580,2026,2,Cargo,Tuvalu,1523.0,24
14581,2026,2,Cargo,Vanuatu,4444.0,49
14582,2026,2,Fishing,Cook Islands,495.0,54
14583,2026,2,Fishing,Fiji,710.0,125
14584,2026,2,Fishing,Kiribati,5973.0,178
14585,2026,2,Fishing,Marshall Islands,2815.0,182
14586,2026,2,Fishing,Micronesia,6221.0,239
14587,2026,2,Fishing,Nauru,1951.0,62
14588,2026,2,Fishing,Niue,44.0,10
14589,2026,2,Fishing,Palau,307.0,101
14590,2026,2,Fishing,Papua New Guinea,6647.0,218
14591,2026,2,Fishing,Samoa,43.0,18
14592,2026,2,Fishing,Solomon Islands,2026.0,123
14593,2026,2,Fishing,Tokelau,37.0,6
14594,2026,2,Fishing,Tonga,142.0,24
14595,2026,2,Fishing,Tuvalu,316.0,31
14596,2026,2,Fishing,Vanuatu,482.0,58
14597,2026,2,Others,Cook Islands,855.0,23
14598,2026,2,Others,Fiji,17272.0,342
14599,2026,2,Others,Kiribati,11479.0,160
14600,2026,2,Others,Marshall Islands,1240.0,45
14601,2026,2,Others,Micronesia,3480.0,95
14602,2026,2,Others,Nauru,203.0,10
14603,2026,2,Others,Niue,80.0,7
14604,2026,2,Others,Palau,583.0,44
14605,2026,2,Others,Papua New Guinea,8390.0,431
14606,2026,2,Others,Samoa,93.0,12
14607,2026,2,Others,Solomon Islands,1405.0,48
14608,2026,2,Others,Tokelau,81.0,2
14609,2026,2,Others,Tonga,446.0,19
14610,2026,2,Others,Tuvalu,363.0,15
14611,2026,2,Others,Vanuatu,903.0,34
14612,2026,2,Passenger,Cook Islands,3039.0,16
14613,2026,2,Passenger,Fiji,6095.0,32
14614,2026,2,Passenger,Kiribati,3281.0,12
14615,2026,2,Passenger,Marshall Islands,291.0,10
14616,2026,2,Passenger,Micronesia,1166.0,19
14617,2026,2,Passenger,Nauru,1.0,1
14618,2026,2,Passenger,Niue,293.0,3
14619,2026,2,Passenger,Palau,105.0,12
14620,2026,2,Passenger,Papua New Guinea,3465.0,47
14621,2026,2,Passenger,Samoa,774.0,11
14622,2026,2,Passenger,Solomon Islands,523.0,8
14623,2026,2,Passenger,Tokelau,202.0,3
14624,2026,2,Passenger,Tonga,1376.0,11
14625,2026,2,Passenger,Tuvalu,0.0,1
14626,2026,2,Passenger,Vanuatu,3337.0,21
14627,2026,2,Tanker,Cook Islands,1287.0,8
14628,2026,2,Tanker,Fiji,1757.0,15
14629,2026,2,Tanker,Kiribati,1839.0,14
14630,2026,2,Tanker,Marshall Islands,1593.0,33
14631,2026,2,Tanker,Micronesia,39874.0,197
14632,2026,2,Tanker,Nauru,1535.0,14
14633,2026,2,Tanker,Niue,247.0,4
14634,2026,2,Tanker,Palau,7163.0,69
14635,2026,2,Tanker,Papua New Guinea,92624.0,241
14636,2026,2,Tanker,Samoa,89.0,2
14637,2026,2,Tanker,Solomon Islands,4193.0,40
14638,2026,2,Tanker,Tokelau,199.0,3
14639,2026,2,Tanker,Tonga,808.0,10
14640,2026,2,Tanker,Tuvalu,382.0,6
14641,2026,2,Tanker,Vanuatu,922.0,11
14642,2026,3,Cargo,Cook Islands,7694.0,50
14643,2026,3,Cargo,Fiji,7587.0,50
14644,2026,3,Cargo,Kiribati,21135.0,142
14645,2026,3,Cargo,Marshall Islands,16152.0,230
14646,2026,3,Cargo,Micronesia,122140.0,950
14647,2026,3,Cargo,Nauru,1092.0,36
14648,2026,3,Cargo,Niue,1054.0,15
14649,2026,3,Cargo,Palau,36428.0,479
14650,2026,3,Cargo,Papua New Guinea,288487.0,1218
14651,2026,3,Cargo,Samoa,759.0,18
14652,2026,3,Cargo,Solomon Islands,16616.0,175
14653,2026,3,Cargo,Tokelau,674.0,6
14654,2026,3,Cargo,Tonga,3654.0,25
14655,2026,3,Cargo,Tuvalu,1732.0,23
14656,2026,3,Cargo,Vanuatu,4649.0,40
14657,2026,3,Fishing,Cook Islands,701.0,60
14658,2026,3,Fishing,Fiji,1086.0,204
14659,2026,3,Fishing,Kiribati,6175.0,193
14660,2026,3,Fishing,Marshall Islands,3661.0,196
14661,2026,3,Fishing,Micronesia,7386.0,260
14662,2026,3,Fishing,Nauru,1489.0,59
14663,2026,3,Fishing,Niue,12.0,8
14664,2026,3,Fishing,Palau,319.0,96
14665,2026,3,Fishing,Papua New Guinea,6729.0,194
14666,2026,3,Fishing,Samoa,91.0,42
14667,2026,3,Fishing,Solomon Islands,2862.0,156
14668,2026,3,Fishing,Tokelau,144.0,29
14669,2026,3,Fishing,Tonga,123.0,32
14670,2026,3,Fishing,Tuvalu,510.0,41
14671,2026,3,Fishing,Vanuatu,631.0,61
14672,2026,3,Others,Cook Islands,1705.0,30
14673,2026,3,Others,Fiji,18675.0,352
14674,2026,3,Others,Kiribati,11965.0,228
14675,2026,3,Others,Marshall Islands,1713.0,52
14676,2026,3,Others,Micronesia,2397.0,81
14677,2026,3,Others,Nauru,82.0,15
14678,2026,3,Others,Niue,114.0,7
14679,2026,3,Others,Palau,762.0,47
14680,2026,3,Others,Papua New Guinea,8271.0,406
14681,2026,3,Others,Samoa,214.0,16
14682,2026,3,Others,Solomon Islands,2770.0,70
14683,2026,3,Others,Tokelau,333.0,15
14684,2026,3,Others,Tonga,462.0,21
14685,2026,3,Others,Tuvalu,1319.0,66
14686,2026,3,Others,Vanuatu,856.0,35
14687,2026,3,Passenger,Cook Islands,2775.0,11
14688,2026,3,Passenger,Fiji,6637.0,34
14689,2026,3,Passenger,Kiribati,3309.0,11
14690,2026,3,Passenger,Marshall Islands,155.0,7
14691,2026,3,Passenger,Micronesia,745.0,17
14692,2026,3,Passenger,Nauru,0.0,2
14693,2026,3,Passenger,Niue,773.0,4
14694,2026,3,Passenger,Palau,262.0,13
14695,2026,3,Passenger,Papua New Guinea,2826.0,53
14696,2026,3,Passenger,Samoa,507.0,9
14697,2026,3,Passenger,Solomon Islands,479.0,12
14698,2026,3,Passenger,Tokelau,452.0,3
14699,2026,3,Passenger,Tonga,2394.0,10
14700,2026,3,Passenger,Vanuatu,4038.0,21
14701,2026,3,Tanker,Cook Islands,1434.0,15
14702,2026,3,Tanker,Fiji,2595.0,20
14703,2026,3,Tanker,Kiribati,3807.0,29
14704,2026,3,Tanker,Marshall Islands,2658.0,45
14705,2026,3,Tanker,Micronesia,45056.0,227
14706,2026,3,Tanker,Nauru,1538.0,18
14707,2026,3,Tanker,Niue,467.0,7
14708,2026,3,Tanker,Palau,8487.0,93
14709,2026,3,Tanker,Papua New Guinea,107487.0,261
14710,2026,3,Tanker,Samoa,92.0,4
14711,2026,3,Tanker,Solomon Islands,6264.0,51
14712,2026,3,Tanker,Tokelau,154.0,2
14713,2026,3,Tanker,Tonga,1152.0,16
14714,2026,3,Tanker,Tuvalu,702.0,11
14715,2026,3,Tanker,Vanuatu,1255.0,15
14716,2026,4,Cargo,Cook Islands,7158.0,55
14717,2026,4,Cargo,Fiji,6866.0,55
14718,2026,4,Cargo,Kiribati,17882.0,126
14719,2026,4,Cargo,Marshall Islands,13533.0,193
14720,2026,4,Cargo,Micronesia,122585.0,993
14721,2026,4,Cargo,Nauru,1598.0,38
14722,2026,4,Cargo,Niue,828.0,13
14723,2026,4,Cargo,Palau,37058.0,472
14724,2026,4,Cargo,Papua New Guinea,276802.0,1223
14725,2026,4,Cargo,Samoa,509.0,17
14726,2026,4,Cargo,Solomon Islands,22787.0,248
14727,2026,4,Cargo,Tokelau,331.0,6
14728,2026,4,Cargo,Tonga,2691.0,22
14729,2026,4,Cargo,Tuvalu,1190.0,23
14730,2026,4,Cargo,Vanuatu,4400.0,52
14731,2026,4,Fishing,Cook Islands,711.0,57
14732,2026,4,Fishing,Fiji,537.0,136
14733,2026,4,Fishing,Kiribati,6010.0,167
14734,2026,4,Fishing,Marshall Islands,4699.0,233
14735,2026,4,Fishing,Micronesia,6233.0,252
14736,2026,4,Fishing,Nauru,1206.0,50
14737,2026,4,Fishing,Niue,25.0,6
14738,2026,4,Fishing,Palau,186.0,120
14739,2026,4,Fishing,Papua New Guinea,5852.0,172
14740,2026,4,Fishing,Samoa,63.0,52
14741,2026,4,Fishing,Solomon Islands,1769.0,121
14742,2026,4,Fishing,Tokelau,122.0,27
14743,2026,4,Fishing,Tonga,55.0,10
14744,2026,4,Fishing,Tuvalu,699.0,55
14745,2026,4,Fishing,Vanuatu,227.0,34
14746,2026,4,Others,Cook Islands,2165.0,43
14747,2026,4,Others,Fiji,17347.0,410
14748,2026,4,Others,Kiribati,13764.0,184
14749,2026,4,Others,Marshall Islands,1613.0,53
14750,2026,4,Others,Micronesia,3373.0,104
14751,2026,4,Others,Nauru,131.0,16
14752,2026,4,Others,Niue,528.0,19
14753,2026,4,Others,Palau,715.0,66
14754,2026,4,Others,Papua New Guinea,8001.0,395
14755,2026,4,Others,Samoa,196.0,24
14756,2026,4,Others,Solomon Islands,3361.0,68
14757,2026,4,Others,Tokelau,47.0,4
14758,2026,4,Others,Tonga,783.0,31
14759,2026,4,Others,Tuvalu,4897.0,125
14760,2026,4,Others,Vanuatu,648.0,31
14761,2026,4,Passenger,Cook Islands,2007.0,10
14762,2026,4,Passenger,Fiji,4315.0,34
14763,2026,4,Passenger,Kiribati,4063.0,10
14764,2026,4,Passenger,Marshall Islands,296.0,8
14765,2026,4,Passenger,Micronesia,407.0,15
14766,2026,4,Passenger,Nauru,0.0,1
14767,2026,4,Passenger,Niue,246.0,1
14768,2026,4,Passenger,Palau,131.0,15
14769,2026,4,Passenger,Papua New Guinea,1379.0,42
14770,2026,4,Passenger,Samoa,606.0,8
14771,2026,4,Passenger,Solomon Islands,573.0,7
14772,2026,4,Passenger,Tokelau,333.0,4
14773,2026,4,Passenger,Tonga,1210.0,10
14774,2026,4,Passenger,Tuvalu,146.0,1
14775,2026,4,Passenger,Vanuatu,3879.0,22
14776,2026,4,Tanker,Cook Islands,1575.0,21
14777,2026,4,Tanker,Fiji,2231.0,21
14778,2026,4,Tanker,Kiribati,3707.0,32
14779,2026,4,Tanker,Marshall Islands,2695.0,37
14780,2026,4,Tanker,Micronesia,30197.0,192
14781,2026,4,Tanker,Nauru,1155.0,14
14782,2026,4,Tanker,Niue,376.0,6
14783,2026,4,Tanker,Palau,12482.0,105
14784,2026,4,Tanker,Papua New Guinea,87591.0,250
14785,2026,4,Tanker,Samoa,64.0,3
14786,2026,4,Tanker,Solomon Islands,5709.0,51
14787,2026,4,Tanker,Tokelau,373.0,5
14788,2026,4,Tanker,Tonga,906.0,15
14789,2026,4,Tanker,Tuvalu,297.0,8
14790,2026,4,Tanker,Vanuatu,944.0,14
14791,2026,5,Cargo,Cook Islands,7003.0,52
14792,2026,5,Cargo,Fiji,6125.0,47
14793,2026,5,Cargo,Kiribati,18849.0,130
14794,2026,5,Cargo,Marshall Islands,10366.0,174
14795,2026,5,Cargo,Micronesia,124753.0,973
14796,2026,5,Cargo,Nauru,1032.0,33
14797,2026,5,Cargo,Niue,815.0,14
14798,2026,5,Cargo,Palau,40264.0,494
14799,2026,5,Cargo,Papua New Guinea,311938.0,1269
14800,2026,5,Cargo,Samoa,559.0,14
14801,2026,5,Cargo,Solomon Islands,17404.0,180
14802,2026,5,Cargo,Tokelau,553.0,8
14803,2026,5,Cargo,Tonga,2326.0,25
14804,2026,5,Cargo,Tuvalu,1622.0,19
14805,2026,5,Cargo,Vanuatu,4797.0,50
14806,2026,5,Fishing,Cook Islands,932.0,54
14807,2026,5,Fishing,Fiji,637.0,139
14808,2026,5,Fishing,Kiribati,5774.0,190
14809,2026,5,Fishing,Marshall Islands,3707.0,232
14810,2026,5,Fishing,Micronesia,3985.0,202
14811,2026,5,Fishing,Nauru,846.0,62
14812,2026,5,Fishing,Niue,45.0,4
14813,2026,5,Fishing,Palau,413.0,133
14814,2026,5,Fishing,Papua New Guinea,5223.0,200
14815,2026,5,Fishing,Samoa,42.0,35
14816,2026,5,Fishing,Solomon Islands,2482.0,134
14817,2026,5,Fishing,Tokelau,65.0,24
14818,2026,5,Fishing,Tonga,96.0,23
14819,2026,5,Fishing,Tuvalu,629.0,66
14820,2026,5,Fishing,Vanuatu,477.0,43
14821,2026,5,Others,Cook Islands,5356.0,113
14822,2026,5,Others,Fiji,26374.0,650
14823,2026,5,Others,Kiribati,10932.0,179
14824,2026,5,Others,Marshall Islands,2022.0,66
14825,2026,5,Others,Micronesia,3073.0,132
14826,2026,5,Others,Nauru,249.0,21
14827,2026,5,Others,Niue,1711.0,59
14828,2026,5,Others,Palau,1401.0,113
14829,2026,5,Others,Papua New Guinea,6889.0,443
14830,2026,5,Others,Samoa,205.0,23
14831,2026,5,Others,Solomon Islands,3027.0,71
14832,2026,5,Others,Tokelau,112.0,15
14833,2026,5,Others,Tonga,2831.0,121
14834,2026,5,Others,Tuvalu,3953.0,94
14835,2026,5,Others,Vanuatu,2097.0,84
14836,2026,5,Passenger,Cook Islands,311.0,3
14837,2026,5,Passenger,Fiji,4161.0,27
14838,2026,5,Passenger,Kiribati,1241.0,12
14839,2026,5,Passenger,Marshall Islands,76.0,10
14840,2026,5,Passenger,Micronesia,886.0,16
14841,2026,5,Passenger,Palau,364.0,20
14842,2026,5,Passenger,Papua New Guinea,1600.0,44
14843,2026,5,Passenger,Samoa,322.0,6
14844,2026,5,Passenger,Solomon Islands,127.0,8
14845,2026,5,Passenger,Tokelau,6.0,1
14846,2026,5,Passenger,Tonga,339.0,6
14847,2026,5,Passenger,Vanuatu,2070.0,14
14848,2026,5,Tanker,Cook Islands,1519.0,16
14849,2026,5,Tanker,Fiji,2378.0,25
14850,2026,5,Tanker,Kiribati,3791.0,27
14851,2026,5,Tanker,Marshall Islands,1822.0,41
14852,2026,5,Tanker,Micronesia,39151.0,200
14853,2026,5,Tanker,Nauru,1019.0,12
14854,2026,5,Tanker,Niue,617.0,11
14855,2026,5,Tanker,Palau,11367.0,106
14856,2026,5,Tanker,Papua New Guinea,105568.0,251
14857,2026,5,Tanker,Samoa,132.0,6
14858,2026,5,Tanker,Solomon Islands,3280.0,42
14859,2026,5,Tanker,Tokelau,70.0,1
14860,2026,5,Tanker,Tonga,1194.0,19
14861,2026,5,Tanker,Tuvalu,446.0,7
14862,2026,5,Tanker,Vanuatu,1054.0,14
