year,month,Country,Port,Vessel Category,Trade Flow,Trade Vol ,,,,
2019,1,"Fiji, Lautoka Harbor", Lautoka Harbor,Bulk Carrier,Imports,24182.7,,,,
2019,1,"Fiji, Lautoka Harbor", Lautoka Harbor,Container,Exports,8641.9,,,,
2019,1,"Fiji, Lautoka Harbor", Lautoka Harbor,Container,Imports,6668.7,,,,
2019,1,"Fiji, Lautoka Harbor", Lautoka Harbor,General Cargo,Exports,5.6,,,,
2019,1,"Fiji, Lautoka Harbor", Lautoka Harbor,General Cargo,Imports,3775.5,,,,
2019,1,"Fiji, Lautoka Harbor", Lautoka Harbor,Tanker,Exports,2590.5,,,,
2019,1,"Fiji, Lautoka Harbor", Lautoka Harbor,Tanker,Imports,37907.7,,,,
2019,1,"Fiji, Malai", Malai,General Cargo,Imports,11,,,,
2019,1,"Fiji, Malai", Malai,Tanker,Exports,1367.9,,,,
2019,1,"Fiji, Malai", Malai,Tanker,Imports,656,,,,
2019,1,"Fiji, Nabouwalu Jetty", Nabouwalu Jetty,Bulk Carrier,Exports,15421.8,,,,
2019,1,"Fiji, Suva Harbor", Suva Harbor,Container,Exports,4954,,,,
2019,1,"Fiji, Suva Harbor", Suva Harbor,Container,Imports,18815.3,,,,
2019,1,"Fiji, Suva Harbor", Suva Harbor,General Cargo,Exports,1863.8,,,,
2019,1,"Fiji, Suva Harbor", Suva Harbor,General Cargo,Imports,5899.2,,,,
2019,1,"Fiji, Suva Harbor", Suva Harbor,Tanker,Exports,702.5,,,,
2019,1,"Fiji, Suva Harbor", Suva Harbor,Tanker,Imports,10453.1,,,,
2019,1,"Kiribati, Kiribati", Kiribati,General Cargo,Exports,11353.4,,,,
2019,1,"Kiribati, Kiribati", Kiribati,General Cargo,Imports,447.5,,,,
2019,1,"Kiribati, Tarawa Atoll", Tarawa Atoll,Container,Imports,4828.4,,,,
2019,1,"Kiribati, Tarawa Atoll", Tarawa Atoll,General Cargo,Exports,1148.2,,,,
2019,1,"Kiribati, Tarawa Atoll", Tarawa Atoll,Tanker,Imports,955.8,,,,
2019,1,"Marshall Islands, Ebeye", Ebeye,Container,Imports,572.6,,,,
2019,1,"Marshall Islands, Ebeye", Ebeye,General Cargo,Imports,302.8,,,,
2019,1,"Marshall Islands, Kwajalein", Kwajalein,Container,Imports,1029.9,,,,
2019,1,"Marshall Islands, Kwajalein", Kwajalein,General Cargo,Imports,865.9,,,,
2019,1,"Marshall Islands, Majuro Atoll", Majuro Atoll,Container,Imports,11621.9,,,,
2019,1,"Marshall Islands, Majuro Atoll", Majuro Atoll,General Cargo,Exports,12820.4,,,,
2019,1,"Marshall Islands, Majuro Atoll", Majuro Atoll,General Cargo,Imports,413.2,,,,
2019,1,"Marshall Islands, Majuro Atoll", Majuro Atoll,Tanker,Exports,1521,,,,
2019,1,"Micronesia, Colonia", Colonia,Container,Exports,298.3,,,,
2019,1,"Micronesia, Colonia", Colonia,General Cargo,Exports,15.2,,,,
2019,1,"Micronesia, Colonia", Colonia,General Cargo,Imports,1059.5,,,,
2019,1,"Micronesia, Lele Harbor", Lele Harbor,General Cargo,Imports,253.6,,,,
2019,1,"Micronesia, Moen", Moen,General Cargo,Exports,15.2,,,,
2019,1,"Micronesia, Moen", Moen,General Cargo,Imports,2042.3,,,,
2019,1,"Micronesia, Pornpei Harbor", Pornpei Harbor,Container,Imports,1470.9,,,,
2019,1,"Micronesia, Pornpei Harbor", Pornpei Harbor,General Cargo,Imports,713.9,,,,
2019,1,"Nauru, Nauru", Nauru,Bulk Carrier,Exports,27699.7,,,,
2019,1,"Nauru, Nauru", Nauru,General Cargo,Imports,3426.9,,,,
2019,1,"Nauru, Nauru", Nauru,Tanker,Exports,206.6,,,,
2019,1,"Palau, Malakal Harbor", Malakal Harbor,Container,Imports,3998.1,,,,
2019,1,"Palau, Malakal Harbor", Malakal Harbor,General Cargo,Exports,785.5,,,,
2019,1,"Palau, Malakal Harbor", Malakal Harbor,General Cargo,Imports,1202.5,,,,
2019,1,"Papua New Guinea, Alotoa", Alotoa,Container,Imports,1404.7,,,,
2019,1,"Papua New Guinea, Alotoa", Alotoa,General Cargo,Imports,834.1,,,,
2019,1,"Papua New Guinea, Alotoa", Alotoa,Tanker,Exports,80.1,,,,
2019,1,"Papua New Guinea, Alotoa", Alotoa,Tanker,Imports,452.5,,,,
2019,1,"Papua New Guinea, Buka", Buka,Container,Imports,381.3,,,,
2019,1,"Papua New Guinea, Buka", Buka,General Cargo,Exports,212.2,,,,
2019,1,"Papua New Guinea, Buka", Buka,General Cargo,Imports,266.9,,,,
2019,1,"Papua New Guinea, Daru", Daru,Bulk Carrier,Exports,7726.8,,,,
2019,1,"Papua New Guinea, Daru", Daru,General Cargo,Exports,5852.5,,,,
2019,1,"Papua New Guinea, Kavieng Harbor", Kavieng Harbor,Bulk Carrier,Exports,27177.4,,,,
2019,1,"Papua New Guinea, Kavieng Harbor", Kavieng Harbor,Bulk Carrier,Imports,1157.4,,,,
2019,1,"Papua New Guinea, Kavieng Harbor", Kavieng Harbor,Container,Imports,1522.8,,,,
2019,1,"Papua New Guinea, Kavieng Harbor", Kavieng Harbor,General Cargo,Exports,4467.5,,,,
2019,1,"Papua New Guinea, Kavieng Harbor", Kavieng Harbor,General Cargo,Imports,382.4,,,,
2019,1,"Papua New Guinea, Kavieng Harbor", Kavieng Harbor,Tanker,Exports,3475.9,,,,
2019,1,"Papua New Guinea, Kavieng Harbor", Kavieng Harbor,Tanker,Imports,588.6,,,,
2019,1,"Papua New Guinea, Kimbe", Kimbe,Bulk Carrier,Exports,40100.3,,,,
2019,1,"Papua New Guinea, Kimbe", Kimbe,Bulk Carrier,Imports,6964.6,,,,
2019,1,"Papua New Guinea, Kimbe", Kimbe,Container,Exports,191.6,,,,
2019,1,"Papua New Guinea, Kimbe", Kimbe,Container,Imports,6539.8,,,,
2019,1,"Papua New Guinea, Kimbe", Kimbe,General Cargo,Exports,13737,,,,
2019,1,"Papua New Guinea, Kimbe", Kimbe,General Cargo,Imports,3576,,,,
2019,1,"Papua New Guinea, Kimbe", Kimbe,Tanker,Exports,14988.4,,,,
2019,1,"Papua New Guinea, Kimbe", Kimbe,Tanker,Imports,862.3,,,,
2019,1,"Papua New Guinea, Lae", Lae,Bulk Carrier,Imports,6591.8,,,,
2019,1,"Papua New Guinea, Lae", Lae,Container,Exports,10048.7,,,,
2019,1,"Papua New Guinea, Lae", Lae,Container,Imports,32158.2,,,,
2019,1,"Papua New Guinea, Lae", Lae,General Cargo,Exports,12710.7,,,,
2019,1,"Papua New Guinea, Lae", Lae,General Cargo,Imports,6345.8,,,,
2019,1,"Papua New Guinea, Lae", Lae,Tanker,Exports,2321.9,,,,
2019,1,"Papua New Guinea, Lae", Lae,Tanker,Imports,10656.1,,,,
2019,1,"Papua New Guinea, Madang", Madang,Container,Imports,836,,,,
2019,1,"Papua New Guinea, Madang", Madang,General Cargo,Exports,2439.9,,,,
2019,1,"Papua New Guinea, Madang", Madang,General Cargo,Imports,7061.5,,,,
2019,1,"Papua New Guinea, Madang", Madang,Tanker,Exports,546,,,,
2019,1,"Papua New Guinea, Madang", Madang,Tanker,Imports,1135.2,,,,
2019,1,"Papua New Guinea, Oro Bay", Oro Bay,General Cargo,Imports,1179.9,,,,
2019,1,"Papua New Guinea, Oro Bay", Oro Bay,Tanker,Imports,217.7,,,,
2019,1,"Papua New Guinea, Port Moresby", Port Moresby,Bulk Carrier,Exports,17873.3,,,,
2019,1,"Papua New Guinea, Port Moresby", Port Moresby,Bulk Carrier,Imports,17678,,,,
2019,1,"Papua New Guinea, Port Moresby", Port Moresby,Container,Exports,1376,,,,
2019,1,"Papua New Guinea, Port Moresby", Port Moresby,Container,Imports,30421.7,,,,
2019,1,"Papua New Guinea, Port Moresby", Port Moresby,General Cargo,Exports,26742.9,,,,
2019,1,"Papua New Guinea, Port Moresby", Port Moresby,General Cargo,Imports,25398.3,,,,
2019,1,"Papua New Guinea, Port Moresby", Port Moresby,Tanker,Exports,211382.5,,,,
2019,1,"Papua New Guinea, Port Moresby", Port Moresby,Tanker,Imports,10184.7,,,,
2019,1,"Papua New Guinea, Put Put", Put Put,Container,Imports,6161.2,,,,
2019,1,"Papua New Guinea, Put Put", Put Put,General Cargo,Exports,5837.1,,,,
2019,1,"Papua New Guinea, Put Put", Put Put,General Cargo,Imports,4051.5,,,,
2019,1,"Papua New Guinea, Put Put", Put Put,Tanker,Imports,3738.5,,,,
2019,1,"Papua New Guinea, Rabaul", Rabaul,Container,Imports,6886.2,,,,
2019,1,"Papua New Guinea, Rabaul", Rabaul,General Cargo,Exports,16874.1,,,,
2019,1,"Papua New Guinea, Rabaul", Rabaul,General Cargo,Imports,3362.7,,,,
2019,1,"Papua New Guinea, Rabaul", Rabaul,Tanker,Exports,1791.8,,,,
2019,1,"Papua New Guinea, Rabaul", Rabaul,Tanker,Imports,9165,,,,
2019,1,"Papua New Guinea, Vanimo", Vanimo,Bulk Carrier,Exports,21529.6,,,,
2019,1,"Papua New Guinea, Vanimo", Vanimo,Bulk Carrier,Imports,2884.1,,,,
2019,1,"Papua New Guinea, Vanimo", Vanimo,General Cargo,Imports,512.7,,,,
2019,1,"Papua New Guinea, Vanimo", Vanimo,Tanker,Exports,589.7,,,,
2019,1,"Papua New Guinea, Wewak Harbor", Wewak Harbor,Bulk Carrier,Exports,23678.4,,,,
2019,1,"Papua New Guinea, Wewak Harbor", Wewak Harbor,Container,Imports,1039.9,,,,
2019,1,"Papua New Guinea, Wewak Harbor", Wewak Harbor,General Cargo,Exports,1060,,,,
2019,1,"Papua New Guinea, Wewak Harbor", Wewak Harbor,General Cargo,Imports,1493,,,,
2019,1,"Papua New Guinea, Wewak Harbor", Wewak Harbor,Tanker,Imports,361.7,,,,
2019,1,"Samoa, Apia", Apia,Container,Imports,10494.7,,,,
2019,1,"Samoa, Apia", Apia,General Cargo,Exports,92.7,,,,
2019,1,"Samoa, Apia", Apia,General Cargo,Imports,5813.3,,,,
2019,1,"Samoa, Apia", Apia,Tanker,Exports,973.8,,,,
2019,1,"Samoa, Apia", Apia,Tanker,Imports,2189.6,,,,
2019,1,"Solomon Islands, Honiara", Honiara,Container,Imports,8971.7,,,,
2019,1,"Solomon Islands, Honiara", Honiara,General Cargo,Exports,288.9,,,,
2019,1,"Solomon Islands, Honiara", Honiara,General Cargo,Imports,5488.4,,,,
2019,1,"Solomon Islands, Honiara", Honiara,Tanker,Exports,1592.6,,,,
2019,1,"Solomon Islands, Honiara", Honiara,Tanker,Imports,18727.2,,,,
2019,1,"Solomon Islands, Mbulo", Mbulo,Bulk Carrier,Exports,15050.1,,,,
2019,1,"Solomon Islands, Mbulo", Mbulo,Bulk Carrier,Imports,2609.6,,,,
2019,1,"Solomon Islands, Ndora", Ndora,General Cargo,Imports,577.7,,,,
2019,1,"Solomon Islands, Port Noro", Port Noro,Bulk Carrier,Exports,100258.6,,,,
2019,1,"Solomon Islands, Port Noro", Port Noro,Bulk Carrier,Imports,15433.8,,,,
2019,1,"Solomon Islands, Port Noro", Port Noro,Container,Exports,1575.7,,,,
2019,1,"Solomon Islands, Port Noro", Port Noro,Container,Imports,723.8,,,,
2019,1,"Solomon Islands, Port Noro", Port Noro,General Cargo,Exports,29248,,,,
2019,1,"Solomon Islands, Port Noro", Port Noro,General Cargo,Imports,2686.3,,,,
2019,1,"Solomon Islands, Port Noro", Port Noro,Tanker,Imports,917.6,,,,
2019,1,"Solomon Islands, Rennell Island", Rennell Island,Bulk Carrier,Exports,44695.6,,,,
2019,1,"Solomon Islands, Rennell Island", Rennell Island,Bulk Carrier,Imports,52626.8,,,,
2019,1,"Solomon Islands, Rennell Island", Rennell Island,General Cargo,Exports,11138.4,,,,
2019,1,"Solomon Islands, Seghe", Seghe,Bulk Carrier,Exports,5771.3,,,,
2019,1,"Tonga, Neiafu", Neiafu,General Cargo,Imports,167.6,,,,
2019,1,"Tonga, Neiafu", Neiafu,Tanker,Imports,996.3,,,,
2019,1,"Tonga, Nuku Alofa", Nuku Alofa,Container,Imports,10117.3,,,,
2019,1,"Tonga, Nuku Alofa", Nuku Alofa,General Cargo,Exports,1017.4,,,,
2019,1,"Tonga, Nuku Alofa", Nuku Alofa,General Cargo,Imports,4009.5,,,,
2019,1,"Tonga, Nuku Alofa", Nuku Alofa,Tanker,Imports,1123.5,,,,
2019,1,"Tuvalu, Funafuti Atoll", Funafuti Atoll,Container,Imports,3616.6,,,,
2019,1,"Tuvalu, Funafuti Atoll", Funafuti Atoll,General Cargo,Exports,17457.2,,,,
2019,1,"Tuvalu, Funafuti Atoll", Funafuti Atoll,General Cargo,Imports,281,,,,
2019,1,"Tuvalu, Funafuti Atoll", Funafuti Atoll,Tanker,Exports,154.6,,,,
2019,1,"Vanuatu, Luganville", Luganville,Container,Imports,1283.2,,,,
2019,1,"Vanuatu, Luganville", Luganville,General Cargo,Imports,404,,,,
2019,1,"Vanuatu, Port Vila", Port Vila,Container,Imports,5109.2,,,,
2019,1,"Vanuatu, Port Vila", Port Vila,General Cargo,Exports,2589.4,,,,
2019,1,"Vanuatu, Port Vila", Port Vila,Tanker,Exports,264.4,,,,
2019,2,"Fiji, Lautoka Harbor", Lautoka Harbor,Bulk Carrier,Exports,12962.3,,,,
2019,2,"Fiji, Lautoka Harbor", Lautoka Harbor,Container,Exports,13179,,,,
2019,2,"Fiji, Lautoka Harbor", Lautoka Harbor,Container,Imports,7250.8,,,,
2019,2,"Fiji, Lautoka Harbor", Lautoka Harbor,General Cargo,Exports,320.1,,,,
2019,2,"Fiji, Lautoka Harbor", Lautoka Harbor,General Cargo,Imports,3300.7,,,,
2019,2,"Fiji, Lautoka Harbor", Lautoka Harbor,Tanker,Exports,3430.2,,,,
2019,2,"Fiji, Lautoka Harbor", Lautoka Harbor,Tanker,Imports,21549.6,,,,
2019,2,"Fiji, Malai", Malai,General Cargo,Imports,7.3,,,,
2019,2,"Fiji, Malai", Malai,Tanker,Exports,439.6,,,,
2019,2,"Fiji, Malai", Malai,Tanker,Imports,1414.3,,,,
2019,2,"Fiji, Nabouwalu Jetty", Nabouwalu Jetty,Bulk Carrier,Exports,9129.8,,,,
2019,2,"Fiji, Suva Harbor", Suva Harbor,Bulk Carrier,Imports,8851.3,,,,
2019,2,"Fiji, Suva Harbor", Suva Harbor,Container,Exports,2125.9,,,,
2019,2,"Fiji, Suva Harbor", Suva Harbor,Container,Imports,14809.1,,,,
2019,2,"Fiji, Suva Harbor", Suva Harbor,General Cargo,Exports,593.6,,,,
2019,2,"Fiji, Suva Harbor", Suva Harbor,General Cargo,Imports,6006.2,,,,
2019,2,"Fiji, Suva Harbor", Suva Harbor,Tanker,Imports,22206.3,,,,
2019,2,"Kiribati, Kiribati", Kiribati,General Cargo,Exports,23933.8,,,,
2019,2,"Kiribati, Kiribati", Kiribati,General Cargo,Imports,1913.7,,,,
2019,2,"Kiribati, Tarawa Atoll", Tarawa Atoll,Container,Imports,1373.2,,,,
2019,2,"Kiribati, Tarawa Atoll", Tarawa Atoll,General Cargo,Exports,243.4,,,,
2019,2,"Kiribati, Tarawa Atoll", Tarawa Atoll,General Cargo,Imports,603.4,,,,
2019,2,"Kiribati, Tarawa Atoll", Tarawa Atoll,Tanker,Imports,955.8,,,,
2019,2,"Marshall Islands, Ebeye", Ebeye,Container,Imports,914.6,,,,
2019,2,"Marshall Islands, Ebeye", Ebeye,General Cargo,Imports,472.6,,,,
2019,2,"Marshall Islands, Kwajalein", Kwajalein,Container,Exports,764.3,,,,
2019,2,"Marshall Islands, Kwajalein", Kwajalein,Container,Imports,573.8,,,,
2019,2,"Marshall Islands, Kwajalein", Kwajalein,General Cargo,Imports,472,,,,
2019,2,"Marshall Islands, Kwajalein", Kwajalein,Tanker,Imports,679.5,,,,
2019,2,"Marshall Islands, Majuro Atoll", Majuro Atoll,Container,Imports,4780,,,,
2019,2,"Marshall Islands, Majuro Atoll", Majuro Atoll,General Cargo,Exports,6694.3,,,,
2019,2,"Marshall Islands, Majuro Atoll", Majuro Atoll,General Cargo,Imports,650.2,,,,
2019,2,"Marshall Islands, Majuro Atoll", Majuro Atoll,Tanker,Exports,852.3,,,,
2019,2,"Micronesia, Colonia", Colonia,Container,Imports,1112.4,,,,
2019,2,"Micronesia, Colonia", Colonia,General Cargo,Exports,15.2,,,,
2019,2,"Micronesia, Colonia", Colonia,General Cargo,Imports,1627.5,,,,
2019,2,"Micronesia, Lele Harbor", Lele Harbor,Container,Exports,2070.9,,,,
2019,2,"Micronesia, Lele Harbor", Lele Harbor,Container,Imports,2318.7,,,,
2019,2,"Micronesia, Lele Harbor", Lele Harbor,General Cargo,Imports,1018.4,,,,
2019,2,"Micronesia, Moen", Moen,General Cargo,Exports,15.2,,,,
2019,2,"Micronesia, Moen", Moen,General Cargo,Imports,713.9,,,,
2019,2,"Micronesia, Pornpei Harbor", Pornpei Harbor,Container,Exports,297.4,,,,
2019,2,"Micronesia, Pornpei Harbor", Pornpei Harbor,Container,Imports,593,,,,
2019,2,"Micronesia, Pornpei Harbor", Pornpei Harbor,General Cargo,Exports,464.2,,,,
2019,2,"Micronesia, Pornpei Harbor", Pornpei Harbor,General Cargo,Imports,3559.3,,,,
2019,2,"Nauru, Nauru", Nauru,Bulk Carrier,Exports,69249.3,,,,
2019,2,"Nauru, Nauru", Nauru,General Cargo,Imports,7129.4,,,,
2019,2,"Palau, Malakal Harbor", Malakal Harbor,Container,Exports,1475.9,,,,
2019,2,"Palau, Malakal Harbor", Malakal Harbor,Container,Imports,1183.2,,,,
2019,2,"Palau, Malakal Harbor", Malakal Harbor,General Cargo,Exports,941.1,,,,
2019,2,"Palau, Malakal Harbor", Malakal Harbor,General Cargo,Imports,509.3,,,,
2019,2,"Papua New Guinea, Alotoa", Alotoa,Bulk Carrier,Exports,15161.5,,,,
2019,2,"Papua New Guinea, Alotoa", Alotoa,General Cargo,Imports,2054,,,,
2019,2,"Papua New Guinea, Alotoa", Alotoa,Tanker,Exports,222,,,,
2019,2,"Papua New Guinea, Alotoa", Alotoa,Tanker,Imports,6723.6,,,,
2019,2,"Papua New Guinea, Buka", Buka,Container,Imports,32.1,,,,
2019,2,"Papua New Guinea, Buka", Buka,General Cargo,Exports,1109.1,,,,
2019,2,"Papua New Guinea, Daru", Daru,General Cargo,Exports,4593,,,,
2019,2,"Papua New Guinea, Kavieng Harbor", Kavieng Harbor,Bulk Carrier,Exports,3193.1,,,,
2019,2,"Papua New Guinea, Kavieng Harbor", Kavieng Harbor,Container,Imports,949.6,,,,
2019,2,"Papua New Guinea, Kavieng Harbor", Kavieng Harbor,Tanker,Exports,111,,,,
2019,2,"Papua New Guinea, Kavieng Harbor", Kavieng Harbor,Tanker,Imports,180.7,,,,
2019,2,"Papua New Guinea, Kieta", Kieta,Container,Imports,1138.7,,,,
2019,2,"Papua New Guinea, Kieta", Kieta,General Cargo,Exports,831.1,,,,
2019,2,"Papua New Guinea, Kimbe", Kimbe,Bulk Carrier,Exports,40187.3,,,,
2019,2,"Papua New Guinea, Kimbe", Kimbe,Container,Imports,4621,,,,
2019,2,"Papua New Guinea, Kimbe", Kimbe,General Cargo,Exports,25620.8,,,,
2019,2,"Papua New Guinea, Kimbe", Kimbe,General Cargo,Imports,6059.3,,,,
2019,2,"Papua New Guinea, Kimbe", Kimbe,Tanker,Exports,16105.9,,,,
2019,2,"Papua New Guinea, Kimbe", Kimbe,Tanker,Imports,391.5,,,,
2019,2,"Papua New Guinea, Lae", Lae,Bulk Carrier,Imports,15447.4,,,,
2019,2,"Papua New Guinea, Lae", Lae,Container,Exports,7162.4,,,,
2019,2,"Papua New Guinea, Lae", Lae,Container,Imports,37927.7,,,,
2019,2,"Papua New Guinea, Lae", Lae,General Cargo,Exports,18047.8,,,,
2019,2,"Papua New Guinea, Lae", Lae,General Cargo,Imports,9880.7,,,,
2019,2,"Papua New Guinea, Lae", Lae,Tanker,Exports,10987.6,,,,
2019,2,"Papua New Guinea, Lae", Lae,Tanker,Imports,16645.2,,,,
2019,2,"Papua New Guinea, Madang", Madang,Bulk Carrier,Exports,34099.3,,,,
2019,2,"Papua New Guinea, Madang", Madang,Container,Exports,851.3,,,,
2019,2,"Papua New Guinea, Madang", Madang,Container,Imports,1487.5,,,,
2019,2,"Papua New Guinea, Madang", Madang,General Cargo,Exports,3506.9,,,,
2019,2,"Papua New Guinea, Madang", Madang,General Cargo,Imports,2513.2,,,,
2019,2,"Papua New Guinea, Oro Bay", Oro Bay,Bulk Carrier,Exports,11681.1,,,,
2019,2,"Papua New Guinea, Oro Bay", Oro Bay,General Cargo,Exports,322.4,,,,
2019,2,"Papua New Guinea, Oro Bay", Oro Bay,General Cargo,Imports,598.6,,,,
2019,2,"Papua New Guinea, Oro Bay", Oro Bay,Tanker,Exports,6402.7,,,,
2019,2,"Papua New Guinea, Oro Bay", Oro Bay,Tanker,Imports,3541.8,,,,
2019,2,"Papua New Guinea, Port Moresby", Port Moresby,Bulk Carrier,Exports,4198.8,,,,
2019,2,"Papua New Guinea, Port Moresby", Port Moresby,Bulk Carrier,Imports,4440,,,,
2019,2,"Papua New Guinea, Port Moresby", Port Moresby,Container,Exports,3067.4,,,,
2019,2,"Papua New Guinea, Port Moresby", Port Moresby,Container,Imports,18626.9,,,,
2019,2,"Papua New Guinea, Port Moresby", Port Moresby,General Cargo,Exports,14100.3,,,,
2019,2,"Papua New Guinea, Port Moresby", Port Moresby,General Cargo,Imports,13513.6,,,,
2019,2,"Papua New Guinea, Port Moresby", Port Moresby,Tanker,Exports,198347.3,,,,
2019,2,"Papua New Guinea, Port Moresby", Port Moresby,Tanker,Imports,136075.6,,,,
2019,2,"Papua New Guinea, Put Put", Put Put,Container,Exports,459.7,,,,
2019,2,"Papua New Guinea, Put Put", Put Put,Container,Imports,3251.3,,,,
2019,2,"Papua New Guinea, Put Put", Put Put,General Cargo,Imports,8546.9,,,,
2019,2,"Papua New Guinea, Put Put", Put Put,Tanker,Exports,282.4,,,,
2019,2,"Papua New Guinea, Put Put", Put Put,Tanker,Imports,8631.8,,,,
2019,2,"Papua New Guinea, Rabaul", Rabaul,Bulk Carrier,Exports,21587.5,,,,
2019,2,"Papua New Guinea, Rabaul", Rabaul,Container,Imports,7919.6,,,,
2019,2,"Papua New Guinea, Rabaul", Rabaul,General Cargo,Exports,15653,,,,
2019,2,"Papua New Guinea, Rabaul", Rabaul,General Cargo,Imports,220.4,,,,
2019,2,"Papua New Guinea, Rabaul", Rabaul,Tanker,Exports,1299.9,,,,
2019,2,"Papua New Guinea, Rabaul", Rabaul,Tanker,Imports,2184.3,,,,
2019,2,"Papua New Guinea, Vanimo", Vanimo,Bulk Carrier,Exports,20458.7,,,,
2019,2,"Papua New Guinea, Vanimo", Vanimo,General Cargo,Exports,5086.8,,,,
2019,2,"Papua New Guinea, Vanimo", Vanimo,General Cargo,Imports,59.7,,,,
2019,2,"Papua New Guinea, Vanimo", Vanimo,Tanker,Imports,4309.5,,,,
2019,2,"Papua New Guinea, Wewak Harbor", Wewak Harbor,Bulk Carrier,Exports,15896.9,,,,
2019,2,"Papua New Guinea, Wewak Harbor", Wewak Harbor,Container,Exports,2103.9,,,,
2019,2,"Papua New Guinea, Wewak Harbor", Wewak Harbor,Container,Imports,2620,,,,
2019,2,"Papua New Guinea, Wewak Harbor", Wewak Harbor,General Cargo,Exports,162.2,,,,
2019,2,"Papua New Guinea, Wewak Harbor", Wewak Harbor,General Cargo,Imports,1737,,,,
2019,2,"Papua New Guinea, Wewak Harbor", Wewak Harbor,Tanker,Exports,283.2,,,,
2019,2,"Samoa, Apia", Apia,Container,Imports,7089.6,,,,
2019,2,"Samoa, Apia", Apia,General Cargo,Exports,1408.2,,,,
2019,2,"Samoa, Apia", Apia,General Cargo,Imports,3993.2,,,,
2019,2,"Samoa, Apia", Apia,Tanker,Imports,2378.9,,,,
2019,2,"Solomon Islands, Honiara", Honiara,Bulk Carrier,Imports,3599.4,,,,
2019,2,"Solomon Islands, Honiara", Honiara,Container,Exports,1071.2,,,,
2019,2,"Solomon Islands, Honiara", Honiara,Container,Imports,2130.6,,,,
2019,2,"Solomon Islands, Honiara", Honiara,General Cargo,Exports,118.5,,,,
2019,2,"Solomon Islands, Honiara", Honiara,General Cargo,Imports,5801.4,,,,
2019,2,"Solomon Islands, Honiara", Honiara,Tanker,Imports,3200.5,,,,
2019,2,"Solomon Islands, Ndora", Ndora,Bulk Carrier,Exports,12110.9,,,,
2019,2,"Solomon Islands, Port Noro", Port Noro,Bulk Carrier,Exports,72685.2,,,,
2019,2,"Solomon Islands, Port Noro", Port Noro,Container,Exports,1298.4,,,,
2019,2,"Solomon Islands, Port Noro", Port Noro,Container,Imports,1650.8,,,,
2019,2,"Solomon Islands, Port Noro", Port Noro,General Cargo,Exports,17392.5,,,,
2019,2,"Solomon Islands, Port Noro", Port Noro,Tanker,Imports,917.6,,,,
2019,2,"Solomon Islands, Rennell Island", Rennell Island,Bulk Carrier,Exports,49648.6,,,,
2019,2,"Tonga, Neiafu", Neiafu,General Cargo,Imports,263.1,,,,
2019,2,"Tonga, Neiafu", Neiafu,Tanker,Exports,136.1,,,,
2019,2,"Tonga, Neiafu", Neiafu,Tanker,Imports,308.5,,,,
2019,2,"Tonga, Nuku Alofa", Nuku Alofa,Container,Exports,384.3,,,,
2019,2,"Tonga, Nuku Alofa", Nuku Alofa,Container,Imports,7131.2,,,,
2019,2,"Tonga, Nuku Alofa", Nuku Alofa,General Cargo,Exports,951.5,,,,
2019,2,"Tonga, Nuku Alofa", Nuku Alofa,General Cargo,Imports,1976.2,,,,
2019,2,"Tonga, Nuku Alofa", Nuku Alofa,Tanker,Exports,154.1,,,,
2019,2,"Tonga, Nuku Alofa", Nuku Alofa,Tanker,Imports,614.1,,,,
2019,2,"Tuvalu, Funafuti Atoll", Funafuti Atoll,Container,Imports,789.9,,,,
2019,2,"Tuvalu, Funafuti Atoll", Funafuti Atoll,General Cargo,Exports,57.4,,,,
2019,2,"Tuvalu, Funafuti Atoll", Funafuti Atoll,Tanker,Exports,154.6,,,,
2019,2,"Vanuatu, Luganville", Luganville,Container,Exports,257.4,,,,
2019,2,"Vanuatu, Luganville", Luganville,General Cargo,Exports,679.5,,,,
2019,2,"Vanuatu, Luganville", Luganville,General Cargo,Imports,972,,,,
2019,2,"Vanuatu, Luganville", Luganville,Tanker,Imports,2529.8,,,,
2019,2,"Vanuatu, Port Vila", Port Vila,Container,Imports,6425.7,,,,
2019,2,"Vanuatu, Port Vila", Port Vila,General Cargo,Exports,647.6,,,,
2019,2,"Vanuatu, Port Vila", Port Vila,General Cargo,Imports,1619.1,,,,
2019,2,"Vanuatu, Port Vila", Port Vila,Tanker,Imports,2787.3,,,,
2019,3,"Fiji, Lautoka Harbor", Lautoka Harbor,Container,Exports,6671.7,,,,
2019,3,"Fiji, Lautoka Harbor", Lautoka Harbor,Container,Imports,11976.3,,,,
2019,3,"Fiji, Lautoka Harbor", Lautoka Harbor,General Cargo,Exports,564.9,,,,
2019,3,"Fiji, Lautoka Harbor", Lautoka Harbor,General Cargo,Imports,5354.9,,,,
2019,3,"Fiji, Lautoka Harbor", Lautoka Harbor,Tanker,Exports,9875.5,,,,
2019,3,"Fiji, Lautoka Harbor", Lautoka Harbor,Tanker,Imports,24859.7,,,,
2019,3,"Fiji, Malai", Malai,General Cargo,Imports,7.3,,,,
2019,3,"Fiji, Malai", Malai,Tanker,Imports,9725.3,,,,
2019,3,"Fiji, Suva Harbor", Suva Harbor,Bulk Carrier,Imports,17139.9,,,,
2019,3,"Fiji, Suva Harbor", Suva Harbor,Container,Exports,8075.2,,,,
2019,3,"Fiji, Suva Harbor", Suva Harbor,Container,Imports,20244.5,,,,
2019,3,"Fiji, Suva Harbor", Suva Harbor,General Cargo,Exports,961.2,,,,
2019,3,"Fiji, Suva Harbor", Suva Harbor,General Cargo,Imports,5775,,,,
2019,3,"Fiji, Suva Harbor", Suva Harbor,Tanker,Exports,1057.6,,,,
2019,3,"Fiji, Suva Harbor", Suva Harbor,Tanker,Imports,10532.3,,,,
2019,3,"Kiribati, Kiribati", Kiribati,Container,Exports,396.9,,,,
2019,3,"Kiribati, Kiribati", Kiribati,General Cargo,Exports,19091.8,,,,
2019,3,"Kiribati, Kiribati", Kiribati,General Cargo,Imports,821.4,,,,
2019,3,"Kiribati, Kiribati", Kiribati,Tanker,Imports,4770,,,,
2019,3,"Kiribati, Tarawa Atoll", Tarawa Atoll,Container,Exports,198.3,,,,
2019,3,"Kiribati, Tarawa Atoll", Tarawa Atoll,Container,Imports,2405.7,,,,
2019,3,"Kiribati, Tarawa Atoll", Tarawa Atoll,General Cargo,Exports,274.4,,,,
2019,3,"Kiribati, Tarawa Atoll", Tarawa Atoll,General Cargo,Imports,601.5,,,,
2019,3,"Kiribati, Tarawa Atoll", Tarawa Atoll,Tanker,Imports,955.8,,,,
2019,3,"Marshall Islands, Ebeye", Ebeye,Container,Imports,457.3,,,,
2019,3,"Marshall Islands, Ebeye", Ebeye,General Cargo,Imports,713.9,,,,
2019,3,"Marshall Islands, Kwajalein", Kwajalein,Container,Imports,457.3,,,,
2019,3,"Marshall Islands, Kwajalein", Kwajalein,General Cargo,Imports,237,,,,
2019,3,"Marshall Islands, Majuro Atoll", Majuro Atoll,Container,Exports,304.1,,,,
2019,3,"Marshall Islands, Majuro Atoll", Majuro Atoll,Container,Imports,3557.5,,,,
2019,3,"Marshall Islands, Majuro Atoll", Majuro Atoll,General Cargo,Exports,6943.9,,,,
2019,3,"Marshall Islands, Majuro Atoll", Majuro Atoll,General Cargo,Imports,978.8,,,,
2019,3,"Marshall Islands, Majuro Atoll", Majuro Atoll,Tanker,Exports,1948.9,,,,
2019,3,"Micronesia, Colonia", Colonia,Container,Imports,1112.4,,,,
2019,3,"Micronesia, Colonia", Colonia,General Cargo,Exports,15.2,,,,
2019,3,"Micronesia, Colonia", Colonia,General Cargo,Imports,1734.5,,,,
2019,3,"Micronesia, Lele Harbor", Lele Harbor,Container,Imports,893.7,,,,
2019,3,"Micronesia, Lele Harbor", Lele Harbor,General Cargo,Imports,1018.8,,,,
2019,3,"Micronesia, Moen", Moen,General Cargo,Exports,30.5,,,,
2019,3,"Micronesia, Moen", Moen,General Cargo,Imports,2312.2,,,,
2019,3,"Micronesia, Pornpei Harbor", Pornpei Harbor,Container,Imports,1171.5,,,,
2019,3,"Micronesia, Pornpei Harbor", Pornpei Harbor,General Cargo,Exports,2399.4,,,,
2019,3,"Micronesia, Pornpei Harbor", Pornpei Harbor,General Cargo,Imports,978.1,,,,
2019,3,"Micronesia, Pornpei Harbor", Pornpei Harbor,Tanker,Exports,1660.7,,,,
2019,3,"Nauru, Nauru", Nauru,General Cargo,Imports,3719.3,,,,
2019,3,"Palau, Malakal Harbor", Malakal Harbor,Container,Exports,3847.3,,,,
2019,3,"Palau, Malakal Harbor", Malakal Harbor,Container,Imports,161.7,,,,
2019,3,"Palau, Malakal Harbor", Malakal Harbor,General Cargo,Imports,2041.1,,,,
2019,3,"Palau, Malakal Harbor", Malakal Harbor,Tanker,Imports,5296.5,,,,
2019,3,"Papua New Guinea, Alotoa", Alotoa,Bulk Carrier,Exports,12125.6,,,,
2019,3,"Papua New Guinea, Alotoa", Alotoa,General Cargo,Exports,517.3,,,,
2019,3,"Papua New Guinea, Alotoa", Alotoa,General Cargo,Imports,1478.1,,,,
2019,3,"Papua New Guinea, Alotoa", Alotoa,Tanker,Exports,5966.3,,,,
2019,3,"Papua New Guinea, Alotoa", Alotoa,Tanker,Imports,1624.6,,,,
2019,3,"Papua New Guinea, Buka", Buka,Container,Exports,383.2,,,,
2019,3,"Papua New Guinea, Buka", Buka,General Cargo,Exports,535.9,,,,
2019,3,"Papua New Guinea, Daru", Daru,Bulk Carrier,Exports,23300.2,,,,
2019,3,"Papua New Guinea, Daru", Daru,General Cargo,Exports,13889.5,,,,
2019,3,"Papua New Guinea, Kavieng Harbor", Kavieng Harbor,Bulk Carrier,Exports,39293.8,,,,
2019,3,"Papua New Guinea, Kavieng Harbor", Kavieng Harbor,Container,Imports,379.6,,,,
2019,3,"Papua New Guinea, Kavieng Harbor", Kavieng Harbor,General Cargo,Exports,716.4,,,,
2019,3,"Papua New Guinea, Kavieng Harbor", Kavieng Harbor,General Cargo,Imports,869.7,,,,
2019,3,"Papua New Guinea, Kavieng Harbor", Kavieng Harbor,Tanker,Exports,205.8,,,,
2019,3,"Papua New Guinea, Kavieng Harbor", Kavieng Harbor,Tanker,Imports,109.7,,,,
2019,3,"Papua New Guinea, Kieta", Kieta,Container,Exports,191.6,,,,
2019,3,"Papua New Guinea, Kimbe", Kimbe,Bulk Carrier,Exports,16399.6,,,,
2019,3,"Papua New Guinea, Kimbe", Kimbe,Container,Imports,6636.4,,,,
2019,3,"Papua New Guinea, Kimbe", Kimbe,General Cargo,Exports,20908.3,,,,
2019,3,"Papua New Guinea, Kimbe", Kimbe,General Cargo,Imports,855.6,,,,
2019,3,"Papua New Guinea, Kimbe", Kimbe,Tanker,Exports,40468.9,,,,
2019,3,"Papua New Guinea, Kimbe", Kimbe,Tanker,Imports,1625.9,,,,
2019,3,"Papua New Guinea, Lae", Lae,Bulk Carrier,Imports,17358.8,,,,
2019,3,"Papua New Guinea, Lae", Lae,Container,Exports,8149.7,,,,
2019,3,"Papua New Guinea, Lae", Lae,Container,Imports,38339.4,,,,
2019,3,"Papua New Guinea, Lae", Lae,General Cargo,Exports,13797.7,,,,
2019,3,"Papua New Guinea, Lae", Lae,General Cargo,Imports,8297.4,,,,
2019,3,"Papua New Guinea, Lae", Lae,Tanker,Imports,19195.6,,,,
2019,3,"Papua New Guinea, Madang", Madang,Container,Exports,522.1,,,,
2019,3,"Papua New Guinea, Madang", Madang,Container,Imports,2639.1,,,,
2019,3,"Papua New Guinea, Madang", Madang,General Cargo,Exports,1149.7,,,,
2019,3,"Papua New Guinea, Madang", Madang,General Cargo,Imports,835.1,,,,
2019,3,"Papua New Guinea, Madang", Madang,Tanker,Exports,809,,,,
2019,3,"Papua New Guinea, Madang", Madang,Tanker,Imports,867.5,,,,
2019,3,"Papua New Guinea, Oro Bay", Oro Bay,Bulk Carrier,Exports,3716.4,,,,
2019,3,"Papua New Guinea, Oro Bay", Oro Bay,General Cargo,Exports,1409.9,,,,
2019,3,"Papua New Guinea, Oro Bay", Oro Bay,General Cargo,Imports,2145.1,,,,
2019,3,"Papua New Guinea, Oro Bay", Oro Bay,Tanker,Exports,9567.1,,,,
2019,3,"Papua New Guinea, Oro Bay", Oro Bay,Tanker,Imports,539.4,,,,
2019,3,"Papua New Guinea, Port Moresby", Port Moresby,Bulk Carrier,Exports,28495.2,,,,
2019,3,"Papua New Guinea, Port Moresby", Port Moresby,Bulk Carrier,Imports,10422.5,,,,
2019,3,"Papua New Guinea, Port Moresby", Port Moresby,Container,Exports,4176.6,,,,
2019,3,"Papua New Guinea, Port Moresby", Port Moresby,Container,Imports,17145.6,,,,
2019,3,"Papua New Guinea, Port Moresby", Port Moresby,General Cargo,Exports,17265.8,,,,
2019,3,"Papua New Guinea, Port Moresby", Port Moresby,General Cargo,Imports,10258.1,,,,
2019,3,"Papua New Guinea, Port Moresby", Port Moresby,Tanker,Exports,205728.6,,,,
2019,3,"Papua New Guinea, Port Moresby", Port Moresby,Tanker,Imports,63457.6,,,,
2019,3,"Papua New Guinea, Put Put", Put Put,Container,Exports,461.1,,,,
2019,3,"Papua New Guinea, Put Put", Put Put,Container,Imports,4436.7,,,,
2019,3,"Papua New Guinea, Put Put", Put Put,General Cargo,Exports,1521.1,,,,
2019,3,"Papua New Guinea, Put Put", Put Put,General Cargo,Imports,6597.1,,,,
2019,3,"Papua New Guinea, Put Put", Put Put,Tanker,Imports,11425.3,,,,
2019,3,"Papua New Guinea, Rabaul", Rabaul,Bulk Carrier,Exports,12589.1,,,,
2019,3,"Papua New Guinea, Rabaul", Rabaul,Bulk Carrier,Imports,1302.4,,,,
2019,3,"Papua New Guinea, Rabaul", Rabaul,Container,Exports,573.9,,,,
2019,3,"Papua New Guinea, Rabaul", Rabaul,Container,Imports,7046.1,,,,
2019,3,"Papua New Guinea, Rabaul", Rabaul,General Cargo,Exports,9734.1,,,,
2019,3,"Papua New Guinea, Rabaul", Rabaul,General Cargo,Imports,3876.3,,,,
2019,3,"Papua New Guinea, Rabaul", Rabaul,Tanker,Exports,2801.9,,,,
2019,3,"Papua New Guinea, Rabaul", Rabaul,Tanker,Imports,6802.6,,,,
2019,3,"Papua New Guinea, Vanimo", Vanimo,Bulk Carrier,Exports,17806.6,,,,
2019,3,"Papua New Guinea, Vanimo", Vanimo,Bulk Carrier,Imports,5373,,,,
2019,3,"Papua New Guinea, Vanimo", Vanimo,General Cargo,Exports,20515.4,,,,
2019,3,"Papua New Guinea, Vanimo", Vanimo,General Cargo,Imports,487.2,,,,
2019,3,"Papua New Guinea, Vanimo", Vanimo,Tanker,Exports,524.3,,,,
2019,3,"Papua New Guinea, Wewak Harbor", Wewak Harbor,Bulk Carrier,Exports,11797.5,,,,
2019,3,"Papua New Guinea, Wewak Harbor", Wewak Harbor,Container,Exports,1487.2,,,,
2019,3,"Papua New Guinea, Wewak Harbor", Wewak Harbor,Container,Imports,1048.2,,,,
2019,3,"Papua New Guinea, Wewak Harbor", Wewak Harbor,General Cargo,Exports,816.7,,,,
2019,3,"Papua New Guinea, Wewak Harbor", Wewak Harbor,General Cargo,Imports,912.4,,,,
2019,3,"Papua New Guinea, Wewak Harbor", Wewak Harbor,Tanker,Exports,180.7,,,,
2019,3,"Samoa, Apia", Apia,Container,Imports,11261.8,,,,
2019,3,"Samoa, Apia", Apia,General Cargo,Exports,978.1,,,,
2019,3,"Samoa, Apia", Apia,General Cargo,Imports,3239,,,,
2019,3,"Samoa, Apia", Apia,Tanker,Imports,1600.9,,,,
2019,3,"Solomon Islands, Honiara", Honiara,Container,Imports,6903.7,,,,
2019,3,"Solomon Islands, Honiara", Honiara,General Cargo,Exports,1083.3,,,,
2019,3,"Solomon Islands, Honiara", Honiara,General Cargo,Imports,1025.2,,,,
2019,3,"Solomon Islands, Honiara", Honiara,Tanker,Imports,10261.4,,,,
2019,3,"Solomon Islands, Lughughi Port", Lughughi Port,Bulk Carrier,Exports,16782.5,,,,
2019,3,"Solomon Islands, Lughughi Port", Lughughi Port,General Cargo,Exports,8476,,,,
2019,3,"Solomon Islands, Mbulo", Mbulo,Bulk Carrier,Exports,5538.3,,,,
2019,3,"Solomon Islands, Mbulo", Mbulo,Bulk Carrier,Imports,4644.5,,,,
2019,3,"Solomon Islands, Ndora", Ndora,Bulk Carrier,Exports,7297.3,,,,
2019,3,"Solomon Islands, Port Noro", Port Noro,Bulk Carrier,Exports,81740,,,,
2019,3,"Solomon Islands, Port Noro", Port Noro,Container,Exports,1317.1,,,,
2019,3,"Solomon Islands, Port Noro", Port Noro,Container,Imports,1972.5,,,,
2019,3,"Solomon Islands, Port Noro", Port Noro,General Cargo,Exports,22181.2,,,,
2019,3,"Solomon Islands, Port Noro", Port Noro,General Cargo,Imports,315.2,,,,
2019,3,"Solomon Islands, Port Noro", Port Noro,Tanker,Imports,514.6,,,,
2019,3,"Solomon Islands, Rennell Island", Rennell Island,Bulk Carrier,Exports,61873.5,,,,
2019,3,"Solomon Islands, Ringgi Cove", Ringgi Cove,General Cargo,Exports,7950.6,,,,
2019,3,"Solomon Islands, Seghe", Seghe,Bulk Carrier,Exports,5771.3,,,,
2019,3,"Tonga, Neiafu", Neiafu,General Cargo,Imports,167.9,,,,
2019,3,"Tonga, Neiafu", Neiafu,Tanker,Imports,562.1,,,,
2019,3,"Tonga, Nuku Alofa", Nuku Alofa,Container,Imports,7194.5,,,,
2019,3,"Tonga, Nuku Alofa", Nuku Alofa,General Cargo,Exports,421.3,,,,
2019,3,"Tonga, Nuku Alofa", Nuku Alofa,General Cargo,Imports,3870.4,,,,
2019,3,"Tonga, Nuku Alofa", Nuku Alofa,Tanker,Imports,1676.2,,,,
2019,3,"Tuvalu, Funafuti Atoll", Funafuti Atoll,Container,Imports,1601.5,,,,
2019,3,"Tuvalu, Funafuti Atoll", Funafuti Atoll,General Cargo,Exports,9345.8,,,,
2019,3,"Tuvalu, Funafuti Atoll", Funafuti Atoll,General Cargo,Imports,414.4,,,,
2019,3,"Vanuatu, Luganville", Luganville,Container,Exports,4909.6,,,,
2019,3,"Vanuatu, Luganville", Luganville,Container,Imports,770.9,,,,
2019,3,"Vanuatu, Luganville", Luganville,General Cargo,Imports,404,,,,
2019,3,"Vanuatu, Port Vila", Port Vila,Container,Imports,5972.3,,,,
2019,3,"Vanuatu, Port Vila", Port Vila,General Cargo,Imports,3243.7,,,,
2019,3,"Vanuatu, Port Vila", Port Vila,Tanker,Imports,4155.9,,,,
2019,4,"Fiji, Lautoka Harbor", Lautoka Harbor,Bulk Carrier,Imports,9150,,,,
2019,4,"Fiji, Lautoka Harbor", Lautoka Harbor,Container,Exports,10696.8,,,,
2019,4,"Fiji, Lautoka Harbor", Lautoka Harbor,Container,Imports,3450.9,,,,
2019,4,"Fiji, Lautoka Harbor", Lautoka Harbor,General Cargo,Exports,2.8,,,,
2019,4,"Fiji, Lautoka Harbor", Lautoka Harbor,General Cargo,Imports,10222.3,,,,
2019,4,"Fiji, Lautoka Harbor", Lautoka Harbor,Tanker,Exports,2984.7,,,,
2019,4,"Fiji, Lautoka Harbor", Lautoka Harbor,Tanker,Imports,31164.7,,,,
2019,4,"Fiji, Malai", Malai,Tanker,Exports,645.4,,,,
2019,4,"Fiji, Malai", Malai,Tanker,Imports,329,,,,
2019,4,"Fiji, Nabouwalu Jetty", Nabouwalu Jetty,Bulk Carrier,Exports,21641.2,,,,
2019,4,"Fiji, Suva Harbor", Suva Harbor,Bulk Carrier,Imports,26287.7,,,,
2019,4,"Fiji, Suva Harbor", Suva Harbor,Container,Exports,11132.4,,,,
2019,4,"Fiji, Suva Harbor", Suva Harbor,Container,Imports,15912.5,,,,
2019,4,"Fiji, Suva Harbor", Suva Harbor,General Cargo,Exports,934.8,,,,
2019,4,"Fiji, Suva Harbor", Suva Harbor,General Cargo,Imports,6086.8,,,,
2019,4,"Fiji, Suva Harbor", Suva Harbor,Tanker,Exports,1676.1,,,,
2019,4,"Fiji, Suva Harbor", Suva Harbor,Tanker,Imports,9286.1,,,,
2019,4,"Kiribati, Kiribati", Kiribati,General Cargo,Exports,2033,,,,
2019,4,"Kiribati, Kiribati", Kiribati,Tanker,Imports,4497.3,,,,
2019,4,"Kiribati, Tarawa Atoll", Tarawa Atoll,Container,Imports,3486.7,,,,
2019,4,"Kiribati, Tarawa Atoll", Tarawa Atoll,General Cargo,Exports,243.4,,,,
2019,4,"Kiribati, Tarawa Atoll", Tarawa Atoll,General Cargo,Imports,603.4,,,,
2019,4,"Kiribati, Tarawa Atoll", Tarawa Atoll,Tanker,Imports,955.8,,,,
2019,4,"Marshall Islands, Ebeye", Ebeye,Container,Imports,914.6,,,,
2019,4,"Marshall Islands, Ebeye", Ebeye,General Cargo,Imports,413.2,,,,
2019,4,"Marshall Islands, Kwajalein", Kwajalein,Container,Imports,647.8,,,,
2019,4,"Marshall Islands, Kwajalein", Kwajalein,General Cargo,Imports,234,,,,
2019,4,"Marshall Islands, Majuro Atoll", Majuro Atoll,Container,Imports,4936.7,,,,
2019,4,"Marshall Islands, Majuro Atoll", Majuro Atoll,General Cargo,Exports,17358.3,,,,
2019,4,"Marshall Islands, Majuro Atoll", Majuro Atoll,Tanker,Exports,54.9,,,,
2019,4,"Micronesia, Colonia", Colonia,Container,Imports,2224.9,,,,
2019,4,"Micronesia, Colonia", Colonia,General Cargo,Imports,774.9,,,,
2019,4,"Micronesia, Lele Harbor", Lele Harbor,Container,Exports,95.1,,,,
2019,4,"Micronesia, Lele Harbor", Lele Harbor,General Cargo,Imports,509.3,,,,
2019,4,"Micronesia, Moen", Moen,General Cargo,Exports,316.5,,,,
2019,4,"Micronesia, Moen", Moen,General Cargo,Imports,1545.3,,,,
2019,4,"Micronesia, Pornpei Harbor", Pornpei Harbor,Container,Imports,594.1,,,,
2019,4,"Micronesia, Pornpei Harbor", Pornpei Harbor,General Cargo,Exports,728.5,,,,
2019,4,"Micronesia, Pornpei Harbor", Pornpei Harbor,General Cargo,Imports,1788,,,,
2019,4,"Nauru, Nauru", Nauru,Bulk Carrier,Exports,11657.8,,,,
2019,4,"Nauru, Nauru", Nauru,Tanker,Exports,1213.3,,,,
2019,4,"Palau, Malakal Harbor", Malakal Harbor,Container,Imports,1595.5,,,,
2019,4,"Palau, Malakal Harbor", Malakal Harbor,General Cargo,Exports,155.6,,,,
2019,4,"Palau, Malakal Harbor", Malakal Harbor,General Cargo,Imports,429.2,,,,
2019,4,"Papua New Guinea, Alotoa", Alotoa,Bulk Carrier,Exports,12924.4,,,,
2019,4,"Papua New Guinea, Alotoa", Alotoa,Container,Imports,2706.1,,,,
2019,4,"Papua New Guinea, Alotoa", Alotoa,General Cargo,Imports,3569.3,,,,
2019,4,"Papua New Guinea, Alotoa", Alotoa,Tanker,Exports,5624.5,,,,
2019,4,"Papua New Guinea, Alotoa", Alotoa,Tanker,Imports,2056.4,,,,
2019,4,"Papua New Guinea, Buka", Buka,Container,Imports,39.4,,,,
2019,4,"Papua New Guinea, Buka", Buka,General Cargo,Exports,370,,,,
2019,4,"Papua New Guinea, Buka", Buka,General Cargo,Imports,1051.9,,,,
2019,4,"Papua New Guinea, Daru", Daru,Bulk Carrier,Exports,16800.4,,,,
2019,4,"Papua New Guinea, Kavieng Harbor", Kavieng Harbor,Bulk Carrier,Exports,33896.6,,,,
2019,4,"Papua New Guinea, Kavieng Harbor", Kavieng Harbor,Container,Imports,1894.6,,,,
2019,4,"Papua New Guinea, Kavieng Harbor", Kavieng Harbor,General Cargo,Exports,1124.3,,,,
2019,4,"Papua New Guinea, Kavieng Harbor", Kavieng Harbor,General Cargo,Imports,760.2,,,,
2019,4,"Papua New Guinea, Kavieng Harbor", Kavieng Harbor,Tanker,Exports,416.7,,,,
2019,4,"Papua New Guinea, Kavieng Harbor", Kavieng Harbor,Tanker,Imports,955.2,,,,
2019,4,"Papua New Guinea, Kieta", Kieta,Container,Imports,39.4,,,,
2019,4,"Papua New Guinea, Kieta", Kieta,General Cargo,Exports,574.8,,,,
2019,4,"Papua New Guinea, Kimbe", Kimbe,Bulk Carrier,Exports,25391.8,,,,
2019,4,"Papua New Guinea, Kimbe", Kimbe,Container,Exports,1171,,,,
2019,4,"Papua New Guinea, Kimbe", Kimbe,Container,Imports,2275.5,,,,
2019,4,"Papua New Guinea, Kimbe", Kimbe,General Cargo,Exports,7061.9,,,,
2019,4,"Papua New Guinea, Kimbe", Kimbe,General Cargo,Imports,5330,,,,
2019,4,"Papua New Guinea, Kimbe", Kimbe,Tanker,Exports,1597.7,,,,
2019,4,"Papua New Guinea, Lae", Lae,Bulk Carrier,Imports,13700.2,,,,
2019,4,"Papua New Guinea, Lae", Lae,Container,Exports,4251,,,,
2019,4,"Papua New Guinea, Lae", Lae,Container,Imports,33497.3,,,,
2019,4,"Papua New Guinea, Lae", Lae,General Cargo,Exports,21778.5,,,,
2019,4,"Papua New Guinea, Lae", Lae,General Cargo,Imports,8208.6,,,,
2019,4,"Papua New Guinea, Lae", Lae,Tanker,Exports,9350.2,,,,
2019,4,"Papua New Guinea, Lae", Lae,Tanker,Imports,15303.2,,,,
2019,4,"Papua New Guinea, Madang", Madang,Container,Imports,3079.1,,,,
2019,4,"Papua New Guinea, Madang", Madang,General Cargo,Exports,11224.9,,,,
2019,4,"Papua New Guinea, Madang", Madang,General Cargo,Imports,3453.5,,,,
2019,4,"Papua New Guinea, Madang", Madang,Tanker,Exports,95.7,,,,
2019,4,"Papua New Guinea, Madang", Madang,Tanker,Imports,1411.6,,,,
2019,4,"Papua New Guinea, Oro Bay", Oro Bay,Container,Imports,32.1,,,,
2019,4,"Papua New Guinea, Oro Bay", Oro Bay,General Cargo,Exports,2262.4,,,,
2019,4,"Papua New Guinea, Oro Bay", Oro Bay,General Cargo,Imports,3496.6,,,,
2019,4,"Papua New Guinea, Oro Bay", Oro Bay,Tanker,Exports,7874.9,,,,
2019,4,"Papua New Guinea, Port Moresby", Port Moresby,Bulk Carrier,Exports,28642.9,,,,
2019,4,"Papua New Guinea, Port Moresby", Port Moresby,Bulk Carrier,Imports,4520.9,,,,
2019,4,"Papua New Guinea, Port Moresby", Port Moresby,Container,Exports,4494.6,,,,
2019,4,"Papua New Guinea, Port Moresby", Port Moresby,Container,Imports,20070.9,,,,
2019,4,"Papua New Guinea, Port Moresby", Port Moresby,General Cargo,Exports,10858.2,,,,
2019,4,"Papua New Guinea, Port Moresby", Port Moresby,General Cargo,Imports,6923.4,,,,
2019,4,"Papua New Guinea, Port Moresby", Port Moresby,Tanker,Exports,200155.1,,,,
2019,4,"Papua New Guinea, Port Moresby", Port Moresby,Tanker,Imports,78415.7,,,,
2019,4,"Papua New Guinea, Put Put", Put Put,Container,Imports,5113.1,,,,
2019,4,"Papua New Guinea, Put Put", Put Put,General Cargo,Imports,23695.9,,,,
2019,4,"Papua New Guinea, Put Put", Put Put,Tanker,Exports,192.1,,,,
2019,4,"Papua New Guinea, Put Put", Put Put,Tanker,Imports,5037.2,,,,
2019,4,"Papua New Guinea, Rabaul", Rabaul,Bulk Carrier,Exports,8546,,,,
2019,4,"Papua New Guinea, Rabaul", Rabaul,Bulk Carrier,Imports,467.4,,,,
2019,4,"Papua New Guinea, Rabaul", Rabaul,Container,Exports,246.2,,,,
2019,4,"Papua New Guinea, Rabaul", Rabaul,Container,Imports,5165,,,,
2019,4,"Papua New Guinea, Rabaul", Rabaul,General Cargo,Exports,2432.8,,,,
2019,4,"Papua New Guinea, Rabaul", Rabaul,General Cargo,Imports,2136.3,,,,
2019,4,"Papua New Guinea, Rabaul", Rabaul,Tanker,Exports,2940.7,,,,
2019,4,"Papua New Guinea, Rabaul", Rabaul,Tanker,Imports,6236.8,,,,
2019,4,"Papua New Guinea, Vanimo", Vanimo,Bulk Carrier,Exports,19361.7,,,,
2019,4,"Papua New Guinea, Vanimo", Vanimo,Bulk Carrier,Imports,3111.8,,,,
2019,4,"Papua New Guinea, Vanimo", Vanimo,General Cargo,Exports,902.8,,,,
2019,4,"Papua New Guinea, Vanimo", Vanimo,General Cargo,Imports,59.7,,,,
2019,4,"Papua New Guinea, Wewak Harbor", Wewak Harbor,Container,Exports,1048.8,,,,
2019,4,"Papua New Guinea, Wewak Harbor", Wewak Harbor,Container,Imports,2052.2,,,,
2019,4,"Papua New Guinea, Wewak Harbor", Wewak Harbor,General Cargo,Exports,849.9,,,,
2019,4,"Papua New Guinea, Wewak Harbor", Wewak Harbor,General Cargo,Imports,1926.1,,,,
2019,4,"Papua New Guinea, Wewak Harbor", Wewak Harbor,Tanker,Imports,543,,,,
2019,4,"Samoa, Apia", Apia,Container,Exports,1936.7,,,,
2019,4,"Samoa, Apia", Apia,Container,Imports,5517.1,,,,
2019,4,"Samoa, Apia", Apia,General Cargo,Exports,532.5,,,,
2019,4,"Samoa, Apia", Apia,General Cargo,Imports,4117.7,,,,
2019,4,"Samoa, Apia", Apia,Tanker,Imports,2421.1,,,,
2019,4,"Solomon Islands, Honiara", Honiara,Container,Exports,462.8,,,,
2019,4,"Solomon Islands, Honiara", Honiara,Container,Imports,9745.4,,,,
2019,4,"Solomon Islands, Honiara", Honiara,General Cargo,Exports,3545.3,,,,
2019,4,"Solomon Islands, Honiara", Honiara,General Cargo,Imports,1273.2,,,,
2019,4,"Solomon Islands, Honiara", Honiara,Tanker,Exports,36.9,,,,
2019,4,"Solomon Islands, Honiara", Honiara,Tanker,Imports,12239.5,,,,
2019,4,"Solomon Islands, Mbulo", Mbulo,Bulk Carrier,Exports,421.4,,,,
2019,4,"Solomon Islands, Ndora", Ndora,Bulk Carrier,Exports,17250.4,,,,
2019,4,"Solomon Islands, Port Noro", Port Noro,Bulk Carrier,Exports,132778.2,,,,
2019,4,"Solomon Islands, Port Noro", Port Noro,Bulk Carrier,Imports,759,,,,
2019,4,"Solomon Islands, Port Noro", Port Noro,Container,Exports,526,,,,
2019,4,"Solomon Islands, Port Noro", Port Noro,Container,Imports,1186.2,,,,
2019,4,"Solomon Islands, Port Noro", Port Noro,General Cargo,Exports,16289.7,,,,
2019,4,"Solomon Islands, Port Noro", Port Noro,General Cargo,Imports,318,,,,
2019,4,"Solomon Islands, Rennell Island", Rennell Island,Bulk Carrier,Exports,47210.3,,,,
2019,4,"Solomon Islands, Rennell Island", Rennell Island,General Cargo,Exports,90.2,,,,
2019,4,"Solomon Islands, Ringgi Cove", Ringgi Cove,General Cargo,Exports,7347.4,,,,
2019,4,"Tonga, Neiafu", Neiafu,General Cargo,Imports,336.1,,,,
2019,4,"Tonga, Neiafu", Neiafu,Tanker,Imports,950.2,,,,
2019,4,"Tonga, Nuku Alofa", Nuku Alofa,Container,Imports,7402.8,,,,
2019,4,"Tonga, Nuku Alofa", Nuku Alofa,General Cargo,Exports,674.1,,,,
2019,4,"Tonga, Nuku Alofa", Nuku Alofa,General Cargo,Imports,2715.3,,,,
2019,4,"Tonga, Nuku Alofa", Nuku Alofa,Tanker,Exports,136.6,,,,
2019,4,"Tonga, Nuku Alofa", Nuku Alofa,Tanker,Imports,614.8,,,,
2019,4,"Tuvalu, Funafuti Atoll", Funafuti Atoll,Container,Imports,1218.6,,,,
2019,4,"Tuvalu, Funafuti Atoll", Funafuti Atoll,General Cargo,Exports,8255.5,,,,
2019,4,"Tuvalu, Funafuti Atoll", Funafuti Atoll,General Cargo,Imports,57.7,,,,
2019,4,"Tuvalu, Funafuti Atoll", Funafuti Atoll,Tanker,Exports,311.7,,,,
2019,4,"Vanuatu, Luganville", Luganville,Container,Imports,5916.9,,,,
2019,4,"Vanuatu, Luganville", Luganville,General Cargo,Exports,933.9,,,,
2019,4,"Vanuatu, Port Vila", Port Vila,Container,Exports,385.7,,,,
2019,4,"Vanuatu, Port Vila", Port Vila,Container,Imports,4779.4,,,,
2019,4,"Vanuatu, Port Vila", Port Vila,General Cargo,Exports,403,,,,
2019,4,"Vanuatu, Port Vila", Port Vila,General Cargo,Imports,278.7,,,,
2019,4,"Vanuatu, Port Vila", Port Vila,Tanker,Imports,398.4,,,,
2019,5,"Fiji, Lautoka Harbor", Lautoka Harbor,Bulk Carrier,Imports,6469.8,,,,
2019,5,"Fiji, Lautoka Harbor", Lautoka Harbor,Container,Exports,5351.7,,,,
2019,5,"Fiji, Lautoka Harbor", Lautoka Harbor,Container,Imports,7474.5,,,,
2019,5,"Fiji, Lautoka Harbor", Lautoka Harbor,General Cargo,Exports,172.9,,,,
2019,5,"Fiji, Lautoka Harbor", Lautoka Harbor,General Cargo,Imports,4313.1,,,,
2019,5,"Fiji, Lautoka Harbor", Lautoka Harbor,Tanker,Exports,4207.4,,,,
2019,5,"Fiji, Lautoka Harbor", Lautoka Harbor,Tanker,Imports,21081.8,,,,
2019,5,"Fiji, Malai", Malai,Tanker,Exports,508.8,,,,
2019,5,"Fiji, Malai", Malai,Tanker,Imports,1423.3,,,,
2019,5,"Fiji, Suva Harbor", Suva Harbor,Bulk Carrier,Imports,13515.7,,,,
2019,5,"Fiji, Suva Harbor", Suva Harbor,Container,Exports,8275.2,,,,
2019,5,"Fiji, Suva Harbor", Suva Harbor,Container,Imports,15648.5,,,,
2019,5,"Fiji, Suva Harbor", Suva Harbor,General Cargo,Exports,1883.6,,,,
2019,5,"Fiji, Suva Harbor", Suva Harbor,General Cargo,Imports,9544.7,,,,
2019,5,"Fiji, Suva Harbor", Suva Harbor,Tanker,Imports,14135.5,,,,
2019,5,"Kiribati, Kiribati", Kiribati,General Cargo,Imports,1347,,,,
2019,5,"Kiribati, Kiribati", Kiribati,Tanker,Exports,569.3,,,,
2019,5,"Kiribati, Kiribati", Kiribati,Tanker,Imports,2408.7,,,,
2019,5,"Kiribati, Tarawa Atoll", Tarawa Atoll,Container,Imports,1092.6,,,,
2019,5,"Kiribati, Tarawa Atoll", Tarawa Atoll,General Cargo,Imports,904.7,,,,
2019,5,"Kiribati, Tarawa Atoll", Tarawa Atoll,Tanker,Imports,955.8,,,,
2019,5,"Marshall Islands, Ebeye", Ebeye,Container,Imports,457.3,,,,
2019,5,"Marshall Islands, Ebeye", Ebeye,General Cargo,Imports,705.1,,,,
2019,5,"Marshall Islands, Kwajalein", Kwajalein,Container,Imports,572.6,,,,
2019,5,"Marshall Islands, Kwajalein", Kwajalein,General Cargo,Imports,234,,,,
2019,5,"Marshall Islands, Kwajalein", Kwajalein,Tanker,Imports,1333.1,,,,
2019,5,"Marshall Islands, Majuro Atoll", Majuro Atoll,Container,Exports,1206.1,,,,
2019,5,"Marshall Islands, Majuro Atoll", Majuro Atoll,Container,Imports,4681.8,,,,
2019,5,"Marshall Islands, Majuro Atoll", Majuro Atoll,General Cargo,Exports,6975.7,,,,
2019,5,"Marshall Islands, Majuro Atoll", Majuro Atoll,General Cargo,Imports,538.8,,,,
2019,5,"Micronesia, Colonia", Colonia,Container,Imports,1112.4,,,,
2019,5,"Micronesia, Colonia", Colonia,General Cargo,Imports,2173.3,,,,
2019,5,"Micronesia, Lele Harbor", Lele Harbor,Container,Exports,2372.8,,,,
2019,5,"Micronesia, Lele Harbor", Lele Harbor,General Cargo,Exports,765.7,,,,
2019,5,"Micronesia, Lele Harbor", Lele Harbor,General Cargo,Imports,713.9,,,,
2019,5,"Micronesia, Moen", Moen,General Cargo,Exports,778.6,,,,
2019,5,"Micronesia, Moen", Moen,General Cargo,Imports,775.1,,,,
2019,5,"Micronesia, Pornpei Harbor", Pornpei Harbor,Container,Exports,295.6,,,,
2019,5,"Micronesia, Pornpei Harbor", Pornpei Harbor,Container,Imports,298.5,,,,
2019,5,"Micronesia, Pornpei Harbor", Pornpei Harbor,General Cargo,Exports,1387.2,,,,
2019,5,"Micronesia, Pornpei Harbor", Pornpei Harbor,General Cargo,Imports,2519.3,,,,
2019,5,"Nauru, Nauru", Nauru,General Cargo,Exports,5340.4,,,,
2019,5,"Nauru, Nauru", Nauru,General Cargo,Imports,5140.3,,,,
2019,5,"Palau, Malakal Harbor", Malakal Harbor,Container,Imports,2230.3,,,,
2019,5,"Palau, Malakal Harbor", Malakal Harbor,General Cargo,Exports,857.8,,,,
2019,5,"Palau, Malakal Harbor", Malakal Harbor,General Cargo,Imports,509.3,,,,
2019,5,"Papua New Guinea, Alotoa", Alotoa,Bulk Carrier,Exports,17730.9,,,,
2019,5,"Papua New Guinea, Alotoa", Alotoa,Container,Imports,413.8,,,,
2019,5,"Papua New Guinea, Alotoa", Alotoa,General Cargo,Imports,4304.3,,,,
2019,5,"Papua New Guinea, Alotoa", Alotoa,Tanker,Exports,262.4,,,,
2019,5,"Papua New Guinea, Alotoa", Alotoa,Tanker,Imports,1568.3,,,,
2019,5,"Papua New Guinea, Buka", Buka,Container,Imports,32.1,,,,
2019,5,"Papua New Guinea, Buka", Buka,General Cargo,Exports,479.6,,,,
2019,5,"Papua New Guinea, Buka", Buka,General Cargo,Imports,797.1,,,,
2019,5,"Papua New Guinea, Daru", Daru,General Cargo,Exports,13558.7,,,,
2019,5,"Papua New Guinea, Kavieng Harbor", Kavieng Harbor,Bulk Carrier,Exports,4054.1,,,,
2019,5,"Papua New Guinea, Kavieng Harbor", Kavieng Harbor,Bulk Carrier,Imports,16334.2,,,,
2019,5,"Papua New Guinea, Kavieng Harbor", Kavieng Harbor,Container,Exports,369.9,,,,
2019,5,"Papua New Guinea, Kavieng Harbor", Kavieng Harbor,General Cargo,Exports,2987.9,,,,
2019,5,"Papua New Guinea, Kavieng Harbor", Kavieng Harbor,Tanker,Exports,411.8,,,,
2019,5,"Papua New Guinea, Kieta", Kieta,Container,Exports,185.9,,,,
2019,5,"Papua New Guinea, Kieta", Kieta,General Cargo,Imports,763.6,,,,
2019,5,"Papua New Guinea, Kimbe", Kimbe,Bulk Carrier,Exports,59428.5,,,,
2019,5,"Papua New Guinea, Kimbe", Kimbe,Container,Exports,2770.3,,,,
2019,5,"Papua New Guinea, Kimbe", Kimbe,Container,Imports,5276.3,,,,
2019,5,"Papua New Guinea, Kimbe", Kimbe,General Cargo,Exports,9101.6,,,,
2019,5,"Papua New Guinea, Kimbe", Kimbe,General Cargo,Imports,9900.4,,,,
2019,5,"Papua New Guinea, Kimbe", Kimbe,Tanker,Exports,12327.1,,,,
2019,5,"Papua New Guinea, Kimbe", Kimbe,Tanker,Imports,2811.9,,,,
2019,5,"Papua New Guinea, Lae", Lae,Bulk Carrier,Imports,7813.6,,,,
2019,5,"Papua New Guinea, Lae", Lae,Container,Exports,7157.3,,,,
2019,5,"Papua New Guinea, Lae", Lae,Container,Imports,47992.1,,,,
2019,5,"Papua New Guinea, Lae", Lae,General Cargo,Exports,14265.8,,,,
2019,5,"Papua New Guinea, Lae", Lae,General Cargo,Imports,8774.9,,,,
2019,5,"Papua New Guinea, Lae", Lae,Tanker,Exports,4681.9,,,,
2019,5,"Papua New Guinea, Lae", Lae,Tanker,Imports,11272.7,,,,
2019,5,"Papua New Guinea, Madang", Madang,Container,Exports,2282.8,,,,
2019,5,"Papua New Guinea, Madang", Madang,General Cargo,Exports,595.8,,,,
2019,5,"Papua New Guinea, Madang", Madang,General Cargo,Imports,5487.2,,,,
2019,5,"Papua New Guinea, Madang", Madang,Tanker,Imports,3742.5,,,,
2019,5,"Papua New Guinea, Oro Bay", Oro Bay,Container,Imports,39.4,,,,
2019,5,"Papua New Guinea, Oro Bay", Oro Bay,General Cargo,Exports,2423.8,,,,
2019,5,"Papua New Guinea, Oro Bay", Oro Bay,General Cargo,Imports,3077.1,,,,
2019,5,"Papua New Guinea, Oro Bay", Oro Bay,Tanker,Exports,108.7,,,,
2019,5,"Papua New Guinea, Oro Bay", Oro Bay,Tanker,Imports,326.8,,,,
2019,5,"Papua New Guinea, Port Moresby", Port Moresby,Bulk Carrier,Exports,51278.7,,,,
2019,5,"Papua New Guinea, Port Moresby", Port Moresby,Bulk Carrier,Imports,3136,,,,
2019,5,"Papua New Guinea, Port Moresby", Port Moresby,Container,Exports,3747.2,,,,
2019,5,"Papua New Guinea, Port Moresby", Port Moresby,Container,Imports,20906.6,,,,
2019,5,"Papua New Guinea, Port Moresby", Port Moresby,General Cargo,Exports,32734.7,,,,
2019,5,"Papua New Guinea, Port Moresby", Port Moresby,General Cargo,Imports,28356.7,,,,
2019,5,"Papua New Guinea, Port Moresby", Port Moresby,Tanker,Exports,182894.8,,,,
2019,5,"Papua New Guinea, Port Moresby", Port Moresby,Tanker,Imports,50365.8,,,,
2019,5,"Papua New Guinea, Put Put", Put Put,Container,Imports,9274.3,,,,
2019,5,"Papua New Guinea, Put Put", Put Put,General Cargo,Exports,1145.3,,,,
2019,5,"Papua New Guinea, Put Put", Put Put,General Cargo,Imports,11615,,,,
2019,5,"Papua New Guinea, Put Put", Put Put,Tanker,Imports,11210.7,,,,
2019,5,"Papua New Guinea, Rabaul", Rabaul,Bulk Carrier,Exports,26128.4,,,,
2019,5,"Papua New Guinea, Rabaul", Rabaul,Bulk Carrier,Imports,280.1,,,,
2019,5,"Papua New Guinea, Rabaul", Rabaul,Container,Exports,919.8,,,,
2019,5,"Papua New Guinea, Rabaul", Rabaul,Container,Imports,11142.6,,,,
2019,5,"Papua New Guinea, Rabaul", Rabaul,General Cargo,Exports,16248.2,,,,
2019,5,"Papua New Guinea, Rabaul", Rabaul,General Cargo,Imports,2340.7,,,,
2019,5,"Papua New Guinea, Rabaul", Rabaul,Tanker,Exports,4244.9,,,,
2019,5,"Papua New Guinea, Rabaul", Rabaul,Tanker,Imports,7537.5,,,,
2019,5,"Papua New Guinea, Vanimo", Vanimo,Bulk Carrier,Exports,11450.4,,,,
2019,5,"Papua New Guinea, Vanimo", Vanimo,General Cargo,Exports,3253.3,,,,
2019,5,"Papua New Guinea, Vanimo", Vanimo,General Cargo,Imports,229.8,,,,
2019,5,"Papua New Guinea, Wewak Harbor", Wewak Harbor,Bulk Carrier,Exports,32624.5,,,,
2019,5,"Papua New Guinea, Wewak Harbor", Wewak Harbor,Bulk Carrier,Imports,383.5,,,,
2019,5,"Papua New Guinea, Wewak Harbor", Wewak Harbor,Container,Exports,1316.4,,,,
2019,5,"Papua New Guinea, Wewak Harbor", Wewak Harbor,General Cargo,Exports,378.1,,,,
2019,5,"Papua New Guinea, Wewak Harbor", Wewak Harbor,General Cargo,Imports,3008.2,,,,
2019,5,"Papua New Guinea, Wewak Harbor", Wewak Harbor,Tanker,Imports,89.9,,,,
2019,5,"Samoa, Apia", Apia,Container,Exports,2116.7,,,,
2019,5,"Samoa, Apia", Apia,Container,Imports,7271.8,,,,
2019,5,"Samoa, Apia", Apia,General Cargo,Exports,123.6,,,,
2019,5,"Samoa, Apia", Apia,General Cargo,Imports,6922.7,,,,
2019,5,"Samoa, Apia", Apia,Tanker,Imports,15903.7,,,,
2019,5,"Solomon Islands, Honiara", Honiara,Bulk Carrier,Exports,3087.3,,,,
2019,5,"Solomon Islands, Honiara", Honiara,Container,Imports,10022.7,,,,
2019,5,"Solomon Islands, Honiara", Honiara,General Cargo,Exports,3574.2,,,,
2019,5,"Solomon Islands, Honiara", Honiara,General Cargo,Imports,3145.6,,,,
2019,5,"Solomon Islands, Honiara", Honiara,Tanker,Imports,13843.2,,,,
2019,5,"Solomon Islands, Mbulo", Mbulo,Bulk Carrier,Exports,27223.2,,,,
2019,5,"Solomon Islands, Ndora", Ndora,Bulk Carrier,Exports,3800.7,,,,
2019,5,"Solomon Islands, Port Noro", Port Noro,Bulk Carrier,Exports,148093.8,,,,
2019,5,"Solomon Islands, Port Noro", Port Noro,Container,Imports,1006.5,,,,
2019,5,"Solomon Islands, Port Noro", Port Noro,General Cargo,Exports,27851.2,,,,
2019,5,"Solomon Islands, Port Noro", Port Noro,General Cargo,Imports,5305.6,,,,
2019,5,"Solomon Islands, Rennell Island", Rennell Island,Bulk Carrier,Exports,122599,,,,
2019,5,"Solomon Islands, Ringgi Cove", Ringgi Cove,General Cargo,Exports,981.7,,,,
2019,5,"Tonga, Neiafu", Neiafu,General Cargo,Imports,501.9,,,,
2019,5,"Tonga, Neiafu", Neiafu,Tanker,Imports,938.6,,,,
2019,5,"Tonga, Nuku Alofa", Nuku Alofa,Container,Exports,385.7,,,,
2019,5,"Tonga, Nuku Alofa", Nuku Alofa,Container,Imports,3019.7,,,,
2019,5,"Tonga, Nuku Alofa", Nuku Alofa,General Cargo,Exports,1964.2,,,,
2019,5,"Tonga, Nuku Alofa", Nuku Alofa,General Cargo,Imports,3174.8,,,,
2019,5,"Tonga, Nuku Alofa", Nuku Alofa,Tanker,Exports,135.6,,,,
2019,5,"Tonga, Nuku Alofa", Nuku Alofa,Tanker,Imports,1792,,,,
2019,5,"Tuvalu, Funafuti Atoll", Funafuti Atoll,Container,Imports,1602.1,,,,
2019,5,"Tuvalu, Funafuti Atoll", Funafuti Atoll,General Cargo,Exports,5386.1,,,,
2019,5,"Tuvalu, Funafuti Atoll", Funafuti Atoll,General Cargo,Imports,99.3,,,,
2019,5,"Tuvalu, Funafuti Atoll", Funafuti Atoll,Tanker,Imports,309.5,,,,
2019,5,"Vanuatu, Luganville", Luganville,Container,Imports,1534.8,,,,
2019,5,"Vanuatu, Luganville", Luganville,General Cargo,Imports,1612.7,,,,
2019,5,"Vanuatu, Luganville", Luganville,Tanker,Imports,2495,,,,
2019,5,"Vanuatu, Port Vila", Port Vila,Container,Imports,4376.9,,,,
2019,5,"Vanuatu, Port Vila", Port Vila,General Cargo,Imports,860.1,,,,
2019,5,"Vanuatu, Port Vila", Port Vila,Tanker,Imports,6191.4,,,,
2019,6,"Fiji, Lautoka Harbor", Lautoka Harbor,Container,Exports,17206,,,,
2019,6,"Fiji, Lautoka Harbor", Lautoka Harbor,Container,Imports,5394.6,,,,
2019,6,"Fiji, Lautoka Harbor", Lautoka Harbor,General Cargo,Exports,6767.2,,,,
2019,6,"Fiji, Lautoka Harbor", Lautoka Harbor,General Cargo,Imports,1834.6,,,,
2019,6,"Fiji, Lautoka Harbor", Lautoka Harbor,Tanker,Exports,6121.4,,,,
2019,6,"Fiji, Lautoka Harbor", Lautoka Harbor,Tanker,Imports,30739.3,,,,
2019,6,"Fiji, Malai", Malai,General Cargo,Imports,7.3,,,,
2019,6,"Fiji, Malai", Malai,Tanker,Exports,1153,,,,
2019,6,"Fiji, Malai", Malai,Tanker,Imports,1118,,,,
2019,6,"Fiji, Suva Harbor", Suva Harbor,Container,Exports,2136,,,,
2019,6,"Fiji, Suva Harbor", Suva Harbor,Container,Imports,13471.2,,,,
2019,6,"Fiji, Suva Harbor", Suva Harbor,General Cargo,Exports,3278.1,,,,
2019,6,"Fiji, Suva Harbor", Suva Harbor,General Cargo,Imports,13011.1,,,,
2019,6,"Fiji, Suva Harbor", Suva Harbor,Tanker,Exports,838.4,,,,
2019,6,"Fiji, Suva Harbor", Suva Harbor,Tanker,Imports,16495.9,,,,
2019,6,"Kiribati, Kiribati", Kiribati,Container,Imports,593,,,,
2019,6,"Kiribati, Kiribati", Kiribati,Tanker,Exports,1700.2,,,,
2019,6,"Kiribati, Tarawa Atoll", Tarawa Atoll,Container,Exports,395.6,,,,
2019,6,"Kiribati, Tarawa Atoll", Tarawa Atoll,Container,Imports,1395.7,,,,
2019,6,"Kiribati, Tarawa Atoll", Tarawa Atoll,General Cargo,Exports,3287.7,,,,
2019,6,"Kiribati, Tarawa Atoll", Tarawa Atoll,General Cargo,Imports,603.4,,,,
2019,6,"Marshall Islands, Ebeye", Ebeye,Container,Imports,914.6,,,,
2019,6,"Marshall Islands, Ebeye", Ebeye,General Cargo,Imports,233.4,,,,
2019,6,"Marshall Islands, Kwajalein", Kwajalein,Container,Imports,914.6,,,,
2019,6,"Marshall Islands, Kwajalein", Kwajalein,General Cargo,Exports,467.4,,,,
2019,6,"Marshall Islands, Majuro Atoll", Majuro Atoll,Container,Exports,910.6,,,,
2019,6,"Marshall Islands, Majuro Atoll", Majuro Atoll,Container,Imports,4122.2,,,,
2019,6,"Marshall Islands, Majuro Atoll", Majuro Atoll,General Cargo,Exports,51416.3,,,,
2019,6,"Marshall Islands, Majuro Atoll", Majuro Atoll,General Cargo,Imports,1722.4,,,,
2019,6,"Marshall Islands, Majuro Atoll", Majuro Atoll,Tanker,Imports,1019.4,,,,
2019,6,"Micronesia, Colonia", Colonia,Container,Imports,1998.1,,,,
2019,6,"Micronesia, Colonia", Colonia,General Cargo,Imports,1412,,,,
2019,6,"Micronesia, Lele Harbor", Lele Harbor,Container,Exports,4163,,,,
2019,6,"Micronesia, Lele Harbor", Lele Harbor,General Cargo,Exports,15.2,,,,
2019,6,"Micronesia, Lele Harbor", Lele Harbor,General Cargo,Imports,1833.8,,,,
2019,6,"Micronesia, Moen", Moen,General Cargo,Exports,15.2,,,,
2019,6,"Micronesia, Moen", Moen,General Cargo,Imports,1801.6,,,,
2019,6,"Micronesia, Pornpei Harbor", Pornpei Harbor,Container,Exports,895.7,,,,
2019,6,"Micronesia, Pornpei Harbor", Pornpei Harbor,General Cargo,Exports,2332.1,,,,
2019,6,"Micronesia, Pornpei Harbor", Pornpei Harbor,General Cargo,Imports,2260.1,,,,
2019,6,"Nauru, Nauru", Nauru,General Cargo,Imports,4801.9,,,,
2019,6,"Nauru, Nauru", Nauru,Tanker,Exports,38.3,,,,
2019,6,"Palau, Malakal Harbor", Malakal Harbor,Container,Imports,1433.6,,,,
2019,6,"Palau, Malakal Harbor", Malakal Harbor,General Cargo,Imports,1667.5,,,,
2019,6,"Papua New Guinea, Alotoa", Alotoa,Bulk Carrier,Exports,3302.1,,,,
2019,6,"Papua New Guinea, Alotoa", Alotoa,Container,Imports,3698.5,,,,
2019,6,"Papua New Guinea, Alotoa", Alotoa,General Cargo,Exports,115.9,,,,
2019,6,"Papua New Guinea, Alotoa", Alotoa,General Cargo,Imports,1485.2,,,,
2019,6,"Papua New Guinea, Alotoa", Alotoa,Tanker,Exports,8591.3,,,,
2019,6,"Papua New Guinea, Alotoa", Alotoa,Tanker,Imports,5399.3,,,,
2019,6,"Papua New Guinea, Buka", Buka,Container,Imports,39.4,,,,
2019,6,"Papua New Guinea, Buka", Buka,General Cargo,Exports,774.3,,,,
2019,6,"Papua New Guinea, Buka", Buka,General Cargo,Imports,14.3,,,,
2019,6,"Papua New Guinea, Daru", Daru,Bulk Carrier,Exports,13511.4,,,,
2019,6,"Papua New Guinea, Daru", Daru,General Cargo,Exports,3740.7,,,,
2019,6,"Papua New Guinea, Kavieng Harbor", Kavieng Harbor,Bulk Carrier,Exports,11956.5,,,,
2019,6,"Papua New Guinea, Kavieng Harbor", Kavieng Harbor,Container,Imports,1162.6,,,,
2019,6,"Papua New Guinea, Kavieng Harbor", Kavieng Harbor,General Cargo,Imports,381.2,,,,
2019,6,"Papua New Guinea, Kavieng Harbor", Kavieng Harbor,Tanker,Exports,206.7,,,,
2019,6,"Papua New Guinea, Kavieng Harbor", Kavieng Harbor,Tanker,Imports,362.1,,,,
2019,6,"Papua New Guinea, Kieta", Kieta,Container,Imports,39.4,,,,
2019,6,"Papua New Guinea, Kieta", Kieta,General Cargo,Exports,882.5,,,,
2019,6,"Papua New Guinea, Kieta", Kieta,General Cargo,Imports,574.8,,,,
2019,6,"Papua New Guinea, Kimbe", Kimbe,Bulk Carrier,Exports,31747.9,,,,
2019,6,"Papua New Guinea, Kimbe", Kimbe,Container,Imports,5874.9,,,,
2019,6,"Papua New Guinea, Kimbe", Kimbe,General Cargo,Exports,8119,,,,
2019,6,"Papua New Guinea, Kimbe", Kimbe,General Cargo,Imports,5548.8,,,,
2019,6,"Papua New Guinea, Kimbe", Kimbe,Tanker,Exports,8330.5,,,,
2019,6,"Papua New Guinea, Kimbe", Kimbe,Tanker,Imports,328.4,,,,
2019,6,"Papua New Guinea, Lae", Lae,Bulk Carrier,Imports,17757.8,,,,
2019,6,"Papua New Guinea, Lae", Lae,Container,Exports,7140.2,,,,
2019,6,"Papua New Guinea, Lae", Lae,Container,Imports,35873.9,,,,
2019,6,"Papua New Guinea, Lae", Lae,General Cargo,Exports,12589.7,,,,
2019,6,"Papua New Guinea, Lae", Lae,General Cargo,Imports,3292.2,,,,
2019,6,"Papua New Guinea, Lae", Lae,Tanker,Exports,11725.2,,,,
2019,6,"Papua New Guinea, Lae", Lae,Tanker,Imports,13190.8,,,,
2019,6,"Papua New Guinea, Madang", Madang,Bulk Carrier,Exports,10301.7,,,,
2019,6,"Papua New Guinea, Madang", Madang,Container,Exports,2935,,,,
2019,6,"Papua New Guinea, Madang", Madang,Container,Imports,1584.7,,,,
2019,6,"Papua New Guinea, Madang", Madang,General Cargo,Exports,2426.3,,,,
2019,6,"Papua New Guinea, Madang", Madang,General Cargo,Imports,989.3,,,,
2019,6,"Papua New Guinea, Madang", Madang,Tanker,Exports,95.7,,,,
2019,6,"Papua New Guinea, Madang", Madang,Tanker,Imports,1989.1,,,,
2019,6,"Papua New Guinea, Oro Bay", Oro Bay,Container,Imports,375.1,,,,
2019,6,"Papua New Guinea, Oro Bay", Oro Bay,Tanker,Exports,1096.3,,,,
2019,6,"Papua New Guinea, Port Moresby", Port Moresby,Bulk Carrier,Exports,13251.8,,,,
2019,6,"Papua New Guinea, Port Moresby", Port Moresby,Bulk Carrier,Imports,17300.3,,,,
2019,6,"Papua New Guinea, Port Moresby", Port Moresby,Container,Exports,1179.4,,,,
2019,6,"Papua New Guinea, Port Moresby", Port Moresby,Container,Imports,31760.3,,,,
2019,6,"Papua New Guinea, Port Moresby", Port Moresby,General Cargo,Exports,3262.1,,,,
2019,6,"Papua New Guinea, Port Moresby", Port Moresby,General Cargo,Imports,13695.7,,,,
2019,6,"Papua New Guinea, Port Moresby", Port Moresby,Tanker,Exports,243762.6,,,,
2019,6,"Papua New Guinea, Port Moresby", Port Moresby,Tanker,Imports,60358.4,,,,
2019,6,"Papua New Guinea, Put Put", Put Put,Container,Imports,8253.3,,,,
2019,6,"Papua New Guinea, Put Put", Put Put,General Cargo,Imports,4682.3,,,,
2019,6,"Papua New Guinea, Put Put", Put Put,Tanker,Exports,415.6,,,,
2019,6,"Papua New Guinea, Put Put", Put Put,Tanker,Imports,5440,,,,
2019,6,"Papua New Guinea, Rabaul", Rabaul,Bulk Carrier,Exports,4881.2,,,,
2019,6,"Papua New Guinea, Rabaul", Rabaul,Container,Exports,1110.6,,,,
2019,6,"Papua New Guinea, Rabaul", Rabaul,Container,Imports,4221,,,,
2019,6,"Papua New Guinea, Rabaul", Rabaul,General Cargo,Exports,1571,,,,
2019,6,"Papua New Guinea, Rabaul", Rabaul,General Cargo,Imports,219.9,,,,
2019,6,"Papua New Guinea, Rabaul", Rabaul,Tanker,Exports,4936.3,,,,
2019,6,"Papua New Guinea, Rabaul", Rabaul,Tanker,Imports,5899.6,,,,
2019,6,"Papua New Guinea, Vanimo", Vanimo,Bulk Carrier,Exports,9261.9,,,,
2019,6,"Papua New Guinea, Vanimo", Vanimo,Bulk Carrier,Imports,331.8,,,,
2019,6,"Papua New Guinea, Vanimo", Vanimo,General Cargo,Exports,9606.6,,,,
2019,6,"Papua New Guinea, Vanimo", Vanimo,General Cargo,Imports,434.9,,,,
2019,6,"Papua New Guinea, Vanimo", Vanimo,Tanker,Exports,614.3,,,,
2019,6,"Papua New Guinea, Wewak Harbor", Wewak Harbor,Bulk Carrier,Exports,6773.2,,,,
2019,6,"Papua New Guinea, Wewak Harbor", Wewak Harbor,Bulk Carrier,Imports,3798.7,,,,
2019,6,"Papua New Guinea, Wewak Harbor", Wewak Harbor,Container,Exports,1317.1,,,,
2019,6,"Papua New Guinea, Wewak Harbor", Wewak Harbor,General Cargo,Exports,256.4,,,,
2019,6,"Papua New Guinea, Wewak Harbor", Wewak Harbor,General Cargo,Imports,3595.8,,,,
2019,6,"Papua New Guinea, Wewak Harbor", Wewak Harbor,Tanker,Imports,4217.8,,,,
2019,6,"Samoa, Apia", Apia,Container,Imports,13991.3,,,,
2019,6,"Samoa, Apia", Apia,General Cargo,Exports,109.9,,,,
2019,6,"Samoa, Apia", Apia,General Cargo,Imports,5356.2,,,,
2019,6,"Samoa, Apia", Apia,Tanker,Imports,271,,,,
2019,6,"Solomon Islands, Honiara", Honiara,Container,Exports,3624,,,,
2019,6,"Solomon Islands, Honiara", Honiara,Container,Imports,5992.5,,,,
2019,6,"Solomon Islands, Honiara", Honiara,General Cargo,Exports,428.4,,,,
2019,6,"Solomon Islands, Honiara", Honiara,General Cargo,Imports,2093.8,,,,
2019,6,"Solomon Islands, Honiara", Honiara,Tanker,Imports,13041.2,,,,
2019,6,"Solomon Islands, Lughughi Port", Lughughi Port,Bulk Carrier,Exports,16782.5,,,,
2019,6,"Solomon Islands, Mbulo", Mbulo,Bulk Carrier,Exports,5538.3,,,,
2019,6,"Solomon Islands, Ndora", Ndora,Bulk Carrier,Exports,14068.4,,,,
2019,6,"Solomon Islands, Port Noro", Port Noro,Bulk Carrier,Exports,90970.8,,,,
2019,6,"Solomon Islands, Port Noro", Port Noro,Bulk Carrier,Imports,12745.9,,,,
2019,6,"Solomon Islands, Port Noro", Port Noro,Container,Exports,1593.3,,,,
2019,6,"Solomon Islands, Port Noro", Port Noro,Container,Imports,523.3,,,,
2019,6,"Solomon Islands, Port Noro", Port Noro,General Cargo,Exports,1594.9,,,,
2019,6,"Solomon Islands, Rennell Island", Rennell Island,Bulk Carrier,Exports,105254.2,,,,
2019,6,"Tonga, Neiafu", Neiafu,General Cargo,Imports,263.1,,,,
2019,6,"Tonga, Neiafu", Neiafu,Tanker,Imports,406.8,,,,
2019,6,"Tonga, Nuku Alofa", Nuku Alofa,Container,Exports,1648.7,,,,
2019,6,"Tonga, Nuku Alofa", Nuku Alofa,Container,Imports,6361.2,,,,
2019,6,"Tonga, Nuku Alofa", Nuku Alofa,General Cargo,Exports,1351.4,,,,
2019,6,"Tonga, Nuku Alofa", Nuku Alofa,General Cargo,Imports,6320.9,,,,
2019,6,"Tonga, Nuku Alofa", Nuku Alofa,Tanker,Imports,1296.3,,,,
2019,6,"Tuvalu, Funafuti Atoll", Funafuti Atoll,General Cargo,Exports,229.5,,,,
2019,6,"Tuvalu, Funafuti Atoll", Funafuti Atoll,Tanker,Imports,154.6,,,,
2019,6,"Vanuatu, Luganville", Luganville,Container,Exports,1153,,,,
2019,6,"Vanuatu, Luganville", Luganville,Container,Imports,1881.7,,,,
2019,6,"Vanuatu, Luganville", Luganville,General Cargo,Imports,278.7,,,,
2019,6,"Vanuatu, Port Vila", Port Vila,Container,Exports,613.6,,,,
2019,6,"Vanuatu, Port Vila", Port Vila,Container,Imports,1975.1,,,,
2019,6,"Vanuatu, Port Vila", Port Vila,General Cargo,Exports,322.5,,,,
2019,6,"Vanuatu, Port Vila", Port Vila,General Cargo,Imports,278.7,,,,
2019,6,"Vanuatu, Port Vila", Port Vila,Tanker,Exports,530.7,,,,
2019,7,"Fiji, Lautoka Harbor", Lautoka Harbor,Bulk Carrier,Exports,18288.2,,,,
2019,7,"Fiji, Lautoka Harbor", Lautoka Harbor,Container,Exports,16564.5,,,,
2019,7,"Fiji, Lautoka Harbor", Lautoka Harbor,Container,Imports,10125.7,,,,
2019,7,"Fiji, Lautoka Harbor", Lautoka Harbor,General Cargo,Exports,989.3,,,,
2019,7,"Fiji, Lautoka Harbor", Lautoka Harbor,General Cargo,Imports,2356.2,,,,
2019,7,"Fiji, Lautoka Harbor", Lautoka Harbor,Tanker,Exports,7286.3,,,,
2019,7,"Fiji, Lautoka Harbor", Lautoka Harbor,Tanker,Imports,29667,,,,
2019,7,"Fiji, Malai", Malai,Bulk Carrier,Exports,461.3,,,,
2019,7,"Fiji, Malai", Malai,General Cargo,Imports,3.7,,,,
2019,7,"Fiji, Malai", Malai,Tanker,Exports,848.1,,,,
2019,7,"Fiji, Malai", Malai,Tanker,Imports,906.3,,,,
2019,7,"Fiji, Nabouwalu Jetty", Nabouwalu Jetty,Bulk Carrier,Exports,8975.9,,,,
2019,7,"Fiji, Port of Savusavu Bay", Port of Savusavu Bay,General Cargo,Imports,3.7,,,,
2019,7,"Fiji, Suva Harbor", Suva Harbor,Bulk Carrier,Imports,15488.6,,,,
2019,7,"Fiji, Suva Harbor", Suva Harbor,Container,Exports,7058.2,,,,
2019,7,"Fiji, Suva Harbor", Suva Harbor,Container,Imports,13866.4,,,,
2019,7,"Fiji, Suva Harbor", Suva Harbor,General Cargo,Imports,4117.5,,,,
2019,7,"Fiji, Suva Harbor", Suva Harbor,Tanker,Exports,271.5,,,,
2019,7,"Fiji, Suva Harbor", Suva Harbor,Tanker,Imports,18497.7,,,,
2019,7,"Kiribati, Kiribati", Kiribati,General Cargo,Imports,504.9,,,,
2019,7,"Kiribati, Kiribati", Kiribati,Tanker,Exports,1174.5,,,,
2019,7,"Kiribati, Tarawa Atoll", Tarawa Atoll,Container,Imports,2757.5,,,,
2019,7,"Kiribati, Tarawa Atoll", Tarawa Atoll,General Cargo,Exports,274.4,,,,
2019,7,"Kiribati, Tarawa Atoll", Tarawa Atoll,General Cargo,Imports,302.1,,,,
2019,7,"Kiribati, Tarawa Atoll", Tarawa Atoll,Tanker,Imports,955.8,,,,
2019,7,"Marshall Islands, Ebeye", Ebeye,Container,Imports,457.3,,,,
2019,7,"Marshall Islands, Ebeye", Ebeye,General Cargo,Imports,302.8,,,,
2019,7,"Marshall Islands, Kwajalein", Kwajalein,Container,Imports,765.9,,,,
2019,7,"Marshall Islands, Kwajalein", Kwajalein,General Cargo,Imports,650.7,,,,
2019,7,"Marshall Islands, Kwajalein", Kwajalein,Tanker,Imports,2230.8,,,,
2019,7,"Marshall Islands, Majuro Atoll", Majuro Atoll,Container,Exports,2432.3,,,,
2019,7,"Marshall Islands, Majuro Atoll", Majuro Atoll,Container,Imports,4680.7,,,,
2019,7,"Marshall Islands, Majuro Atoll", Majuro Atoll,General Cargo,Exports,15745.6,,,,
2019,7,"Marshall Islands, Majuro Atoll", Majuro Atoll,General Cargo,Imports,1766.3,,,,
2019,7,"Marshall Islands, Majuro Atoll", Majuro Atoll,Tanker,Imports,4365.5,,,,
2019,7,"Micronesia, Colonia", Colonia,Container,Imports,1112.4,,,,
2019,7,"Micronesia, Colonia", Colonia,General Cargo,Imports,1032.9,,,,
2019,7,"Micronesia, Lele Harbor", Lele Harbor,Container,Exports,2978.1,,,,
2019,7,"Micronesia, Lele Harbor", Lele Harbor,General Cargo,Imports,509.3,,,,
2019,7,"Micronesia, Moen", Moen,General Cargo,Imports,2576.7,,,,
2019,7,"Micronesia, Pornpei Harbor", Pornpei Harbor,Container,Imports,1194.3,,,,
2019,7,"Micronesia, Pornpei Harbor", Pornpei Harbor,General Cargo,Exports,3413.6,,,,
2019,7,"Micronesia, Pornpei Harbor", Pornpei Harbor,General Cargo,Imports,2341.7,,,,
2019,7,"Nauru, Nauru", Nauru,General Cargo,Exports,124.6,,,,
2019,7,"Palau, Malakal Harbor", Malakal Harbor,Container,Imports,1768.6,,,,
2019,7,"Palau, Malakal Harbor", Malakal Harbor,General Cargo,Exports,941.1,,,,
2019,7,"Palau, Malakal Harbor", Malakal Harbor,General Cargo,Imports,1554.3,,,,
2019,7,"Palau, Malakal Harbor", Malakal Harbor,Tanker,Exports,3733.7,,,,
2019,7,"Papua New Guinea, Alotoa", Alotoa,Bulk Carrier,Exports,17855.5,,,,
2019,7,"Papua New Guinea, Alotoa", Alotoa,Container,Imports,1269.9,,,,
2019,7,"Papua New Guinea, Alotoa", Alotoa,General Cargo,Imports,219.6,,,,
2019,7,"Papua New Guinea, Alotoa", Alotoa,Tanker,Exports,5758.9,,,,
2019,7,"Papua New Guinea, Alotoa", Alotoa,Tanker,Imports,2272,,,,
2019,7,"Papua New Guinea, Buka", Buka,Container,Imports,1160.5,,,,
2019,7,"Papua New Guinea, Buka", Buka,General Cargo,Exports,479.6,,,,
2019,7,"Papua New Guinea, Daru", Daru,General Cargo,Exports,2460.8,,,,
2019,7,"Papua New Guinea, Daru", Daru,General Cargo,Imports,164.5,,,,
2019,7,"Papua New Guinea, Kavieng Harbor", Kavieng Harbor,Bulk Carrier,Exports,38622.9,,,,
2019,7,"Papua New Guinea, Kavieng Harbor", Kavieng Harbor,Container,Imports,1452.8,,,,
2019,7,"Papua New Guinea, Kavieng Harbor", Kavieng Harbor,General Cargo,Exports,6544.7,,,,
2019,7,"Papua New Guinea, Kavieng Harbor", Kavieng Harbor,Tanker,Exports,4909.4,,,,
2019,7,"Papua New Guinea, Kieta", Kieta,Container,Exports,1121.1,,,,
2019,7,"Papua New Guinea, Kieta", Kieta,Container,Imports,39.4,,,,
2019,7,"Papua New Guinea, Kimbe", Kimbe,Bulk Carrier,Exports,41114.4,,,,
2019,7,"Papua New Guinea, Kimbe", Kimbe,Container,Exports,1855.2,,,,
2019,7,"Papua New Guinea, Kimbe", Kimbe,Container,Imports,14103,,,,
2019,7,"Papua New Guinea, Kimbe", Kimbe,General Cargo,Exports,6920.9,,,,
2019,7,"Papua New Guinea, Kimbe", Kimbe,General Cargo,Imports,2101.4,,,,
2019,7,"Papua New Guinea, Kimbe", Kimbe,Tanker,Exports,28844.4,,,,
2019,7,"Papua New Guinea, Kimbe", Kimbe,Tanker,Imports,655.2,,,,
2019,7,"Papua New Guinea, Lae", Lae,Bulk Carrier,Imports,10469,,,,
2019,7,"Papua New Guinea, Lae", Lae,Container,Exports,12185.1,,,,
2019,7,"Papua New Guinea, Lae", Lae,Container,Imports,35475.6,,,,
2019,7,"Papua New Guinea, Lae", Lae,General Cargo,Exports,17109.4,,,,
2019,7,"Papua New Guinea, Lae", Lae,General Cargo,Imports,5684,,,,
2019,7,"Papua New Guinea, Lae", Lae,Tanker,Exports,4762,,,,
2019,7,"Papua New Guinea, Lae", Lae,Tanker,Imports,11824.7,,,,
2019,7,"Papua New Guinea, Madang", Madang,Bulk Carrier,Exports,12025.4,,,,
2019,7,"Papua New Guinea, Madang", Madang,Container,Exports,3635.2,,,,
2019,7,"Papua New Guinea, Madang", Madang,Container,Imports,1922.8,,,,
2019,7,"Papua New Guinea, Madang", Madang,General Cargo,Exports,15469.3,,,,
2019,7,"Papua New Guinea, Madang", Madang,General Cargo,Imports,50.5,,,,
2019,7,"Papua New Guinea, Madang", Madang,Tanker,Exports,104.5,,,,
2019,7,"Papua New Guinea, Oro Bay", Oro Bay,Bulk Carrier,Exports,5851.9,,,,
2019,7,"Papua New Guinea, Oro Bay", Oro Bay,Container,Imports,32.1,,,,
2019,7,"Papua New Guinea, Oro Bay", Oro Bay,General Cargo,Exports,1876.1,,,,
2019,7,"Papua New Guinea, Oro Bay", Oro Bay,General Cargo,Imports,1888.2,,,,
2019,7,"Papua New Guinea, Oro Bay", Oro Bay,Tanker,Exports,8520.5,,,,
2019,7,"Papua New Guinea, Oro Bay", Oro Bay,Tanker,Imports,328.3,,,,
2019,7,"Papua New Guinea, Port Moresby", Port Moresby,Bulk Carrier,Exports,18979.3,,,,
2019,7,"Papua New Guinea, Port Moresby", Port Moresby,Bulk Carrier,Imports,2543.3,,,,
2019,7,"Papua New Guinea, Port Moresby", Port Moresby,Container,Exports,496.7,,,,
2019,7,"Papua New Guinea, Port Moresby", Port Moresby,Container,Imports,24173.4,,,,
2019,7,"Papua New Guinea, Port Moresby", Port Moresby,General Cargo,Exports,23929.7,,,,
2019,7,"Papua New Guinea, Port Moresby", Port Moresby,General Cargo,Imports,14394.2,,,,
2019,7,"Papua New Guinea, Port Moresby", Port Moresby,Tanker,Exports,206076.4,,,,
2019,7,"Papua New Guinea, Port Moresby", Port Moresby,Tanker,Imports,10653.5,,,,
2019,7,"Papua New Guinea, Put Put", Put Put,Container,Imports,3230.4,,,,
2019,7,"Papua New Guinea, Put Put", Put Put,General Cargo,Imports,5678.8,,,,
2019,7,"Papua New Guinea, Put Put", Put Put,Tanker,Imports,9235.9,,,,
2019,7,"Papua New Guinea, Rabaul", Rabaul,Bulk Carrier,Exports,28864.4,,,,
2019,7,"Papua New Guinea, Rabaul", Rabaul,Container,Imports,8608.7,,,,
2019,7,"Papua New Guinea, Rabaul", Rabaul,General Cargo,Exports,17908.8,,,,
2019,7,"Papua New Guinea, Rabaul", Rabaul,Tanker,Exports,1736.1,,,,
2019,7,"Papua New Guinea, Rabaul", Rabaul,Tanker,Imports,1131.2,,,,
2019,7,"Papua New Guinea, Vanimo", Vanimo,Bulk Carrier,Exports,32489.9,,,,
2019,7,"Papua New Guinea, Vanimo", Vanimo,General Cargo,Exports,7264,,,,
2019,7,"Papua New Guinea, Vanimo", Vanimo,General Cargo,Imports,676.7,,,,
2019,7,"Papua New Guinea, Vanimo", Vanimo,Tanker,Exports,86.9,,,,
2019,7,"Papua New Guinea, Wewak Harbor", Wewak Harbor,Bulk Carrier,Exports,1720.6,,,,
2019,7,"Papua New Guinea, Wewak Harbor", Wewak Harbor,Container,Exports,2359.6,,,,
2019,7,"Papua New Guinea, Wewak Harbor", Wewak Harbor,Container,Imports,787.1,,,,
2019,7,"Papua New Guinea, Wewak Harbor", Wewak Harbor,General Cargo,Exports,10506.5,,,,
2019,7,"Papua New Guinea, Wewak Harbor", Wewak Harbor,General Cargo,Imports,1781.6,,,,
2019,7,"Papua New Guinea, Wewak Harbor", Wewak Harbor,Tanker,Exports,80.1,,,,
2019,7,"Samoa, Apia", Apia,Container,Imports,5242.1,,,,
2019,7,"Samoa, Apia", Apia,General Cargo,Exports,113.3,,,,
2019,7,"Samoa, Apia", Apia,General Cargo,Imports,5760.8,,,,
2019,7,"Samoa, Apia", Apia,Tanker,Imports,1234.8,,,,
2019,7,"Solomon Islands, Honiara", Honiara,Bulk Carrier,Exports,53659.7,,,,
2019,7,"Solomon Islands, Honiara", Honiara,Container,Exports,484.5,,,,
2019,7,"Solomon Islands, Honiara", Honiara,Container,Imports,8790.7,,,,
2019,7,"Solomon Islands, Honiara", Honiara,General Cargo,Exports,2660.9,,,,
2019,7,"Solomon Islands, Honiara", Honiara,General Cargo,Imports,4506.2,,,,
2019,7,"Solomon Islands, Honiara", Honiara,Tanker,Exports,2484.6,,,,
2019,7,"Solomon Islands, Honiara", Honiara,Tanker,Imports,5222.5,,,,
2019,7,"Solomon Islands, Lughughi Port", Lughughi Port,Bulk Carrier,Exports,16644.4,,,,
2019,7,"Solomon Islands, Lughughi Port", Lughughi Port,General Cargo,Exports,1135.1,,,,
2019,7,"Solomon Islands, Mbulo", Mbulo,Container,Exports,1392.1,,,,
2019,7,"Solomon Islands, Ndora", Ndora,Bulk Carrier,Exports,2998.1,,,,
2019,7,"Solomon Islands, Port Noro", Port Noro,Bulk Carrier,Exports,68833.9,,,,
2019,7,"Solomon Islands, Port Noro", Port Noro,Container,Exports,75.4,,,,
2019,7,"Solomon Islands, Port Noro", Port Noro,Container,Imports,1710,,,,
2019,7,"Solomon Islands, Port Noro", Port Noro,General Cargo,Exports,12913.8,,,,
2019,7,"Solomon Islands, Rennell Island", Rennell Island,Bulk Carrier,Exports,142924.7,,,,
2019,7,"Solomon Islands, Rennell Island", Rennell Island,Bulk Carrier,Imports,785.1,,,,
2019,7,"Solomon Islands, Rennell Island", Rennell Island,General Cargo,Exports,1074.2,,,,
2019,7,"Solomon Islands, Ringgi Cove", Ringgi Cove,General Cargo,Exports,1667.7,,,,
2019,7,"Solomon Islands, Seghe", Seghe,Bulk Carrier,Exports,3756.8,,,,
2019,7,"Tonga, Neiafu", Neiafu,General Cargo,Imports,1103.1,,,,
2019,7,"Tonga, Neiafu", Neiafu,Tanker,Imports,813.5,,,,
2019,7,"Tonga, Nuku Alofa", Nuku Alofa,Container,Imports,6887.8,,,,
2019,7,"Tonga, Nuku Alofa", Nuku Alofa,General Cargo,Exports,1303.9,,,,
2019,7,"Tonga, Nuku Alofa", Nuku Alofa,General Cargo,Imports,3665,,,,
2019,7,"Tonga, Nuku Alofa", Nuku Alofa,Tanker,Exports,441.2,,,,
2019,7,"Tonga, Nuku Alofa", Nuku Alofa,Tanker,Imports,2395.4,,,,
2019,7,"Tuvalu, Funafuti Atoll", Funafuti Atoll,Container,Imports,1198.3,,,,
2019,7,"Tuvalu, Funafuti Atoll", Funafuti Atoll,General Cargo,Exports,286.9,,,,
2019,7,"Tuvalu, Funafuti Atoll", Funafuti Atoll,General Cargo,Imports,281,,,,
2019,7,"Tuvalu, Funafuti Atoll", Funafuti Atoll,Tanker,Exports,154.4,,,,
2019,7,"Vanuatu, Luganville", Luganville,Container,Imports,1922,,,,
2019,7,"Vanuatu, Luganville", Luganville,General Cargo,Imports,323.7,,,,
2019,7,"Vanuatu, Port Vila", Port Vila,Container,Exports,439.3,,,,
2019,7,"Vanuatu, Port Vila", Port Vila,Container,Imports,5019.5,,,,
2019,7,"Vanuatu, Port Vila", Port Vila,General Cargo,Imports,2270.6,,,,
2019,7,"Vanuatu, Port Vila", Port Vila,Tanker,Imports,6309.3,,,,
2019,8,"Fiji, Lautoka Harbor", Lautoka Harbor,Container,Exports,31347.5,,,,
2019,8,"Fiji, Lautoka Harbor", Lautoka Harbor,Container,Imports,8221.4,,,,
2019,8,"Fiji, Lautoka Harbor", Lautoka Harbor,General Cargo,Exports,29868,,,,
2019,8,"Fiji, Lautoka Harbor", Lautoka Harbor,General Cargo,Imports,3528.4,,,,
2019,8,"Fiji, Lautoka Harbor", Lautoka Harbor,Tanker,Exports,3242.1,,,,
2019,8,"Fiji, Lautoka Harbor", Lautoka Harbor,Tanker,Imports,44533.9,,,,
2019,8,"Fiji, Malai", Malai,General Cargo,Exports,6199.7,,,,
2019,8,"Fiji, Malai", Malai,Tanker,Exports,384.7,,,,
2019,8,"Fiji, Malai", Malai,Tanker,Imports,1205.4,,,,
2019,8,"Fiji, Suva Harbor", Suva Harbor,Bulk Carrier,Imports,11653.7,,,,
2019,8,"Fiji, Suva Harbor", Suva Harbor,Container,Exports,4052.2,,,,
2019,8,"Fiji, Suva Harbor", Suva Harbor,Container,Imports,33434.3,,,,
2019,8,"Fiji, Suva Harbor", Suva Harbor,General Cargo,Exports,979.9,,,,
2019,8,"Fiji, Suva Harbor", Suva Harbor,General Cargo,Imports,10194.3,,,,
2019,8,"Fiji, Suva Harbor", Suva Harbor,Tanker,Exports,774.2,,,,
2019,8,"Fiji, Suva Harbor", Suva Harbor,Tanker,Imports,11054.4,,,,
2019,8,"Kiribati, Kiribati", Kiribati,Tanker,Exports,1114.3,,,,
2019,8,"Kiribati, Kiribati", Kiribati,Tanker,Imports,4825.7,,,,
2019,8,"Kiribati, Tarawa Atoll", Tarawa Atoll,Container,Exports,198.3,,,,
2019,8,"Kiribati, Tarawa Atoll", Tarawa Atoll,Container,Imports,3422.2,,,,
2019,8,"Kiribati, Tarawa Atoll", Tarawa Atoll,General Cargo,Exports,1431.4,,,,
2019,8,"Kiribati, Tarawa Atoll", Tarawa Atoll,General Cargo,Imports,3112.1,,,,
2019,8,"Kiribati, Tarawa Atoll", Tarawa Atoll,Tanker,Imports,955.8,,,,
2019,8,"Marshall Islands, Ebeye", Ebeye,Container,Imports,914.6,,,,
2019,8,"Marshall Islands, Ebeye", Ebeye,General Cargo,Imports,302.8,,,,
2019,8,"Marshall Islands, Kwajalein", Kwajalein,Container,Imports,457.3,,,,
2019,8,"Marshall Islands, Kwajalein", Kwajalein,General Cargo,Exports,235.6,,,,
2019,8,"Marshall Islands, Kwajalein", Kwajalein,General Cargo,Imports,236.6,,,,
2019,8,"Marshall Islands, Majuro Atoll", Majuro Atoll,Container,Exports,600.6,,,,
2019,8,"Marshall Islands, Majuro Atoll", Majuro Atoll,Container,Imports,3312.4,,,,
2019,8,"Marshall Islands, Majuro Atoll", Majuro Atoll,General Cargo,Exports,49696.7,,,,
2019,8,"Marshall Islands, Majuro Atoll", Majuro Atoll,General Cargo,Imports,1184.2,,,,
2019,8,"Marshall Islands, Majuro Atoll", Majuro Atoll,Tanker,Exports,852.3,,,,
2019,8,"Micronesia, Colonia", Colonia,Container,Imports,2224.9,,,,
2019,8,"Micronesia, Colonia", Colonia,General Cargo,Imports,1600.8,,,,
2019,8,"Micronesia, Lele Harbor", Lele Harbor,Container,Exports,1474.9,,,,
2019,8,"Micronesia, Lele Harbor", Lele Harbor,General Cargo,Imports,969.9,,,,
2019,8,"Micronesia, Moen", Moen,General Cargo,Imports,772.1,,,,
2019,8,"Micronesia, Pornpei Harbor", Pornpei Harbor,Container,Imports,2958.2,,,,
2019,8,"Micronesia, Pornpei Harbor", Pornpei Harbor,General Cargo,Exports,15.2,,,,
2019,8,"Micronesia, Pornpei Harbor", Pornpei Harbor,General Cargo,Imports,2484.3,,,,
2019,8,"Nauru, Nauru", Nauru,General Cargo,Imports,2199,,,,
2019,8,"Nauru, Nauru", Nauru,Tanker,Exports,38.3,,,,
2019,8,"Palau, Malakal Harbor", Malakal Harbor,Container,Imports,918.7,,,,
2019,8,"Palau, Malakal Harbor", Malakal Harbor,General Cargo,Imports,970.7,,,,
2019,8,"Palau, Malakal Harbor", Malakal Harbor,Tanker,Exports,4458.5,,,,
2019,8,"Papua New Guinea, Alotoa", Alotoa,Bulk Carrier,Exports,5123.8,,,,
2019,8,"Papua New Guinea, Alotoa", Alotoa,Container,Imports,1346,,,,
2019,8,"Papua New Guinea, Alotoa", Alotoa,General Cargo,Exports,4446.8,,,,
2019,8,"Papua New Guinea, Alotoa", Alotoa,General Cargo,Imports,1226,,,,
2019,8,"Papua New Guinea, Alotoa", Alotoa,Tanker,Exports,623.6,,,,
2019,8,"Papua New Guinea, Alotoa", Alotoa,Tanker,Imports,108.4,,,,
2019,8,"Papua New Guinea, Buka", Buka,Container,Imports,54.5,,,,
2019,8,"Papua New Guinea, Buka", Buka,General Cargo,Exports,709.9,,,,
2019,8,"Papua New Guinea, Daru", Daru,Bulk Carrier,Exports,13251.3,,,,
2019,8,"Papua New Guinea, Daru", Daru,General Cargo,Exports,13722.7,,,,
2019,8,"Papua New Guinea, Daru", Daru,General Cargo,Imports,219.2,,,,
2019,8,"Papua New Guinea, Kavieng Harbor", Kavieng Harbor,Bulk Carrier,Exports,39814.7,,,,
2019,8,"Papua New Guinea, Kavieng Harbor", Kavieng Harbor,Container,Imports,93.9,,,,
2019,8,"Papua New Guinea, Kavieng Harbor", Kavieng Harbor,General Cargo,Exports,3540.4,,,,
2019,8,"Papua New Guinea, Kavieng Harbor", Kavieng Harbor,General Cargo,Imports,163.2,,,,
2019,8,"Papua New Guinea, Kavieng Harbor", Kavieng Harbor,Tanker,Exports,351.3,,,,
2019,8,"Papua New Guinea, Kavieng Harbor", Kavieng Harbor,Tanker,Imports,14.3,,,,
2019,8,"Papua New Guinea, Kieta", Kieta,Container,Imports,1241.8,,,,
2019,8,"Papua New Guinea, Kimbe", Kimbe,Bulk Carrier,Exports,59518,,,,
2019,8,"Papua New Guinea, Kimbe", Kimbe,Container,Exports,876.9,,,,
2019,8,"Papua New Guinea, Kimbe", Kimbe,Container,Imports,1593,,,,
2019,8,"Papua New Guinea, Kimbe", Kimbe,General Cargo,Exports,1540.4,,,,
2019,8,"Papua New Guinea, Kimbe", Kimbe,General Cargo,Imports,1239.2,,,,
2019,8,"Papua New Guinea, Kimbe", Kimbe,Tanker,Exports,9428.9,,,,
2019,8,"Papua New Guinea, Kimbe", Kimbe,Tanker,Imports,2558.5,,,,
2019,8,"Papua New Guinea, Lae", Lae,Bulk Carrier,Imports,17365.5,,,,
2019,8,"Papua New Guinea, Lae", Lae,Container,Exports,7307.5,,,,
2019,8,"Papua New Guinea, Lae", Lae,Container,Imports,37410.1,,,,
2019,8,"Papua New Guinea, Lae", Lae,General Cargo,Exports,17529.6,,,,
2019,8,"Papua New Guinea, Lae", Lae,General Cargo,Imports,11577.7,,,,
2019,8,"Papua New Guinea, Lae", Lae,Tanker,Exports,2730.6,,,,
2019,8,"Papua New Guinea, Lae", Lae,Tanker,Imports,11059.6,,,,
2019,8,"Papua New Guinea, Madang", Madang,Bulk Carrier,Exports,19503.9,,,,
2019,8,"Papua New Guinea, Madang", Madang,Container,Exports,614.1,,,,
2019,8,"Papua New Guinea, Madang", Madang,Container,Imports,2499.6,,,,
2019,8,"Papua New Guinea, Madang", Madang,General Cargo,Exports,1643.9,,,,
2019,8,"Papua New Guinea, Madang", Madang,General Cargo,Imports,3527.2,,,,
2019,8,"Papua New Guinea, Madang", Madang,Tanker,Imports,1625.3,,,,
2019,8,"Papua New Guinea, Oro Bay", Oro Bay,Container,Exports,352.9,,,,
2019,8,"Papua New Guinea, Oro Bay", Oro Bay,Container,Imports,2118.3,,,,
2019,8,"Papua New Guinea, Oro Bay", Oro Bay,General Cargo,Exports,139.1,,,,
2019,8,"Papua New Guinea, Oro Bay", Oro Bay,Tanker,Imports,326.2,,,,
2019,8,"Papua New Guinea, Port Moresby", Port Moresby,Bulk Carrier,Exports,20201.6,,,,
2019,8,"Papua New Guinea, Port Moresby", Port Moresby,Bulk Carrier,Imports,1343.7,,,,
2019,8,"Papua New Guinea, Port Moresby", Port Moresby,Container,Exports,1546.1,,,,
2019,8,"Papua New Guinea, Port Moresby", Port Moresby,Container,Imports,20868.3,,,,
2019,8,"Papua New Guinea, Port Moresby", Port Moresby,General Cargo,Exports,2274.1,,,,
2019,8,"Papua New Guinea, Port Moresby", Port Moresby,General Cargo,Imports,22621.4,,,,
2019,8,"Papua New Guinea, Port Moresby", Port Moresby,Tanker,Exports,169949.4,,,,
2019,8,"Papua New Guinea, Port Moresby", Port Moresby,Tanker,Imports,59629.7,,,,
2019,8,"Papua New Guinea, Put Put", Put Put,Container,Imports,12621.1,,,,
2019,8,"Papua New Guinea, Put Put", Put Put,General Cargo,Imports,870.7,,,,
2019,8,"Papua New Guinea, Put Put", Put Put,Tanker,Imports,1544.9,,,,
2019,8,"Papua New Guinea, Rabaul", Rabaul,Bulk Carrier,Exports,2110.5,,,,
2019,8,"Papua New Guinea, Rabaul", Rabaul,Container,Exports,2676.6,,,,
2019,8,"Papua New Guinea, Rabaul", Rabaul,Container,Imports,5932.8,,,,
2019,8,"Papua New Guinea, Rabaul", Rabaul,General Cargo,Exports,19894.4,,,,
2019,8,"Papua New Guinea, Rabaul", Rabaul,General Cargo,Imports,1209,,,,
2019,8,"Papua New Guinea, Rabaul", Rabaul,Tanker,Exports,2725.2,,,,
2019,8,"Papua New Guinea, Rabaul", Rabaul,Tanker,Imports,4837.3,,,,
2019,8,"Papua New Guinea, Vanimo", Vanimo,Bulk Carrier,Exports,16198.3,,,,
2019,8,"Papua New Guinea, Vanimo", Vanimo,General Cargo,Exports,11501.4,,,,
2019,8,"Papua New Guinea, Vanimo", Vanimo,General Cargo,Imports,1044.9,,,,
2019,8,"Papua New Guinea, Wewak Harbor", Wewak Harbor,Bulk Carrier,Exports,10307.8,,,,
2019,8,"Papua New Guinea, Wewak Harbor", Wewak Harbor,Bulk Carrier,Imports,712.1,,,,
2019,8,"Papua New Guinea, Wewak Harbor", Wewak Harbor,Container,Imports,562.9,,,,
2019,8,"Papua New Guinea, Wewak Harbor", Wewak Harbor,General Cargo,Exports,6808.1,,,,
2019,8,"Papua New Guinea, Wewak Harbor", Wewak Harbor,General Cargo,Imports,5326.9,,,,
2019,8,"Papua New Guinea, Wewak Harbor", Wewak Harbor,Tanker,Imports,2811.1,,,,
2019,8,"Samoa, Apia", Apia,Container,Exports,50674,,,,
2019,8,"Samoa, Apia", Apia,Container,Imports,10193.8,,,,
2019,8,"Samoa, Apia", Apia,General Cargo,Exports,1359.4,,,,
2019,8,"Samoa, Apia", Apia,General Cargo,Imports,3221.4,,,,
2019,8,"Samoa, Apia", Apia,Tanker,Imports,8404.6,,,,
2019,8,"Solomon Islands, Gizo Harbor", Gizo Harbor,General Cargo,Exports,224.3,,,,
2019,8,"Solomon Islands, Honiara", Honiara,Bulk Carrier,Imports,10453.1,,,,
2019,8,"Solomon Islands, Honiara", Honiara,Container,Exports,1272,,,,
2019,8,"Solomon Islands, Honiara", Honiara,Container,Imports,1483.9,,,,
2019,8,"Solomon Islands, Honiara", Honiara,General Cargo,Exports,2787.6,,,,
2019,8,"Solomon Islands, Honiara", Honiara,General Cargo,Imports,2854.1,,,,
2019,8,"Solomon Islands, Honiara", Honiara,Tanker,Exports,119.9,,,,
2019,8,"Solomon Islands, Honiara", Honiara,Tanker,Imports,6015.2,,,,
2019,8,"Solomon Islands, Mbulo", Mbulo,Bulk Carrier,Exports,14394.7,,,,
2019,8,"Solomon Islands, Ndora", Ndora,Bulk Carrier,Exports,8948.5,,,,
2019,8,"Solomon Islands, Port Noro", Port Noro,Bulk Carrier,Exports,99790.8,,,,
2019,8,"Solomon Islands, Port Noro", Port Noro,Bulk Carrier,Imports,50538.9,,,,
2019,8,"Solomon Islands, Port Noro", Port Noro,Container,Exports,262.2,,,,
2019,8,"Solomon Islands, Port Noro", Port Noro,Container,Imports,361.6,,,,
2019,8,"Solomon Islands, Port Noro", Port Noro,General Cargo,Exports,18431.5,,,,
2019,8,"Solomon Islands, Port Noro", Port Noro,Tanker,Imports,3484.4,,,,
2019,8,"Solomon Islands, Rennell Island", Rennell Island,Bulk Carrier,Exports,102885.3,,,,
2019,8,"Tonga, Neiafu", Neiafu,Tanker,Exports,136.1,,,,
2019,8,"Tonga, Neiafu", Neiafu,Tanker,Imports,561.8,,,,
2019,8,"Tonga, Nuku Alofa", Nuku Alofa,Container,Imports,9118.3,,,,
2019,8,"Tonga, Nuku Alofa", Nuku Alofa,General Cargo,Exports,633.7,,,,
2019,8,"Tonga, Nuku Alofa", Nuku Alofa,General Cargo,Imports,927.4,,,,
2019,8,"Tonga, Nuku Alofa", Nuku Alofa,Tanker,Exports,800,,,,
2019,8,"Tonga, Nuku Alofa", Nuku Alofa,Tanker,Imports,719.5,,,,
2019,8,"Tuvalu, Funafuti Atoll", Funafuti Atoll,Container,Imports,396.9,,,,
2019,8,"Tuvalu, Funafuti Atoll", Funafuti Atoll,General Cargo,Exports,977.3,,,,
2019,8,"Vanuatu, Luganville", Luganville,Container,Exports,3113.3,,,,
2019,8,"Vanuatu, Luganville", Luganville,Container,Imports,2537.8,,,,
2019,8,"Vanuatu, Luganville", Luganville,General Cargo,Imports,1303.8,,,,
2019,8,"Vanuatu, Luganville", Luganville,Tanker,Imports,5584.8,,,,
2019,8,"Vanuatu, Port Vila", Port Vila,Container,Exports,1157,,,,
2019,8,"Vanuatu, Port Vila", Port Vila,Container,Imports,4150.4,,,,
2019,8,"Vanuatu, Port Vila", Port Vila,General Cargo,Imports,325.1,,,,
2019,8,"Vanuatu, Port Vila", Port Vila,Tanker,Imports,1041.7,,,,
2019,9,"Fiji, Lautoka Harbor", Lautoka Harbor,Bulk Carrier,Imports,11627.7,,,,
2019,9,"Fiji, Lautoka Harbor", Lautoka Harbor,Container,Exports,13769.7,,,,
2019,9,"Fiji, Lautoka Harbor", Lautoka Harbor,Container,Imports,9053.7,,,,
2019,9,"Fiji, Lautoka Harbor", Lautoka Harbor,General Cargo,Exports,12157.6,,,,
2019,9,"Fiji, Lautoka Harbor", Lautoka Harbor,General Cargo,Imports,7408.9,,,,
2019,9,"Fiji, Lautoka Harbor", Lautoka Harbor,Tanker,Exports,16692.3,,,,
2019,9,"Fiji, Lautoka Harbor", Lautoka Harbor,Tanker,Imports,17901.7,,,,
2019,9,"Fiji, Malai", Malai,Bulk Carrier,Exports,8278.9,,,,
2019,9,"Fiji, Malai", Malai,General Cargo,Exports,5728.6,,,,
2019,9,"Fiji, Malai", Malai,Tanker,Imports,701.1,,,,
2019,9,"Fiji, Suva Harbor", Suva Harbor,Container,Exports,6728.7,,,,
2019,9,"Fiji, Suva Harbor", Suva Harbor,Container,Imports,22050.7,,,,
2019,9,"Fiji, Suva Harbor", Suva Harbor,General Cargo,Imports,7322.5,,,,
2019,9,"Fiji, Suva Harbor", Suva Harbor,Tanker,Exports,721.8,,,,
2019,9,"Fiji, Suva Harbor", Suva Harbor,Tanker,Imports,16571.6,,,,
2019,9,"Kiribati, Kiribati", Kiribati,Container,Imports,396.3,,,,
2019,9,"Kiribati, Kiribati", Kiribati,General Cargo,Imports,1354.1,,,,
2019,9,"Kiribati, Kiribati", Kiribati,Tanker,Exports,4502.5,,,,
2019,9,"Kiribati, Kiribati", Kiribati,Tanker,Imports,1798.9,,,,
2019,9,"Kiribati, Tarawa Atoll", Tarawa Atoll,Container,Imports,3479.4,,,,
2019,9,"Kiribati, Tarawa Atoll", Tarawa Atoll,General Cargo,Exports,4216.9,,,,
2019,9,"Kiribati, Tarawa Atoll", Tarawa Atoll,General Cargo,Imports,240.7,,,,
2019,9,"Marshall Islands, Ebeye", Ebeye,Container,Imports,457.3,,,,
2019,9,"Marshall Islands, Ebeye", Ebeye,General Cargo,Imports,302.8,,,,
2019,9,"Marshall Islands, Kwajalein", Kwajalein,Container,Imports,914.6,,,,
2019,9,"Marshall Islands, Kwajalein", Kwajalein,General Cargo,Imports,235,,,,
2019,9,"Marshall Islands, Kwajalein", Kwajalein,Tanker,Exports,116.5,,,,
2019,9,"Marshall Islands, Majuro Atoll", Majuro Atoll,Container,Imports,4864.9,,,,
2019,9,"Marshall Islands, Majuro Atoll", Majuro Atoll,General Cargo,Exports,22500,,,,
2019,9,"Marshall Islands, Majuro Atoll", Majuro Atoll,General Cargo,Imports,1211.5,,,,
2019,9,"Marshall Islands, Majuro Atoll", Majuro Atoll,Tanker,Exports,83.5,,,,
2019,9,"Marshall Islands, Majuro Atoll", Majuro Atoll,Tanker,Imports,8075.4,,,,
2019,9,"Micronesia, Colonia", Colonia,Container,Imports,1112.4,,,,
2019,9,"Micronesia, Colonia", Colonia,General Cargo,Imports,653.7,,,,
2019,9,"Micronesia, Colonia", Colonia,Tanker,Imports,204.3,,,,
2019,9,"Micronesia, Lele Harbor", Lele Harbor,Container,Exports,298.5,,,,
2019,9,"Micronesia, Lele Harbor", Lele Harbor,Container,Imports,295.6,,,,
2019,9,"Micronesia, Lele Harbor", Lele Harbor,General Cargo,Imports,1272.2,,,,
2019,9,"Micronesia, Lele Harbor", Lele Harbor,Tanker,Imports,834.7,,,,
2019,9,"Micronesia, Moen", Moen,General Cargo,Exports,1315.9,,,,
2019,9,"Micronesia, Moen", Moen,General Cargo,Imports,1290.2,,,,
2019,9,"Micronesia, Moen", Moen,Tanker,Imports,414.3,,,,
2019,9,"Micronesia, Pornpei Harbor", Pornpei Harbor,Container,Exports,888.5,,,,
2019,9,"Micronesia, Pornpei Harbor", Pornpei Harbor,Container,Imports,596.4,,,,
2019,9,"Micronesia, Pornpei Harbor", Pornpei Harbor,General Cargo,Exports,2614.9,,,,
2019,9,"Micronesia, Pornpei Harbor", Pornpei Harbor,General Cargo,Imports,2278.9,,,,
2019,9,"Micronesia, Pornpei Harbor", Pornpei Harbor,Tanker,Exports,420.8,,,,
2019,9,"Nauru, Nauru", Nauru,Bulk Carrier,Exports,12599.7,,,,
2019,9,"Nauru, Nauru", Nauru,General Cargo,Exports,102.9,,,,
2019,9,"Nauru, Nauru", Nauru,General Cargo,Imports,7138,,,,
2019,9,"Palau, Malakal Harbor", Malakal Harbor,Container,Imports,2954.7,,,,
2019,9,"Palau, Malakal Harbor", Malakal Harbor,General Cargo,Exports,193.8,,,,
2019,9,"Palau, Malakal Harbor", Malakal Harbor,Tanker,Imports,1851.3,,,,
2019,9,"Papua New Guinea, Alotoa", Alotoa,Container,Imports,2735.4,,,,
2019,9,"Papua New Guinea, Alotoa", Alotoa,General Cargo,Exports,435.4,,,,
2019,9,"Papua New Guinea, Alotoa", Alotoa,Tanker,Exports,1550.1,,,,
2019,9,"Papua New Guinea, Alotoa", Alotoa,Tanker,Imports,699.8,,,,
2019,9,"Papua New Guinea, Buka", Buka,Container,Imports,283.2,,,,
2019,9,"Papua New Guinea, Buka", Buka,General Cargo,Exports,1100.1,,,,
2019,9,"Papua New Guinea, Daru", Daru,Bulk Carrier,Exports,4798.4,,,,
2019,9,"Papua New Guinea, Daru", Daru,General Cargo,Exports,625.8,,,,
2019,9,"Papua New Guinea, Kavieng Harbor", Kavieng Harbor,Bulk Carrier,Exports,25410,,,,
2019,9,"Papua New Guinea, Kavieng Harbor", Kavieng Harbor,Container,Imports,1133.2,,,,
2019,9,"Papua New Guinea, Kavieng Harbor", Kavieng Harbor,Tanker,Exports,240.3,,,,
2019,9,"Papua New Guinea, Kavieng Harbor", Kavieng Harbor,Tanker,Imports,545.9,,,,
2019,9,"Papua New Guinea, Kieta", Kieta,Container,Imports,2698.3,,,,
2019,9,"Papua New Guinea, Kimbe", Kimbe,Bulk Carrier,Exports,74112.9,,,,
2019,9,"Papua New Guinea, Kimbe", Kimbe,Container,Exports,1847.3,,,,
2019,9,"Papua New Guinea, Kimbe", Kimbe,Container,Imports,3040.6,,,,
2019,9,"Papua New Guinea, Kimbe", Kimbe,General Cargo,Exports,5895.3,,,,
2019,9,"Papua New Guinea, Kimbe", Kimbe,General Cargo,Imports,762.1,,,,
2019,9,"Papua New Guinea, Kimbe", Kimbe,Tanker,Exports,27528.9,,,,
2019,9,"Papua New Guinea, Kimbe", Kimbe,Tanker,Imports,3346,,,,
2019,9,"Papua New Guinea, Lae", Lae,Bulk Carrier,Imports,10407.4,,,,
2019,9,"Papua New Guinea, Lae", Lae,Container,Exports,11228.9,,,,
2019,9,"Papua New Guinea, Lae", Lae,Container,Imports,50018.5,,,,
2019,9,"Papua New Guinea, Lae", Lae,General Cargo,Exports,10177.5,,,,
2019,9,"Papua New Guinea, Lae", Lae,General Cargo,Imports,1996.5,,,,
2019,9,"Papua New Guinea, Lae", Lae,Tanker,Exports,7979.9,,,,
2019,9,"Papua New Guinea, Lae", Lae,Tanker,Imports,6795.8,,,,
2019,9,"Papua New Guinea, Madang", Madang,Bulk Carrier,Exports,19821.7,,,,
2019,9,"Papua New Guinea, Madang", Madang,Container,Exports,1076.8,,,,
2019,9,"Papua New Guinea, Madang", Madang,Container,Imports,1354.3,,,,
2019,9,"Papua New Guinea, Madang", Madang,General Cargo,Exports,3538.3,,,,
2019,9,"Papua New Guinea, Madang", Madang,General Cargo,Imports,1510.3,,,,
2019,9,"Papua New Guinea, Madang", Madang,Tanker,Exports,7588.2,,,,
2019,9,"Papua New Guinea, Madang", Madang,Tanker,Imports,492.5,,,,
2019,9,"Papua New Guinea, Oro Bay", Oro Bay,Container,Exports,366.2,,,,
2019,9,"Papua New Guinea, Oro Bay", Oro Bay,Container,Imports,1090.3,,,,
2019,9,"Papua New Guinea, Oro Bay", Oro Bay,General Cargo,Imports,5095,,,,
2019,9,"Papua New Guinea, Oro Bay", Oro Bay,Tanker,Exports,919.1,,,,
2019,9,"Papua New Guinea, Oro Bay", Oro Bay,Tanker,Imports,325,,,,
2019,9,"Papua New Guinea, Port Moresby", Port Moresby,Bulk Carrier,Exports,17129.3,,,,
2019,9,"Papua New Guinea, Port Moresby", Port Moresby,Bulk Carrier,Imports,13211.6,,,,
2019,9,"Papua New Guinea, Port Moresby", Port Moresby,Container,Exports,6593.8,,,,
2019,9,"Papua New Guinea, Port Moresby", Port Moresby,Container,Imports,13697.6,,,,
2019,9,"Papua New Guinea, Port Moresby", Port Moresby,General Cargo,Exports,10787.7,,,,
2019,9,"Papua New Guinea, Port Moresby", Port Moresby,General Cargo,Imports,7805.4,,,,
2019,9,"Papua New Guinea, Port Moresby", Port Moresby,Tanker,Exports,245312.1,,,,
2019,9,"Papua New Guinea, Port Moresby", Port Moresby,Tanker,Imports,9004.7,,,,
2019,9,"Papua New Guinea, Put Put", Put Put,Container,Exports,1381.8,,,,
2019,9,"Papua New Guinea, Put Put", Put Put,Container,Imports,3750.2,,,,
2019,9,"Papua New Guinea, Put Put", Put Put,General Cargo,Imports,6488,,,,
2019,9,"Papua New Guinea, Put Put", Put Put,Tanker,Imports,7898.3,,,,
2019,9,"Papua New Guinea, Rabaul", Rabaul,Bulk Carrier,Exports,16165.4,,,,
2019,9,"Papua New Guinea, Rabaul", Rabaul,Container,Exports,1131.3,,,,
2019,9,"Papua New Guinea, Rabaul", Rabaul,Container,Imports,4614.5,,,,
2019,9,"Papua New Guinea, Rabaul", Rabaul,General Cargo,Exports,6697.4,,,,
2019,9,"Papua New Guinea, Rabaul", Rabaul,General Cargo,Imports,3614.1,,,,
2019,9,"Papua New Guinea, Rabaul", Rabaul,Tanker,Exports,5611.3,,,,
2019,9,"Papua New Guinea, Rabaul", Rabaul,Tanker,Imports,3707.4,,,,
2019,9,"Papua New Guinea, Vanimo", Vanimo,Bulk Carrier,Exports,34949.1,,,,
2019,9,"Papua New Guinea, Vanimo", Vanimo,General Cargo,Exports,23882.5,,,,
2019,9,"Papua New Guinea, Vanimo", Vanimo,General Cargo,Imports,514,,,,
2019,9,"Papua New Guinea, Vanimo", Vanimo,Tanker,Imports,1801.3,,,,
2019,9,"Papua New Guinea, Wewak Harbor", Wewak Harbor,Bulk Carrier,Exports,3965.6,,,,
2019,9,"Papua New Guinea, Wewak Harbor", Wewak Harbor,Container,Exports,261.6,,,,
2019,9,"Papua New Guinea, Wewak Harbor", Wewak Harbor,Container,Imports,305.5,,,,
2019,9,"Papua New Guinea, Wewak Harbor", Wewak Harbor,General Cargo,Exports,6160,,,,
2019,9,"Papua New Guinea, Wewak Harbor", Wewak Harbor,General Cargo,Imports,574,,,,
2019,9,"Papua New Guinea, Wewak Harbor", Wewak Harbor,Tanker,Imports,3654.5,,,,
2019,9,"Samoa, Apia", Apia,Container,Exports,3379.1,,,,
2019,9,"Samoa, Apia", Apia,Container,Imports,7465.4,,,,
2019,9,"Samoa, Apia", Apia,General Cargo,Exports,2146.6,,,,
2019,9,"Samoa, Apia", Apia,General Cargo,Imports,2105.1,,,,
2019,9,"Samoa, Apia", Apia,Tanker,Imports,6699.5,,,,
2019,9,"Solomon Islands, Honiara", Honiara,Container,Exports,707.3,,,,
2019,9,"Solomon Islands, Honiara", Honiara,Container,Imports,17623.6,,,,
2019,9,"Solomon Islands, Honiara", Honiara,General Cargo,Exports,1029.9,,,,
2019,9,"Solomon Islands, Honiara", Honiara,General Cargo,Imports,1477.2,,,,
2019,9,"Solomon Islands, Honiara", Honiara,Tanker,Exports,2593.6,,,,
2019,9,"Solomon Islands, Honiara", Honiara,Tanker,Imports,4405.6,,,,
2019,9,"Solomon Islands, Mbulo", Mbulo,Bulk Carrier,Exports,9244.9,,,,
2019,9,"Solomon Islands, Mbulo", Mbulo,Container,Exports,351.5,,,,
2019,9,"Solomon Islands, Port Noro", Port Noro,Bulk Carrier,Exports,77059.5,,,,
2019,9,"Solomon Islands, Port Noro", Port Noro,Bulk Carrier,Imports,1346.4,,,,
2019,9,"Solomon Islands, Port Noro", Port Noro,Container,Imports,1710.3,,,,
2019,9,"Solomon Islands, Port Noro", Port Noro,General Cargo,Exports,4854.6,,,,
2019,9,"Solomon Islands, Rennell Island", Rennell Island,Bulk Carrier,Exports,62227.8,,,,
2019,9,"Tonga, Neiafu", Neiafu,General Cargo,Imports,336.1,,,,
2019,9,"Tonga, Neiafu", Neiafu,Tanker,Imports,125,,,,
2019,9,"Tonga, Nuku Alofa", Nuku Alofa,Container,Imports,7478.5,,,,
2019,9,"Tonga, Nuku Alofa", Nuku Alofa,General Cargo,Exports,760.3,,,,
2019,9,"Tonga, Nuku Alofa", Nuku Alofa,General Cargo,Imports,4012.3,,,,
2019,9,"Tonga, Nuku Alofa", Nuku Alofa,Tanker,Imports,2058.9,,,,
2019,9,"Tuvalu, Funafuti Atoll", Funafuti Atoll,Container,Imports,2414.6,,,,
2019,9,"Tuvalu, Funafuti Atoll", Funafuti Atoll,General Cargo,Exports,8405.7,,,,
2019,9,"Tuvalu, Funafuti Atoll", Funafuti Atoll,Tanker,Exports,0.2,,,,
2019,9,"Vanuatu, Luganville", Luganville,Container,Exports,386.5,,,,
2019,9,"Vanuatu, Luganville", Luganville,Container,Imports,4078.3,,,,
2019,9,"Vanuatu, Luganville", Luganville,General Cargo,Exports,1298.6,,,,
2019,9,"Vanuatu, Port Vila", Port Vila,Container,Exports,1428.8,,,,
2019,9,"Vanuatu, Port Vila", Port Vila,Container,Imports,4225,,,,
2019,9,"Vanuatu, Port Vila", Port Vila,General Cargo,Imports,1298.6,,,,
2019,9,"Vanuatu, Port Vila", Port Vila,Tanker,Imports,1383.1,,,,
2019,10,"Fiji, Lautoka Harbor", Lautoka Harbor,Container,Exports,18209.9,,,,
2019,10,"Fiji, Lautoka Harbor", Lautoka Harbor,Container,Imports,9357.6,,,,
2019,10,"Fiji, Lautoka Harbor", Lautoka Harbor,General Cargo,Exports,596.4,,,,
2019,10,"Fiji, Lautoka Harbor", Lautoka Harbor,General Cargo,Imports,6874.6,,,,
2019,10,"Fiji, Lautoka Harbor", Lautoka Harbor,Tanker,Exports,15597.6,,,,
2019,10,"Fiji, Lautoka Harbor", Lautoka Harbor,Tanker,Imports,29263.1,,,,
2019,10,"Fiji, Malai", Malai,Tanker,Exports,3133.2,,,,
2019,10,"Fiji, Malai", Malai,Tanker,Imports,526.9,,,,
2019,10,"Fiji, Suva Harbor", Suva Harbor,Container,Exports,5521.5,,,,
2019,10,"Fiji, Suva Harbor", Suva Harbor,Container,Imports,15795.5,,,,
2019,10,"Fiji, Suva Harbor", Suva Harbor,General Cargo,Exports,1402.6,,,,
2019,10,"Fiji, Suva Harbor", Suva Harbor,General Cargo,Imports,20635.2,,,,
2019,10,"Fiji, Suva Harbor", Suva Harbor,Tanker,Exports,663.2,,,,
2019,10,"Fiji, Suva Harbor", Suva Harbor,Tanker,Imports,8180.6,,,,
2019,10,"Kiribati, Kiribati", Kiribati,Tanker,Imports,6790.2,,,,
2019,10,"Kiribati, Tarawa Atoll", Tarawa Atoll,Container,Exports,197.7,,,,
2019,10,"Kiribati, Tarawa Atoll", Tarawa Atoll,Container,Imports,1760.2,,,,
2019,10,"Kiribati, Tarawa Atoll", Tarawa Atoll,General Cargo,Exports,274.4,,,,
2019,10,"Kiribati, Tarawa Atoll", Tarawa Atoll,General Cargo,Imports,603.9,,,,
2019,10,"Marshall Islands, Ebeye", Ebeye,General Cargo,Imports,1421.7,,,,
2019,10,"Marshall Islands, Kwajalein", Kwajalein,General Cargo,Exports,473.6,,,,
2019,10,"Marshall Islands, Kwajalein", Kwajalein,General Cargo,Imports,413.2,,,,
2019,10,"Marshall Islands, Kwajalein", Kwajalein,Tanker,Imports,317,,,,
2019,10,"Marshall Islands, Majuro Atoll", Majuro Atoll,Container,Exports,303,,,,
2019,10,"Marshall Islands, Majuro Atoll", Majuro Atoll,Container,Imports,4968.2,,,,
2019,10,"Marshall Islands, Majuro Atoll", Majuro Atoll,General Cargo,Exports,11230,,,,
2019,10,"Marshall Islands, Majuro Atoll", Majuro Atoll,General Cargo,Imports,2858.3,,,,
2019,10,"Marshall Islands, Majuro Atoll", Majuro Atoll,Tanker,Imports,417.8,,,,
2019,10,"Micronesia, Colonia", Colonia,Container,Imports,1112.4,,,,
2019,10,"Micronesia, Colonia", Colonia,General Cargo,Imports,567.9,,,,
2019,10,"Micronesia, Lele Harbor", Lele Harbor,Container,Exports,1188.2,,,,
2019,10,"Micronesia, Lele Harbor", Lele Harbor,General Cargo,Exports,256.3,,,,
2019,10,"Micronesia, Lele Harbor", Lele Harbor,General Cargo,Imports,2310,,,,
2019,10,"Micronesia, Moen", Moen,General Cargo,Exports,45.7,,,,
2019,10,"Micronesia, Moen", Moen,General Cargo,Imports,701.5,,,,
2019,10,"Micronesia, Moen", Moen,Tanker,Imports,1260.2,,,,
2019,10,"Micronesia, Pornpei Harbor", Pornpei Harbor,Container,Exports,296.1,,,,
2019,10,"Micronesia, Pornpei Harbor", Pornpei Harbor,Container,Imports,595.2,,,,
2019,10,"Micronesia, Pornpei Harbor", Pornpei Harbor,General Cargo,Imports,2879.9,,,,
2019,10,"Micronesia, Pornpei Harbor", Pornpei Harbor,Tanker,Imports,2522.4,,,,
2019,10,"Nauru, Nauru", Nauru,General Cargo,Imports,1713.4,,,,
2019,10,"Palau, Malakal Harbor", Malakal Harbor,Container,Imports,2957.4,,,,
2019,10,"Palau, Malakal Harbor", Malakal Harbor,General Cargo,Exports,391.4,,,,
2019,10,"Palau, Malakal Harbor", Malakal Harbor,General Cargo,Imports,781.8,,,,
2019,10,"Papua New Guinea, Alotoa", Alotoa,Bulk Carrier,Exports,7908.4,,,,
2019,10,"Papua New Guinea, Alotoa", Alotoa,Container,Imports,1440.5,,,,
2019,10,"Papua New Guinea, Alotoa", Alotoa,General Cargo,Exports,6145.7,,,,
2019,10,"Papua New Guinea, Alotoa", Alotoa,General Cargo,Imports,1873.9,,,,
2019,10,"Papua New Guinea, Alotoa", Alotoa,Tanker,Imports,1470.5,,,,
2019,10,"Papua New Guinea, Buka", Buka,Container,Imports,1477.8,,,,
2019,10,"Papua New Guinea, Buka", Buka,General Cargo,Exports,1034.3,,,,
2019,10,"Papua New Guinea, Daru", Daru,General Cargo,Exports,3992.2,,,,
2019,10,"Papua New Guinea, Kavieng Harbor", Kavieng Harbor,Bulk Carrier,Exports,40868.5,,,,
2019,10,"Papua New Guinea, Kavieng Harbor", Kavieng Harbor,Container,Imports,2349.9,,,,
2019,10,"Papua New Guinea, Kavieng Harbor", Kavieng Harbor,General Cargo,Exports,12070.3,,,,
2019,10,"Papua New Guinea, Kavieng Harbor", Kavieng Harbor,Tanker,Exports,80.1,,,,
2019,10,"Papua New Guinea, Kavieng Harbor", Kavieng Harbor,Tanker,Imports,543,,,,
2019,10,"Papua New Guinea, Kieta", Kieta,Container,Exports,562.2,,,,
2019,10,"Papua New Guinea, Kieta", Kieta,Container,Imports,553.5,,,,
2019,10,"Papua New Guinea, Kieta", Kieta,General Cargo,Exports,293.3,,,,
2019,10,"Papua New Guinea, Kimbe", Kimbe,Bulk Carrier,Exports,65274.5,,,,
2019,10,"Papua New Guinea, Kimbe", Kimbe,Container,Exports,1622.2,,,,
2019,10,"Papua New Guinea, Kimbe", Kimbe,Container,Imports,1531.9,,,,
2019,10,"Papua New Guinea, Kimbe", Kimbe,General Cargo,Exports,7545.9,,,,
2019,10,"Papua New Guinea, Kimbe", Kimbe,General Cargo,Imports,3610.1,,,,
2019,10,"Papua New Guinea, Kimbe", Kimbe,Tanker,Exports,10248.3,,,,
2019,10,"Papua New Guinea, Kimbe", Kimbe,Tanker,Imports,1420.8,,,,
2019,10,"Papua New Guinea, Lae", Lae,Bulk Carrier,Imports,6587.8,,,,
2019,10,"Papua New Guinea, Lae", Lae,Container,Exports,11431,,,,
2019,10,"Papua New Guinea, Lae", Lae,Container,Imports,56683.3,,,,
2019,10,"Papua New Guinea, Lae", Lae,General Cargo,Exports,9628.8,,,,
2019,10,"Papua New Guinea, Lae", Lae,General Cargo,Imports,9862.3,,,,
2019,10,"Papua New Guinea, Lae", Lae,Tanker,Exports,5050.6,,,,
2019,10,"Papua New Guinea, Lae", Lae,Tanker,Imports,19291.4,,,,
2019,10,"Papua New Guinea, Madang", Madang,Bulk Carrier,Exports,21214.4,,,,
2019,10,"Papua New Guinea, Madang", Madang,Container,Imports,2192.3,,,,
2019,10,"Papua New Guinea, Madang", Madang,General Cargo,Exports,7368.9,,,,
2019,10,"Papua New Guinea, Madang", Madang,General Cargo,Imports,50.5,,,,
2019,10,"Papua New Guinea, Madang", Madang,Tanker,Exports,380,,,,
2019,10,"Papua New Guinea, Madang", Madang,Tanker,Imports,2497.7,,,,
2019,10,"Papua New Guinea, Oro Bay", Oro Bay,Bulk Carrier,Exports,8916.4,,,,
2019,10,"Papua New Guinea, Oro Bay", Oro Bay,Container,Imports,607.4,,,,
2019,10,"Papua New Guinea, Oro Bay", Oro Bay,General Cargo,Imports,1925.6,,,,
2019,10,"Papua New Guinea, Oro Bay", Oro Bay,Tanker,Exports,2453.2,,,,
2019,10,"Papua New Guinea, Port Moresby", Port Moresby,Bulk Carrier,Exports,735,,,,
2019,10,"Papua New Guinea, Port Moresby", Port Moresby,Bulk Carrier,Imports,8370.9,,,,
2019,10,"Papua New Guinea, Port Moresby", Port Moresby,Container,Exports,2017.4,,,,
2019,10,"Papua New Guinea, Port Moresby", Port Moresby,Container,Imports,28666.4,,,,
2019,10,"Papua New Guinea, Port Moresby", Port Moresby,General Cargo,Exports,33677.5,,,,
2019,10,"Papua New Guinea, Port Moresby", Port Moresby,General Cargo,Imports,8897,,,,
2019,10,"Papua New Guinea, Port Moresby", Port Moresby,Tanker,Exports,196948.4,,,,
2019,10,"Papua New Guinea, Port Moresby", Port Moresby,Tanker,Imports,43442.8,,,,
2019,10,"Papua New Guinea, Put Put", Put Put,Container,Exports,3949.1,,,,
2019,10,"Papua New Guinea, Put Put", Put Put,Container,Imports,7049,,,,
2019,10,"Papua New Guinea, Put Put", Put Put,General Cargo,Exports,1150.5,,,,
2019,10,"Papua New Guinea, Put Put", Put Put,General Cargo,Imports,1426.7,,,,
2019,10,"Papua New Guinea, Put Put", Put Put,Tanker,Imports,16970.1,,,,
2019,10,"Papua New Guinea, Rabaul", Rabaul,Bulk Carrier,Exports,22276.9,,,,
2019,10,"Papua New Guinea, Rabaul", Rabaul,Container,Exports,2944.1,,,,
2019,10,"Papua New Guinea, Rabaul", Rabaul,Container,Imports,5347.7,,,,
2019,10,"Papua New Guinea, Rabaul", Rabaul,General Cargo,Exports,17811.5,,,,
2019,10,"Papua New Guinea, Rabaul", Rabaul,General Cargo,Imports,4071.8,,,,
2019,10,"Papua New Guinea, Rabaul", Rabaul,Tanker,Exports,279.1,,,,
2019,10,"Papua New Guinea, Rabaul", Rabaul,Tanker,Imports,7614.4,,,,
2019,10,"Papua New Guinea, Vanimo", Vanimo,Bulk Carrier,Exports,29269.3,,,,
2019,10,"Papua New Guinea, Vanimo", Vanimo,General Cargo,Exports,9056,,,,
2019,10,"Papua New Guinea, Vanimo", Vanimo,General Cargo,Imports,441.7,,,,
2019,10,"Papua New Guinea, Vanimo", Vanimo,Tanker,Exports,279.1,,,,
2019,10,"Papua New Guinea, Wewak Harbor", Wewak Harbor,Bulk Carrier,Exports,1521,,,,
2019,10,"Papua New Guinea, Wewak Harbor", Wewak Harbor,Container,Exports,1568.3,,,,
2019,10,"Papua New Guinea, Wewak Harbor", Wewak Harbor,General Cargo,Exports,34.9,,,,
2019,10,"Papua New Guinea, Wewak Harbor", Wewak Harbor,General Cargo,Imports,3871,,,,
2019,10,"Papua New Guinea, Wewak Harbor", Wewak Harbor,Tanker,Exports,362.1,,,,
2019,10,"Papua New Guinea, Wewak Harbor", Wewak Harbor,Tanker,Imports,566.7,,,,
2019,10,"Samoa, Apia", Apia,Container,Imports,11038.1,,,,
2019,10,"Samoa, Apia", Apia,General Cargo,Exports,251.3,,,,
2019,10,"Samoa, Apia", Apia,General Cargo,Imports,2819.8,,,,
2019,10,"Samoa, Apia", Apia,Tanker,Imports,714.2,,,,
2019,10,"Solomon Islands, Honiara", Honiara,Bulk Carrier,Imports,766.9,,,,
2019,10,"Solomon Islands, Honiara", Honiara,Container,Exports,1380.5,,,,
2019,10,"Solomon Islands, Honiara", Honiara,Container,Imports,13322.9,,,,
2019,10,"Solomon Islands, Honiara", Honiara,General Cargo,Exports,1794.8,,,,
2019,10,"Solomon Islands, Honiara", Honiara,General Cargo,Imports,4563.7,,,,
2019,10,"Solomon Islands, Honiara", Honiara,Tanker,Exports,133.3,,,,
2019,10,"Solomon Islands, Honiara", Honiara,Tanker,Imports,14579.7,,,,
2019,10,"Solomon Islands, Ndora", Ndora,Bulk Carrier,Exports,20344.3,,,,
2019,10,"Solomon Islands, Ndora", Ndora,General Cargo,Exports,2960.8,,,,
2019,10,"Solomon Islands, Port Noro", Port Noro,Bulk Carrier,Exports,128104.2,,,,
2019,10,"Solomon Islands, Port Noro", Port Noro,Bulk Carrier,Imports,383.2,,,,
2019,10,"Solomon Islands, Port Noro", Port Noro,Container,Exports,423.1,,,,
2019,10,"Solomon Islands, Port Noro", Port Noro,Container,Imports,736.9,,,,
2019,10,"Solomon Islands, Port Noro", Port Noro,General Cargo,Exports,9966.2,,,,
2019,10,"Solomon Islands, Port Noro", Port Noro,General Cargo,Imports,1820.1,,,,
2019,10,"Solomon Islands, Rennell Island", Rennell Island,Bulk Carrier,Exports,43826.8,,,,
2019,10,"Solomon Islands, Ringgi Cove", Ringgi Cove,General Cargo,Exports,1063.8,,,,
2019,10,"Tonga, Neiafu", Neiafu,General Cargo,Imports,2026.9,,,,
2019,10,"Tonga, Neiafu", Neiafu,Tanker,Imports,309.4,,,,
2019,10,"Tonga, Nuku Alofa", Nuku Alofa,Container,Exports,1522.7,,,,
2019,10,"Tonga, Nuku Alofa", Nuku Alofa,Container,Imports,4075.7,,,,
2019,10,"Tonga, Nuku Alofa", Nuku Alofa,General Cargo,Exports,1177.5,,,,
2019,10,"Tonga, Nuku Alofa", Nuku Alofa,General Cargo,Imports,4266.7,,,,
2019,10,"Tonga, Nuku Alofa", Nuku Alofa,Tanker,Exports,193.2,,,,
2019,10,"Tonga, Nuku Alofa", Nuku Alofa,Tanker,Imports,1087.5,,,,
2019,10,"Tuvalu, Funafuti Atoll", Funafuti Atoll,Container,Imports,2606.6,,,,
2019,10,"Tuvalu, Funafuti Atoll", Funafuti Atoll,General Cargo,Exports,11462.3,,,,
2019,10,"Tuvalu, Funafuti Atoll", Funafuti Atoll,General Cargo,Imports,787.8,,,,
2019,10,"Tuvalu, Funafuti Atoll", Funafuti Atoll,Tanker,Imports,309.5,,,,
2019,10,"Vanuatu, Luganville", Luganville,Container,Imports,1903.6,,,,
2019,10,"Vanuatu, Luganville", Luganville,General Cargo,Exports,442.3,,,,
2019,10,"Vanuatu, Luganville", Luganville,General Cargo,Imports,278.7,,,,
2019,10,"Vanuatu, Luganville", Luganville,Tanker,Imports,2535.7,,,,
2019,10,"Vanuatu, Port Vila", Port Vila,Container,Imports,6505.8,,,,
2019,10,"Vanuatu, Port Vila", Port Vila,General Cargo,Exports,325.4,,,,
2019,10,"Vanuatu, Port Vila", Port Vila,General Cargo,Imports,325.9,,,,
2019,10,"Vanuatu, Port Vila", Port Vila,Tanker,Imports,5127,,,,
2019,11,"Fiji, Lautoka Harbor", Lautoka Harbor,Bulk Carrier,Exports,34013.1,,,,
2019,11,"Fiji, Lautoka Harbor", Lautoka Harbor,Bulk Carrier,Imports,14740.2,,,,
2019,11,"Fiji, Lautoka Harbor", Lautoka Harbor,Container,Exports,8533.4,,,,
2019,11,"Fiji, Lautoka Harbor", Lautoka Harbor,Container,Imports,8833.9,,,,
2019,11,"Fiji, Lautoka Harbor", Lautoka Harbor,General Cargo,Exports,1606.8,,,,
2019,11,"Fiji, Lautoka Harbor", Lautoka Harbor,General Cargo,Imports,2833,,,,
2019,11,"Fiji, Lautoka Harbor", Lautoka Harbor,Tanker,Exports,4925.1,,,,
2019,11,"Fiji, Lautoka Harbor", Lautoka Harbor,Tanker,Imports,29938.6,,,,
2019,11,"Fiji, Malai", Malai,Bulk Carrier,Exports,6994,,,,
2019,11,"Fiji, Malai", Malai,Tanker,Exports,272,,,,
2019,11,"Fiji, Malai", Malai,Tanker,Imports,504.6,,,,
2019,11,"Fiji, Nabouwalu Jetty", Nabouwalu Jetty,Bulk Carrier,Exports,19839.8,,,,
2019,11,"Fiji, Suva Harbor", Suva Harbor,Bulk Carrier,Imports,15416.8,,,,
2019,11,"Fiji, Suva Harbor", Suva Harbor,Container,Exports,6849.3,,,,
2019,11,"Fiji, Suva Harbor", Suva Harbor,Container,Imports,21499,,,,
2019,11,"Fiji, Suva Harbor", Suva Harbor,General Cargo,Exports,3788.8,,,,
2019,11,"Fiji, Suva Harbor", Suva Harbor,General Cargo,Imports,9544.5,,,,
2019,11,"Fiji, Suva Harbor", Suva Harbor,Tanker,Imports,13171.1,,,,
2019,11,"Kiribati, Kiribati", Kiribati,Container,Imports,197.7,,,,
2019,11,"Kiribati, Kiribati", Kiribati,General Cargo,Exports,1648.4,,,,
2019,11,"Kiribati, Kiribati", Kiribati,General Cargo,Imports,1354.1,,,,
2019,11,"Kiribati, Kiribati", Kiribati,Tanker,Exports,2054.7,,,,
2019,11,"Kiribati, Kiribati", Kiribati,Tanker,Imports,5927.3,,,,
2019,11,"Kiribati, Tarawa Atoll", Tarawa Atoll,Container,Imports,2710.7,,,,
2019,11,"Kiribati, Tarawa Atoll", Tarawa Atoll,General Cargo,Imports,2005.8,,,,
2019,11,"Marshall Islands, Ebeye", Ebeye,Container,Imports,1728.3,,,,
2019,11,"Marshall Islands, Kwajalein", Kwajalein,Container,Imports,457.3,,,,
2019,11,"Marshall Islands, Majuro Atoll", Majuro Atoll,Container,Exports,601.7,,,,
2019,11,"Marshall Islands, Majuro Atoll", Majuro Atoll,Container,Imports,5416.5,,,,
2019,11,"Marshall Islands, Majuro Atoll", Majuro Atoll,General Cargo,Exports,11474.7,,,,
2019,11,"Marshall Islands, Majuro Atoll", Majuro Atoll,General Cargo,Imports,1462.4,,,,
2019,11,"Marshall Islands, Majuro Atoll", Majuro Atoll,Tanker,Exports,627,,,,
2019,11,"Micronesia, Colonia", Colonia,Container,Imports,3862.4,,,,
2019,11,"Micronesia, Colonia", Colonia,General Cargo,Imports,567.9,,,,
2019,11,"Micronesia, Colonia", Colonia,Tanker,Imports,414.3,,,,
2019,11,"Micronesia, Lele Harbor", Lele Harbor,Container,Exports,298.5,,,,
2019,11,"Micronesia, Lele Harbor", Lele Harbor,Container,Imports,293.7,,,,
2019,11,"Micronesia, Lele Harbor", Lele Harbor,General Cargo,Imports,509.3,,,,
2019,11,"Micronesia, Moen", Moen,General Cargo,Exports,257.4,,,,
2019,11,"Micronesia, Moen", Moen,General Cargo,Imports,2303.5,,,,
2019,11,"Micronesia, Moen", Moen,Tanker,Imports,1045.9,,,,
2019,11,"Micronesia, Pornpei Harbor", Pornpei Harbor,Container,Imports,1186.7,,,,
2019,11,"Micronesia, Pornpei Harbor", Pornpei Harbor,General Cargo,Exports,1794,,,,
2019,11,"Micronesia, Pornpei Harbor", Pornpei Harbor,General Cargo,Imports,3604.7,,,,
2019,11,"Micronesia, Pornpei Harbor", Pornpei Harbor,Tanker,Exports,1049.7,,,,
2019,11,"Nauru, Nauru", Nauru,General Cargo,Imports,1713.4,,,,
2019,11,"Nauru, Nauru", Nauru,Tanker,Exports,1435.2,,,,
2019,11,"Nauru, Nauru", Nauru,Tanker,Imports,1692.1,,,,
2019,11,"Palau, Malakal Harbor", Malakal Harbor,Container,Imports,3210.5,,,,
2019,11,"Palau, Malakal Harbor", Malakal Harbor,General Cargo,Imports,509.3,,,,
2019,11,"Palau, Malakal Harbor", Malakal Harbor,Tanker,Imports,2084.6,,,,
2019,11,"Papua New Guinea, Alotoa", Alotoa,Bulk Carrier,Exports,9622.9,,,,
2019,11,"Papua New Guinea, Alotoa", Alotoa,Container,Imports,3519,,,,
2019,11,"Papua New Guinea, Alotoa", Alotoa,Tanker,Imports,774.6,,,,
2019,11,"Papua New Guinea, Buka", Buka,Container,Exports,377.7,,,,
2019,11,"Papua New Guinea, Buka", Buka,Container,Imports,946.8,,,,
2019,11,"Papua New Guinea, Daru", Daru,Bulk Carrier,Exports,18284.2,,,,
2019,11,"Papua New Guinea, Daru", Daru,General Cargo,Exports,2408.7,,,,
2019,11,"Papua New Guinea, Kavieng Harbor", Kavieng Harbor,Bulk Carrier,Exports,23936.4,,,,
2019,11,"Papua New Guinea, Kavieng Harbor", Kavieng Harbor,Bulk Carrier,Imports,11638.7,,,,
2019,11,"Papua New Guinea, Kavieng Harbor", Kavieng Harbor,Container,Imports,54.5,,,,
2019,11,"Papua New Guinea, Kavieng Harbor", Kavieng Harbor,Tanker,Exports,2085.3,,,,
2019,11,"Papua New Guinea, Kavieng Harbor", Kavieng Harbor,Tanker,Imports,381.3,,,,
2019,11,"Papua New Guinea, Kieta", Kieta,Container,Imports,417.1,,,,
2019,11,"Papua New Guinea, Kimbe", Kimbe,Bulk Carrier,Exports,68319.7,,,,
2019,11,"Papua New Guinea, Kimbe", Kimbe,Container,Exports,1110.7,,,,
2019,11,"Papua New Guinea, Kimbe", Kimbe,Container,Imports,2680.6,,,,
2019,11,"Papua New Guinea, Kimbe", Kimbe,General Cargo,Exports,3449.8,,,,
2019,11,"Papua New Guinea, Kimbe", Kimbe,General Cargo,Imports,1476.8,,,,
2019,11,"Papua New Guinea, Kimbe", Kimbe,Tanker,Exports,13818.3,,,,
2019,11,"Papua New Guinea, Kimbe", Kimbe,Tanker,Imports,3563.7,,,,
2019,11,"Papua New Guinea, Lae", Lae,Bulk Carrier,Exports,3518.2,,,,
2019,11,"Papua New Guinea, Lae", Lae,Bulk Carrier,Imports,7665.1,,,,
2019,11,"Papua New Guinea, Lae", Lae,Container,Exports,14135.9,,,,
2019,11,"Papua New Guinea, Lae", Lae,Container,Imports,35328.1,,,,
2019,11,"Papua New Guinea, Lae", Lae,General Cargo,Exports,12186,,,,
2019,11,"Papua New Guinea, Lae", Lae,General Cargo,Imports,8017.9,,,,
2019,11,"Papua New Guinea, Lae", Lae,Tanker,Exports,114.8,,,,
2019,11,"Papua New Guinea, Lae", Lae,Tanker,Imports,13178.5,,,,
2019,11,"Papua New Guinea, Madang", Madang,Bulk Carrier,Exports,20374.6,,,,
2019,11,"Papua New Guinea, Madang", Madang,Container,Exports,2499.4,,,,
2019,11,"Papua New Guinea, Madang", Madang,Container,Imports,567.1,,,,
2019,11,"Papua New Guinea, Madang", Madang,General Cargo,Exports,1734.7,,,,
2019,11,"Papua New Guinea, Madang", Madang,General Cargo,Imports,1472.1,,,,
2019,11,"Papua New Guinea, Madang", Madang,Tanker,Imports,1977,,,,
2019,11,"Papua New Guinea, Oro Bay", Oro Bay,Container,Imports,926.1,,,,
2019,11,"Papua New Guinea, Oro Bay", Oro Bay,General Cargo,Exports,1989.5,,,,
2019,11,"Papua New Guinea, Oro Bay", Oro Bay,Tanker,Exports,974.8,,,,
2019,11,"Papua New Guinea, Port Moresby", Port Moresby,Bulk Carrier,Exports,15706.8,,,,
2019,11,"Papua New Guinea, Port Moresby", Port Moresby,Bulk Carrier,Imports,18316.9,,,,
2019,11,"Papua New Guinea, Port Moresby", Port Moresby,Container,Exports,5949.6,,,,
2019,11,"Papua New Guinea, Port Moresby", Port Moresby,Container,Imports,26868,,,,
2019,11,"Papua New Guinea, Port Moresby", Port Moresby,General Cargo,Exports,15407.4,,,,
2019,11,"Papua New Guinea, Port Moresby", Port Moresby,General Cargo,Imports,16385,,,,
2019,11,"Papua New Guinea, Port Moresby", Port Moresby,Tanker,Exports,229559.4,,,,
2019,11,"Papua New Guinea, Port Moresby", Port Moresby,Tanker,Imports,94032.2,,,,
2019,11,"Papua New Guinea, Put Put", Put Put,Container,Imports,17404.9,,,,
2019,11,"Papua New Guinea, Put Put", Put Put,General Cargo,Imports,10487.6,,,,
2019,11,"Papua New Guinea, Put Put", Put Put,Tanker,Exports,190.6,,,,
2019,11,"Papua New Guinea, Rabaul", Rabaul,Bulk Carrier,Exports,20928.2,,,,
2019,11,"Papua New Guinea, Rabaul", Rabaul,Container,Imports,8188.9,,,,
2019,11,"Papua New Guinea, Rabaul", Rabaul,General Cargo,Exports,3933.8,,,,
2019,11,"Papua New Guinea, Rabaul", Rabaul,General Cargo,Imports,1561.9,,,,
2019,11,"Papua New Guinea, Rabaul", Rabaul,Tanker,Exports,4014.7,,,,
2019,11,"Papua New Guinea, Rabaul", Rabaul,Tanker,Imports,6520,,,,
2019,11,"Papua New Guinea, Vanimo", Vanimo,Bulk Carrier,Exports,13637.4,,,,
2019,11,"Papua New Guinea, Vanimo", Vanimo,General Cargo,Exports,23902.1,,,,
2019,11,"Papua New Guinea, Vanimo", Vanimo,General Cargo,Imports,196.8,,,,
2019,11,"Papua New Guinea, Wewak Harbor", Wewak Harbor,Bulk Carrier,Exports,9926.2,,,,
2019,11,"Papua New Guinea, Wewak Harbor", Wewak Harbor,Container,Exports,1047.1,,,,
2019,11,"Papua New Guinea, Wewak Harbor", Wewak Harbor,General Cargo,Exports,17547.7,,,,
2019,11,"Papua New Guinea, Wewak Harbor", Wewak Harbor,General Cargo,Imports,2661.2,,,,
2019,11,"Papua New Guinea, Wewak Harbor", Wewak Harbor,Tanker,Imports,1400.7,,,,
2019,11,"Samoa, Apia", Apia,Container,Imports,11408.1,,,,
2019,11,"Samoa, Apia", Apia,General Cargo,Exports,133.9,,,,
2019,11,"Samoa, Apia", Apia,General Cargo,Imports,5364.7,,,,
2019,11,"Samoa, Apia", Apia,Tanker,Imports,1593.4,,,,
2019,11,"Solomon Islands, Honiara", Honiara,Bulk Carrier,Exports,12706.1,,,,
2019,11,"Solomon Islands, Honiara", Honiara,Container,Exports,5156.3,,,,
2019,11,"Solomon Islands, Honiara", Honiara,Container,Imports,2846.2,,,,
2019,11,"Solomon Islands, Honiara", Honiara,General Cargo,Exports,614.6,,,,
2019,11,"Solomon Islands, Honiara", Honiara,General Cargo,Imports,4615.4,,,,
2019,11,"Solomon Islands, Honiara", Honiara,Tanker,Exports,151.7,,,,
2019,11,"Solomon Islands, Honiara", Honiara,Tanker,Imports,10625.7,,,,
2019,11,"Solomon Islands, Mbulo", Mbulo,Bulk Carrier,Exports,1174,,,,
2019,11,"Solomon Islands, Mbulo", Mbulo,General Cargo,Exports,5101.8,,,,
2019,11,"Solomon Islands, Ndora", Ndora,Bulk Carrier,Exports,18518,,,,
2019,11,"Solomon Islands, Port Noro", Port Noro,Bulk Carrier,Exports,152532.7,,,,
2019,11,"Solomon Islands, Port Noro", Port Noro,Bulk Carrier,Imports,1347.2,,,,
2019,11,"Solomon Islands, Port Noro", Port Noro,Container,Exports,75.4,,,,
2019,11,"Solomon Islands, Port Noro", Port Noro,Container,Imports,357.7,,,,
2019,11,"Solomon Islands, Port Noro", Port Noro,General Cargo,Exports,28139.2,,,,
2019,11,"Solomon Islands, Port Noro", Port Noro,General Cargo,Imports,766.5,,,,
2019,11,"Solomon Islands, Rennell Island", Rennell Island,Bulk Carrier,Exports,138262.6,,,,
2019,11,"Solomon Islands, Ringgi Cove", Ringgi Cove,General Cargo,Exports,9579.3,,,,
2019,11,"Solomon Islands, Seghe", Seghe,Bulk Carrier,Exports,2766.2,,,,
2019,11,"Tonga, Neiafu", Neiafu,General Cargo,Imports,673.5,,,,
2019,11,"Tonga, Neiafu", Neiafu,Tanker,Imports,1371.5,,,,
2019,11,"Tonga, Nuku Alofa", Nuku Alofa,Container,Imports,7138.2,,,,
2019,11,"Tonga, Nuku Alofa", Nuku Alofa,General Cargo,Exports,2236.9,,,,
2019,11,"Tonga, Nuku Alofa", Nuku Alofa,General Cargo,Imports,769.7,,,,
2019,11,"Tonga, Nuku Alofa", Nuku Alofa,Tanker,Exports,342.9,,,,
2019,11,"Tonga, Nuku Alofa", Nuku Alofa,Tanker,Imports,600,,,,
2019,11,"Tuvalu, Funafuti Atoll", Funafuti Atoll,Container,Imports,396.9,,,,
2019,11,"Tuvalu, Funafuti Atoll", Funafuti Atoll,General Cargo,Exports,18625.3,,,,
2019,11,"Tuvalu, Funafuti Atoll", Funafuti Atoll,General Cargo,Imports,382.1,,,,
2019,11,"Tuvalu, Funafuti Atoll", Funafuti Atoll,Tanker,Exports,0.2,,,,
2019,11,"Vanuatu, Luganville", Luganville,Container,Imports,1926.7,,,,
2019,11,"Vanuatu, Luganville", Luganville,General Cargo,Imports,404,,,,
2019,11,"Vanuatu, Port Vila", Port Vila,Container,Imports,5114.3,,,,
2019,11,"Vanuatu, Port Vila", Port Vila,General Cargo,Exports,2260.5,,,,
2019,11,"Vanuatu, Port Vila", Port Vila,General Cargo,Imports,973.4,,,,
2019,11,"Vanuatu, Port Vila", Port Vila,Tanker,Exports,114.8,,,,
2019,12,"Fiji, Lautoka Harbor", Lautoka Harbor,Bulk Carrier,Imports,12807.6,,,,
2019,12,"Fiji, Lautoka Harbor", Lautoka Harbor,Container,Exports,5073.9,,,,
2019,12,"Fiji, Lautoka Harbor", Lautoka Harbor,Container,Imports,11395.9,,,,
2019,12,"Fiji, Lautoka Harbor", Lautoka Harbor,General Cargo,Exports,1372.4,,,,
2019,12,"Fiji, Lautoka Harbor", Lautoka Harbor,General Cargo,Imports,5026.6,,,,
2019,12,"Fiji, Lautoka Harbor", Lautoka Harbor,Tanker,Exports,10791.2,,,,
2019,12,"Fiji, Lautoka Harbor", Lautoka Harbor,Tanker,Imports,39108.1,,,,
2019,12,"Fiji, Malai", Malai,General Cargo,Imports,7.3,,,,
2019,12,"Fiji, Malai", Malai,Tanker,Exports,104.5,,,,
2019,12,"Fiji, Malai", Malai,Tanker,Imports,609.7,,,,
2019,12,"Fiji, Suva Harbor", Suva Harbor,Bulk Carrier,Imports,16289,,,,
2019,12,"Fiji, Suva Harbor", Suva Harbor,Container,Exports,10606.3,,,,
2019,12,"Fiji, Suva Harbor", Suva Harbor,Container,Imports,5082.9,,,,
2019,12,"Fiji, Suva Harbor", Suva Harbor,General Cargo,Exports,1223.8,,,,
2019,12,"Fiji, Suva Harbor", Suva Harbor,General Cargo,Imports,2522.1,,,,
2019,12,"Fiji, Suva Harbor", Suva Harbor,Tanker,Imports,7970.3,,,,
2019,12,"Kiribati, Kiribati", Kiribati,General Cargo,Exports,274.4,,,,
2019,12,"Kiribati, Kiribati", Kiribati,Tanker,Exports,431.1,,,,
2019,12,"Kiribati, Tarawa Atoll", Tarawa Atoll,Container,Imports,1372,,,,
2019,12,"Kiribati, Tarawa Atoll", Tarawa Atoll,General Cargo,Imports,2305.7,,,,
2019,12,"Marshall Islands, Ebeye", Ebeye,Container,Imports,1333.2,,,,
2019,12,"Marshall Islands, Ebeye", Ebeye,General Cargo,Imports,413.2,,,,
2019,12,"Marshall Islands, Kwajalein", Kwajalein,Container,Imports,577.3,,,,
2019,12,"Marshall Islands, Kwajalein", Kwajalein,General Cargo,Imports,1905.5,,,,
2019,12,"Marshall Islands, Kwajalein", Kwajalein,Tanker,Imports,317.8,,,,
2019,12,"Marshall Islands, Majuro Atoll", Majuro Atoll,Container,Imports,4940.4,,,,
2019,12,"Marshall Islands, Majuro Atoll", Majuro Atoll,General Cargo,Exports,14532.9,,,,
2019,12,"Marshall Islands, Majuro Atoll", Majuro Atoll,General Cargo,Imports,2548.6,,,,
2019,12,"Marshall Islands, Majuro Atoll", Majuro Atoll,Tanker,Imports,1982.9,,,,
2019,12,"Micronesia, Colonia", Colonia,Container,Exports,589.2,,,,
2019,12,"Micronesia, Colonia", Colonia,Container,Imports,1112.4,,,,
2019,12,"Micronesia, Colonia", Colonia,General Cargo,Imports,1032.9,,,,
2019,12,"Micronesia, Colonia", Colonia,Tanker,Imports,1441.9,,,,
2019,12,"Micronesia, Lele Harbor", Lele Harbor,Container,Exports,3575.4,,,,
2019,12,"Micronesia, Lele Harbor", Lele Harbor,Container,Imports,19.4,,,,
2019,12,"Micronesia, Lele Harbor", Lele Harbor,General Cargo,Exports,779.7,,,,
2019,12,"Micronesia, Lele Harbor", Lele Harbor,General Cargo,Imports,766.8,,,,
2019,12,"Micronesia, Lele Harbor", Lele Harbor,Tanker,Imports,795,,,,
2019,12,"Micronesia, Moen", Moen,General Cargo,Imports,1027.5,,,,
2019,12,"Micronesia, Pornpei Harbor", Pornpei Harbor,Container,Exports,598.5,,,,
2019,12,"Micronesia, Pornpei Harbor", Pornpei Harbor,Container,Imports,895.4,,,,
2019,12,"Micronesia, Pornpei Harbor", Pornpei Harbor,General Cargo,Exports,351.7,,,,
2019,12,"Micronesia, Pornpei Harbor", Pornpei Harbor,General Cargo,Imports,813.7,,,,
2019,12,"Micronesia, Pornpei Harbor", Pornpei Harbor,Tanker,Imports,2078,,,,
2019,12,"Nauru, Nauru", Nauru,General Cargo,Exports,999.7,,,,
2019,12,"Palau, Malakal Harbor", Malakal Harbor,Bulk Carrier,Imports,10752.1,,,,
2019,12,"Palau, Malakal Harbor", Malakal Harbor,Container,Imports,3571.5,,,,
2019,12,"Palau, Malakal Harbor", Malakal Harbor,General Cargo,Imports,1018.6,,,,
2019,12,"Palau, Malakal Harbor", Malakal Harbor,Tanker,Imports,3168.8,,,,
2019,12,"Papua New Guinea, Alotoa", Alotoa,Bulk Carrier,Exports,19494.6,,,,
2019,12,"Papua New Guinea, Alotoa", Alotoa,Container,Imports,5212.2,,,,
2019,12,"Papua New Guinea, Alotoa", Alotoa,General Cargo,Exports,3801.8,,,,
2019,12,"Papua New Guinea, Alotoa", Alotoa,Tanker,Exports,2735.3,,,,
2019,12,"Papua New Guinea, Buka", Buka,Container,Imports,2513.6,,,,
2019,12,"Papua New Guinea, Buka", Buka,General Cargo,Exports,1042.5,,,,
2019,12,"Papua New Guinea, Daru", Daru,General Cargo,Exports,4494.7,,,,
2019,12,"Papua New Guinea, Kavieng Harbor", Kavieng Harbor,Bulk Carrier,Exports,48505.7,,,,
2019,12,"Papua New Guinea, Kavieng Harbor", Kavieng Harbor,Container,Imports,1972.3,,,,
2019,12,"Papua New Guinea, Kavieng Harbor", Kavieng Harbor,General Cargo,Exports,2371.3,,,,
2019,12,"Papua New Guinea, Kavieng Harbor", Kavieng Harbor,General Cargo,Imports,794.8,,,,
2019,12,"Papua New Guinea, Kieta", Kieta,Container,Imports,901.9,,,,
2019,12,"Papua New Guinea, Kimbe", Kimbe,Bulk Carrier,Exports,48139.1,,,,
2019,12,"Papua New Guinea, Kimbe", Kimbe,Container,Exports,1144.7,,,,
2019,12,"Papua New Guinea, Kimbe", Kimbe,Container,Imports,4709.1,,,,
2019,12,"Papua New Guinea, Kimbe", Kimbe,General Cargo,Exports,5431.2,,,,
2019,12,"Papua New Guinea, Kimbe", Kimbe,Tanker,Exports,10847.8,,,,
2019,12,"Papua New Guinea, Kimbe", Kimbe,Tanker,Imports,3167.6,,,,
2019,12,"Papua New Guinea, Lae", Lae,Bulk Carrier,Imports,7813.6,,,,
2019,12,"Papua New Guinea, Lae", Lae,Container,Exports,13073.8,,,,
2019,12,"Papua New Guinea, Lae", Lae,Container,Imports,43997.4,,,,
2019,12,"Papua New Guinea, Lae", Lae,General Cargo,Exports,16717.2,,,,
2019,12,"Papua New Guinea, Lae", Lae,General Cargo,Imports,5454.6,,,,
2019,12,"Papua New Guinea, Lae", Lae,Tanker,Exports,492,,,,
2019,12,"Papua New Guinea, Lae", Lae,Tanker,Imports,14895.8,,,,
2019,12,"Papua New Guinea, Madang", Madang,Bulk Carrier,Exports,7021,,,,
2019,12,"Papua New Guinea, Madang", Madang,Container,Exports,2340.3,,,,
2019,12,"Papua New Guinea, Madang", Madang,Container,Imports,2242.2,,,,
2019,12,"Papua New Guinea, Madang", Madang,General Cargo,Exports,434.1,,,,
2019,12,"Papua New Guinea, Madang", Madang,General Cargo,Imports,1812.1,,,,
2019,12,"Papua New Guinea, Madang", Madang,Tanker,Exports,380,,,,
2019,12,"Papua New Guinea, Oro Bay", Oro Bay,Container,Imports,1368.3,,,,
2019,12,"Papua New Guinea, Oro Bay", Oro Bay,General Cargo,Exports,419.1,,,,
2019,12,"Papua New Guinea, Port Moresby", Port Moresby,Bulk Carrier,Exports,6935,,,,
2019,12,"Papua New Guinea, Port Moresby", Port Moresby,Bulk Carrier,Imports,1304.7,,,,
2019,12,"Papua New Guinea, Port Moresby", Port Moresby,Container,Exports,3236.8,,,,
2019,12,"Papua New Guinea, Port Moresby", Port Moresby,Container,Imports,25526.9,,,,
2019,12,"Papua New Guinea, Port Moresby", Port Moresby,General Cargo,Exports,14548.7,,,,
2019,12,"Papua New Guinea, Port Moresby", Port Moresby,General Cargo,Imports,6822.7,,,,
2019,12,"Papua New Guinea, Port Moresby", Port Moresby,Tanker,Exports,177917.7,,,,
2019,12,"Papua New Guinea, Port Moresby", Port Moresby,Tanker,Imports,65420.4,,,,
2019,12,"Papua New Guinea, Put Put", Put Put,Container,Imports,9439.4,,,,
2019,12,"Papua New Guinea, Put Put", Put Put,General Cargo,Exports,378.1,,,,
2019,12,"Papua New Guinea, Put Put", Put Put,Tanker,Exports,190.6,,,,
2019,12,"Papua New Guinea, Put Put", Put Put,Tanker,Imports,6202.4,,,,
2019,12,"Papua New Guinea, Rabaul", Rabaul,Bulk Carrier,Exports,23382.1,,,,
2019,12,"Papua New Guinea, Rabaul", Rabaul,Container,Exports,1242.5,,,,
2019,12,"Papua New Guinea, Rabaul", Rabaul,Container,Imports,6569.5,,,,
2019,12,"Papua New Guinea, Rabaul", Rabaul,General Cargo,Exports,26895.6,,,,
2019,12,"Papua New Guinea, Rabaul", Rabaul,General Cargo,Imports,1333.7,,,,
2019,12,"Papua New Guinea, Rabaul", Rabaul,Tanker,Exports,1623.3,,,,
2019,12,"Papua New Guinea, Rabaul", Rabaul,Tanker,Imports,4919.4,,,,
2019,12,"Papua New Guinea, Vanimo", Vanimo,Bulk Carrier,Exports,15871.5,,,,
2019,12,"Papua New Guinea, Vanimo", Vanimo,Bulk Carrier,Imports,812.5,,,,
2019,12,"Papua New Guinea, Vanimo", Vanimo,General Cargo,Exports,13415.1,,,,
2019,12,"Papua New Guinea, Vanimo", Vanimo,General Cargo,Imports,587.7,,,,
2019,12,"Papua New Guinea, Vanimo", Vanimo,Tanker,Exports,745.2,,,,
2019,12,"Papua New Guinea, Wewak Harbor", Wewak Harbor,Bulk Carrier,Exports,1308.4,,,,
2019,12,"Papua New Guinea, Wewak Harbor", Wewak Harbor,Container,Exports,5791.1,,,,
2019,12,"Papua New Guinea, Wewak Harbor", Wewak Harbor,General Cargo,Exports,923.9,,,,
2019,12,"Papua New Guinea, Wewak Harbor", Wewak Harbor,General Cargo,Imports,5894.6,,,,
2019,12,"Samoa, Apia", Apia,Container,Exports,5657.3,,,,
2019,12,"Samoa, Apia", Apia,Container,Imports,7570.8,,,,
2019,12,"Samoa, Apia", Apia,General Cargo,Exports,92.7,,,,
2019,12,"Samoa, Apia", Apia,General Cargo,Imports,6433.5,,,,
2019,12,"Samoa, Apia", Apia,Tanker,Imports,2258.9,,,,
2019,12,"Solomon Islands, Honiara", Honiara,Container,Exports,907.9,,,,
2019,12,"Solomon Islands, Honiara", Honiara,Container,Imports,10596.6,,,,
2019,12,"Solomon Islands, Honiara", Honiara,General Cargo,Exports,13504.3,,,,
2019,12,"Solomon Islands, Honiara", Honiara,General Cargo,Imports,2011.1,,,,
2019,12,"Solomon Islands, Honiara", Honiara,Tanker,Imports,7669.2,,,,
2019,12,"Solomon Islands, Mbulo", Mbulo,Bulk Carrier,Exports,30804.5,,,,
2019,12,"Solomon Islands, Mbulo", Mbulo,General Cargo,Exports,187.9,,,,
2019,12,"Solomon Islands, Ndora", Ndora,Bulk Carrier,Imports,18237.7,,,,
2019,12,"Solomon Islands, Port Noro", Port Noro,Bulk Carrier,Exports,79199.7,,,,
2019,12,"Solomon Islands, Port Noro", Port Noro,Container,Exports,1041.4,,,,
2019,12,"Solomon Islands, Port Noro", Port Noro,Container,Imports,261.2,,,,
2019,12,"Solomon Islands, Port Noro", Port Noro,General Cargo,Exports,8967.7,,,,
2019,12,"Solomon Islands, Port Noro", Port Noro,General Cargo,Imports,1753.7,,,,
2019,12,"Solomon Islands, Rennell Island", Rennell Island,Bulk Carrier,Exports,46665.2,,,,
2019,12,"Tonga, Neiafu", Neiafu,General Cargo,Imports,336.1,,,,
2019,12,"Tonga, Neiafu", Neiafu,Tanker,Imports,406.8,,,,
2019,12,"Tonga, Nuku Alofa", Nuku Alofa,Container,Exports,5685.9,,,,
2019,12,"Tonga, Nuku Alofa", Nuku Alofa,Container,Imports,4771.2,,,,
2019,12,"Tonga, Nuku Alofa", Nuku Alofa,General Cargo,Exports,673.5,,,,
2019,12,"Tonga, Nuku Alofa", Nuku Alofa,General Cargo,Imports,4355.6,,,,
2019,12,"Tonga, Nuku Alofa", Nuku Alofa,Tanker,Exports,146.8,,,,
2019,12,"Tonga, Nuku Alofa", Nuku Alofa,Tanker,Imports,636.4,,,,
2019,12,"Tuvalu, Funafuti Atoll", Funafuti Atoll,Container,Imports,1218.6,,,,
2019,12,"Tuvalu, Funafuti Atoll", Funafuti Atoll,General Cargo,Exports,12174,,,,
2019,12,"Tuvalu, Funafuti Atoll", Funafuti Atoll,General Cargo,Imports,572.5,,,,
2019,12,"Vanuatu, Luganville", Luganville,Container,Imports,5379.8,,,,
2019,12,"Vanuatu, Luganville", Luganville,General Cargo,Exports,1001.5,,,,
2019,12,"Vanuatu, Luganville", Luganville,General Cargo,Imports,278.7,,,,
2019,12,"Vanuatu, Port Vila", Port Vila,Container,Exports,291.3,,,,
2019,12,"Vanuatu, Port Vila", Port Vila,Container,Imports,5327.4,,,,
2019,12,"Vanuatu, Port Vila", Port Vila,General Cargo,Exports,324.1,,,,
2019,12,"Vanuatu, Port Vila", Port Vila,General Cargo,Imports,278.7,,,,
2019,12,"Vanuatu, Port Vila", Port Vila,Tanker,Imports,4669.9,,,,
2020,1,"Fiji, Lautoka Harbor", Lautoka Harbor,Container,Exports,2590.1,,,,
2020,1,"Fiji, Lautoka Harbor", Lautoka Harbor,Container,Imports,21624.4,,,,
2020,1,"Fiji, Lautoka Harbor", Lautoka Harbor,General Cargo,Exports,1345.9,,,,
2020,1,"Fiji, Lautoka Harbor", Lautoka Harbor,General Cargo,Imports,2308.9,,,,
2020,1,"Fiji, Lautoka Harbor", Lautoka Harbor,Tanker,Exports,7338.2,,,,
2020,1,"Fiji, Lautoka Harbor", Lautoka Harbor,Tanker,Imports,12775.8,,,,
2020,1,"Fiji, Malai", Malai,Tanker,Exports,48.9,,,,
2020,1,"Fiji, Malai", Malai,Tanker,Imports,1166.8,,,,
2020,1,"Fiji, Nabouwalu Jetty", Nabouwalu Jetty,Bulk Carrier,Exports,14627.6,,,,
2020,1,"Fiji, Suva Harbor", Suva Harbor,Container,Exports,1956.9,,,,
2020,1,"Fiji, Suva Harbor", Suva Harbor,Container,Imports,19044.6,,,,
2020,1,"Fiji, Suva Harbor", Suva Harbor,General Cargo,Exports,3559.7,,,,
2020,1,"Fiji, Suva Harbor", Suva Harbor,General Cargo,Imports,5529,,,,
2020,1,"Fiji, Suva Harbor", Suva Harbor,Tanker,Imports,21253.3,,,,
2020,1,"Kiribati, Kiribati", Kiribati,Tanker,Exports,2356.4,,,,
2020,1,"Kiribati, Tarawa Atoll", Tarawa Atoll,Container,Imports,1950.5,,,,
2020,1,"Kiribati, Tarawa Atoll", Tarawa Atoll,General Cargo,Exports,548.8,,,,
2020,1,"Kiribati, Tarawa Atoll", Tarawa Atoll,General Cargo,Imports,905.1,,,,
2020,1,"Kiribati, Tarawa Atoll", Tarawa Atoll,Tanker,Exports,95.3,,,,
2020,1,"Marshall Islands, Ebeye", Ebeye,Container,Exports,284.4,,,,
2020,1,"Marshall Islands, Ebeye", Ebeye,General Cargo,Imports,552.4,,,,
2020,1,"Marshall Islands, Kwajalein", Kwajalein,Container,Exports,568.9,,,,
2020,1,"Marshall Islands, Kwajalein", Kwajalein,Tanker,Imports,159,,,,
2020,1,"Marshall Islands, Majuro Atoll", Majuro Atoll,Container,Exports,1426,,,,
2020,1,"Marshall Islands, Majuro Atoll", Majuro Atoll,Container,Imports,2714.6,,,,
2020,1,"Marshall Islands, Majuro Atoll", Majuro Atoll,General Cargo,Exports,2497.3,,,,
2020,1,"Marshall Islands, Majuro Atoll", Majuro Atoll,General Cargo,Imports,2151.4,,,,
2020,1,"Marshall Islands, Majuro Atoll", Majuro Atoll,Tanker,Exports,104.5,,,,
2020,1,"Marshall Islands, Majuro Atoll", Majuro Atoll,Tanker,Imports,4132.6,,,,
2020,1,"Micronesia, Colonia", Colonia,Container,Imports,877.6,,,,
2020,1,"Micronesia, Colonia", Colonia,General Cargo,Exports,15.2,,,,
2020,1,"Micronesia, Colonia", Colonia,General Cargo,Imports,2682.3,,,,
2020,1,"Micronesia, Colonia", Colonia,Tanker,Imports,2924,,,,
2020,1,"Micronesia, Lele Harbor", Lele Harbor,General Cargo,Imports,1291.8,,,,
2020,1,"Micronesia, Lele Harbor", Lele Harbor,Tanker,Imports,834.7,,,,
2020,1,"Micronesia, Moen", Moen,General Cargo,Exports,271.9,,,,
2020,1,"Micronesia, Moen", Moen,General Cargo,Imports,257,,,,
2020,1,"Micronesia, Moen", Moen,Tanker,Imports,827.5,,,,
2020,1,"Micronesia, Pornpei Harbor", Pornpei Harbor,Container,Imports,6619.7,,,,
2020,1,"Micronesia, Pornpei Harbor", Pornpei Harbor,General Cargo,Exports,1231.5,,,,
2020,1,"Micronesia, Pornpei Harbor", Pornpei Harbor,General Cargo,Imports,993.5,,,,
2020,1,"Micronesia, Pornpei Harbor", Pornpei Harbor,Tanker,Imports,1114.2,,,,
2020,1,"Nauru, Nauru", Nauru,Bulk Carrier,Exports,26972.4,,,,
2020,1,"Nauru, Nauru", Nauru,General Cargo,Exports,370.1,,,,
2020,1,"Nauru, Nauru", Nauru,General Cargo,Imports,999.7,,,,
2020,1,"Palau, Malakal Harbor", Malakal Harbor,Container,Imports,4099.5,,,,
2020,1,"Palau, Malakal Harbor", Malakal Harbor,General Cargo,Imports,544.1,,,,
2020,1,"Palau, Malakal Harbor", Malakal Harbor,Tanker,Exports,1258,,,,
2020,1,"Papua New Guinea, Alotoa", Alotoa,Container,Imports,3733.6,,,,
2020,1,"Papua New Guinea, Alotoa", Alotoa,Tanker,Exports,4854.4,,,,
2020,1,"Papua New Guinea, Alotoa", Alotoa,Tanker,Imports,362.1,,,,
2020,1,"Papua New Guinea, Buka", Buka,Container,Imports,1578.1,,,,
2020,1,"Papua New Guinea, Daru", Daru,Bulk Carrier,Exports,9258.1,,,,
2020,1,"Papua New Guinea, Kavieng Harbor", Kavieng Harbor,Bulk Carrier,Exports,41153,,,,
2020,1,"Papua New Guinea, Kavieng Harbor", Kavieng Harbor,Container,Exports,746,,,,
2020,1,"Papua New Guinea, Kavieng Harbor", Kavieng Harbor,Tanker,Exports,4717.9,,,,
2020,1,"Papua New Guinea, Kavieng Harbor", Kavieng Harbor,Tanker,Imports,1145.1,,,,
2020,1,"Papua New Guinea, Kieta", Kieta,Container,Imports,522.1,,,,
2020,1,"Papua New Guinea, Kimbe", Kimbe,Bulk Carrier,Exports,69111.9,,,,
2020,1,"Papua New Guinea, Kimbe", Kimbe,Bulk Carrier,Imports,32.6,,,,
2020,1,"Papua New Guinea, Kimbe", Kimbe,Container,Imports,3100.6,,,,
2020,1,"Papua New Guinea, Kimbe", Kimbe,General Cargo,Exports,3997.4,,,,
2020,1,"Papua New Guinea, Kimbe", Kimbe,General Cargo,Imports,698.3,,,,
2020,1,"Papua New Guinea, Kimbe", Kimbe,Tanker,Exports,28572.5,,,,
2020,1,"Papua New Guinea, Kimbe", Kimbe,Tanker,Imports,2990.6,,,,
2020,1,"Papua New Guinea, Lae", Lae,Bulk Carrier,Imports,17873.9,,,,
2020,1,"Papua New Guinea, Lae", Lae,Container,Exports,9606.6,,,,
2020,1,"Papua New Guinea, Lae", Lae,Container,Imports,45959.4,,,,
2020,1,"Papua New Guinea, Lae", Lae,General Cargo,Exports,16193.4,,,,
2020,1,"Papua New Guinea, Lae", Lae,General Cargo,Imports,2214.3,,,,
2020,1,"Papua New Guinea, Lae", Lae,Tanker,Exports,494.8,,,,
2020,1,"Papua New Guinea, Lae", Lae,Tanker,Imports,11246.1,,,,
2020,1,"Papua New Guinea, Madang", Madang,Bulk Carrier,Exports,6747.9,,,,
2020,1,"Papua New Guinea, Madang", Madang,Container,Exports,1300.6,,,,
2020,1,"Papua New Guinea, Madang", Madang,General Cargo,Exports,869.7,,,,
2020,1,"Papua New Guinea, Madang", Madang,General Cargo,Imports,1651.7,,,,
2020,1,"Papua New Guinea, Madang", Madang,Tanker,Imports,4278.4,,,,
2020,1,"Papua New Guinea, Oro Bay", Oro Bay,Bulk Carrier,Exports,362.4,,,,
2020,1,"Papua New Guinea, Oro Bay", Oro Bay,Container,Imports,1275.1,,,,
2020,1,"Papua New Guinea, Oro Bay", Oro Bay,General Cargo,Exports,2768.5,,,,
2020,1,"Papua New Guinea, Oro Bay", Oro Bay,General Cargo,Imports,384.8,,,,
2020,1,"Papua New Guinea, Oro Bay", Oro Bay,Tanker,Exports,4383.6,,,,
2020,1,"Papua New Guinea, Port Moresby", Port Moresby,Bulk Carrier,Exports,41318.7,,,,
2020,1,"Papua New Guinea, Port Moresby", Port Moresby,Bulk Carrier,Imports,315.5,,,,
2020,1,"Papua New Guinea, Port Moresby", Port Moresby,Container,Exports,6360.8,,,,
2020,1,"Papua New Guinea, Port Moresby", Port Moresby,Container,Imports,24153,,,,
2020,1,"Papua New Guinea, Port Moresby", Port Moresby,General Cargo,Exports,3087.9,,,,
2020,1,"Papua New Guinea, Port Moresby", Port Moresby,General Cargo,Imports,14905.4,,,,
2020,1,"Papua New Guinea, Port Moresby", Port Moresby,Tanker,Exports,188487.3,,,,
2020,1,"Papua New Guinea, Port Moresby", Port Moresby,Tanker,Imports,51298.9,,,,
2020,1,"Papua New Guinea, Put Put", Put Put,Container,Imports,9948.5,,,,
2020,1,"Papua New Guinea, Put Put", Put Put,General Cargo,Imports,10482.6,,,,
2020,1,"Papua New Guinea, Put Put", Put Put,Tanker,Exports,190.6,,,,
2020,1,"Papua New Guinea, Put Put", Put Put,Tanker,Imports,5550.2,,,,
2020,1,"Papua New Guinea, Rabaul", Rabaul,Bulk Carrier,Exports,1965.2,,,,
2020,1,"Papua New Guinea, Rabaul", Rabaul,Container,Exports,3104.8,,,,
2020,1,"Papua New Guinea, Rabaul", Rabaul,Container,Imports,12483.4,,,,
2020,1,"Papua New Guinea, Rabaul", Rabaul,General Cargo,Exports,50229.8,,,,
2020,1,"Papua New Guinea, Rabaul", Rabaul,General Cargo,Imports,221.1,,,,
2020,1,"Papua New Guinea, Rabaul", Rabaul,Tanker,Exports,2278.4,,,,
2020,1,"Papua New Guinea, Rabaul", Rabaul,Tanker,Imports,5495.8,,,,
2020,1,"Papua New Guinea, Vanimo", Vanimo,Bulk Carrier,Exports,21321.1,,,,
2020,1,"Papua New Guinea, Vanimo", Vanimo,General Cargo,Exports,3553.3,,,,
2020,1,"Papua New Guinea, Vanimo", Vanimo,General Cargo,Imports,222.6,,,,
2020,1,"Papua New Guinea, Wewak Harbor", Wewak Harbor,Bulk Carrier,Exports,13773.3,,,,
2020,1,"Papua New Guinea, Wewak Harbor", Wewak Harbor,Container,Imports,1041.4,,,,
2020,1,"Papua New Guinea, Wewak Harbor", Wewak Harbor,General Cargo,Exports,3939.7,,,,
2020,1,"Papua New Guinea, Wewak Harbor", Wewak Harbor,General Cargo,Imports,4489.9,,,,
2020,1,"Papua New Guinea, Wewak Harbor", Wewak Harbor,Tanker,Imports,3939.4,,,,
2020,1,"Samoa, Apia", Apia,Container,Imports,5066.6,,,,
2020,1,"Samoa, Apia", Apia,General Cargo,Exports,82.4,,,,
2020,1,"Samoa, Apia", Apia,General Cargo,Imports,3400.7,,,,
2020,1,"Solomon Islands, Honiara", Honiara,Bulk Carrier,Exports,3147.7,,,,
2020,1,"Solomon Islands, Honiara", Honiara,Container,Exports,3321,,,,
2020,1,"Solomon Islands, Honiara", Honiara,Container,Imports,14831.9,,,,
2020,1,"Solomon Islands, Honiara", Honiara,General Cargo,Exports,10920.6,,,,
2020,1,"Solomon Islands, Honiara", Honiara,General Cargo,Imports,4129.9,,,,
2020,1,"Solomon Islands, Honiara", Honiara,Tanker,Exports,169.7,,,,
2020,1,"Solomon Islands, Honiara", Honiara,Tanker,Imports,13140.1,,,,
2020,1,"Solomon Islands, Mbulo", Mbulo,Container,Imports,520.4,,,,
2020,1,"Solomon Islands, Ndora", Ndora,General Cargo,Exports,2819.3,,,,
2020,1,"Solomon Islands, Port Noro", Port Noro,Bulk Carrier,Exports,159785.4,,,,
2020,1,"Solomon Islands, Port Noro", Port Noro,Bulk Carrier,Imports,8487.8,,,,
2020,1,"Solomon Islands, Port Noro", Port Noro,Container,Exports,1569.4,,,,
2020,1,"Solomon Islands, Port Noro", Port Noro,Container,Imports,282.9,,,,
2020,1,"Solomon Islands, Port Noro", Port Noro,General Cargo,Exports,12118.7,,,,
2020,1,"Solomon Islands, Port Noro", Port Noro,Tanker,Exports,36.9,,,,
2020,1,"Solomon Islands, Port Noro", Port Noro,Tanker,Imports,1994.5,,,,
2020,1,"Solomon Islands, Rennell Island", Rennell Island,Bulk Carrier,Exports,154661.2,,,,
2020,1,"Solomon Islands, Seghe", Seghe,Bulk Carrier,Exports,1164,,,,
2020,1,"Tonga, Neiafu", Neiafu,General Cargo,Exports,215.6,,,,
2020,1,"Tonga, Neiafu", Neiafu,General Cargo,Imports,336.1,,,,
2020,1,"Tonga, Neiafu", Neiafu,Tanker,Imports,1300.5,,,,
2020,1,"Tonga, Nuku Alofa", Nuku Alofa,Container,Imports,6343,,,,
2020,1,"Tonga, Nuku Alofa", Nuku Alofa,General Cargo,Exports,215.6,,,,
2020,1,"Tonga, Nuku Alofa", Nuku Alofa,General Cargo,Imports,2936.9,,,,
2020,1,"Tonga, Nuku Alofa", Nuku Alofa,Tanker,Exports,588.4,,,,
2020,1,"Tonga, Nuku Alofa", Nuku Alofa,Tanker,Imports,1845.8,,,,
2020,1,"Tonga, Pangai", Pangai,General Cargo,Exports,107.8,,,,
2020,1,"Tuvalu, Funafuti Atoll", Funafuti Atoll,Container,Imports,592,,,,
2020,1,"Tuvalu, Funafuti Atoll", Funafuti Atoll,General Cargo,Exports,2639.3,,,,
2020,1,"Vanuatu, Luganville", Luganville,Container,Exports,390.4,,,,
2020,1,"Vanuatu, Luganville", Luganville,Container,Imports,935.2,,,,
2020,1,"Vanuatu, Luganville", Luganville,General Cargo,Imports,2843.7,,,,
2020,1,"Vanuatu, Port Vila", Port Vila,Container,Exports,772.6,,,,
2020,1,"Vanuatu, Port Vila", Port Vila,Container,Imports,4247.8,,,,
2020,1,"Vanuatu, Port Vila", Port Vila,General Cargo,Imports,4101.7,,,,
2020,1,"Vanuatu, Port Vila", Port Vila,Tanker,Imports,10415.5,,,,
2020,2,"Fiji, Lautoka Harbor", Lautoka Harbor,Container,Exports,11357.4,,,,
2020,2,"Fiji, Lautoka Harbor", Lautoka Harbor,Container,Imports,8034.3,,,,
2020,2,"Fiji, Lautoka Harbor", Lautoka Harbor,General Cargo,Imports,2855.4,,,,
2020,2,"Fiji, Lautoka Harbor", Lautoka Harbor,Tanker,Exports,8002.9,,,,
2020,2,"Fiji, Lautoka Harbor", Lautoka Harbor,Tanker,Imports,28099,,,,
2020,2,"Fiji, Malai", Malai,Tanker,Exports,2125.6,,,,
2020,2,"Fiji, Malai", Malai,Tanker,Imports,273.9,,,,
2020,2,"Fiji, Suva Harbor", Suva Harbor,Bulk Carrier,Imports,33735.2,,,,
2020,2,"Fiji, Suva Harbor", Suva Harbor,Container,Exports,4781.4,,,,
2020,2,"Fiji, Suva Harbor", Suva Harbor,Container,Imports,11256.9,,,,
2020,2,"Fiji, Suva Harbor", Suva Harbor,General Cargo,Imports,6383.4,,,,
2020,2,"Fiji, Suva Harbor", Suva Harbor,Tanker,Exports,835.4,,,,
2020,2,"Fiji, Suva Harbor", Suva Harbor,Tanker,Imports,6503.3,,,,
2020,2,"Kiribati, Kiribati", Kiribati,Tanker,Exports,262.8,,,,
2020,2,"Kiribati, Tarawa Atoll", Tarawa Atoll,Container,Exports,384.8,,,,
2020,2,"Kiribati, Tarawa Atoll", Tarawa Atoll,Container,Imports,1949.5,,,,
2020,2,"Kiribati, Tarawa Atoll", Tarawa Atoll,General Cargo,Exports,3191.5,,,,
2020,2,"Kiribati, Tarawa Atoll", Tarawa Atoll,General Cargo,Imports,1206.7,,,,
2020,2,"Marshall Islands, Ebeye", Ebeye,Container,Exports,284.4,,,,
2020,2,"Marshall Islands, Ebeye", Ebeye,General Cargo,Imports,1280.8,,,,
2020,2,"Marshall Islands, Kwajalein", Kwajalein,Container,Imports,572.6,,,,
2020,2,"Marshall Islands, Kwajalein", Kwajalein,General Cargo,Imports,967.7,,,,
2020,2,"Marshall Islands, Kwajalein", Kwajalein,Tanker,Imports,475.3,,,,
2020,2,"Marshall Islands, Majuro Atoll", Majuro Atoll,Container,Imports,2046.8,,,,
2020,2,"Marshall Islands, Majuro Atoll", Majuro Atoll,General Cargo,Exports,7810.7,,,,
2020,2,"Marshall Islands, Majuro Atoll", Majuro Atoll,General Cargo,Imports,1326.3,,,,
2020,2,"Micronesia, Colonia", Colonia,Container,Imports,877.5,,,,
2020,2,"Micronesia, Colonia", Colonia,General Cargo,Exports,15.2,,,,
2020,2,"Micronesia, Colonia", Colonia,General Cargo,Imports,772,,,,
2020,2,"Micronesia, Colonia", Colonia,Tanker,Imports,2103.9,,,,
2020,2,"Micronesia, Lele Harbor", Lele Harbor,General Cargo,Exports,505.1,,,,
2020,2,"Micronesia, Moen", Moen,General Cargo,Exports,15.2,,,,
2020,2,"Micronesia, Moen", Moen,General Cargo,Imports,1808.6,,,,
2020,2,"Micronesia, Moen", Moen,Tanker,Exports,1458.5,,,,
2020,2,"Micronesia, Pornpei Harbor", Pornpei Harbor,Container,Imports,1781.5,,,,
2020,2,"Micronesia, Pornpei Harbor", Pornpei Harbor,General Cargo,Exports,15.2,,,,
2020,2,"Micronesia, Pornpei Harbor", Pornpei Harbor,General Cargo,Imports,1367.1,,,,
2020,2,"Nauru, Nauru", Nauru,General Cargo,Exports,740.2,,,,
2020,2,"Nauru, Nauru", Nauru,Tanker,Exports,1825.1,,,,
2020,2,"Palau, Malakal Harbor", Malakal Harbor,Container,Exports,294.6,,,,
2020,2,"Palau, Malakal Harbor", Malakal Harbor,Container,Imports,2670.2,,,,
2020,2,"Palau, Malakal Harbor", Malakal Harbor,General Cargo,Imports,1003.9,,,,
2020,2,"Palau, Malakal Harbor", Malakal Harbor,Tanker,Imports,1877.1,,,,
2020,2,"Papua New Guinea, Alotoa", Alotoa,Bulk Carrier,Exports,12493.5,,,,
2020,2,"Papua New Guinea, Alotoa", Alotoa,Container,Exports,751.7,,,,
2020,2,"Papua New Guinea, Alotoa", Alotoa,Container,Imports,1224.5,,,,
2020,2,"Papua New Guinea, Alotoa", Alotoa,General Cargo,Imports,609.6,,,,
2020,2,"Papua New Guinea, Alotoa", Alotoa,Tanker,Imports,1843.8,,,,
2020,2,"Papua New Guinea, Buka", Buka,Container,Exports,190.2,,,,
2020,2,"Papua New Guinea, Buka", Buka,Container,Imports,1333.4,,,,
2020,2,"Papua New Guinea, Kavieng Harbor", Kavieng Harbor,Bulk Carrier,Exports,17110.7,,,,
2020,2,"Papua New Guinea, Kavieng Harbor", Kavieng Harbor,Container,Imports,971.9,,,,
2020,2,"Papua New Guinea, Kavieng Harbor", Kavieng Harbor,General Cargo,Exports,256.3,,,,
2020,2,"Papua New Guinea, Kavieng Harbor", Kavieng Harbor,Tanker,Exports,98.5,,,,
2020,2,"Papua New Guinea, Kavieng Harbor", Kavieng Harbor,Tanker,Imports,362.1,,,,
2020,2,"Papua New Guinea, Kieta", Kieta,Container,Exports,190.5,,,,
2020,2,"Papua New Guinea, Kieta", Kieta,Container,Imports,1878.7,,,,
2020,2,"Papua New Guinea, Kimbe", Kimbe,Bulk Carrier,Exports,18318.3,,,,
2020,2,"Papua New Guinea, Kimbe", Kimbe,Container,Imports,2065.4,,,,
2020,2,"Papua New Guinea, Kimbe", Kimbe,General Cargo,Exports,989.1,,,,
2020,2,"Papua New Guinea, Kimbe", Kimbe,General Cargo,Imports,571.9,,,,
2020,2,"Papua New Guinea, Kimbe", Kimbe,Tanker,Exports,11317.6,,,,
2020,2,"Papua New Guinea, Kimbe", Kimbe,Tanker,Imports,427.1,,,,
2020,2,"Papua New Guinea, Lae", Lae,Bulk Carrier,Imports,14820.6,,,,
2020,2,"Papua New Guinea, Lae", Lae,Container,Exports,17117.2,,,,
2020,2,"Papua New Guinea, Lae", Lae,Container,Imports,47899.6,,,,
2020,2,"Papua New Guinea, Lae", Lae,General Cargo,Exports,6822.9,,,,
2020,2,"Papua New Guinea, Lae", Lae,General Cargo,Imports,8541.1,,,,
2020,2,"Papua New Guinea, Lae", Lae,Tanker,Exports,1465.7,,,,
2020,2,"Papua New Guinea, Lae", Lae,Tanker,Imports,13260,,,,
2020,2,"Papua New Guinea, Madang", Madang,Bulk Carrier,Exports,6435.6,,,,
2020,2,"Papua New Guinea, Madang", Madang,Container,Exports,2143.4,,,,
2020,2,"Papua New Guinea, Madang", Madang,Container,Imports,2111.6,,,,
2020,2,"Papua New Guinea, Madang", Madang,General Cargo,Exports,3515.8,,,,
2020,2,"Papua New Guinea, Madang", Madang,General Cargo,Imports,1769.6,,,,
2020,2,"Papua New Guinea, Madang", Madang,Tanker,Exports,710.8,,,,
2020,2,"Papua New Guinea, Madang", Madang,Tanker,Imports,132.1,,,,
2020,2,"Papua New Guinea, Oro Bay", Oro Bay,Container,Imports,560,,,,
2020,2,"Papua New Guinea, Oro Bay", Oro Bay,General Cargo,Exports,121.9,,,,
2020,2,"Papua New Guinea, Oro Bay", Oro Bay,General Cargo,Imports,386.7,,,,
2020,2,"Papua New Guinea, Oro Bay", Oro Bay,Tanker,Exports,1459.5,,,,
2020,2,"Papua New Guinea, Port Moresby", Port Moresby,Bulk Carrier,Exports,27433.2,,,,
2020,2,"Papua New Guinea, Port Moresby", Port Moresby,Bulk Carrier,Imports,6081.5,,,,
2020,2,"Papua New Guinea, Port Moresby", Port Moresby,Container,Exports,5271.3,,,,
2020,2,"Papua New Guinea, Port Moresby", Port Moresby,Container,Imports,17124.9,,,,
2020,2,"Papua New Guinea, Port Moresby", Port Moresby,General Cargo,Exports,8625.1,,,,
2020,2,"Papua New Guinea, Port Moresby", Port Moresby,General Cargo,Imports,7090,,,,
2020,2,"Papua New Guinea, Port Moresby", Port Moresby,Tanker,Exports,184205.9,,,,
2020,2,"Papua New Guinea, Port Moresby", Port Moresby,Tanker,Imports,92840.5,,,,
2020,2,"Papua New Guinea, Put Put", Put Put,Container,Imports,6482.9,,,,
2020,2,"Papua New Guinea, Put Put", Put Put,General Cargo,Imports,7368.5,,,,
2020,2,"Papua New Guinea, Put Put", Put Put,Tanker,Imports,6635.8,,,,
2020,2,"Papua New Guinea, Rabaul", Rabaul,Bulk Carrier,Exports,19958.3,,,,
2020,2,"Papua New Guinea, Rabaul", Rabaul,Container,Exports,1056,,,,
2020,2,"Papua New Guinea, Rabaul", Rabaul,Container,Imports,6756.7,,,,
2020,2,"Papua New Guinea, Rabaul", Rabaul,General Cargo,Exports,11227.6,,,,
2020,2,"Papua New Guinea, Rabaul", Rabaul,General Cargo,Imports,201.9,,,,
2020,2,"Papua New Guinea, Rabaul", Rabaul,Tanker,Exports,5358.6,,,,
2020,2,"Papua New Guinea, Rabaul", Rabaul,Tanker,Imports,10023,,,,
2020,2,"Papua New Guinea, Vanimo", Vanimo,Bulk Carrier,Exports,20667.3,,,,
2020,2,"Papua New Guinea, Vanimo", Vanimo,General Cargo,Exports,164.1,,,,
2020,2,"Papua New Guinea, Vanimo", Vanimo,Tanker,Exports,1547.2,,,,
2020,2,"Papua New Guinea, Wewak Harbor", Wewak Harbor,Bulk Carrier,Exports,7488.7,,,,
2020,2,"Papua New Guinea, Wewak Harbor", Wewak Harbor,Container,Exports,521.1,,,,
2020,2,"Papua New Guinea, Wewak Harbor", Wewak Harbor,Container,Imports,261.8,,,,
2020,2,"Papua New Guinea, Wewak Harbor", Wewak Harbor,General Cargo,Exports,246.3,,,,
2020,2,"Papua New Guinea, Wewak Harbor", Wewak Harbor,General Cargo,Imports,5345.5,,,,
2020,2,"Papua New Guinea, Wewak Harbor", Wewak Harbor,Tanker,Imports,132.1,,,,
2020,2,"Samoa, Apia", Apia,Container,Exports,698.7,,,,
2020,2,"Samoa, Apia", Apia,Container,Imports,9711.9,,,,
2020,2,"Samoa, Apia", Apia,General Cargo,Exports,275.6,,,,
2020,2,"Samoa, Apia", Apia,General Cargo,Imports,3781.5,,,,
2020,2,"Solomon Islands, Honiara", Honiara,Bulk Carrier,Exports,62350.8,,,,
2020,2,"Solomon Islands, Honiara", Honiara,Bulk Carrier,Imports,2394.5,,,,
2020,2,"Solomon Islands, Honiara", Honiara,Container,Exports,1797.1,,,,
2020,2,"Solomon Islands, Honiara", Honiara,Container,Imports,4345,,,,
2020,2,"Solomon Islands, Honiara", Honiara,General Cargo,Exports,9882.5,,,,
2020,2,"Solomon Islands, Honiara", Honiara,General Cargo,Imports,5431.3,,,,
2020,2,"Solomon Islands, Honiara", Honiara,Tanker,Exports,12899.3,,,,
2020,2,"Solomon Islands, Honiara", Honiara,Tanker,Imports,4773.1,,,,
2020,2,"Solomon Islands, Mbulo", Mbulo,Bulk Carrier,Exports,9239.7,,,,
2020,2,"Solomon Islands, Ndora", Ndora,Bulk Carrier,Imports,8810.4,,,,
2020,2,"Solomon Islands, Port Noro", Port Noro,Bulk Carrier,Exports,30766.2,,,,
2020,2,"Solomon Islands, Port Noro", Port Noro,Bulk Carrier,Imports,56352.9,,,,
2020,2,"Solomon Islands, Port Noro", Port Noro,Container,Exports,263,,,,
2020,2,"Solomon Islands, Port Noro", Port Noro,General Cargo,Exports,4174.6,,,,
2020,2,"Solomon Islands, Port Noro", Port Noro,General Cargo,Imports,788.9,,,,
2020,2,"Solomon Islands, Port Noro", Port Noro,Tanker,Imports,2526.2,,,,
2020,2,"Solomon Islands, Rennell Island", Rennell Island,Bulk Carrier,Exports,193026,,,,
2020,2,"Solomon Islands, Ringgi Cove", Ringgi Cove,General Cargo,Exports,3323.4,,,,
2020,2,"Tonga, Neiafu", Neiafu,General Cargo,Exports,215.6,,,,
2020,2,"Tonga, Neiafu", Neiafu,General Cargo,Imports,329.7,,,,
2020,2,"Tonga, Neiafu", Neiafu,Tanker,Imports,1082.9,,,,
2020,2,"Tonga, Nuku Alofa", Nuku Alofa,Container,Imports,4371.6,,,,
2020,2,"Tonga, Nuku Alofa", Nuku Alofa,General Cargo,Exports,384.1,,,,
2020,2,"Tonga, Nuku Alofa", Nuku Alofa,General Cargo,Imports,2949.1,,,,
2020,2,"Tonga, Nuku Alofa", Nuku Alofa,Tanker,Exports,195.7,,,,
2020,2,"Tonga, Nuku Alofa", Nuku Alofa,Tanker,Imports,1811.3,,,,
2020,2,"Tonga, Pangai", Pangai,General Cargo,Exports,215.6,,,,
2020,2,"Tuvalu, Funafuti Atoll", Funafuti Atoll,Container,Exports,461.4,,,,
2020,2,"Tuvalu, Funafuti Atoll", Funafuti Atoll,General Cargo,Exports,4446.3,,,,
2020,2,"Tuvalu, Funafuti Atoll", Funafuti Atoll,General Cargo,Imports,1041.2,,,,
2020,2,"Tuvalu, Funafuti Atoll", Funafuti Atoll,Tanker,Imports,276.2,,,,
2020,2,"Vanuatu, Luganville", Luganville,Container,Imports,1532.7,,,,
2020,2,"Vanuatu, Luganville", Luganville,General Cargo,Imports,1757.1,,,,
2020,2,"Vanuatu, Luganville", Luganville,Tanker,Imports,1488.1,,,,
2020,2,"Vanuatu, Port Vila", Port Vila,Container,Exports,2509.8,,,,
2020,2,"Vanuatu, Port Vila", Port Vila,Container,Imports,2427.8,,,,
2020,2,"Vanuatu, Port Vila", Port Vila,General Cargo,Imports,7995.7,,,,
2020,2,"Vanuatu, Port Vila", Port Vila,Tanker,Exports,133,,,,
2020,3,"Fiji, Lautoka Harbor", Lautoka Harbor,Bulk Carrier,Exports,9068,,,,
2020,3,"Fiji, Lautoka Harbor", Lautoka Harbor,Bulk Carrier,Imports,10965.8,,,,
2020,3,"Fiji, Lautoka Harbor", Lautoka Harbor,Container,Exports,5547.1,,,,
2020,3,"Fiji, Lautoka Harbor", Lautoka Harbor,Container,Imports,12762.3,,,,
2020,3,"Fiji, Lautoka Harbor", Lautoka Harbor,General Cargo,Imports,803.8,,,,
2020,3,"Fiji, Lautoka Harbor", Lautoka Harbor,Tanker,Exports,8939.6,,,,
2020,3,"Fiji, Lautoka Harbor", Lautoka Harbor,Tanker,Imports,40426.7,,,,
2020,3,"Fiji, Malai", Malai,Tanker,Imports,909.8,,,,
2020,3,"Fiji, Suva Harbor", Suva Harbor,Bulk Carrier,Imports,5400.2,,,,
2020,3,"Fiji, Suva Harbor", Suva Harbor,Container,Exports,7349.2,,,,
2020,3,"Fiji, Suva Harbor", Suva Harbor,Container,Imports,17706.5,,,,
2020,3,"Fiji, Suva Harbor", Suva Harbor,General Cargo,Exports,2136.8,,,,
2020,3,"Fiji, Suva Harbor", Suva Harbor,General Cargo,Imports,4296.2,,,,
2020,3,"Fiji, Suva Harbor", Suva Harbor,Tanker,Exports,689.1,,,,
2020,3,"Fiji, Suva Harbor", Suva Harbor,Tanker,Imports,10075,,,,
2020,3,"Kiribati, Kiribati", Kiribati,General Cargo,Imports,799.2,,,,
2020,3,"Kiribati, Kiribati", Kiribati,Tanker,Exports,82.2,,,,
2020,3,"Kiribati, Kiribati", Kiribati,Tanker,Imports,2519.9,,,,
2020,3,"Kiribati, Tarawa Atoll", Tarawa Atoll,Container,Imports,792.6,,,,
2020,3,"Kiribati, Tarawa Atoll", Tarawa Atoll,General Cargo,Exports,905.1,,,,
2020,3,"Kiribati, Tarawa Atoll", Tarawa Atoll,Tanker,Exports,955.8,,,,
2020,3,"Marshall Islands, Ebeye", Ebeye,General Cargo,Imports,235,,,,
2020,3,"Marshall Islands, Kwajalein", Kwajalein,General Cargo,Imports,468.5,,,,
2020,3,"Marshall Islands, Kwajalein", Kwajalein,Tanker,Imports,317.1,,,,
2020,3,"Marshall Islands, Majuro Atoll", Majuro Atoll,Container,Exports,922.9,,,,
2020,3,"Marshall Islands, Majuro Atoll", Majuro Atoll,Container,Imports,197.3,,,,
2020,3,"Marshall Islands, Majuro Atoll", Majuro Atoll,General Cargo,Exports,6439.9,,,,
2020,3,"Marshall Islands, Majuro Atoll", Majuro Atoll,General Cargo,Imports,2525,,,,
2020,3,"Marshall Islands, Majuro Atoll", Majuro Atoll,Tanker,Imports,2912.1,,,,
2020,3,"Micronesia, Colonia", Colonia,Container,Imports,626.8,,,,
2020,3,"Micronesia, Colonia", Colonia,General Cargo,Imports,464.1,,,,
2020,3,"Micronesia, Colonia", Colonia,Tanker,Imports,1681.7,,,,
2020,3,"Micronesia, Lele Harbor", Lele Harbor,General Cargo,Imports,1124.9,,,,
2020,3,"Micronesia, Moen", Moen,General Cargo,Imports,1033.7,,,,
2020,3,"Micronesia, Moen", Moen,Tanker,Imports,1445.5,,,,
2020,3,"Micronesia, Pornpei Harbor", Pornpei Harbor,Container,Imports,2393.9,,,,
2020,3,"Micronesia, Pornpei Harbor", Pornpei Harbor,General Cargo,Exports,762.9,,,,
2020,3,"Micronesia, Pornpei Harbor", Pornpei Harbor,General Cargo,Imports,769,,,,
2020,3,"Micronesia, Pornpei Harbor", Pornpei Harbor,Tanker,Imports,629.3,,,,
2020,3,"Palau, Malakal Harbor", Malakal Harbor,Container,Exports,293.3,,,,
2020,3,"Palau, Malakal Harbor", Malakal Harbor,Container,Imports,2944.3,,,,
2020,3,"Palau, Malakal Harbor", Malakal Harbor,General Cargo,Exports,1644.1,,,,
2020,3,"Palau, Malakal Harbor", Malakal Harbor,General Cargo,Imports,644.2,,,,
2020,3,"Palau, Malakal Harbor", Malakal Harbor,Tanker,Imports,2291.8,,,,
2020,3,"Papua New Guinea, Alotoa", Alotoa,Bulk Carrier,Exports,30145,,,,
2020,3,"Papua New Guinea, Alotoa", Alotoa,Container,Exports,1129.5,,,,
2020,3,"Papua New Guinea, Alotoa", Alotoa,Container,Imports,1188.3,,,,
2020,3,"Papua New Guinea, Alotoa", Alotoa,General Cargo,Imports,256.6,,,,
2020,3,"Papua New Guinea, Alotoa", Alotoa,Tanker,Exports,98.5,,,,
2020,3,"Papua New Guinea, Alotoa", Alotoa,Tanker,Imports,2001.4,,,,
2020,3,"Papua New Guinea, Buka", Buka,Container,Exports,365.2,,,,
2020,3,"Papua New Guinea, Buka", Buka,Container,Imports,10.2,,,,
2020,3,"Papua New Guinea, Buka", Buka,General Cargo,Exports,345.5,,,,
2020,3,"Papua New Guinea, Buka", Buka,General Cargo,Imports,707.2,,,,
2020,3,"Papua New Guinea, Daru", Daru,Bulk Carrier,Exports,3952.7,,,,
2020,3,"Papua New Guinea, Daru", Daru,General Cargo,Exports,3977.4,,,,
2020,3,"Papua New Guinea, Daru", Daru,General Cargo,Imports,44.4,,,,
2020,3,"Papua New Guinea, Kavieng Harbor", Kavieng Harbor,Bulk Carrier,Exports,14558.2,,,,
2020,3,"Papua New Guinea, Kavieng Harbor", Kavieng Harbor,Container,Imports,1050.9,,,,
2020,3,"Papua New Guinea, Kavieng Harbor", Kavieng Harbor,Tanker,Exports,197,,,,
2020,3,"Papua New Guinea, Kieta", Kieta,Container,Exports,177.8,,,,
2020,3,"Papua New Guinea, Kieta", Kieta,Container,Imports,1350.5,,,,
2020,3,"Papua New Guinea, Kieta", Kieta,General Cargo,Exports,884.5,,,,
2020,3,"Papua New Guinea, Kimbe", Kimbe,Bulk Carrier,Exports,69912.9,,,,
2020,3,"Papua New Guinea, Kimbe", Kimbe,Container,Exports,377.2,,,,
2020,3,"Papua New Guinea, Kimbe", Kimbe,Container,Imports,3423.5,,,,
2020,3,"Papua New Guinea, Kimbe", Kimbe,General Cargo,Exports,1944.4,,,,
2020,3,"Papua New Guinea, Kimbe", Kimbe,General Cargo,Imports,765.2,,,,
2020,3,"Papua New Guinea, Kimbe", Kimbe,Tanker,Exports,16194.9,,,,
2020,3,"Papua New Guinea, Kimbe", Kimbe,Tanker,Imports,153.6,,,,
2020,3,"Papua New Guinea, Lae", Lae,Bulk Carrier,Imports,22789.1,,,,
2020,3,"Papua New Guinea, Lae", Lae,Container,Exports,25046.2,,,,
2020,3,"Papua New Guinea, Lae", Lae,Container,Imports,47346.9,,,,
2020,3,"Papua New Guinea, Lae", Lae,General Cargo,Exports,10458.1,,,,
2020,3,"Papua New Guinea, Lae", Lae,General Cargo,Imports,8473.6,,,,
2020,3,"Papua New Guinea, Lae", Lae,Tanker,Exports,2500.5,,,,
2020,3,"Papua New Guinea, Lae", Lae,Tanker,Imports,16507.8,,,,
2020,3,"Papua New Guinea, Madang", Madang,Container,Exports,5802.7,,,,
2020,3,"Papua New Guinea, Madang", Madang,General Cargo,Exports,2065.3,,,,
2020,3,"Papua New Guinea, Madang", Madang,General Cargo,Imports,2575.6,,,,
2020,3,"Papua New Guinea, Madang", Madang,Tanker,Imports,31157.5,,,,
2020,3,"Papua New Guinea, Oro Bay", Oro Bay,Container,Imports,2010.8,,,,
2020,3,"Papua New Guinea, Oro Bay", Oro Bay,General Cargo,Exports,45.5,,,,
2020,3,"Papua New Guinea, Oro Bay", Oro Bay,General Cargo,Imports,256.6,,,,
2020,3,"Papua New Guinea, Port Moresby", Port Moresby,Bulk Carrier,Exports,37457.7,,,,
2020,3,"Papua New Guinea, Port Moresby", Port Moresby,Bulk Carrier,Imports,16276.3,,,,
2020,3,"Papua New Guinea, Port Moresby", Port Moresby,Container,Exports,5064.3,,,,
2020,3,"Papua New Guinea, Port Moresby", Port Moresby,Container,Imports,24349.2,,,,
2020,3,"Papua New Guinea, Port Moresby", Port Moresby,General Cargo,Exports,17525.9,,,,
2020,3,"Papua New Guinea, Port Moresby", Port Moresby,General Cargo,Imports,5410.4,,,,
2020,3,"Papua New Guinea, Port Moresby", Port Moresby,Tanker,Exports,307696.2,,,,
2020,3,"Papua New Guinea, Port Moresby", Port Moresby,Tanker,Imports,79704.2,,,,
2020,3,"Papua New Guinea, Put Put", Put Put,Container,Imports,13870,,,,
2020,3,"Papua New Guinea, Put Put", Put Put,General Cargo,Exports,3443.8,,,,
2020,3,"Papua New Guinea, Put Put", Put Put,General Cargo,Imports,2803.6,,,,
2020,3,"Papua New Guinea, Put Put", Put Put,Tanker,Imports,9727.8,,,,
2020,3,"Papua New Guinea, Rabaul", Rabaul,Bulk Carrier,Exports,10476.8,,,,
2020,3,"Papua New Guinea, Rabaul", Rabaul,Container,Exports,1374.8,,,,
2020,3,"Papua New Guinea, Rabaul", Rabaul,Container,Imports,7468,,,,
2020,3,"Papua New Guinea, Rabaul", Rabaul,General Cargo,Exports,27444.4,,,,
2020,3,"Papua New Guinea, Rabaul", Rabaul,General Cargo,Imports,4191.3,,,,
2020,3,"Papua New Guinea, Rabaul", Rabaul,Tanker,Exports,2467.3,,,,
2020,3,"Papua New Guinea, Rabaul", Rabaul,Tanker,Imports,7294.7,,,,
2020,3,"Papua New Guinea, Vanimo", Vanimo,Bulk Carrier,Exports,1131.9,,,,
2020,3,"Papua New Guinea, Vanimo", Vanimo,General Cargo,Exports,872,,,,
2020,3,"Papua New Guinea, Wewak Harbor", Wewak Harbor,Bulk Carrier,Exports,22039.3,,,,
2020,3,"Papua New Guinea, Wewak Harbor", Wewak Harbor,Bulk Carrier,Imports,396.8,,,,
2020,3,"Papua New Guinea, Wewak Harbor", Wewak Harbor,Container,Imports,1014.8,,,,
2020,3,"Papua New Guinea, Wewak Harbor", Wewak Harbor,General Cargo,Exports,5147.2,,,,
2020,3,"Papua New Guinea, Wewak Harbor", Wewak Harbor,General Cargo,Imports,2467.7,,,,
2020,3,"Papua New Guinea, Wewak Harbor", Wewak Harbor,Tanker,Imports,2829.5,,,,
2020,3,"Samoa, Apia", Apia,Container,Exports,3183.4,,,,
2020,3,"Samoa, Apia", Apia,Container,Imports,9913,,,,
2020,3,"Samoa, Apia", Apia,General Cargo,Exports,904,,,,
2020,3,"Samoa, Apia", Apia,General Cargo,Imports,2007.2,,,,
2020,3,"Samoa, Apia", Apia,Tanker,Imports,751.7,,,,
2020,3,"Solomon Islands, Honiara", Honiara,Bulk Carrier,Exports,6813.7,,,,
2020,3,"Solomon Islands, Honiara", Honiara,Container,Exports,1801.7,,,,
2020,3,"Solomon Islands, Honiara", Honiara,Container,Imports,6535.5,,,,
2020,3,"Solomon Islands, Honiara", Honiara,General Cargo,Exports,860.9,,,,
2020,3,"Solomon Islands, Honiara", Honiara,General Cargo,Imports,4552.8,,,,
2020,3,"Solomon Islands, Honiara", Honiara,Tanker,Imports,33858.6,,,,
2020,3,"Solomon Islands, Mbulo", Mbulo,Bulk Carrier,Imports,2016.2,,,,
2020,3,"Solomon Islands, Mbulo", Mbulo,Container,Imports,1504.2,,,,
2020,3,"Solomon Islands, Mbulo", Mbulo,General Cargo,Exports,181.1,,,,
2020,3,"Solomon Islands, Ndora", Ndora,Bulk Carrier,Exports,12073.8,,,,
2020,3,"Solomon Islands, Ndora", Ndora,Bulk Carrier,Imports,3177.8,,,,
2020,3,"Solomon Islands, Port Noro", Port Noro,Bulk Carrier,Exports,112260.6,,,,
2020,3,"Solomon Islands, Port Noro", Port Noro,Container,Exports,2009.4,,,,
2020,3,"Solomon Islands, Port Noro", Port Noro,General Cargo,Exports,7978.9,,,,
2020,3,"Solomon Islands, Port Noro", Port Noro,Tanker,Imports,462.3,,,,
2020,3,"Solomon Islands, Rennell Island", Rennell Island,Bulk Carrier,Exports,69443.6,,,,
2020,3,"Tonga, Neiafu", Neiafu,General Cargo,Exports,323.4,,,,
2020,3,"Tonga, Neiafu", Neiafu,General Cargo,Imports,838,,,,
2020,3,"Tonga, Neiafu", Neiafu,Tanker,Imports,826.6,,,,
2020,3,"Tonga, Nuku Alofa", Nuku Alofa,Container,Exports,1038.9,,,,
2020,3,"Tonga, Nuku Alofa", Nuku Alofa,Container,Imports,4353,,,,
2020,3,"Tonga, Nuku Alofa", Nuku Alofa,General Cargo,Exports,323.4,,,,
2020,3,"Tonga, Nuku Alofa", Nuku Alofa,General Cargo,Imports,2572.6,,,,
2020,3,"Tonga, Nuku Alofa", Nuku Alofa,Tanker,Exports,686,,,,
2020,3,"Tonga, Nuku Alofa", Nuku Alofa,Tanker,Imports,1313.9,,,,
2020,3,"Tonga, Pangai", Pangai,General Cargo,Exports,431.2,,,,
2020,3,"Tuvalu, Funafuti Atoll", Funafuti Atoll,Container,Exports,65.8,,,,
2020,3,"Tuvalu, Funafuti Atoll", Funafuti Atoll,General Cargo,Exports,209,,,,
2020,3,"Tuvalu, Funafuti Atoll", Funafuti Atoll,General Cargo,Imports,297.3,,,,
2020,3,"Vanuatu, Luganville", Luganville,Container,Exports,382.9,,,,
2020,3,"Vanuatu, Luganville", Luganville,Container,Imports,305.4,,,,
2020,3,"Vanuatu, Luganville", Luganville,General Cargo,Exports,1192,,,,
2020,3,"Vanuatu, Luganville", Luganville,General Cargo,Imports,1631.3,,,,
2020,3,"Vanuatu, Luganville", Luganville,Tanker,Imports,1590.5,,,,
2020,3,"Vanuatu, Port Vila", Port Vila,Container,Imports,6667.4,,,,
2020,3,"Vanuatu, Port Vila", Port Vila,General Cargo,Exports,971.1,,,,
2020,3,"Vanuatu, Port Vila", Port Vila,Tanker,Imports,4781.1,,,,
2020,4,"Fiji, Lautoka Harbor", Lautoka Harbor,Bulk Carrier,Exports,6128.7,,,,
2020,4,"Fiji, Lautoka Harbor", Lautoka Harbor,Container,Exports,11531.6,,,,
2020,4,"Fiji, Lautoka Harbor", Lautoka Harbor,Container,Imports,1719.7,,,,
2020,4,"Fiji, Lautoka Harbor", Lautoka Harbor,General Cargo,Exports,7078.5,,,,
2020,4,"Fiji, Lautoka Harbor", Lautoka Harbor,General Cargo,Imports,8960.9,,,,
2020,4,"Fiji, Lautoka Harbor", Lautoka Harbor,Tanker,Exports,6016.9,,,,
2020,4,"Fiji, Lautoka Harbor", Lautoka Harbor,Tanker,Imports,19401.1,,,,
2020,4,"Fiji, Malai", Malai,Tanker,Exports,6438,,,,
2020,4,"Fiji, Malai", Malai,Tanker,Imports,603.6,,,,
2020,4,"Fiji, Nabouwalu Jetty", Nabouwalu Jetty,Bulk Carrier,Exports,10301.4,,,,
2020,4,"Fiji, Suva Harbor", Suva Harbor,Bulk Carrier,Imports,6367.9,,,,
2020,4,"Fiji, Suva Harbor", Suva Harbor,Container,Exports,3041.7,,,,
2020,4,"Fiji, Suva Harbor", Suva Harbor,Container,Imports,16477.5,,,,
2020,4,"Fiji, Suva Harbor", Suva Harbor,General Cargo,Exports,2026.2,,,,
2020,4,"Fiji, Suva Harbor", Suva Harbor,General Cargo,Imports,9343.7,,,,
2020,4,"Fiji, Suva Harbor", Suva Harbor,Tanker,Imports,11668.6,,,,
2020,4,"Kiribati, Kiribati", Kiribati,Container,Imports,1227.9,,,,
2020,4,"Kiribati, Tarawa Atoll", Tarawa Atoll,Container,Imports,386.9,,,,
2020,4,"Kiribati, Tarawa Atoll", Tarawa Atoll,General Cargo,Exports,5895.1,,,,
2020,4,"Marshall Islands, Ebeye", Ebeye,General Cargo,Imports,902.4,,,,
2020,4,"Marshall Islands, Kwajalein", Kwajalein,General Cargo,Imports,2965.8,,,,
2020,4,"Marshall Islands, Kwajalein", Kwajalein,Tanker,Imports,317.1,,,,
2020,4,"Marshall Islands, Majuro Atoll", Majuro Atoll,Container,Exports,1418.8,,,,
2020,4,"Marshall Islands, Majuro Atoll", Majuro Atoll,Container,Imports,3878.8,,,,
2020,4,"Marshall Islands, Majuro Atoll", Majuro Atoll,General Cargo,Imports,1530.6,,,,
2020,4,"Marshall Islands, Majuro Atoll", Majuro Atoll,Tanker,Imports,3111.5,,,,
2020,4,"Micronesia, Colonia", Colonia,Container,Exports,728.2,,,,
2020,4,"Micronesia, Colonia", Colonia,General Cargo,Imports,2106.5,,,,
2020,4,"Micronesia, Colonia", Colonia,Tanker,Imports,626.4,,,,
2020,4,"Micronesia, Lele Harbor", Lele Harbor,Container,Exports,2945.6,,,,
2020,4,"Micronesia, Lele Harbor", Lele Harbor,Container,Imports,24.5,,,,
2020,4,"Micronesia, Lele Harbor", Lele Harbor,General Cargo,Exports,15.2,,,,
2020,4,"Micronesia, Lele Harbor", Lele Harbor,General Cargo,Imports,1092.3,,,,
2020,4,"Micronesia, Lele Harbor", Lele Harbor,Tanker,Imports,837.9,,,,
2020,4,"Micronesia, Moen", Moen,General Cargo,Exports,594.8,,,,
2020,4,"Micronesia, Moen", Moen,General Cargo,Imports,646.5,,,,
2020,4,"Micronesia, Pornpei Harbor", Pornpei Harbor,Container,Exports,297.8,,,,
2020,4,"Micronesia, Pornpei Harbor", Pornpei Harbor,General Cargo,Exports,224.6,,,,
2020,4,"Micronesia, Pornpei Harbor", Pornpei Harbor,General Cargo,Imports,2992.8,,,,
2020,4,"Micronesia, Pornpei Harbor", Pornpei Harbor,Tanker,Imports,1473.4,,,,
2020,4,"Palau, Malakal Harbor", Malakal Harbor,Container,Imports,7219,,,,
2020,4,"Palau, Malakal Harbor", Malakal Harbor,General Cargo,Exports,2121,,,,
2020,4,"Palau, Malakal Harbor", Malakal Harbor,General Cargo,Imports,612.2,,,,
2020,4,"Palau, Malakal Harbor", Malakal Harbor,Tanker,Imports,2545.2,,,,
2020,4,"Papua New Guinea, Alotoa", Alotoa,Bulk Carrier,Exports,18372.1,,,,
2020,4,"Papua New Guinea, Alotoa", Alotoa,Container,Imports,541.1,,,,
2020,4,"Papua New Guinea, Alotoa", Alotoa,General Cargo,Exports,4192.6,,,,
2020,4,"Papua New Guinea, Alotoa", Alotoa,General Cargo,Imports,151.4,,,,
2020,4,"Papua New Guinea, Alotoa", Alotoa,Tanker,Exports,1975.2,,,,
2020,4,"Papua New Guinea, Alotoa", Alotoa,Tanker,Imports,1495.2,,,,
2020,4,"Papua New Guinea, Buka", Buka,Container,Imports,1440.1,,,,
2020,4,"Papua New Guinea, Buka", Buka,General Cargo,Exports,115.2,,,,
2020,4,"Papua New Guinea, Daru", Daru,Bulk Carrier,Exports,13004.4,,,,
2020,4,"Papua New Guinea, Daru", Daru,General Cargo,Exports,680.1,,,,
2020,4,"Papua New Guinea, Kavieng Harbor", Kavieng Harbor,Bulk Carrier,Exports,26474.4,,,,
2020,4,"Papua New Guinea, Kavieng Harbor", Kavieng Harbor,Container,Imports,2816.6,,,,
2020,4,"Papua New Guinea, Kavieng Harbor", Kavieng Harbor,General Cargo,Exports,5181.3,,,,
2020,4,"Papua New Guinea, Kieta", Kieta,Container,Exports,349.4,,,,
2020,4,"Papua New Guinea, Kieta", Kieta,Container,Imports,10.2,,,,
2020,4,"Papua New Guinea, Kimbe", Kimbe,Bulk Carrier,Exports,24358.1,,,,
2020,4,"Papua New Guinea, Kimbe", Kimbe,Container,Imports,7056.3,,,,
2020,4,"Papua New Guinea, Kimbe", Kimbe,General Cargo,Exports,6358.1,,,,
2020,4,"Papua New Guinea, Kimbe", Kimbe,Tanker,Exports,16862.8,,,,
2020,4,"Papua New Guinea, Kimbe", Kimbe,Tanker,Imports,132.1,,,,
2020,4,"Papua New Guinea, Lae", Lae,Bulk Carrier,Imports,9616.7,,,,
2020,4,"Papua New Guinea, Lae", Lae,Container,Exports,14083.3,,,,
2020,4,"Papua New Guinea, Lae", Lae,Container,Imports,36596.6,,,,
2020,4,"Papua New Guinea, Lae", Lae,General Cargo,Exports,5669,,,,
2020,4,"Papua New Guinea, Lae", Lae,General Cargo,Imports,10864.3,,,,
2020,4,"Papua New Guinea, Lae", Lae,Tanker,Exports,17129.5,,,,
2020,4,"Papua New Guinea, Lae", Lae,Tanker,Imports,13140.2,,,,
2020,4,"Papua New Guinea, Madang", Madang,Container,Imports,2901.5,,,,
2020,4,"Papua New Guinea, Madang", Madang,General Cargo,Exports,4005.3,,,,
2020,4,"Papua New Guinea, Madang", Madang,General Cargo,Imports,6668.9,,,,
2020,4,"Papua New Guinea, Madang", Madang,Tanker,Imports,3785.2,,,,
2020,4,"Papua New Guinea, Oro Bay", Oro Bay,Bulk Carrier,Exports,3839.5,,,,
2020,4,"Papua New Guinea, Oro Bay", Oro Bay,Container,Imports,38.6,,,,
2020,4,"Papua New Guinea, Oro Bay", Oro Bay,General Cargo,Exports,1234.2,,,,
2020,4,"Papua New Guinea, Oro Bay", Oro Bay,Tanker,Exports,21325,,,,
2020,4,"Papua New Guinea, Port Moresby", Port Moresby,Bulk Carrier,Exports,16311.9,,,,
2020,4,"Papua New Guinea, Port Moresby", Port Moresby,Bulk Carrier,Imports,5211,,,,
2020,4,"Papua New Guinea, Port Moresby", Port Moresby,Container,Exports,1285.2,,,,
2020,4,"Papua New Guinea, Port Moresby", Port Moresby,Container,Imports,32081.6,,,,
2020,4,"Papua New Guinea, Port Moresby", Port Moresby,General Cargo,Exports,21021.3,,,,
2020,4,"Papua New Guinea, Port Moresby", Port Moresby,General Cargo,Imports,8993.3,,,,
2020,4,"Papua New Guinea, Port Moresby", Port Moresby,Tanker,Exports,223484.2,,,,
2020,4,"Papua New Guinea, Port Moresby", Port Moresby,Tanker,Imports,67455,,,,
2020,4,"Papua New Guinea, Put Put", Put Put,Container,Exports,3029.1,,,,
2020,4,"Papua New Guinea, Put Put", Put Put,Container,Imports,7540.7,,,,
2020,4,"Papua New Guinea, Put Put", Put Put,Tanker,Imports,11939.3,,,,
2020,4,"Papua New Guinea, Rabaul", Rabaul,Bulk Carrier,Exports,26364.7,,,,
2020,4,"Papua New Guinea, Rabaul", Rabaul,Container,Exports,1755.3,,,,
2020,4,"Papua New Guinea, Rabaul", Rabaul,Container,Imports,5955.7,,,,
2020,4,"Papua New Guinea, Rabaul", Rabaul,General Cargo,Exports,21920.5,,,,
2020,4,"Papua New Guinea, Rabaul", Rabaul,Tanker,Exports,3747.3,,,,
2020,4,"Papua New Guinea, Rabaul", Rabaul,Tanker,Imports,132.1,,,,
2020,4,"Papua New Guinea, Vanimo", Vanimo,General Cargo,Exports,8539.7,,,,
2020,4,"Papua New Guinea, Wewak Harbor", Wewak Harbor,Bulk Carrier,Exports,14326.8,,,,
2020,4,"Papua New Guinea, Wewak Harbor", Wewak Harbor,Container,Imports,500.3,,,,
2020,4,"Papua New Guinea, Wewak Harbor", Wewak Harbor,General Cargo,Exports,2037.9,,,,
2020,4,"Papua New Guinea, Wewak Harbor", Wewak Harbor,General Cargo,Imports,1933.3,,,,
2020,4,"Papua New Guinea, Wewak Harbor", Wewak Harbor,Tanker,Exports,98.5,,,,
2020,4,"Samoa, Apia", Apia,Container,Exports,1400.8,,,,
2020,4,"Samoa, Apia", Apia,Container,Imports,13182.6,,,,
2020,4,"Samoa, Apia", Apia,General Cargo,Exports,65.1,,,,
2020,4,"Samoa, Apia", Apia,General Cargo,Imports,5743.8,,,,
2020,4,"Samoa, Apia", Apia,Tanker,Exports,135.7,,,,
2020,4,"Samoa, Apia", Apia,Tanker,Imports,495.1,,,,
2020,4,"Solomon Islands, Honiara", Honiara,Bulk Carrier,Imports,3431.3,,,,
2020,4,"Solomon Islands, Honiara", Honiara,Container,Exports,1390.6,,,,
2020,4,"Solomon Islands, Honiara", Honiara,Container,Imports,7669.9,,,,
2020,4,"Solomon Islands, Honiara", Honiara,General Cargo,Exports,543.4,,,,
2020,4,"Solomon Islands, Honiara", Honiara,General Cargo,Imports,2585.5,,,,
2020,4,"Solomon Islands, Honiara", Honiara,Tanker,Exports,114.8,,,,
2020,4,"Solomon Islands, Honiara", Honiara,Tanker,Imports,6026.6,,,,
2020,4,"Solomon Islands, Mbulo", Mbulo,General Cargo,Exports,3147,,,,
2020,4,"Solomon Islands, Ndora", Ndora,Bulk Carrier,Exports,8924,,,,
2020,4,"Solomon Islands, Ndora", Ndora,General Cargo,Imports,2215.9,,,,
2020,4,"Solomon Islands, Port Noro", Port Noro,Bulk Carrier,Exports,138894.9,,,,
2020,4,"Solomon Islands, Port Noro", Port Noro,Bulk Carrier,Imports,2642.5,,,,
2020,4,"Solomon Islands, Port Noro", Port Noro,Container,Exports,358,,,,
2020,4,"Solomon Islands, Port Noro", Port Noro,Container,Imports,363.2,,,,
2020,4,"Solomon Islands, Port Noro", Port Noro,General Cargo,Exports,3088.1,,,,
2020,4,"Solomon Islands, Port Noro", Port Noro,General Cargo,Imports,4332.4,,,,
2020,4,"Solomon Islands, Rennell Island", Rennell Island,Bulk Carrier,Exports,124861,,,,
2020,4,"Tonga, Neiafu", Neiafu,General Cargo,Exports,1058.2,,,,
2020,4,"Tonga, Neiafu", Neiafu,Tanker,Imports,1104.9,,,,
2020,4,"Tonga, Nuku Alofa", Nuku Alofa,Container,Imports,5457.1,,,,
2020,4,"Tonga, Nuku Alofa", Nuku Alofa,General Cargo,Exports,229.9,,,,
2020,4,"Tonga, Nuku Alofa", Nuku Alofa,General Cargo,Imports,5921.5,,,,
2020,4,"Tonga, Nuku Alofa", Nuku Alofa,Tanker,Exports,342.9,,,,
2020,4,"Tonga, Nuku Alofa", Nuku Alofa,Tanker,Imports,1007.6,,,,
2020,4,"Tuvalu, Funafuti Atoll", Funafuti Atoll,Container,Exports,1165.4,,,,
2020,4,"Tuvalu, Funafuti Atoll", Funafuti Atoll,General Cargo,Exports,209,,,,
2020,4,"Tuvalu, Funafuti Atoll", Funafuti Atoll,Tanker,Imports,1263.8,,,,
2020,4,"Vanuatu, Luganville", Luganville,Container,Imports,787.2,,,,
2020,4,"Vanuatu, Luganville", Luganville,General Cargo,Exports,1439.7,,,,
2020,4,"Vanuatu, Port Vila", Port Vila,Container,Exports,774.3,,,,
2020,4,"Vanuatu, Port Vila", Port Vila,Container,Imports,3903.1,,,,
2020,4,"Vanuatu, Port Vila", Port Vila,General Cargo,Exports,2879.4,,,,
2020,4,"Vanuatu, Port Vila", Port Vila,General Cargo,Imports,1297.2,,,,
2020,4,"Vanuatu, Port Vila", Port Vila,Tanker,Exports,114.8,,,,
2020,4,"Vanuatu, Port Vila", Port Vila,Tanker,Imports,3615.4,,,,
2020,5,"Fiji, Lautoka Harbor", Lautoka Harbor,Container,Exports,3863.9,,,,
2020,5,"Fiji, Lautoka Harbor", Lautoka Harbor,Container,Imports,12552.5,,,,
2020,5,"Fiji, Lautoka Harbor", Lautoka Harbor,General Cargo,Imports,1936.4,,,,
2020,5,"Fiji, Lautoka Harbor", Lautoka Harbor,Tanker,Exports,4174.1,,,,
2020,5,"Fiji, Lautoka Harbor", Lautoka Harbor,Tanker,Imports,4871.3,,,,
2020,5,"Fiji, Malai", Malai,Tanker,Exports,214.6,,,,
2020,5,"Fiji, Malai", Malai,Tanker,Imports,331.4,,,,
2020,5,"Fiji, Nabouwalu Jetty", Nabouwalu Jetty,Bulk Carrier,Exports,10635.9,,,,
2020,5,"Fiji, Suva Harbor", Suva Harbor,Container,Exports,4632.9,,,,
2020,5,"Fiji, Suva Harbor", Suva Harbor,Container,Imports,20247.4,,,,
2020,5,"Fiji, Suva Harbor", Suva Harbor,General Cargo,Imports,2560.5,,,,
2020,5,"Fiji, Suva Harbor", Suva Harbor,Tanker,Exports,219.5,,,,
2020,5,"Fiji, Suva Harbor", Suva Harbor,Tanker,Imports,2383.8,,,,
2020,5,"Kiribati, Tarawa Atoll", Tarawa Atoll,Container,Imports,3959,,,,
2020,5,"Kiribati, Tarawa Atoll", Tarawa Atoll,General Cargo,Exports,3773.2,,,,
2020,5,"Kiribati, Tarawa Atoll", Tarawa Atoll,General Cargo,Imports,300,,,,
2020,5,"Kiribati, Tarawa Atoll", Tarawa Atoll,Tanker,Exports,95.3,,,,
2020,5,"Marshall Islands, Ebeye", Ebeye,General Cargo,Imports,1217.1,,,,
2020,5,"Marshall Islands, Kwajalein", Kwajalein,General Cargo,Exports,382.2,,,,
2020,5,"Marshall Islands, Kwajalein", Kwajalein,General Cargo,Imports,552.4,,,,
2020,5,"Marshall Islands, Kwajalein", Kwajalein,Tanker,Imports,317.1,,,,
2020,5,"Marshall Islands, Majuro Atoll", Majuro Atoll,Container,Exports,611.9,,,,
2020,5,"Marshall Islands, Majuro Atoll", Majuro Atoll,Container,Imports,5175.6,,,,
2020,5,"Marshall Islands, Majuro Atoll", Majuro Atoll,General Cargo,Exports,8980.9,,,,
2020,5,"Marshall Islands, Majuro Atoll", Majuro Atoll,General Cargo,Imports,2167.2,,,,
2020,5,"Marshall Islands, Majuro Atoll", Majuro Atoll,Tanker,Imports,3327.9,,,,
2020,5,"Micronesia, Colonia", Colonia,Container,Exports,244.7,,,,
2020,5,"Micronesia, Colonia", Colonia,General Cargo,Exports,1255.1,,,,
2020,5,"Micronesia, Colonia", Colonia,General Cargo,Imports,464.1,,,,
2020,5,"Micronesia, Lele Harbor", Lele Harbor,Container,Exports,596.2,,,,
2020,5,"Micronesia, Lele Harbor", Lele Harbor,Container,Imports,597.5,,,,
2020,5,"Micronesia, Lele Harbor", Lele Harbor,General Cargo,Imports,886.6,,,,
2020,5,"Micronesia, Moen", Moen,General Cargo,Exports,1450.3,,,,
2020,5,"Micronesia, Moen", Moen,General Cargo,Imports,1266.6,,,,
2020,5,"Micronesia, Moen", Moen,Tanker,Imports,2482.2,,,,
2020,5,"Micronesia, Pornpei Harbor", Pornpei Harbor,Container,Imports,1476,,,,
2020,5,"Micronesia, Pornpei Harbor", Pornpei Harbor,General Cargo,Exports,30.5,,,,
2020,5,"Micronesia, Pornpei Harbor", Pornpei Harbor,General Cargo,Imports,985.3,,,,
2020,5,"Micronesia, Pornpei Harbor", Pornpei Harbor,Tanker,Imports,2867.6,,,,
2020,5,"Nauru, Nauru", Nauru,General Cargo,Exports,473.7,,,,
2020,5,"Nauru, Nauru", Nauru,Tanker,Exports,3220.9,,,,
2020,5,"Palau, Malakal Harbor", Malakal Harbor,Container,Imports,1218.7,,,,
2020,5,"Palau, Malakal Harbor", Malakal Harbor,General Cargo,Exports,3479.1,,,,
2020,5,"Palau, Malakal Harbor", Malakal Harbor,General Cargo,Imports,1050.3,,,,
2020,5,"Papua New Guinea, Alotoa", Alotoa,Bulk Carrier,Exports,2093.1,,,,
2020,5,"Papua New Guinea, Alotoa", Alotoa,Container,Exports,1388,,,,
2020,5,"Papua New Guinea, Alotoa", Alotoa,Container,Imports,413,,,,
2020,5,"Papua New Guinea, Alotoa", Alotoa,General Cargo,Exports,45.5,,,,
2020,5,"Papua New Guinea, Alotoa", Alotoa,Tanker,Exports,6281.9,,,,
2020,5,"Papua New Guinea, Buka", Buka,Container,Exports,562.2,,,,
2020,5,"Papua New Guinea, Buka", Buka,Container,Imports,532.2,,,,
2020,5,"Papua New Guinea, Buka", Buka,General Cargo,Exports,230.3,,,,
2020,5,"Papua New Guinea, Daru", Daru,Bulk Carrier,Exports,8974.9,,,,
2020,5,"Papua New Guinea, Daru", Daru,General Cargo,Exports,141.7,,,,
2020,5,"Papua New Guinea, Kavieng Harbor", Kavieng Harbor,Bulk Carrier,Exports,28598.3,,,,
2020,5,"Papua New Guinea, Kavieng Harbor", Kavieng Harbor,Container,Imports,2033.4,,,,
2020,5,"Papua New Guinea, Kavieng Harbor", Kavieng Harbor,General Cargo,Exports,3522,,,,
2020,5,"Papua New Guinea, Kavieng Harbor", Kavieng Harbor,Tanker,Exports,197,,,,
2020,5,"Papua New Guinea, Kavieng Harbor", Kavieng Harbor,Tanker,Imports,1211.1,,,,
2020,5,"Papua New Guinea, Kieta", Kieta,Container,Imports,413.7,,,,
2020,5,"Papua New Guinea, Kieta", Kieta,General Cargo,Exports,115.2,,,,
2020,5,"Papua New Guinea, Kimbe", Kimbe,Bulk Carrier,Exports,55531,,,,
2020,5,"Papua New Guinea, Kimbe", Kimbe,Container,Exports,2131.4,,,,
2020,5,"Papua New Guinea, Kimbe", Kimbe,Container,Imports,2005.2,,,,
2020,5,"Papua New Guinea, Kimbe", Kimbe,General Cargo,Exports,7915.4,,,,
2020,5,"Papua New Guinea, Kimbe", Kimbe,Tanker,Exports,18915.1,,,,
2020,5,"Papua New Guinea, Kimbe", Kimbe,Tanker,Imports,4015.1,,,,
2020,5,"Papua New Guinea, Lae", Lae,Bulk Carrier,Imports,11980.1,,,,
2020,5,"Papua New Guinea, Lae", Lae,Container,Exports,10173,,,,
2020,5,"Papua New Guinea, Lae", Lae,Container,Imports,44650.5,,,,
2020,5,"Papua New Guinea, Lae", Lae,General Cargo,Exports,4458.1,,,,
2020,5,"Papua New Guinea, Lae", Lae,General Cargo,Imports,4272.5,,,,
2020,5,"Papua New Guinea, Lae", Lae,Tanker,Exports,8545.3,,,,
2020,5,"Papua New Guinea, Lae", Lae,Tanker,Imports,7720.9,,,,
2020,5,"Papua New Guinea, Madang", Madang,Bulk Carrier,Exports,4238,,,,
2020,5,"Papua New Guinea, Madang", Madang,Container,Imports,3561.8,,,,
2020,5,"Papua New Guinea, Madang", Madang,General Cargo,Exports,396.5,,,,
2020,5,"Papua New Guinea, Madang", Madang,General Cargo,Imports,5637.8,,,,
2020,5,"Papua New Guinea, Madang", Madang,Tanker,Imports,642.5,,,,
2020,5,"Papua New Guinea, Oro Bay", Oro Bay,Container,Imports,1312.4,,,,
2020,5,"Papua New Guinea, Oro Bay", Oro Bay,General Cargo,Exports,45.5,,,,
2020,5,"Papua New Guinea, Oro Bay", Oro Bay,Tanker,Exports,489.3,,,,
2020,5,"Papua New Guinea, Port Moresby", Port Moresby,Bulk Carrier,Exports,10978.1,,,,
2020,5,"Papua New Guinea, Port Moresby", Port Moresby,Bulk Carrier,Imports,6619.9,,,,
2020,5,"Papua New Guinea, Port Moresby", Port Moresby,Container,Exports,2110.1,,,,
2020,5,"Papua New Guinea, Port Moresby", Port Moresby,Container,Imports,19986.6,,,,
2020,5,"Papua New Guinea, Port Moresby", Port Moresby,General Cargo,Exports,22180,,,,
2020,5,"Papua New Guinea, Port Moresby", Port Moresby,General Cargo,Imports,7667.8,,,,
2020,5,"Papua New Guinea, Port Moresby", Port Moresby,Tanker,Exports,270431.5,,,,
2020,5,"Papua New Guinea, Port Moresby", Port Moresby,Tanker,Imports,91204.7,,,,
2020,5,"Papua New Guinea, Put Put", Put Put,Container,Exports,2168,,,,
2020,5,"Papua New Guinea, Put Put", Put Put,Container,Imports,9730.8,,,,
2020,5,"Papua New Guinea, Put Put", Put Put,General Cargo,Imports,3097.1,,,,
2020,5,"Papua New Guinea, Put Put", Put Put,Tanker,Exports,415.6,,,,
2020,5,"Papua New Guinea, Put Put", Put Put,Tanker,Imports,5002.4,,,,
2020,5,"Papua New Guinea, Rabaul", Rabaul,Bulk Carrier,Exports,27687.8,,,,
2020,5,"Papua New Guinea, Rabaul", Rabaul,Container,Exports,1411.8,,,,
2020,5,"Papua New Guinea, Rabaul", Rabaul,Container,Imports,8531.8,,,,
2020,5,"Papua New Guinea, Rabaul", Rabaul,General Cargo,Exports,23001.1,,,,
2020,5,"Papua New Guinea, Rabaul", Rabaul,General Cargo,Imports,1887.7,,,,
2020,5,"Papua New Guinea, Rabaul", Rabaul,Tanker,Exports,6396,,,,
2020,5,"Papua New Guinea, Rabaul", Rabaul,Tanker,Imports,2475.4,,,,
2020,5,"Papua New Guinea, Vanimo", Vanimo,Bulk Carrier,Exports,60816.5,,,,
2020,5,"Papua New Guinea, Vanimo", Vanimo,General Cargo,Exports,6570.8,,,,
2020,5,"Papua New Guinea, Vanimo", Vanimo,Tanker,Exports,1294.8,,,,
2020,5,"Papua New Guinea, Wewak Harbor", Wewak Harbor,Bulk Carrier,Exports,32441,,,,
2020,5,"Papua New Guinea, Wewak Harbor", Wewak Harbor,Container,Exports,2876,,,,
2020,5,"Papua New Guinea, Wewak Harbor", Wewak Harbor,Container,Imports,786.3,,,,
2020,5,"Papua New Guinea, Wewak Harbor", Wewak Harbor,General Cargo,Exports,197.1,,,,
2020,5,"Papua New Guinea, Wewak Harbor", Wewak Harbor,General Cargo,Imports,3557.8,,,,
2020,5,"Papua New Guinea, Wewak Harbor", Wewak Harbor,Tanker,Exports,98.5,,,,
2020,5,"Samoa, Apia", Apia,Container,Exports,1518.6,,,,
2020,5,"Samoa, Apia", Apia,Container,Imports,4821.5,,,,
2020,5,"Samoa, Apia", Apia,General Cargo,Exports,965.5,,,,
2020,5,"Samoa, Apia", Apia,General Cargo,Imports,1776.7,,,,
2020,5,"Samoa, Apia", Apia,Tanker,Imports,633.6,,,,
2020,5,"Solomon Islands, Honiara", Honiara,Bulk Carrier,Exports,15714.6,,,,
2020,5,"Solomon Islands, Honiara", Honiara,Container,Exports,616.3,,,,
2020,5,"Solomon Islands, Honiara", Honiara,Container,Imports,11031.3,,,,
2020,5,"Solomon Islands, Honiara", Honiara,General Cargo,Exports,3379.7,,,,
2020,5,"Solomon Islands, Honiara", Honiara,General Cargo,Imports,4295.1,,,,
2020,5,"Solomon Islands, Honiara", Honiara,Tanker,Exports,248.5,,,,
2020,5,"Solomon Islands, Honiara", Honiara,Tanker,Imports,8787.7,,,,
2020,5,"Solomon Islands, Lughughi Port", Lughughi Port,Bulk Carrier,Exports,15714.6,,,,
2020,5,"Solomon Islands, Mbulo", Mbulo,Bulk Carrier,Exports,4949.9,,,,
2020,5,"Solomon Islands, Mbulo", Mbulo,Bulk Carrier,Imports,1812.2,,,,
2020,5,"Solomon Islands, Mbulo", Mbulo,Container,Imports,520.4,,,,
2020,5,"Solomon Islands, Port Noro", Port Noro,Bulk Carrier,Exports,118606.7,,,,
2020,5,"Solomon Islands, Port Noro", Port Noro,Bulk Carrier,Imports,1457.8,,,,
2020,5,"Solomon Islands, Port Noro", Port Noro,Container,Exports,507.7,,,,
2020,5,"Solomon Islands, Port Noro", Port Noro,General Cargo,Exports,8064.3,,,,
2020,5,"Solomon Islands, Port Noro", Port Noro,General Cargo,Imports,1321,,,,
2020,5,"Solomon Islands, Port Noro", Port Noro,Tanker,Imports,8.6,,,,
2020,5,"Solomon Islands, Rennell Island", Rennell Island,Bulk Carrier,Exports,92586.5,,,,
2020,5,"Solomon Islands, Seghe", Seghe,Bulk Carrier,Exports,7593.6,,,,
2020,5,"Tonga, Neiafu", Neiafu,General Cargo,Imports,673.5,,,,
2020,5,"Tonga, Neiafu", Neiafu,Tanker,Imports,466.2,,,,
2020,5,"Tonga, Nuku Alofa", Nuku Alofa,Container,Imports,4516.1,,,,
2020,5,"Tonga, Nuku Alofa", Nuku Alofa,General Cargo,Exports,3409.2,,,,
2020,5,"Tonga, Nuku Alofa", Nuku Alofa,General Cargo,Imports,2487,,,,
2020,5,"Tonga, Nuku Alofa", Nuku Alofa,Tanker,Imports,1741.6,,,,
2020,5,"Tuvalu, Funafuti Atoll", Funafuti Atoll,General Cargo,Exports,104.5,,,,
2020,5,"Tuvalu, Funafuti Atoll", Funafuti Atoll,Tanker,Imports,559.5,,,,
2020,5,"Vanuatu, Luganville", Luganville,Container,Exports,389.7,,,,
2020,5,"Vanuatu, Luganville", Luganville,Container,Imports,723,,,,
2020,5,"Vanuatu, Luganville", Luganville,General Cargo,Imports,1574.9,,,,
2020,5,"Vanuatu, Port Vila", Port Vila,Container,Exports,3474.3,,,,
2020,5,"Vanuatu, Port Vila", Port Vila,Container,Imports,1901,,,,
2020,5,"Vanuatu, Port Vila", Port Vila,General Cargo,Exports,1294.1,,,,
2020,5,"Vanuatu, Port Vila", Port Vila,General Cargo,Imports,324.4,,,,
2020,5,"Vanuatu, Port Vila", Port Vila,Tanker,Exports,248.5,,,,
2020,5,"Vanuatu, Port Vila", Port Vila,Tanker,Imports,1501.7,,,,
2020,6,"Fiji, Lautoka Harbor", Lautoka Harbor,Container,Exports,12354.1,,,,
2020,6,"Fiji, Lautoka Harbor", Lautoka Harbor,Container,Imports,1719.3,,,,
2020,6,"Fiji, Lautoka Harbor", Lautoka Harbor,General Cargo,Exports,4519.3,,,,
2020,6,"Fiji, Lautoka Harbor", Lautoka Harbor,General Cargo,Imports,1850.5,,,,
2020,6,"Fiji, Lautoka Harbor", Lautoka Harbor,Tanker,Exports,5535.3,,,,
2020,6,"Fiji, Lautoka Harbor", Lautoka Harbor,Tanker,Imports,21347.8,,,,
2020,6,"Fiji, Malai", Malai,Tanker,Imports,1071.6,,,,
2020,6,"Fiji, Suva Harbor", Suva Harbor,Bulk Carrier,Imports,15974.3,,,,
2020,6,"Fiji, Suva Harbor", Suva Harbor,Container,Exports,2320.6,,,,
2020,6,"Fiji, Suva Harbor", Suva Harbor,Container,Imports,19288.5,,,,
2020,6,"Fiji, Suva Harbor", Suva Harbor,General Cargo,Exports,342.1,,,,
2020,6,"Fiji, Suva Harbor", Suva Harbor,General Cargo,Imports,12313.4,,,,
2020,6,"Fiji, Suva Harbor", Suva Harbor,Tanker,Imports,10804.8,,,,
2020,6,"Kiribati, Kiribati", Kiribati,General Cargo,Exports,10449.2,,,,
2020,6,"Kiribati, Tarawa Atoll", Tarawa Atoll,Container,Exports,771.8,,,,
2020,6,"Kiribati, Tarawa Atoll", Tarawa Atoll,Container,Imports,5000,,,,
2020,6,"Kiribati, Tarawa Atoll", Tarawa Atoll,General Cargo,Imports,1211.7,,,,
2020,6,"Kiribati, Tarawa Atoll", Tarawa Atoll,Tanker,Imports,765.3,,,,
2020,6,"Marshall Islands, Ebeye", Ebeye,General Cargo,Imports,236.1,,,,
2020,6,"Marshall Islands, Kwajalein", Kwajalein,General Cargo,Imports,939.1,,,,
2020,6,"Marshall Islands, Majuro Atoll", Majuro Atoll,Container,Exports,304.1,,,,
2020,6,"Marshall Islands, Majuro Atoll", Majuro Atoll,Container,Imports,2990.4,,,,
2020,6,"Marshall Islands, Majuro Atoll", Majuro Atoll,General Cargo,Exports,11420,,,,
2020,6,"Marshall Islands, Majuro Atoll", Majuro Atoll,General Cargo,Imports,1263.6,,,,
2020,6,"Marshall Islands, Majuro Atoll", Majuro Atoll,Tanker,Imports,416.1,,,,
2020,6,"Micronesia, Colonia", Colonia,Container,Imports,968.2,,,,
2020,6,"Micronesia, Colonia", Colonia,General Cargo,Exports,594.8,,,,
2020,6,"Micronesia, Colonia", Colonia,Tanker,Imports,2096.6,,,,
2020,6,"Micronesia, Lele Harbor", Lele Harbor,Container,Exports,1792.3,,,,
2020,6,"Micronesia, Lele Harbor", Lele Harbor,General Cargo,Imports,1547.4,,,,
2020,6,"Micronesia, Moen", Moen,General Cargo,Exports,334.9,,,,
2020,6,"Micronesia, Moen", Moen,General Cargo,Imports,464.1,,,,
2020,6,"Micronesia, Moen", Moen,Tanker,Exports,1041.8,,,,
2020,6,"Micronesia, Pornpei Harbor", Pornpei Harbor,Container,Imports,2381.5,,,,
2020,6,"Micronesia, Pornpei Harbor", Pornpei Harbor,General Cargo,Exports,15.2,,,,
2020,6,"Micronesia, Pornpei Harbor", Pornpei Harbor,General Cargo,Imports,1543.3,,,,
2020,6,"Micronesia, Pornpei Harbor", Pornpei Harbor,Tanker,Imports,1882.6,,,,
2020,6,"Nauru, Nauru", Nauru,General Cargo,Exports,15.4,,,,
2020,6,"Palau, Malakal Harbor", Malakal Harbor,Container,Imports,1439.7,,,,
2020,6,"Palau, Malakal Harbor", Malakal Harbor,General Cargo,Exports,609,,,,
2020,6,"Palau, Malakal Harbor", Malakal Harbor,General Cargo,Imports,783,,,,
2020,6,"Palau, Malakal Harbor", Malakal Harbor,Tanker,Imports,833,,,,
2020,6,"Papua New Guinea, Alotoa", Alotoa,Bulk Carrier,Exports,19263.6,,,,
2020,6,"Papua New Guinea, Alotoa", Alotoa,Container,Imports,225.6,,,,
2020,6,"Papua New Guinea, Alotoa", Alotoa,General Cargo,Exports,164.8,,,,
2020,6,"Papua New Guinea, Alotoa", Alotoa,Tanker,Exports,3399.6,,,,
2020,6,"Papua New Guinea, Buka", Buka,Container,Imports,49.1,,,,
2020,6,"Papua New Guinea, Buka", Buka,General Cargo,Imports,594.4,,,,
2020,6,"Papua New Guinea, Kavieng Harbor", Kavieng Harbor,Bulk Carrier,Exports,22409.8,,,,
2020,6,"Papua New Guinea, Kavieng Harbor", Kavieng Harbor,Container,Imports,48.8,,,,
2020,6,"Papua New Guinea, Kavieng Harbor", Kavieng Harbor,Tanker,Imports,326.8,,,,
2020,6,"Papua New Guinea, Kieta", Kieta,Container,Imports,565.2,,,,
2020,6,"Papua New Guinea, Kimbe", Kimbe,Bulk Carrier,Exports,14195.4,,,,
2020,6,"Papua New Guinea, Kimbe", Kimbe,Container,Exports,951.4,,,,
2020,6,"Papua New Guinea, Kimbe", Kimbe,Container,Imports,4716.9,,,,
2020,6,"Papua New Guinea, Kimbe", Kimbe,General Cargo,Exports,203.4,,,,
2020,6,"Papua New Guinea, Kimbe", Kimbe,Tanker,Exports,4960.5,,,,
2020,6,"Papua New Guinea, Kimbe", Kimbe,Tanker,Imports,132.1,,,,
2020,6,"Papua New Guinea, Lae", Lae,Bulk Carrier,Imports,6324.9,,,,
2020,6,"Papua New Guinea, Lae", Lae,Container,Exports,12816.9,,,,
2020,6,"Papua New Guinea, Lae", Lae,Container,Imports,35184.8,,,,
2020,6,"Papua New Guinea, Lae", Lae,General Cargo,Exports,9052.2,,,,
2020,6,"Papua New Guinea, Lae", Lae,General Cargo,Imports,5282.1,,,,
2020,6,"Papua New Guinea, Lae", Lae,Tanker,Exports,1090.2,,,,
2020,6,"Papua New Guinea, Lae", Lae,Tanker,Imports,15210.7,,,,
2020,6,"Papua New Guinea, Madang", Madang,Bulk Carrier,Exports,13935.3,,,,
2020,6,"Papua New Guinea, Madang", Madang,Container,Exports,6698.8,,,,
2020,6,"Papua New Guinea, Madang", Madang,General Cargo,Exports,9138.7,,,,
2020,6,"Papua New Guinea, Madang", Madang,General Cargo,Imports,1144.1,,,,
2020,6,"Papua New Guinea, Madang", Madang,Tanker,Exports,3629.1,,,,
2020,6,"Papua New Guinea, Oro Bay", Oro Bay,Container,Exports,375.2,,,,
2020,6,"Papua New Guinea, Oro Bay", Oro Bay,Container,Imports,48.8,,,,
2020,6,"Papua New Guinea, Oro Bay", Oro Bay,Tanker,Imports,216.5,,,,
2020,6,"Papua New Guinea, Port Moresby", Port Moresby,Bulk Carrier,Exports,18521.6,,,,
2020,6,"Papua New Guinea, Port Moresby", Port Moresby,Bulk Carrier,Imports,1097.3,,,,
2020,6,"Papua New Guinea, Port Moresby", Port Moresby,Container,Exports,2700.7,,,,
2020,6,"Papua New Guinea, Port Moresby", Port Moresby,Container,Imports,25152.9,,,,
2020,6,"Papua New Guinea, Port Moresby", Port Moresby,General Cargo,Exports,13181.3,,,,
2020,6,"Papua New Guinea, Port Moresby", Port Moresby,General Cargo,Imports,5902.7,,,,
2020,6,"Papua New Guinea, Port Moresby", Port Moresby,Tanker,Exports,256769.3,,,,
2020,6,"Papua New Guinea, Port Moresby", Port Moresby,Tanker,Imports,51329.1,,,,
2020,6,"Papua New Guinea, Put Put", Put Put,Container,Imports,11477.1,,,,
2020,6,"Papua New Guinea, Put Put", Put Put,General Cargo,Imports,4858.1,,,,
2020,6,"Papua New Guinea, Put Put", Put Put,Tanker,Imports,8584.6,,,,
2020,6,"Papua New Guinea, Rabaul", Rabaul,Bulk Carrier,Exports,20728.9,,,,
2020,6,"Papua New Guinea, Rabaul", Rabaul,Container,Exports,1985.8,,,,
2020,6,"Papua New Guinea, Rabaul", Rabaul,Container,Imports,9026.5,,,,
2020,6,"Papua New Guinea, Rabaul", Rabaul,General Cargo,Exports,30850.9,,,,
2020,6,"Papua New Guinea, Rabaul", Rabaul,General Cargo,Imports,983.2,,,,
2020,6,"Papua New Guinea, Rabaul", Rabaul,Tanker,Exports,5356.1,,,,
2020,6,"Papua New Guinea, Rabaul", Rabaul,Tanker,Imports,4744.4,,,,
2020,6,"Papua New Guinea, Vanimo", Vanimo,Bulk Carrier,Exports,1824.9,,,,
2020,6,"Papua New Guinea, Vanimo", Vanimo,Bulk Carrier,Imports,32.6,,,,
2020,6,"Papua New Guinea, Vanimo", Vanimo,General Cargo,Exports,2895.3,,,,
2020,6,"Papua New Guinea, Vanimo", Vanimo,General Cargo,Imports,155.5,,,,
2020,6,"Papua New Guinea, Wewak Harbor", Wewak Harbor,Bulk Carrier,Exports,3811.6,,,,
2020,6,"Papua New Guinea, Wewak Harbor", Wewak Harbor,Container,Exports,262.2,,,,
2020,6,"Papua New Guinea, Wewak Harbor", Wewak Harbor,Container,Imports,786.3,,,,
2020,6,"Papua New Guinea, Wewak Harbor", Wewak Harbor,General Cargo,Exports,6802,,,,
2020,6,"Papua New Guinea, Wewak Harbor", Wewak Harbor,General Cargo,Imports,1958.2,,,,
2020,6,"Papua New Guinea, Wewak Harbor", Wewak Harbor,Tanker,Exports,197,,,,
2020,6,"Samoa, Apia", Apia,Container,Exports,305.1,,,,
2020,6,"Samoa, Apia", Apia,Container,Imports,11816.6,,,,
2020,6,"Samoa, Apia", Apia,General Cargo,Exports,366.9,,,,
2020,6,"Samoa, Apia", Apia,General Cargo,Imports,2354.6,,,,
2020,6,"Samoa, Apia", Apia,Tanker,Imports,771.8,,,,
2020,6,"Solomon Islands, Honiara", Honiara,Bulk Carrier,Imports,2267.7,,,,
2020,6,"Solomon Islands, Honiara", Honiara,Container,Exports,1820.1,,,,
2020,6,"Solomon Islands, Honiara", Honiara,Container,Imports,10167.6,,,,
2020,6,"Solomon Islands, Honiara", Honiara,General Cargo,Exports,349.6,,,,
2020,6,"Solomon Islands, Honiara", Honiara,General Cargo,Imports,1919.2,,,,
2020,6,"Solomon Islands, Honiara", Honiara,Tanker,Exports,7092.7,,,,
2020,6,"Solomon Islands, Honiara", Honiara,Tanker,Imports,9362.9,,,,
2020,6,"Solomon Islands, Lughughi Port", Lughughi Port,Bulk Carrier,Exports,29959.1,,,,
2020,6,"Solomon Islands, Ndora", Ndora,Bulk Carrier,Exports,10962.2,,,,
2020,6,"Solomon Islands, Ndora", Ndora,General Cargo,Exports,2483.4,,,,
2020,6,"Solomon Islands, Port Noro", Port Noro,Bulk Carrier,Exports,124664.9,,,,
2020,6,"Solomon Islands, Port Noro", Port Noro,Container,Imports,1055.5,,,,
2020,6,"Solomon Islands, Port Noro", Port Noro,General Cargo,Exports,7621.5,,,,
2020,6,"Solomon Islands, Port Noro", Port Noro,General Cargo,Imports,288,,,,
2020,6,"Solomon Islands, Port Noro", Port Noro,Tanker,Imports,3035.2,,,,
2020,6,"Solomon Islands, Rennell Island", Rennell Island,Bulk Carrier,Exports,12765.4,,,,
2020,6,"Solomon Islands, Rennell Island", Rennell Island,Bulk Carrier,Imports,42741.4,,,,
2020,6,"Solomon Islands, Ringgi Cove", Ringgi Cove,General Cargo,Exports,2364.9,,,,
2020,6,"Tonga, Neiafu", Neiafu,General Cargo,Exports,18.4,,,,
2020,6,"Tonga, Neiafu", Neiafu,General Cargo,Imports,167.1,,,,
2020,6,"Tonga, Neiafu", Neiafu,Tanker,Imports,548.9,,,,
2020,6,"Tonga, Nuku Alofa", Nuku Alofa,Container,Exports,431.9,,,,
2020,6,"Tonga, Nuku Alofa", Nuku Alofa,Container,Imports,4097.2,,,,
2020,6,"Tonga, Nuku Alofa", Nuku Alofa,General Cargo,Exports,188.3,,,,
2020,6,"Tonga, Nuku Alofa", Nuku Alofa,General Cargo,Imports,3405,,,,
2020,6,"Tonga, Nuku Alofa", Nuku Alofa,Tanker,Exports,882.4,,,,
2020,6,"Tonga, Nuku Alofa", Nuku Alofa,Tanker,Imports,1538.1,,,,
2020,6,"Tonga, Pangai", Pangai,General Cargo,Exports,18.4,,,,
2020,6,"Tuvalu, Funafuti Atoll", Funafuti Atoll,Container,Imports,1199.9,,,,
2020,6,"Tuvalu, Funafuti Atoll", Funafuti Atoll,General Cargo,Exports,156.7,,,,
2020,6,"Tuvalu, Funafuti Atoll", Funafuti Atoll,Tanker,Imports,414.7,,,,
2020,6,"Vanuatu, Luganville", Luganville,Container,Exports,777.5,,,,
2020,6,"Vanuatu, Luganville", Luganville,Container,Imports,1085.2,,,,
2020,6,"Vanuatu, Luganville", Luganville,General Cargo,Imports,1614.3,,,,
2020,6,"Vanuatu, Port Vila", Port Vila,Container,Exports,773.4,,,,
2020,6,"Vanuatu, Port Vila", Port Vila,Container,Imports,4043.7,,,,
2020,6,"Vanuatu, Port Vila", Port Vila,General Cargo,Imports,2373.1,,,,
2020,6,"Vanuatu, Port Vila", Port Vila,Tanker,Exports,114.8,,,,
2020,6,"Vanuatu, Port Vila", Port Vila,Tanker,Imports,524.1,,,,
2020,7,"Fiji, Lautoka Harbor", Lautoka Harbor,Bulk Carrier,Exports,6751.4,,,,
2020,7,"Fiji, Lautoka Harbor", Lautoka Harbor,Bulk Carrier,Imports,10344.1,,,,
2020,7,"Fiji, Lautoka Harbor", Lautoka Harbor,Container,Exports,15652.9,,,,
2020,7,"Fiji, Lautoka Harbor", Lautoka Harbor,Container,Imports,6496.6,,,,
2020,7,"Fiji, Lautoka Harbor", Lautoka Harbor,General Cargo,Exports,786.8,,,,
2020,7,"Fiji, Lautoka Harbor", Lautoka Harbor,General Cargo,Imports,2184.9,,,,
2020,7,"Fiji, Lautoka Harbor", Lautoka Harbor,Tanker,Exports,4959.7,,,,
2020,7,"Fiji, Lautoka Harbor", Lautoka Harbor,Tanker,Imports,13253.7,,,,
2020,7,"Fiji, Malai", Malai,Bulk Carrier,Imports,1344.9,,,,
2020,7,"Fiji, Malai", Malai,Tanker,Imports,1732.5,,,,
2020,7,"Fiji, Suva Harbor", Suva Harbor,Container,Exports,6698.8,,,,
2020,7,"Fiji, Suva Harbor", Suva Harbor,Container,Imports,11545.9,,,,
2020,7,"Fiji, Suva Harbor", Suva Harbor,General Cargo,Exports,2100.9,,,,
2020,7,"Fiji, Suva Harbor", Suva Harbor,General Cargo,Imports,1315.8,,,,
2020,7,"Fiji, Suva Harbor", Suva Harbor,Tanker,Exports,1204.4,,,,
2020,7,"Fiji, Suva Harbor", Suva Harbor,Tanker,Imports,5764.3,,,,
2020,7,"Kiribati, Kiribati", Kiribati,General Cargo,Exports,2343.9,,,,
2020,7,"Kiribati, Tarawa Atoll", Tarawa Atoll,Container,Imports,5155.1,,,,
2020,7,"Kiribati, Tarawa Atoll", Tarawa Atoll,General Cargo,Exports,201.5,,,,
2020,7,"Kiribati, Tarawa Atoll", Tarawa Atoll,Tanker,Exports,3444,,,,
2020,7,"Marshall Islands, Ebeye", Ebeye,General Cargo,Imports,2032.9,,,,
2020,7,"Marshall Islands, Kwajalein", Kwajalein,General Cargo,Imports,3341.9,,,,
2020,7,"Marshall Islands, Kwajalein", Kwajalein,Tanker,Imports,2230.8,,,,
2020,7,"Marshall Islands, Majuro Atoll", Majuro Atoll,Container,Imports,5706,,,,
2020,7,"Marshall Islands, Majuro Atoll", Majuro Atoll,General Cargo,Exports,961.2,,,,
2020,7,"Marshall Islands, Majuro Atoll", Majuro Atoll,General Cargo,Imports,475.5,,,,
2020,7,"Marshall Islands, Majuro Atoll", Majuro Atoll,Tanker,Imports,2912.1,,,,
2020,7,"Micronesia, Colonia", Colonia,Container,Imports,728.2,,,,
2020,7,"Micronesia, Colonia", Colonia,General Cargo,Imports,257.7,,,,
2020,7,"Micronesia, Colonia", Colonia,Tanker,Imports,1259.1,,,,
2020,7,"Micronesia, Lele Harbor", Lele Harbor,Container,Exports,590.6,,,,
2020,7,"Micronesia, Lele Harbor", Lele Harbor,Container,Imports,298.9,,,,
2020,7,"Micronesia, Lele Harbor", Lele Harbor,General Cargo,Imports,2495.3,,,,
2020,7,"Micronesia, Moen", Moen,General Cargo,Imports,3373.7,,,,
2020,7,"Micronesia, Moen", Moen,Tanker,Imports,1458.5,,,,
2020,7,"Micronesia, Pornpei Harbor", Pornpei Harbor,Container,Imports,2668.8,,,,
2020,7,"Micronesia, Pornpei Harbor", Pornpei Harbor,General Cargo,Imports,1161.6,,,,
2020,7,"Micronesia, Pornpei Harbor", Pornpei Harbor,Tanker,Imports,2103.9,,,,
2020,7,"Nauru, Nauru", Nauru,General Cargo,Exports,24368.1,,,,
2020,7,"Nauru, Nauru", Nauru,General Cargo,Imports,851.9,,,,
2020,7,"Palau, Malakal Harbor", Malakal Harbor,Container,Imports,1927.8,,,,
2020,7,"Palau, Malakal Harbor", Malakal Harbor,General Cargo,Exports,1660.2,,,,
2020,7,"Palau, Malakal Harbor", Malakal Harbor,General Cargo,Imports,1609.6,,,,
2020,7,"Palau, Malakal Harbor", Malakal Harbor,Tanker,Imports,209.2,,,,
2020,7,"Papua New Guinea, Alotoa", Alotoa,Bulk Carrier,Exports,19518.8,,,,
2020,7,"Papua New Guinea, Alotoa", Alotoa,Container,Imports,1595,,,,
2020,7,"Papua New Guinea, Alotoa", Alotoa,General Cargo,Exports,198.2,,,,
2020,7,"Papua New Guinea, Alotoa", Alotoa,Tanker,Exports,1350.4,,,,
2020,7,"Papua New Guinea, Buka", Buka,Container,Exports,383.4,,,,
2020,7,"Papua New Guinea, Buka", Buka,Container,Imports,38.6,,,,
2020,7,"Papua New Guinea, Buka", Buka,General Cargo,Exports,594.4,,,,
2020,7,"Papua New Guinea, Buka", Buka,General Cargo,Imports,160,,,,
2020,7,"Papua New Guinea, Daru", Daru,Bulk Carrier,Exports,7862.3,,,,
2020,7,"Papua New Guinea, Daru", Daru,General Cargo,Exports,220.6,,,,
2020,7,"Papua New Guinea, Kavieng Harbor", Kavieng Harbor,Bulk Carrier,Exports,5944.2,,,,
2020,7,"Papua New Guinea, Kavieng Harbor", Kavieng Harbor,Bulk Carrier,Imports,3975.5,,,,
2020,7,"Papua New Guinea, Kavieng Harbor", Kavieng Harbor,Container,Imports,526.1,,,,
2020,7,"Papua New Guinea, Kavieng Harbor", Kavieng Harbor,General Cargo,Exports,3203.1,,,,
2020,7,"Papua New Guinea, Kavieng Harbor", Kavieng Harbor,Tanker,Exports,197,,,,
2020,7,"Papua New Guinea, Kavieng Harbor", Kavieng Harbor,Tanker,Imports,1211.1,,,,
2020,7,"Papua New Guinea, Kieta", Kieta,Container,Imports,48.8,,,,
2020,7,"Papua New Guinea, Kimbe", Kimbe,Bulk Carrier,Exports,38479,,,,
2020,7,"Papua New Guinea, Kimbe", Kimbe,Container,Imports,1670.7,,,,
2020,7,"Papua New Guinea, Kimbe", Kimbe,General Cargo,Exports,9874.3,,,,
2020,7,"Papua New Guinea, Kimbe", Kimbe,General Cargo,Imports,443.5,,,,
2020,7,"Papua New Guinea, Kimbe", Kimbe,Tanker,Exports,34166.8,,,,
2020,7,"Papua New Guinea, Kimbe", Kimbe,Tanker,Imports,1425.6,,,,
2020,7,"Papua New Guinea, Lae", Lae,Bulk Carrier,Imports,19759.9,,,,
2020,7,"Papua New Guinea, Lae", Lae,Container,Exports,8840.4,,,,
2020,7,"Papua New Guinea, Lae", Lae,Container,Imports,32417,,,,
2020,7,"Papua New Guinea, Lae", Lae,General Cargo,Exports,4659.6,,,,
2020,7,"Papua New Guinea, Lae", Lae,General Cargo,Imports,12711.9,,,,
2020,7,"Papua New Guinea, Lae", Lae,Tanker,Exports,1073.8,,,,
2020,7,"Papua New Guinea, Lae", Lae,Tanker,Imports,13727.1,,,,
2020,7,"Papua New Guinea, Madang", Madang,Bulk Carrier,Exports,228.9,,,,
2020,7,"Papua New Guinea, Madang", Madang,Bulk Carrier,Imports,20039.3,,,,
2020,7,"Papua New Guinea, Madang", Madang,Container,Exports,4871.3,,,,
2020,7,"Papua New Guinea, Madang", Madang,Container,Imports,2673.2,,,,
2020,7,"Papua New Guinea, Madang", Madang,General Cargo,Exports,2264.9,,,,
2020,7,"Papua New Guinea, Madang", Madang,General Cargo,Imports,5271.6,,,,
2020,7,"Papua New Guinea, Madang", Madang,Tanker,Imports,2548.2,,,,
2020,7,"Papua New Guinea, Oro Bay", Oro Bay,Container,Exports,729.5,,,,
2020,7,"Papua New Guinea, Oro Bay", Oro Bay,Container,Imports,418.9,,,,
2020,7,"Papua New Guinea, Oro Bay", Oro Bay,General Cargo,Imports,539.4,,,,
2020,7,"Papua New Guinea, Oro Bay", Oro Bay,Tanker,Imports,11603.8,,,,
2020,7,"Papua New Guinea, Port Moresby", Port Moresby,Bulk Carrier,Exports,22509.2,,,,
2020,7,"Papua New Guinea, Port Moresby", Port Moresby,Bulk Carrier,Imports,10058.9,,,,
2020,7,"Papua New Guinea, Port Moresby", Port Moresby,Container,Exports,3984.7,,,,
2020,7,"Papua New Guinea, Port Moresby", Port Moresby,Container,Imports,22965.8,,,,
2020,7,"Papua New Guinea, Port Moresby", Port Moresby,General Cargo,Exports,1927.7,,,,
2020,7,"Papua New Guinea, Port Moresby", Port Moresby,General Cargo,Imports,12546.1,,,,
2020,7,"Papua New Guinea, Port Moresby", Port Moresby,Tanker,Exports,233400,,,,
2020,7,"Papua New Guinea, Port Moresby", Port Moresby,Tanker,Imports,74417.4,,,,
2020,7,"Papua New Guinea, Put Put", Put Put,Container,Exports,432.3,,,,
2020,7,"Papua New Guinea, Put Put", Put Put,Container,Imports,8902.7,,,,
2020,7,"Papua New Guinea, Put Put", Put Put,General Cargo,Imports,1902.9,,,,
2020,7,"Papua New Guinea, Put Put", Put Put,Tanker,Imports,10607.8,,,,
2020,7,"Papua New Guinea, Rabaul", Rabaul,Bulk Carrier,Exports,8079.8,,,,
2020,7,"Papua New Guinea, Rabaul", Rabaul,Bulk Carrier,Imports,323.1,,,,
2020,7,"Papua New Guinea, Rabaul", Rabaul,Container,Exports,2378.2,,,,
2020,7,"Papua New Guinea, Rabaul", Rabaul,Container,Imports,2943.4,,,,
2020,7,"Papua New Guinea, Rabaul", Rabaul,General Cargo,Exports,15949.5,,,,
2020,7,"Papua New Guinea, Rabaul", Rabaul,General Cargo,Imports,6839.9,,,,
2020,7,"Papua New Guinea, Rabaul", Rabaul,Tanker,Exports,6966.9,,,,
2020,7,"Papua New Guinea, Rabaul", Rabaul,Tanker,Imports,3112.8,,,,
2020,7,"Papua New Guinea, Vanimo", Vanimo,Bulk Carrier,Exports,40777.6,,,,
2020,7,"Papua New Guinea, Vanimo", Vanimo,General Cargo,Exports,11875.5,,,,
2020,7,"Papua New Guinea, Vanimo", Vanimo,General Cargo,Imports,896,,,,
2020,7,"Papua New Guinea, Vanimo", Vanimo,Tanker,Imports,364,,,,
2020,7,"Papua New Guinea, Wewak Harbor", Wewak Harbor,Bulk Carrier,Exports,942.7,,,,
2020,7,"Papua New Guinea, Wewak Harbor", Wewak Harbor,Container,Exports,0.1,,,,
2020,7,"Papua New Guinea, Wewak Harbor", Wewak Harbor,Container,Imports,167.3,,,,
2020,7,"Papua New Guinea, Wewak Harbor", Wewak Harbor,General Cargo,Exports,646.6,,,,
2020,7,"Papua New Guinea, Wewak Harbor", Wewak Harbor,General Cargo,Imports,2540,,,,
2020,7,"Papua New Guinea, Wewak Harbor", Wewak Harbor,Tanker,Exports,6217.6,,,,
2020,7,"Samoa, Apia", Apia,Container,Exports,1581.7,,,,
2020,7,"Samoa, Apia", Apia,Container,Imports,8081.3,,,,
2020,7,"Samoa, Apia", Apia,General Cargo,Exports,72.1,,,,
2020,7,"Samoa, Apia", Apia,General Cargo,Imports,3545.8,,,,
2020,7,"Samoa, Apia", Apia,Tanker,Exports,214.6,,,,
2020,7,"Samoa, Apia", Apia,Tanker,Imports,117.4,,,,
2020,7,"Solomon Islands, Honiara", Honiara,Container,Exports,928.7,,,,
2020,7,"Solomon Islands, Honiara", Honiara,Container,Imports,14129.4,,,,
2020,7,"Solomon Islands, Honiara", Honiara,General Cargo,Exports,5845.2,,,,
2020,7,"Solomon Islands, Honiara", Honiara,General Cargo,Imports,2349.1,,,,
2020,7,"Solomon Islands, Honiara", Honiara,Tanker,Exports,2132.8,,,,
2020,7,"Solomon Islands, Honiara", Honiara,Tanker,Imports,7546.9,,,,
2020,7,"Solomon Islands, Lughughi Port", Lughughi Port,Bulk Carrier,Exports,54670.5,,,,
2020,7,"Solomon Islands, Mbulo", Mbulo,Bulk Carrier,Exports,13594.3,,,,
2020,7,"Solomon Islands, Port Noro", Port Noro,Bulk Carrier,Exports,48710.5,,,,
2020,7,"Solomon Islands, Port Noro", Port Noro,Container,Exports,1328,,,,
2020,7,"Solomon Islands, Port Noro", Port Noro,General Cargo,Exports,6166.4,,,,
2020,7,"Solomon Islands, Port Noro", Port Noro,Tanker,Exports,218.2,,,,
2020,7,"Tonga, Neiafu", Neiafu,General Cargo,Exports,540.8,,,,
2020,7,"Tonga, Neiafu", Neiafu,Tanker,Imports,626.5,,,,
2020,7,"Tonga, Nuku Alofa", Nuku Alofa,Container,Exports,274.7,,,,
2020,7,"Tonga, Nuku Alofa", Nuku Alofa,Container,Imports,7369,,,,
2020,7,"Tonga, Nuku Alofa", Nuku Alofa,General Cargo,Exports,120,,,,
2020,7,"Tonga, Nuku Alofa", Nuku Alofa,General Cargo,Imports,4500.3,,,,
2020,7,"Tonga, Nuku Alofa", Nuku Alofa,Tanker,Exports,676.3,,,,
2020,7,"Tonga, Nuku Alofa", Nuku Alofa,Tanker,Imports,1111,,,,
2020,7,"Tonga, Pangai", Pangai,General Cargo,Exports,36.8,,,,
2020,7,"Tonga, Pangai", Pangai,General Cargo,Imports,103.6,,,,
2020,7,"Tuvalu, Funafuti Atoll", Funafuti Atoll,Container,Exports,313.6,,,,
2020,7,"Tuvalu, Funafuti Atoll", Funafuti Atoll,Container,Imports,618,,,,
2020,7,"Tuvalu, Funafuti Atoll", Funafuti Atoll,General Cargo,Exports,261.2,,,,
2020,7,"Tuvalu, Funafuti Atoll", Funafuti Atoll,Tanker,Imports,1243.9,,,,
2020,7,"Vanuatu, Luganville", Luganville,Container,Imports,3649.5,,,,
2020,7,"Vanuatu, Luganville", Luganville,General Cargo,Exports,2062.8,,,,
2020,7,"Vanuatu, Port Vila", Port Vila,Container,Exports,857.1,,,,
2020,7,"Vanuatu, Port Vila", Port Vila,Container,Imports,1863.1,,,,
2020,7,"Vanuatu, Port Vila", Port Vila,General Cargo,Exports,2715.7,,,,
2020,7,"Vanuatu, Port Vila", Port Vila,General Cargo,Imports,936.2,,,,
2020,7,"Vanuatu, Port Vila", Port Vila,Tanker,Exports,2362.5,,,,
2020,8,"Fiji, Lautoka Harbor", Lautoka Harbor,Bulk Carrier,Exports,10820.3,,,,
2020,8,"Fiji, Lautoka Harbor", Lautoka Harbor,Container,Exports,17508.4,,,,
2020,8,"Fiji, Lautoka Harbor", Lautoka Harbor,Container,Imports,9788.5,,,,
2020,8,"Fiji, Lautoka Harbor", Lautoka Harbor,General Cargo,Exports,1819.6,,,,
2020,8,"Fiji, Lautoka Harbor", Lautoka Harbor,General Cargo,Imports,4641.4,,,,
2020,8,"Fiji, Lautoka Harbor", Lautoka Harbor,Tanker,Exports,10335.4,,,,
2020,8,"Fiji, Lautoka Harbor", Lautoka Harbor,Tanker,Imports,17517.3,,,,
2020,8,"Fiji, Malai", Malai,Bulk Carrier,Exports,2328.1,,,,
2020,8,"Fiji, Malai", Malai,General Cargo,Exports,6510.2,,,,
2020,8,"Fiji, Malai", Malai,Tanker,Exports,146.8,,,,
2020,8,"Fiji, Malai", Malai,Tanker,Imports,774.3,,,,
2020,8,"Fiji, Nabouwalu Jetty", Nabouwalu Jetty,Bulk Carrier,Exports,27699.4,,,,
2020,8,"Fiji, Suva Harbor", Suva Harbor,Container,Exports,7749,,,,
2020,8,"Fiji, Suva Harbor", Suva Harbor,Container,Imports,17106.7,,,,
2020,8,"Fiji, Suva Harbor", Suva Harbor,General Cargo,Exports,542.9,,,,
2020,8,"Fiji, Suva Harbor", Suva Harbor,General Cargo,Imports,18918.3,,,,
2020,8,"Fiji, Suva Harbor", Suva Harbor,Tanker,Exports,835.9,,,,
2020,8,"Fiji, Suva Harbor", Suva Harbor,Tanker,Imports,10853.9,,,,
2020,8,"Kiribati, Kiribati", Kiribati,General Cargo,Exports,2561.4,,,,
2020,8,"Kiribati, Kiribati", Kiribati,Tanker,Exports,82.2,,,,
2020,8,"Kiribati, Tarawa Atoll", Tarawa Atoll,Container,Imports,5475.6,,,,
2020,8,"Kiribati, Tarawa Atoll", Tarawa Atoll,General Cargo,Exports,766.5,,,,
2020,8,"Kiribati, Tarawa Atoll", Tarawa Atoll,General Cargo,Imports,1.4,,,,
2020,8,"Marshall Islands, Ebeye", Ebeye,General Cargo,Imports,743.3,,,,
2020,8,"Marshall Islands, Kwajalein", Kwajalein,General Cargo,Imports,972.8,,,,
2020,8,"Marshall Islands, Kwajalein", Kwajalein,Tanker,Imports,2826.9,,,,
2020,8,"Marshall Islands, Majuro Atoll", Majuro Atoll,Container,Exports,914.3,,,,
2020,8,"Marshall Islands, Majuro Atoll", Majuro Atoll,Container,Imports,1942.2,,,,
2020,8,"Marshall Islands, Majuro Atoll", Majuro Atoll,General Cargo,Exports,4950.9,,,,
2020,8,"Marshall Islands, Majuro Atoll", Majuro Atoll,General Cargo,Imports,1320.1,,,,
2020,8,"Marshall Islands, Majuro Atoll", Majuro Atoll,Tanker,Exports,2683.6,,,,
2020,8,"Micronesia, Colonia", Colonia,Container,Imports,732.2,,,,
2020,8,"Micronesia, Colonia", Colonia,General Cargo,Imports,646.5,,,,
2020,8,"Micronesia, Colonia", Colonia,Tanker,Imports,1887.8,,,,
2020,8,"Micronesia, Lele Harbor", Lele Harbor,Container,Exports,888.6,,,,
2020,8,"Micronesia, Lele Harbor", Lele Harbor,Container,Imports,895.4,,,,
2020,8,"Micronesia, Lele Harbor", Lele Harbor,General Cargo,Imports,730.7,,,,
2020,8,"Micronesia, Lele Harbor", Lele Harbor,Tanker,Exports,413.3,,,,
2020,8,"Micronesia, Moen", Moen,General Cargo,Exports,75.2,,,,
2020,8,"Micronesia, Moen", Moen,General Cargo,Imports,1516.3,,,,
2020,8,"Micronesia, Moen", Moen,Tanker,Imports,624.5,,,,
2020,8,"Micronesia, Pornpei Harbor", Pornpei Harbor,Container,Imports,1483.3,,,,
2020,8,"Micronesia, Pornpei Harbor", Pornpei Harbor,General Cargo,Exports,1337.6,,,,
2020,8,"Micronesia, Pornpei Harbor", Pornpei Harbor,General Cargo,Imports,2790.2,,,,
2020,8,"Micronesia, Pornpei Harbor", Pornpei Harbor,Tanker,Imports,973.4,,,,
2020,8,"Nauru, Nauru", Nauru,General Cargo,Exports,2431.6,,,,
2020,8,"Nauru, Nauru", Nauru,Tanker,Exports,212.3,,,,
2020,8,"Palau, Malakal Harbor", Malakal Harbor,Container,Imports,967.7,,,,
2020,8,"Palau, Malakal Harbor", Malakal Harbor,General Cargo,Exports,77,,,,
2020,8,"Palau, Malakal Harbor", Malakal Harbor,General Cargo,Imports,1890.6,,,,
2020,8,"Palau, Malakal Harbor", Malakal Harbor,Tanker,Imports,417.4,,,,
2020,8,"Papua New Guinea, Alotoa", Alotoa,Container,Imports,2292.8,,,,
2020,8,"Papua New Guinea, Alotoa", Alotoa,General Cargo,Exports,172.9,,,,
2020,8,"Papua New Guinea, Alotoa", Alotoa,Tanker,Exports,295.5,,,,
2020,8,"Papua New Guinea, Buka", Buka,Container,Imports,805.6,,,,
2020,8,"Papua New Guinea, Buka", Buka,General Cargo,Imports,748.6,,,,
2020,8,"Papua New Guinea, Daru", Daru,General Cargo,Exports,4181.9,,,,
2020,8,"Papua New Guinea, Kavieng Harbor", Kavieng Harbor,Bulk Carrier,Exports,39259.3,,,,
2020,8,"Papua New Guinea, Kavieng Harbor", Kavieng Harbor,Container,Imports,382.5,,,,
2020,8,"Papua New Guinea, Kieta", Kieta,Container,Exports,756.8,,,,
2020,8,"Papua New Guinea, Kieta", Kieta,Container,Imports,38.6,,,,
2020,8,"Papua New Guinea, Kimbe", Kimbe,Bulk Carrier,Exports,26597.6,,,,
2020,8,"Papua New Guinea, Kimbe", Kimbe,Container,Exports,907.8,,,,
2020,8,"Papua New Guinea, Kimbe", Kimbe,Container,Imports,4576.8,,,,
2020,8,"Papua New Guinea, Kimbe", Kimbe,General Cargo,Exports,2763.9,,,,
2020,8,"Papua New Guinea, Kimbe", Kimbe,General Cargo,Imports,2043.2,,,,
2020,8,"Papua New Guinea, Kimbe", Kimbe,Tanker,Exports,12608.1,,,,
2020,8,"Papua New Guinea, Kimbe", Kimbe,Tanker,Imports,1562,,,,
2020,8,"Papua New Guinea, Lae", Lae,Container,Exports,26469.9,,,,
2020,8,"Papua New Guinea, Lae", Lae,Container,Imports,40652.6,,,,
2020,8,"Papua New Guinea, Lae", Lae,General Cargo,Exports,13454.7,,,,
2020,8,"Papua New Guinea, Lae", Lae,General Cargo,Imports,12085.3,,,,
2020,8,"Papua New Guinea, Lae", Lae,Tanker,Exports,98.5,,,,
2020,8,"Papua New Guinea, Lae", Lae,Tanker,Imports,20763.4,,,,
2020,8,"Papua New Guinea, Madang", Madang,Bulk Carrier,Exports,844.1,,,,
2020,8,"Papua New Guinea, Madang", Madang,Container,Exports,4726.1,,,,
2020,8,"Papua New Guinea, Madang", Madang,Container,Imports,2296.1,,,,
2020,8,"Papua New Guinea, Madang", Madang,General Cargo,Exports,16804.2,,,,
2020,8,"Papua New Guinea, Madang", Madang,General Cargo,Imports,4412.7,,,,
2020,8,"Papua New Guinea, Madang", Madang,Tanker,Exports,2000.3,,,,
2020,8,"Papua New Guinea, Madang", Madang,Tanker,Imports,132.1,,,,
2020,8,"Papua New Guinea, Oro Bay", Oro Bay,Container,Imports,1931.1,,,,
2020,8,"Papua New Guinea, Oro Bay", Oro Bay,General Cargo,Exports,218.4,,,,
2020,8,"Papua New Guinea, Oro Bay", Oro Bay,Tanker,Imports,483.1,,,,
2020,8,"Papua New Guinea, Port Moresby", Port Moresby,Bulk Carrier,Exports,1919.5,,,,
2020,8,"Papua New Guinea, Port Moresby", Port Moresby,Bulk Carrier,Imports,7844.7,,,,
2020,8,"Papua New Guinea, Port Moresby", Port Moresby,Container,Exports,556.2,,,,
2020,8,"Papua New Guinea, Port Moresby", Port Moresby,Container,Imports,25449.3,,,,
2020,8,"Papua New Guinea, Port Moresby", Port Moresby,General Cargo,Exports,10424.9,,,,
2020,8,"Papua New Guinea, Port Moresby", Port Moresby,General Cargo,Imports,6937.6,,,,
2020,8,"Papua New Guinea, Port Moresby", Port Moresby,Tanker,Exports,275280.4,,,,
2020,8,"Papua New Guinea, Port Moresby", Port Moresby,Tanker,Imports,6754.7,,,,
2020,8,"Papua New Guinea, Put Put", Put Put,Container,Exports,916.8,,,,
2020,8,"Papua New Guinea, Put Put", Put Put,Container,Imports,5236.1,,,,
2020,8,"Papua New Guinea, Put Put", Put Put,General Cargo,Imports,1205.7,,,,
2020,8,"Papua New Guinea, Put Put", Put Put,Tanker,Imports,8225.8,,,,
2020,8,"Papua New Guinea, Rabaul", Rabaul,Bulk Carrier,Exports,12956.5,,,,
2020,8,"Papua New Guinea, Rabaul", Rabaul,Container,Exports,2245.3,,,,
2020,8,"Papua New Guinea, Rabaul", Rabaul,Container,Imports,5441.3,,,,
2020,8,"Papua New Guinea, Rabaul", Rabaul,General Cargo,Exports,39051.8,,,,
2020,8,"Papua New Guinea, Rabaul", Rabaul,General Cargo,Imports,7393.2,,,,
2020,8,"Papua New Guinea, Rabaul", Rabaul,Tanker,Exports,12986.9,,,,
2020,8,"Papua New Guinea, Vanimo", Vanimo,Bulk Carrier,Exports,12802.4,,,,
2020,8,"Papua New Guinea, Vanimo", Vanimo,General Cargo,Exports,2676.7,,,,
2020,8,"Papua New Guinea, Vanimo", Vanimo,General Cargo,Imports,1012.4,,,,
2020,8,"Papua New Guinea, Wewak Harbor", Wewak Harbor,Bulk Carrier,Exports,5341.1,,,,
2020,8,"Papua New Guinea, Wewak Harbor", Wewak Harbor,Container,Exports,261.9,,,,
2020,8,"Papua New Guinea, Wewak Harbor", Wewak Harbor,General Cargo,Exports,1741.6,,,,
2020,8,"Papua New Guinea, Wewak Harbor", Wewak Harbor,General Cargo,Imports,2808.3,,,,
2020,8,"Papua New Guinea, Wewak Harbor", Wewak Harbor,Tanker,Exports,98.5,,,,
2020,8,"Samoa, Apia", Apia,Container,Exports,816,,,,
2020,8,"Samoa, Apia", Apia,Container,Imports,7232,,,,
2020,8,"Samoa, Apia", Apia,General Cargo,Exports,24,,,,
2020,8,"Samoa, Apia", Apia,General Cargo,Imports,3919.5,,,,
2020,8,"Samoa, Apia", Apia,Tanker,Imports,2955.5,,,,
2020,8,"Solomon Islands, Honiara", Honiara,Bulk Carrier,Exports,15784.4,,,,
2020,8,"Solomon Islands, Honiara", Honiara,Container,Exports,1223.8,,,,
2020,8,"Solomon Islands, Honiara", Honiara,Container,Imports,12474.3,,,,
2020,8,"Solomon Islands, Honiara", Honiara,General Cargo,Exports,168.5,,,,
2020,8,"Solomon Islands, Honiara", Honiara,General Cargo,Imports,3603.7,,,,
2020,8,"Solomon Islands, Honiara", Honiara,Tanker,Exports,151.7,,,,
2020,8,"Solomon Islands, Honiara", Honiara,Tanker,Imports,11922.3,,,,
2020,8,"Solomon Islands, Lughughi Port", Lughughi Port,Bulk Carrier,Exports,34435.9,,,,
2020,8,"Solomon Islands, Mbulo", Mbulo,Bulk Carrier,Exports,388.4,,,,
2020,8,"Solomon Islands, Mbulo", Mbulo,Container,Imports,602.1,,,,
2020,8,"Solomon Islands, Mbulo", Mbulo,General Cargo,Exports,2613.5,,,,
2020,8,"Solomon Islands, Ndora", Ndora,Bulk Carrier,Exports,5013.8,,,,
2020,8,"Solomon Islands, Port Noro", Port Noro,Bulk Carrier,Exports,92210.6,,,,
2020,8,"Solomon Islands, Port Noro", Port Noro,Bulk Carrier,Imports,2919,,,,
2020,8,"Solomon Islands, Port Noro", Port Noro,Container,Imports,919.6,,,,
2020,8,"Solomon Islands, Port Noro", Port Noro,General Cargo,Exports,14089,,,,
2020,8,"Solomon Islands, Rennell Island", Rennell Island,Bulk Carrier,Exports,8895.5,,,,
2020,8,"Solomon Islands, Seghe", Seghe,Bulk Carrier,Exports,7376.4,,,,
2020,8,"Tonga, Neiafu", Neiafu,General Cargo,Exports,215.6,,,,
2020,8,"Tonga, Neiafu", Neiafu,General Cargo,Imports,692.4,,,,
2020,8,"Tonga, Neiafu", Neiafu,Tanker,Exports,135.1,,,,
2020,8,"Tonga, Neiafu", Neiafu,Tanker,Imports,764.2,,,,
2020,8,"Tonga, Nuku Alofa", Nuku Alofa,Container,Exports,3721.4,,,,
2020,8,"Tonga, Nuku Alofa", Nuku Alofa,Container,Imports,7770.9,,,,
2020,8,"Tonga, Nuku Alofa", Nuku Alofa,General Cargo,Exports,476.1,,,,
2020,8,"Tonga, Nuku Alofa", Nuku Alofa,General Cargo,Imports,4908.5,,,,
2020,8,"Tonga, Nuku Alofa", Nuku Alofa,Tanker,Imports,1048.2,,,,
2020,8,"Tonga, Pangai", Pangai,General Cargo,Exports,215.6,,,,
2020,8,"Tuvalu, Funafuti Atoll", Funafuti Atoll,Container,Exports,313.6,,,,
2020,8,"Tuvalu, Funafuti Atoll", Funafuti Atoll,Container,Imports,622.3,,,,
2020,8,"Tuvalu, Funafuti Atoll", Funafuti Atoll,General Cargo,Exports,104.5,,,,
2020,8,"Tuvalu, Funafuti Atoll", Funafuti Atoll,General Cargo,Imports,846.8,,,,
2020,8,"Tuvalu, Funafuti Atoll", Funafuti Atoll,Tanker,Imports,686.9,,,,
2020,8,"Vanuatu, Luganville", Luganville,Container,Imports,2395.5,,,,
2020,8,"Vanuatu, Luganville", Luganville,General Cargo,Imports,5139,,,,
2020,8,"Vanuatu, Luganville", Luganville,Tanker,Imports,4053.6,,,,
2020,8,"Vanuatu, Port Vila", Port Vila,Container,Exports,2584.7,,,,
2020,8,"Vanuatu, Port Vila", Port Vila,Container,Imports,624.2,,,,
2020,8,"Vanuatu, Port Vila", Port Vila,General Cargo,Exports,1300.1,,,,
2020,8,"Vanuatu, Port Vila", Port Vila,General Cargo,Imports,1586.3,,,,
2020,8,"Vanuatu, Port Vila", Port Vila,Tanker,Exports,114.8,,,,
2020,8,"Vanuatu, Port Vila", Port Vila,Tanker,Imports,1501.7,,,,
2020,9,"Fiji, Lautoka Harbor", Lautoka Harbor,Bulk Carrier,Exports,19429.4,,,,
2020,9,"Fiji, Lautoka Harbor", Lautoka Harbor,Bulk Carrier,Imports,13296,,,,
2020,9,"Fiji, Lautoka Harbor", Lautoka Harbor,Container,Exports,11932.5,,,,
2020,9,"Fiji, Lautoka Harbor", Lautoka Harbor,Container,Imports,4766.9,,,,
2020,9,"Fiji, Lautoka Harbor", Lautoka Harbor,General Cargo,Exports,317.3,,,,
2020,9,"Fiji, Lautoka Harbor", Lautoka Harbor,General Cargo,Imports,5339.7,,,,
2020,9,"Fiji, Lautoka Harbor", Lautoka Harbor,Tanker,Exports,15827.8,,,,
2020,9,"Fiji, Lautoka Harbor", Lautoka Harbor,Tanker,Imports,29933.9,,,,
2020,9,"Fiji, Malai", Malai,Bulk Carrier,Exports,9837.9,,,,
2020,9,"Fiji, Malai", Malai,Tanker,Exports,5820.1,,,,
2020,9,"Fiji, Malai", Malai,Tanker,Imports,2475.2,,,,
2020,9,"Fiji, Nabouwalu Jetty", Nabouwalu Jetty,Bulk Carrier,Exports,10273.5,,,,
2020,9,"Fiji, Suva Harbor", Suva Harbor,Bulk Carrier,Imports,26387.7,,,,
2020,9,"Fiji, Suva Harbor", Suva Harbor,Container,Exports,2269.5,,,,
2020,9,"Fiji, Suva Harbor", Suva Harbor,Container,Imports,18634.6,,,,
2020,9,"Fiji, Suva Harbor", Suva Harbor,General Cargo,Exports,2934,,,,
2020,9,"Fiji, Suva Harbor", Suva Harbor,General Cargo,Imports,5231.1,,,,
2020,9,"Fiji, Suva Harbor", Suva Harbor,Tanker,Exports,2302.4,,,,
2020,9,"Fiji, Suva Harbor", Suva Harbor,Tanker,Imports,11741.2,,,,
2020,9,"Kiribati, Kiribati", Kiribati,General Cargo,Exports,2051.4,,,,
2020,9,"Kiribati, Tarawa Atoll", Tarawa Atoll,Container,Imports,2318.7,,,,
2020,9,"Kiribati, Tarawa Atoll", Tarawa Atoll,General Cargo,Exports,916.5,,,,
2020,9,"Kiribati, Tarawa Atoll", Tarawa Atoll,General Cargo,Imports,100,,,,
2020,9,"Marshall Islands, Ebeye", Ebeye,General Cargo,Imports,472.6,,,,
2020,9,"Marshall Islands, Kwajalein", Kwajalein,General Cargo,Imports,1024.1,,,,
2020,9,"Marshall Islands, Kwajalein", Kwajalein,Tanker,Imports,1451.5,,,,
2020,9,"Marshall Islands, Majuro Atoll", Majuro Atoll,Container,Exports,608.7,,,,
2020,9,"Marshall Islands, Majuro Atoll", Majuro Atoll,Container,Imports,3158.9,,,,
2020,9,"Marshall Islands, Majuro Atoll", Majuro Atoll,General Cargo,Exports,8380.2,,,,
2020,9,"Marshall Islands, Majuro Atoll", Majuro Atoll,General Cargo,Imports,2128.3,,,,
2020,9,"Marshall Islands, Majuro Atoll", Majuro Atoll,Tanker,Imports,2313.2,,,,
2020,9,"Micronesia, Colonia", Colonia,Container,Imports,487.4,,,,
2020,9,"Micronesia, Colonia", Colonia,General Cargo,Imports,522.8,,,,
2020,9,"Micronesia, Colonia", Colonia,Tanker,Imports,2526.6,,,,
2020,9,"Micronesia, Lele Harbor", Lele Harbor,Container,Exports,2993.2,,,,
2020,9,"Micronesia, Lele Harbor", Lele Harbor,General Cargo,Imports,1277.2,,,,
2020,9,"Micronesia, Moen", Moen,General Cargo,Imports,2224,,,,
2020,9,"Micronesia, Moen", Moen,Tanker,Imports,418.6,,,,
2020,9,"Micronesia, Pornpei Harbor", Pornpei Harbor,Container,Exports,600.5,,,,
2020,9,"Micronesia, Pornpei Harbor", Pornpei Harbor,Container,Imports,301.5,,,,
2020,9,"Micronesia, Pornpei Harbor", Pornpei Harbor,General Cargo,Imports,3778.5,,,,
2020,9,"Nauru, Nauru", Nauru,Bulk Carrier,Exports,16997.1,,,,
2020,9,"Nauru, Nauru", Nauru,General Cargo,Exports,3604.9,,,,
2020,9,"Nauru, Nauru", Nauru,General Cargo,Imports,833.2,,,,
2020,9,"Palau, Malakal Harbor", Malakal Harbor,Container,Imports,4771.8,,,,
2020,9,"Palau, Malakal Harbor", Malakal Harbor,General Cargo,Exports,294.9,,,,
2020,9,"Palau, Malakal Harbor", Malakal Harbor,General Cargo,Imports,1640.2,,,,
2020,9,"Papua New Guinea, Alotoa", Alotoa,Container,Exports,645.7,,,,
2020,9,"Papua New Guinea, Alotoa", Alotoa,Container,Imports,705.7,,,,
2020,9,"Papua New Guinea, Alotoa", Alotoa,General Cargo,Exports,431.9,,,,
2020,9,"Papua New Guinea, Alotoa", Alotoa,Tanker,Imports,9277.7,,,,
2020,9,"Papua New Guinea, Buka", Buka,Container,Imports,352.9,,,,
2020,9,"Papua New Guinea, Buka", Buka,General Cargo,Exports,269.2,,,,
2020,9,"Papua New Guinea, Daru", Daru,General Cargo,Exports,220.6,,,,
2020,9,"Papua New Guinea, Kavieng Harbor", Kavieng Harbor,Bulk Carrier,Exports,2450.3,,,,
2020,9,"Papua New Guinea, Kavieng Harbor", Kavieng Harbor,Container,Imports,4213.1,,,,
2020,9,"Papua New Guinea, Kavieng Harbor", Kavieng Harbor,General Cargo,Exports,1433.1,,,,
2020,9,"Papua New Guinea, Kieta", Kieta,Container,Imports,361.4,,,,
2020,9,"Papua New Guinea, Kimbe", Kimbe,Bulk Carrier,Exports,21084.6,,,,
2020,9,"Papua New Guinea, Kimbe", Kimbe,Bulk Carrier,Imports,395.4,,,,
2020,9,"Papua New Guinea, Kimbe", Kimbe,Container,Exports,3870.8,,,,
2020,9,"Papua New Guinea, Kimbe", Kimbe,Container,Imports,3788.7,,,,
2020,9,"Papua New Guinea, Kimbe", Kimbe,General Cargo,Exports,3925.5,,,,
2020,9,"Papua New Guinea, Kimbe", Kimbe,General Cargo,Imports,1779.8,,,,
2020,9,"Papua New Guinea, Kimbe", Kimbe,Tanker,Exports,14436.7,,,,
2020,9,"Papua New Guinea, Kimbe", Kimbe,Tanker,Imports,1155.5,,,,
2020,9,"Papua New Guinea, Lae", Lae,Bulk Carrier,Imports,12018.7,,,,
2020,9,"Papua New Guinea, Lae", Lae,Container,Exports,20508.9,,,,
2020,9,"Papua New Guinea, Lae", Lae,Container,Imports,38786.2,,,,
2020,9,"Papua New Guinea, Lae", Lae,General Cargo,Exports,11546.9,,,,
2020,9,"Papua New Guinea, Lae", Lae,General Cargo,Imports,4233.5,,,,
2020,9,"Papua New Guinea, Lae", Lae,Tanker,Exports,1956.9,,,,
2020,9,"Papua New Guinea, Lae", Lae,Tanker,Imports,13225.6,,,,
2020,9,"Papua New Guinea, Madang", Madang,Container,Exports,4526.1,,,,
2020,9,"Papua New Guinea, Madang", Madang,Container,Imports,3339,,,,
2020,9,"Papua New Guinea, Madang", Madang,General Cargo,Exports,6772.8,,,,
2020,9,"Papua New Guinea, Madang", Madang,General Cargo,Imports,4512.8,,,,
2020,9,"Papua New Guinea, Oro Bay", Oro Bay,Bulk Carrier,Imports,1939.8,,,,
2020,9,"Papua New Guinea, Oro Bay", Oro Bay,Container,Imports,3560.8,,,,
2020,9,"Papua New Guinea, Oro Bay", Oro Bay,General Cargo,Exports,431.9,,,,
2020,9,"Papua New Guinea, Oro Bay", Oro Bay,Tanker,Exports,1929.5,,,,
2020,9,"Papua New Guinea, Oro Bay", Oro Bay,Tanker,Imports,489.9,,,,
2020,9,"Papua New Guinea, Port Moresby", Port Moresby,Bulk Carrier,Exports,183.7,,,,
2020,9,"Papua New Guinea, Port Moresby", Port Moresby,Bulk Carrier,Imports,5695.9,,,,
2020,9,"Papua New Guinea, Port Moresby", Port Moresby,Container,Exports,3327.3,,,,
2020,9,"Papua New Guinea, Port Moresby", Port Moresby,Container,Imports,19105.8,,,,
2020,9,"Papua New Guinea, Port Moresby", Port Moresby,General Cargo,Exports,3929.1,,,,
2020,9,"Papua New Guinea, Port Moresby", Port Moresby,General Cargo,Imports,9576,,,,
2020,9,"Papua New Guinea, Port Moresby", Port Moresby,Tanker,Exports,231000.1,,,,
2020,9,"Papua New Guinea, Port Moresby", Port Moresby,Tanker,Imports,77401.8,,,,
2020,9,"Papua New Guinea, Put Put", Put Put,Container,Exports,458.9,,,,
2020,9,"Papua New Guinea, Put Put", Put Put,Container,Imports,4588,,,,
2020,9,"Papua New Guinea, Put Put", Put Put,General Cargo,Imports,3781,,,,
2020,9,"Papua New Guinea, Rabaul", Rabaul,Bulk Carrier,Exports,13852.9,,,,
2020,9,"Papua New Guinea, Rabaul", Rabaul,Container,Exports,2220.2,,,,
2020,9,"Papua New Guinea, Rabaul", Rabaul,Container,Imports,532.2,,,,
2020,9,"Papua New Guinea, Rabaul", Rabaul,General Cargo,Exports,22133,,,,
2020,9,"Papua New Guinea, Rabaul", Rabaul,General Cargo,Imports,1445.1,,,,
2020,9,"Papua New Guinea, Rabaul", Rabaul,Tanker,Imports,9471.2,,,,
2020,9,"Papua New Guinea, Vanimo", Vanimo,Bulk Carrier,Exports,38808.5,,,,
2020,9,"Papua New Guinea, Vanimo", Vanimo,General Cargo,Exports,3435.9,,,,
2020,9,"Papua New Guinea, Vanimo", Vanimo,Tanker,Exports,2370.7,,,,
2020,9,"Papua New Guinea, Wewak Harbor", Wewak Harbor,Bulk Carrier,Exports,32842,,,,
2020,9,"Papua New Guinea, Wewak Harbor", Wewak Harbor,Container,Exports,656.1,,,,
2020,9,"Papua New Guinea, Wewak Harbor", Wewak Harbor,Container,Imports,596.3,,,,
2020,9,"Papua New Guinea, Wewak Harbor", Wewak Harbor,General Cargo,Exports,7289.2,,,,
2020,9,"Papua New Guinea, Wewak Harbor", Wewak Harbor,General Cargo,Imports,3094.3,,,,
2020,9,"Papua New Guinea, Wewak Harbor", Wewak Harbor,Tanker,Exports,2251.2,,,,
2020,9,"Samoa, Apia", Apia,Container,Imports,5548.4,,,,
2020,9,"Samoa, Apia", Apia,General Cargo,Exports,89.1,,,,
2020,9,"Samoa, Apia", Apia,General Cargo,Imports,4265,,,,
2020,9,"Samoa, Apia", Apia,Tanker,Imports,135.9,,,,
2020,9,"Solomon Islands, Honiara", Honiara,Container,Exports,3142,,,,
2020,9,"Solomon Islands, Honiara", Honiara,Container,Imports,16992.4,,,,
2020,9,"Solomon Islands, Honiara", Honiara,General Cargo,Exports,420.4,,,,
2020,9,"Solomon Islands, Honiara", Honiara,General Cargo,Imports,3043.4,,,,
2020,9,"Solomon Islands, Honiara", Honiara,Tanker,Exports,1955.9,,,,
2020,9,"Solomon Islands, Honiara", Honiara,Tanker,Imports,2018.8,,,,
2020,9,"Solomon Islands, Mbulo", Mbulo,Container,Exports,300,,,,
2020,9,"Solomon Islands, Ndora", Ndora,Bulk Carrier,Exports,6570.4,,,,
2020,9,"Solomon Islands, Port Noro", Port Noro,Bulk Carrier,Exports,74234.3,,,,
2020,9,"Solomon Islands, Port Noro", Port Noro,Container,Exports,263.2,,,,
2020,9,"Solomon Islands, Port Noro", Port Noro,Container,Imports,263.4,,,,
2020,9,"Solomon Islands, Port Noro", Port Noro,General Cargo,Exports,10497.8,,,,
2020,9,"Solomon Islands, Port Noro", Port Noro,Tanker,Exports,218.2,,,,
2020,9,"Solomon Islands, Ringgi Cove", Ringgi Cove,General Cargo,Exports,5100.1,,,,
2020,9,"Tonga, Neiafu", Neiafu,General Cargo,Exports,215.6,,,,
2020,9,"Tonga, Neiafu", Neiafu,General Cargo,Imports,1177.5,,,,
2020,9,"Tonga, Neiafu", Neiafu,Tanker,Exports,692.7,,,,
2020,9,"Tonga, Neiafu", Neiafu,Tanker,Imports,547.7,,,,
2020,9,"Tonga, Nuku Alofa", Nuku Alofa,Container,Imports,9583.5,,,,
2020,9,"Tonga, Nuku Alofa", Nuku Alofa,General Cargo,Exports,336.4,,,,
2020,9,"Tonga, Nuku Alofa", Nuku Alofa,General Cargo,Imports,6661.6,,,,
2020,9,"Tonga, Nuku Alofa", Nuku Alofa,Tanker,Imports,4206.1,,,,
2020,9,"Tonga, Pangai", Pangai,General Cargo,Exports,215.6,,,,
2020,9,"Tuvalu, Funafuti Atoll", Funafuti Atoll,Container,Imports,934.9,,,,
2020,9,"Tuvalu, Funafuti Atoll", Funafuti Atoll,General Cargo,Exports,209,,,,
2020,9,"Vanuatu, Luganville", Luganville,Container,Imports,1094,,,,
2020,9,"Vanuatu, Luganville", Luganville,General Cargo,Exports,324.4,,,,
2020,9,"Vanuatu, Luganville", Luganville,General Cargo,Imports,1872.5,,,,
2020,9,"Vanuatu, Port Vila", Port Vila,Container,Exports,1912,,,,
2020,9,"Vanuatu, Port Vila", Port Vila,Container,Imports,2783.2,,,,
2020,9,"Vanuatu, Port Vila", Port Vila,General Cargo,Imports,2053.5,,,,
2020,9,"Vanuatu, Port Vila", Port Vila,Tanker,Exports,1019,,,,
2020,10,"Fiji, Lautoka Harbor", Lautoka Harbor,Bulk Carrier,Exports,14233,,,,
2020,10,"Fiji, Lautoka Harbor", Lautoka Harbor,Container,Exports,21829.7,,,,
2020,10,"Fiji, Lautoka Harbor", Lautoka Harbor,Container,Imports,6345.7,,,,
2020,10,"Fiji, Lautoka Harbor", Lautoka Harbor,General Cargo,Exports,2410,,,,
2020,10,"Fiji, Lautoka Harbor", Lautoka Harbor,General Cargo,Imports,1858.9,,,,
2020,10,"Fiji, Lautoka Harbor", Lautoka Harbor,Tanker,Exports,6542.6,,,,
2020,10,"Fiji, Lautoka Harbor", Lautoka Harbor,Tanker,Imports,24762.8,,,,
2020,10,"Fiji, Malai", Malai,Bulk Carrier,Exports,4312.9,,,,
2020,10,"Fiji, Malai", Malai,Tanker,Imports,2210.4,,,,
2020,10,"Fiji, Suva Harbor", Suva Harbor,Container,Exports,10591.7,,,,
2020,10,"Fiji, Suva Harbor", Suva Harbor,Container,Imports,21286,,,,
2020,10,"Fiji, Suva Harbor", Suva Harbor,General Cargo,Exports,342.1,,,,
2020,10,"Fiji, Suva Harbor", Suva Harbor,General Cargo,Imports,15878,,,,
2020,10,"Fiji, Suva Harbor", Suva Harbor,Tanker,Exports,2484.6,,,,
2020,10,"Fiji, Suva Harbor", Suva Harbor,Tanker,Imports,10684.2,,,,
2020,10,"Kiribati, Kiribati", Kiribati,General Cargo,Exports,4108.5,,,,
2020,10,"Kiribati, Tarawa Atoll", Tarawa Atoll,Container,Imports,4840.9,,,,
2020,10,"Kiribati, Tarawa Atoll", Tarawa Atoll,General Cargo,Exports,1210.3,,,,
2020,10,"Kiribati, Tarawa Atoll", Tarawa Atoll,General Cargo,Imports,599,,,,
2020,10,"Marshall Islands, Ebeye", Ebeye,General Cargo,Imports,1208.7,,,,
2020,10,"Marshall Islands, Kwajalein", Kwajalein,General Cargo,Imports,1581.4,,,,
2020,10,"Marshall Islands, Majuro Atoll", Majuro Atoll,Container,Exports,1525.4,,,,
2020,10,"Marshall Islands, Majuro Atoll", Majuro Atoll,Container,Imports,2545.3,,,,
2020,10,"Marshall Islands, Majuro Atoll", Majuro Atoll,General Cargo,Exports,11776.4,,,,
2020,10,"Marshall Islands, Majuro Atoll", Majuro Atoll,General Cargo,Imports,1144.7,,,,
2020,10,"Marshall Islands, Majuro Atoll", Majuro Atoll,Tanker,Imports,5030.1,,,,
2020,10,"Micronesia, Colonia", Colonia,Container,Imports,573.2,,,,
2020,10,"Micronesia, Colonia", Colonia,General Cargo,Exports,594.8,,,,
2020,10,"Micronesia, Colonia", Colonia,Tanker,Imports,1472.1,,,,
2020,10,"Micronesia, Lele Harbor", Lele Harbor,Container,Exports,3567.2,,,,
2020,10,"Micronesia, Lele Harbor", Lele Harbor,General Cargo,Imports,902.9,,,,
2020,10,"Micronesia, Lele Harbor", Lele Harbor,Tanker,Imports,207,,,,
2020,10,"Micronesia, Moen", Moen,General Cargo,Exports,669.7,,,,
2020,10,"Micronesia, Moen", Moen,General Cargo,Imports,646.5,,,,
2020,10,"Micronesia, Moen", Moen,Tanker,Imports,1458.5,,,,
2020,10,"Micronesia, Pornpei Harbor", Pornpei Harbor,Container,Imports,899.3,,,,
2020,10,"Micronesia, Pornpei Harbor", Pornpei Harbor,General Cargo,Exports,334.9,,,,
2020,10,"Micronesia, Pornpei Harbor", Pornpei Harbor,General Cargo,Imports,2964,,,,
2020,10,"Micronesia, Pornpei Harbor", Pornpei Harbor,Tanker,Imports,1114.2,,,,
2020,10,"Nauru, Nauru", Nauru,General Cargo,Imports,2679.3,,,,
2020,10,"Nauru, Nauru", Nauru,Tanker,Exports,1260.9,,,,
2020,10,"Palau, Malakal Harbor", Malakal Harbor,Container,Exports,480.6,,,,
2020,10,"Palau, Malakal Harbor", Malakal Harbor,Container,Imports,238.2,,,,
2020,10,"Palau, Malakal Harbor", Malakal Harbor,General Cargo,Exports,609,,,,
2020,10,"Palau, Malakal Harbor", Malakal Harbor,General Cargo,Imports,1127.6,,,,
2020,10,"Palau, Malakal Harbor", Malakal Harbor,Tanker,Exports,791.6,,,,
2020,10,"Palau, Malakal Harbor", Malakal Harbor,Tanker,Imports,628.1,,,,
2020,10,"Papua New Guinea, Alotoa", Alotoa,Bulk Carrier,Exports,7425.6,,,,
2020,10,"Papua New Guinea, Alotoa", Alotoa,Container,Imports,1919.7,,,,
2020,10,"Papua New Guinea, Alotoa", Alotoa,General Cargo,Exports,245.8,,,,
2020,10,"Papua New Guinea, Alotoa", Alotoa,Tanker,Exports,6071.3,,,,
2020,10,"Papua New Guinea, Buka", Buka,Container,Imports,10.2,,,,
2020,10,"Papua New Guinea, Buka", Buka,General Cargo,Exports,140.1,,,,
2020,10,"Papua New Guinea, Daru", Daru,Bulk Carrier,Exports,27543.7,,,,
2020,10,"Papua New Guinea, Daru", Daru,General Cargo,Exports,1211.2,,,,
2020,10,"Papua New Guinea, Kavieng Harbor", Kavieng Harbor,Bulk Carrier,Exports,35293.2,,,,
2020,10,"Papua New Guinea, Kavieng Harbor", Kavieng Harbor,Container,Imports,3670.6,,,,
2020,10,"Papua New Guinea, Kavieng Harbor", Kavieng Harbor,General Cargo,Exports,32605.4,,,,
2020,10,"Papua New Guinea, Kavieng Harbor", Kavieng Harbor,Tanker,Exports,98.5,,,,
2020,10,"Papua New Guinea, Kieta", Kieta,Container,Imports,10.2,,,,
2020,10,"Papua New Guinea, Kimbe", Kimbe,Bulk Carrier,Exports,46877.6,,,,
2020,10,"Papua New Guinea, Kimbe", Kimbe,Container,Exports,187.4,,,,
2020,10,"Papua New Guinea, Kimbe", Kimbe,Container,Imports,3306,,,,
2020,10,"Papua New Guinea, Kimbe", Kimbe,General Cargo,Imports,1048.2,,,,
2020,10,"Papua New Guinea, Kimbe", Kimbe,Tanker,Exports,5952.6,,,,
2020,10,"Papua New Guinea, Kimbe", Kimbe,Tanker,Imports,2872.9,,,,
2020,10,"Papua New Guinea, Lae", Lae,Bulk Carrier,Imports,11312.6,,,,
2020,10,"Papua New Guinea, Lae", Lae,Container,Exports,11159.8,,,,
2020,10,"Papua New Guinea, Lae", Lae,Container,Imports,38458.5,,,,
2020,10,"Papua New Guinea, Lae", Lae,General Cargo,Exports,16174.6,,,,
2020,10,"Papua New Guinea, Lae", Lae,General Cargo,Imports,2960.6,,,,
2020,10,"Papua New Guinea, Lae", Lae,Tanker,Exports,230.1,,,,
2020,10,"Papua New Guinea, Lae", Lae,Tanker,Imports,14966.7,,,,
2020,10,"Papua New Guinea, Madang", Madang,Container,Exports,5953.4,,,,
2020,10,"Papua New Guinea, Madang", Madang,Container,Imports,1817.9,,,,
2020,10,"Papua New Guinea, Madang", Madang,General Cargo,Exports,7744.8,,,,
2020,10,"Papua New Guinea, Madang", Madang,General Cargo,Imports,1728.4,,,,
2020,10,"Papua New Guinea, Madang", Madang,Tanker,Imports,11633.7,,,,
2020,10,"Papua New Guinea, Oro Bay", Oro Bay,Bulk Carrier,Exports,3167.2,,,,
2020,10,"Papua New Guinea, Oro Bay", Oro Bay,Container,Imports,352,,,,
2020,10,"Papua New Guinea, Oro Bay", Oro Bay,General Cargo,Exports,81.9,,,,
2020,10,"Papua New Guinea, Oro Bay", Oro Bay,Tanker,Exports,4927.8,,,,
2020,10,"Papua New Guinea, Port Moresby", Port Moresby,Bulk Carrier,Exports,6954.9,,,,
2020,10,"Papua New Guinea, Port Moresby", Port Moresby,Bulk Carrier,Imports,3576.4,,,,
2020,10,"Papua New Guinea, Port Moresby", Port Moresby,Container,Exports,1435.8,,,,
2020,10,"Papua New Guinea, Port Moresby", Port Moresby,Container,Imports,32136.5,,,,
2020,10,"Papua New Guinea, Port Moresby", Port Moresby,General Cargo,Exports,11657.5,,,,
2020,10,"Papua New Guinea, Port Moresby", Port Moresby,General Cargo,Imports,9914.5,,,,
2020,10,"Papua New Guinea, Port Moresby", Port Moresby,Tanker,Exports,195054,,,,
2020,10,"Papua New Guinea, Port Moresby", Port Moresby,Tanker,Imports,93533.7,,,,
2020,10,"Papua New Guinea, Put Put", Put Put,Container,Exports,455.2,,,,
2020,10,"Papua New Guinea, Put Put", Put Put,Container,Imports,7817.1,,,,
2020,10,"Papua New Guinea, Put Put", Put Put,General Cargo,Imports,1126.1,,,,
2020,10,"Papua New Guinea, Put Put", Put Put,Tanker,Imports,5929,,,,
2020,10,"Papua New Guinea, Rabaul", Rabaul,Bulk Carrier,Exports,18834.2,,,,
2020,10,"Papua New Guinea, Rabaul", Rabaul,Container,Exports,2527.1,,,,
2020,10,"Papua New Guinea, Rabaul", Rabaul,Container,Imports,3333.3,,,,
2020,10,"Papua New Guinea, Rabaul", Rabaul,General Cargo,Exports,12637.9,,,,
2020,10,"Papua New Guinea, Rabaul", Rabaul,General Cargo,Imports,1876.6,,,,
2020,10,"Papua New Guinea, Rabaul", Rabaul,Tanker,Imports,3479.3,,,,
2020,10,"Papua New Guinea, Vanimo", Vanimo,Bulk Carrier,Exports,25832.1,,,,
2020,10,"Papua New Guinea, Vanimo", Vanimo,Bulk Carrier,Imports,1924.2,,,,
2020,10,"Papua New Guinea, Vanimo", Vanimo,General Cargo,Exports,7643.2,,,,
2020,10,"Papua New Guinea, Vanimo", Vanimo,General Cargo,Imports,740.2,,,,
2020,10,"Papua New Guinea, Wewak Harbor", Wewak Harbor,Bulk Carrier,Exports,45660.6,,,,
2020,10,"Papua New Guinea, Wewak Harbor", Wewak Harbor,Container,Exports,1822.8,,,,
2020,10,"Papua New Guinea, Wewak Harbor", Wewak Harbor,General Cargo,Exports,7316.9,,,,
2020,10,"Papua New Guinea, Wewak Harbor", Wewak Harbor,General Cargo,Imports,5459.8,,,,
2020,10,"Papua New Guinea, Wewak Harbor", Wewak Harbor,Tanker,Exports,98.5,,,,
2020,10,"Papua New Guinea, Wewak Harbor", Wewak Harbor,Tanker,Imports,2245.9,,,,
2020,10,"Samoa, Apia", Apia,Container,Exports,1587.9,,,,
2020,10,"Samoa, Apia", Apia,Container,Imports,14434.6,,,,
2020,10,"Samoa, Apia", Apia,General Cargo,Exports,96.2,,,,
2020,10,"Samoa, Apia", Apia,General Cargo,Imports,2072.1,,,,
2020,10,"Samoa, Apia", Apia,Tanker,Imports,4557.7,,,,
2020,10,"Solomon Islands, Honiara", Honiara,Bulk Carrier,Imports,4553.9,,,,
2020,10,"Solomon Islands, Honiara", Honiara,Container,Exports,727.5,,,,
2020,10,"Solomon Islands, Honiara", Honiara,Container,Imports,4330.8,,,,
2020,10,"Solomon Islands, Honiara", Honiara,General Cargo,Exports,362.2,,,,
2020,10,"Solomon Islands, Honiara", Honiara,General Cargo,Imports,1458.6,,,,
2020,10,"Solomon Islands, Honiara", Honiara,Tanker,Imports,7030.3,,,,
2020,10,"Solomon Islands, Mbulo", Mbulo,Container,Imports,903.9,,,,
2020,10,"Solomon Islands, Ndora", Ndora,General Cargo,Exports,146,,,,
2020,10,"Solomon Islands, Port Noro", Port Noro,Bulk Carrier,Exports,67271.9,,,,
2020,10,"Solomon Islands, Port Noro", Port Noro,Container,Imports,1568.4,,,,
2020,10,"Solomon Islands, Port Noro", Port Noro,General Cargo,Exports,1264.9,,,,
2020,10,"Solomon Islands, Port Noro", Port Noro,General Cargo,Imports,3051.7,,,,
2020,10,"Solomon Islands, Rennell Island", Rennell Island,Bulk Carrier,Exports,5035.1,,,,
2020,10,"Tonga, Neiafu", Neiafu,General Cargo,Exports,623.6,,,,
2020,10,"Tonga, Neiafu", Neiafu,General Cargo,Imports,671.1,,,,
2020,10,"Tonga, Neiafu", Neiafu,Tanker,Imports,466.2,,,,
2020,10,"Tonga, Nuku Alofa", Nuku Alofa,Container,Exports,5688,,,,
2020,10,"Tonga, Nuku Alofa", Nuku Alofa,Container,Imports,3785,,,,
2020,10,"Tonga, Nuku Alofa", Nuku Alofa,General Cargo,Exports,520,,,,
2020,10,"Tonga, Nuku Alofa", Nuku Alofa,General Cargo,Imports,2010.8,,,,
2020,10,"Tonga, Nuku Alofa", Nuku Alofa,Tanker,Imports,3515.5,,,,
2020,10,"Tonga, Pangai", Pangai,General Cargo,Exports,454.5,,,,
2020,10,"Tuvalu, Funafuti Atoll", Funafuti Atoll,Container,Exports,910.1,,,,
2020,10,"Tuvalu, Funafuti Atoll", Funafuti Atoll,Container,Imports,622.3,,,,
2020,10,"Tuvalu, Funafuti Atoll", Funafuti Atoll,General Cargo,Exports,209,,,,
2020,10,"Tuvalu, Funafuti Atoll", Funafuti Atoll,Tanker,Imports,589.4,,,,
2020,10,"Vanuatu, Luganville", Luganville,Container,Exports,781.2,,,,
2020,10,"Vanuatu, Luganville", Luganville,Container,Imports,1461,,,,
2020,10,"Vanuatu, Luganville", Luganville,General Cargo,Imports,2554.8,,,,
2020,10,"Vanuatu, Port Vila", Port Vila,Container,Exports,3212.1,,,,
2020,10,"Vanuatu, Port Vila", Port Vila,General Cargo,Exports,1636.8,,,,
2020,10,"Vanuatu, Port Vila", Port Vila,General Cargo,Imports,3032.2,,,,
2020,10,"Vanuatu, Port Vila", Port Vila,Tanker,Exports,248.5,,,,
2020,11,"Fiji, Lautoka Harbor", Lautoka Harbor,Bulk Carrier,Exports,10073.1,,,,
2020,11,"Fiji, Lautoka Harbor", Lautoka Harbor,Container,Exports,14224.9,,,,
2020,11,"Fiji, Lautoka Harbor", Lautoka Harbor,Container,Imports,6558,,,,
2020,11,"Fiji, Lautoka Harbor", Lautoka Harbor,General Cargo,Exports,1345.9,,,,
2020,11,"Fiji, Lautoka Harbor", Lautoka Harbor,General Cargo,Imports,1147.3,,,,
2020,11,"Fiji, Lautoka Harbor", Lautoka Harbor,Tanker,Exports,11747.3,,,,
2020,11,"Fiji, Lautoka Harbor", Lautoka Harbor,Tanker,Imports,8115.1,,,,
2020,11,"Fiji, Malai", Malai,Bulk Carrier,Exports,3512.3,,,,
2020,11,"Fiji, Malai", Malai,Tanker,Imports,8999.1,,,,
2020,11,"Fiji, Nabouwalu Jetty", Nabouwalu Jetty,Bulk Carrier,Exports,11995.2,,,,
2020,11,"Fiji, Suva Harbor", Suva Harbor,Container,Exports,6737.6,,,,
2020,11,"Fiji, Suva Harbor", Suva Harbor,Container,Imports,24533.6,,,,
2020,11,"Fiji, Suva Harbor", Suva Harbor,General Cargo,Exports,1205.1,,,,
2020,11,"Fiji, Suva Harbor", Suva Harbor,General Cargo,Imports,3695.1,,,,
2020,11,"Fiji, Suva Harbor", Suva Harbor,Tanker,Exports,507.5,,,,
2020,11,"Fiji, Suva Harbor", Suva Harbor,Tanker,Imports,9988.3,,,,
2020,11,"Kiribati, Kiribati", Kiribati,General Cargo,Exports,5556.4,,,,
2020,11,"Kiribati, Kiribati", Kiribati,Tanker,Exports,82.2,,,,
2020,11,"Kiribati, Tarawa Atoll", Tarawa Atoll,Container,Imports,1934.2,,,,
2020,11,"Kiribati, Tarawa Atoll", Tarawa Atoll,Tanker,Exports,766.5,,,,
2020,11,"Marshall Islands, Ebeye", Ebeye,General Cargo,Imports,742.4,,,,
2020,11,"Marshall Islands, Kwajalein", Kwajalein,General Cargo,Imports,1051.6,,,,
2020,11,"Marshall Islands, Kwajalein", Kwajalein,Tanker,Imports,2077.8,,,,
2020,11,"Marshall Islands, Majuro Atoll", Majuro Atoll,Container,Exports,611.9,,,,
2020,11,"Marshall Islands, Majuro Atoll", Majuro Atoll,Container,Imports,3323.2,,,,
2020,11,"Marshall Islands, Majuro Atoll", Majuro Atoll,General Cargo,Exports,8656.1,,,,
2020,11,"Marshall Islands, Majuro Atoll", Majuro Atoll,General Cargo,Imports,1944.6,,,,
2020,11,"Marshall Islands, Majuro Atoll", Majuro Atoll,Tanker,Imports,1449,,,,
2020,11,"Micronesia, Colonia", Colonia,Container,Imports,242.2,,,,
2020,11,"Micronesia, Colonia", Colonia,General Cargo,Exports,1806.3,,,,
2020,11,"Micronesia, Colonia", Colonia,General Cargo,Imports,772,,,,
2020,11,"Micronesia, Colonia", Colonia,Tanker,Imports,1114.2,,,,
2020,11,"Micronesia, Lele Harbor", Lele Harbor,Container,Exports,4805,,,,
2020,11,"Micronesia, Lele Harbor", Lele Harbor,General Cargo,Imports,4149.4,,,,
2020,11,"Micronesia, Moen", Moen,General Cargo,Imports,960.2,,,,
2020,11,"Micronesia, Pornpei Harbor", Pornpei Harbor,Container,Exports,903.1,,,,
2020,11,"Micronesia, Pornpei Harbor", Pornpei Harbor,Container,Imports,606.4,,,,
2020,11,"Micronesia, Pornpei Harbor", Pornpei Harbor,General Cargo,Imports,2703.6,,,,
2020,11,"Micronesia, Pornpei Harbor", Pornpei Harbor,Tanker,Imports,207.9,,,,
2020,11,"Nauru, Nauru", Nauru,Bulk Carrier,Exports,30138.5,,,,
2020,11,"Nauru, Nauru", Nauru,General Cargo,Exports,77,,,,
2020,11,"Palau, Malakal Harbor", Malakal Harbor,Container,Imports,2409.7,,,,
2020,11,"Palau, Malakal Harbor", Malakal Harbor,General Cargo,Exports,609,,,,
2020,11,"Palau, Malakal Harbor", Malakal Harbor,General Cargo,Imports,743.4,,,,
2020,11,"Palau, Malakal Harbor", Malakal Harbor,Tanker,Imports,623.1,,,,
2020,11,"Papua New Guinea, Alotoa", Alotoa,Bulk Carrier,Exports,8995.1,,,,
2020,11,"Papua New Guinea, Alotoa", Alotoa,Container,Exports,946.7,,,,
2020,11,"Papua New Guinea, Alotoa", Alotoa,Container,Imports,982.2,,,,
2020,11,"Papua New Guinea, Alotoa", Alotoa,General Cargo,Exports,163.8,,,,
2020,11,"Papua New Guinea, Buka", Buka,Container,Imports,722.1,,,,
2020,11,"Papua New Guinea, Buka", Buka,General Cargo,Exports,93.1,,,,
2020,11,"Papua New Guinea, Buka", Buka,General Cargo,Imports,131.6,,,,
2020,11,"Papua New Guinea, Daru", Daru,Bulk Carrier,Exports,14332.3,,,,
2020,11,"Papua New Guinea, Daru", Daru,General Cargo,Exports,3523.8,,,,
2020,11,"Papua New Guinea, Daru", Daru,General Cargo,Imports,44.4,,,,
2020,11,"Papua New Guinea, Kavieng Harbor", Kavieng Harbor,Bulk Carrier,Exports,8254.2,,,,
2020,11,"Papua New Guinea, Kavieng Harbor", Kavieng Harbor,Container,Imports,2720.9,,,,
2020,11,"Papua New Guinea, Kavieng Harbor", Kavieng Harbor,General Cargo,Exports,1998,,,,
2020,11,"Papua New Guinea, Kavieng Harbor", Kavieng Harbor,Tanker,Exports,8166.7,,,,
2020,11,"Papua New Guinea, Kieta", Kieta,Container,Exports,178.5,,,,
2020,11,"Papua New Guinea, Kieta", Kieta,Container,Imports,10.2,,,,
2020,11,"Papua New Guinea, Kimbe", Kimbe,Bulk Carrier,Exports,18472.5,,,,
2020,11,"Papua New Guinea, Kimbe", Kimbe,Bulk Carrier,Imports,32.6,,,,
2020,11,"Papua New Guinea, Kimbe", Kimbe,Container,Exports,5732.4,,,,
2020,11,"Papua New Guinea, Kimbe", Kimbe,Container,Imports,1043.4,,,,
2020,11,"Papua New Guinea, Kimbe", Kimbe,General Cargo,Exports,4513.9,,,,
2020,11,"Papua New Guinea, Kimbe", Kimbe,General Cargo,Imports,1049.7,,,,
2020,11,"Papua New Guinea, Kimbe", Kimbe,Tanker,Exports,12182.6,,,,
2020,11,"Papua New Guinea, Lae", Lae,Bulk Carrier,Imports,6164.1,,,,
2020,11,"Papua New Guinea, Lae", Lae,Container,Exports,14306.5,,,,
2020,11,"Papua New Guinea, Lae", Lae,Container,Imports,50157.8,,,,
2020,11,"Papua New Guinea, Lae", Lae,General Cargo,Exports,13524.4,,,,
2020,11,"Papua New Guinea, Lae", Lae,General Cargo,Imports,7079.6,,,,
2020,11,"Papua New Guinea, Lae", Lae,Tanker,Exports,485.3,,,,
2020,11,"Papua New Guinea, Lae", Lae,Tanker,Imports,11335.3,,,,
2020,11,"Papua New Guinea, Madang", Madang,Container,Exports,3131.9,,,,
2020,11,"Papua New Guinea, Madang", Madang,Container,Imports,1580.8,,,,
2020,11,"Papua New Guinea, Madang", Madang,General Cargo,Exports,2505.9,,,,
2020,11,"Papua New Guinea, Madang", Madang,Tanker,Imports,2401.8,,,,
2020,11,"Papua New Guinea, Oro Bay", Oro Bay,Bulk Carrier,Exports,15462.1,,,,
2020,11,"Papua New Guinea, Oro Bay", Oro Bay,Container,Exports,188.7,,,,
2020,11,"Papua New Guinea, Oro Bay", Oro Bay,Container,Imports,2660.9,,,,
2020,11,"Papua New Guinea, Oro Bay", Oro Bay,General Cargo,Exports,245.8,,,,
2020,11,"Papua New Guinea, Oro Bay", Oro Bay,Tanker,Exports,1946.2,,,,
2020,11,"Papua New Guinea, Port Moresby", Port Moresby,Bulk Carrier,Exports,1472.3,,,,
2020,11,"Papua New Guinea, Port Moresby", Port Moresby,Bulk Carrier,Imports,5313.4,,,,
2020,11,"Papua New Guinea, Port Moresby", Port Moresby,Container,Exports,2240,,,,
2020,11,"Papua New Guinea, Port Moresby", Port Moresby,Container,Imports,24858.1,,,,
2020,11,"Papua New Guinea, Port Moresby", Port Moresby,General Cargo,Exports,8958.9,,,,
2020,11,"Papua New Guinea, Port Moresby", Port Moresby,General Cargo,Imports,7151.6,,,,
2020,11,"Papua New Guinea, Port Moresby", Port Moresby,Tanker,Exports,237173.8,,,,
2020,11,"Papua New Guinea, Port Moresby", Port Moresby,Tanker,Imports,31166.2,,,,
2020,11,"Papua New Guinea, Put Put", Put Put,Container,Exports,446.5,,,,
2020,11,"Papua New Guinea, Put Put", Put Put,Container,Imports,6633.2,,,,
2020,11,"Papua New Guinea, Put Put", Put Put,General Cargo,Imports,2572.7,,,,
2020,11,"Papua New Guinea, Put Put", Put Put,Tanker,Imports,7713.6,,,,
2020,11,"Papua New Guinea, Rabaul", Rabaul,Bulk Carrier,Exports,9734.9,,,,
2020,11,"Papua New Guinea, Rabaul", Rabaul,Container,Exports,1960.2,,,,
2020,11,"Papua New Guinea, Rabaul", Rabaul,Container,Imports,3193.4,,,,
2020,11,"Papua New Guinea, Rabaul", Rabaul,General Cargo,Exports,11931.7,,,,
2020,11,"Papua New Guinea, Rabaul", Rabaul,General Cargo,Imports,6007.7,,,,
2020,11,"Papua New Guinea, Rabaul", Rabaul,Tanker,Imports,5280.4,,,,
2020,11,"Papua New Guinea, Vanimo", Vanimo,Bulk Carrier,Exports,18522,,,,
2020,11,"Papua New Guinea, Vanimo", Vanimo,Bulk Carrier,Imports,15645,,,,
2020,11,"Papua New Guinea, Vanimo", Vanimo,General Cargo,Exports,1848.1,,,,
2020,11,"Papua New Guinea, Vanimo", Vanimo,General Cargo,Imports,6615.5,,,,
2020,11,"Papua New Guinea, Wewak Harbor", Wewak Harbor,Bulk Carrier,Exports,31364.8,,,,
2020,11,"Papua New Guinea, Wewak Harbor", Wewak Harbor,Container,Exports,259.2,,,,
2020,11,"Papua New Guinea, Wewak Harbor", Wewak Harbor,General Cargo,Exports,466.3,,,,
2020,11,"Papua New Guinea, Wewak Harbor", Wewak Harbor,General Cargo,Imports,2646.9,,,,
2020,11,"Papua New Guinea, Wewak Harbor", Wewak Harbor,Tanker,Exports,98.5,,,,
2020,11,"Samoa, Apia", Apia,Container,Exports,1944,,,,
2020,11,"Samoa, Apia", Apia,Container,Imports,6850.1,,,,
2020,11,"Samoa, Apia", Apia,General Cargo,Exports,345.7,,,,
2020,11,"Samoa, Apia", Apia,General Cargo,Imports,2269.3,,,,
2020,11,"Samoa, Apia", Apia,Tanker,Exports,327.4,,,,
2020,11,"Samoa, Apia", Apia,Tanker,Imports,463.6,,,,
2020,11,"Solomon Islands, Honiara", Honiara,Container,Exports,302.5,,,,
2020,11,"Solomon Islands, Honiara", Honiara,Container,Imports,11158.8,,,,
2020,11,"Solomon Islands, Honiara", Honiara,General Cargo,Exports,1150,,,,
2020,11,"Solomon Islands, Honiara", Honiara,General Cargo,Imports,1284.3,,,,
2020,11,"Solomon Islands, Honiara", Honiara,Tanker,Imports,5075.3,,,,
2020,11,"Solomon Islands, Mbulo", Mbulo,Bulk Carrier,Exports,23147.6,,,,
2020,11,"Solomon Islands, Mbulo", Mbulo,Container,Imports,1801.1,,,,
2020,11,"Solomon Islands, Ndora", Ndora,Bulk Carrier,Exports,16317.2,,,,
2020,11,"Solomon Islands, Port Noro", Port Noro,Bulk Carrier,Exports,68080.3,,,,
2020,11,"Solomon Islands, Port Noro", Port Noro,Container,Exports,261.8,,,,
2020,11,"Solomon Islands, Port Noro", Port Noro,Container,Imports,1054.4,,,,
2020,11,"Solomon Islands, Port Noro", Port Noro,General Cargo,Exports,1958.3,,,,
2020,11,"Tonga, Neiafu", Neiafu,General Cargo,Exports,346.6,,,,
2020,11,"Tonga, Neiafu", Neiafu,General Cargo,Imports,1351.4,,,,
2020,11,"Tonga, Neiafu", Neiafu,Tanker,Imports,470,,,,
2020,11,"Tonga, Nuku Alofa", Nuku Alofa,Container,Imports,9504.7,,,,
2020,11,"Tonga, Nuku Alofa", Nuku Alofa,General Cargo,Exports,855.5,,,,
2020,11,"Tonga, Nuku Alofa", Nuku Alofa,General Cargo,Imports,2990.6,,,,
2020,11,"Tonga, Nuku Alofa", Nuku Alofa,Tanker,Imports,2107.3,,,,
2020,11,"Tuvalu, Funafuti Atoll", Funafuti Atoll,General Cargo,Exports,261.2,,,,
2020,11,"Tuvalu, Funafuti Atoll", Funafuti Atoll,Tanker,Imports,691.2,,,,
2020,11,"Vanuatu, Luganville", Luganville,Container,Imports,1645.4,,,,
2020,11,"Vanuatu, Luganville", Luganville,General Cargo,Imports,3447.4,,,,
2020,11,"Vanuatu, Luganville", Luganville,Tanker,Exports,3591.6,,,,
2020,11,"Vanuatu, Port Vila", Port Vila,Container,Exports,3552.3,,,,
2020,11,"Vanuatu, Port Vila", Port Vila,Container,Imports,221.2,,,,
2020,11,"Vanuatu, Port Vila", Port Vila,General Cargo,Exports,2067.7,,,,
2020,11,"Vanuatu, Port Vila", Port Vila,General Cargo,Imports,3497.9,,,,
2020,11,"Vanuatu, Port Vila", Port Vila,Tanker,Imports,4154.1,,,,
2020,12,"Fiji, Lautoka Harbor", Lautoka Harbor,Bulk Carrier,Imports,4669.9,,,,
2020,12,"Fiji, Lautoka Harbor", Lautoka Harbor,Container,Exports,14367.1,,,,
2020,12,"Fiji, Lautoka Harbor", Lautoka Harbor,Container,Imports,6087.3,,,,
2020,12,"Fiji, Lautoka Harbor", Lautoka Harbor,General Cargo,Exports,1663.3,,,,
2020,12,"Fiji, Lautoka Harbor", Lautoka Harbor,General Cargo,Imports,811.6,,,,
2020,12,"Fiji, Lautoka Harbor", Lautoka Harbor,Tanker,Exports,5951.8,,,,
2020,12,"Fiji, Lautoka Harbor", Lautoka Harbor,Tanker,Imports,35813.4,,,,
2020,12,"Fiji, Malai", Malai,Tanker,Exports,154.2,,,,
2020,12,"Fiji, Malai", Malai,Tanker,Imports,138.3,,,,
2020,12,"Fiji, Nabouwalu Jetty", Nabouwalu Jetty,Bulk Carrier,Exports,18539.8,,,,
2020,12,"Fiji, Suva Harbor", Suva Harbor,Bulk Carrier,Imports,21311.1,,,,
2020,12,"Fiji, Suva Harbor", Suva Harbor,Container,Exports,6160.6,,,,
2020,12,"Fiji, Suva Harbor", Suva Harbor,Container,Imports,23014.7,,,,
2020,12,"Fiji, Suva Harbor", Suva Harbor,General Cargo,Exports,7407.6,,,,
2020,12,"Fiji, Suva Harbor", Suva Harbor,General Cargo,Imports,3389.8,,,,
2020,12,"Fiji, Suva Harbor", Suva Harbor,Tanker,Exports,154.2,,,,
2020,12,"Fiji, Suva Harbor", Suva Harbor,Tanker,Imports,16127.5,,,,
2020,12,"Kiribati, Tarawa Atoll", Tarawa Atoll,Container,Imports,4215.6,,,,
2020,12,"Kiribati, Tarawa Atoll", Tarawa Atoll,General Cargo,Exports,766.5,,,,
2020,12,"Kiribati, Tarawa Atoll", Tarawa Atoll,Tanker,Exports,3444,,,,
2020,12,"Marshall Islands, Ebeye", Ebeye,General Cargo,Exports,237.5,,,,
2020,12,"Marshall Islands, Ebeye", Ebeye,General Cargo,Imports,735.2,,,,
2020,12,"Marshall Islands, Kwajalein", Kwajalein,Container,Exports,284.4,,,,
2020,12,"Marshall Islands, Kwajalein", Kwajalein,General Cargo,Imports,2501.2,,,,
2020,12,"Marshall Islands, Majuro Atoll", Majuro Atoll,Container,Imports,3018.7,,,,
2020,12,"Marshall Islands, Majuro Atoll", Majuro Atoll,General Cargo,Exports,5109.3,,,,
2020,12,"Marshall Islands, Majuro Atoll", Majuro Atoll,General Cargo,Imports,2004.4,,,,
2020,12,"Marshall Islands, Majuro Atoll", Majuro Atoll,Tanker,Exports,1871.3,,,,
2020,12,"Micronesia, Colonia", Colonia,Container,Imports,533,,,,
2020,12,"Micronesia, Colonia", Colonia,General Cargo,Imports,417.2,,,,
2020,12,"Micronesia, Colonia", Colonia,Tanker,Imports,1048.8,,,,
2020,12,"Micronesia, Lele Harbor", Lele Harbor,Container,Exports,881,,,,
2020,12,"Micronesia, Lele Harbor", Lele Harbor,General Cargo,Imports,1227.6,,,,
2020,12,"Micronesia, Moen", Moen,General Cargo,Imports,2386.3,,,,
2020,12,"Micronesia, Moen", Moen,Tanker,Imports,627,,,,
2020,12,"Micronesia, Pornpei Harbor", Pornpei Harbor,Container,Exports,590.5,,,,
2020,12,"Micronesia, Pornpei Harbor", Pornpei Harbor,General Cargo,Exports,3158.3,,,,
2020,12,"Micronesia, Pornpei Harbor", Pornpei Harbor,General Cargo,Imports,1811.2,,,,
2020,12,"Micronesia, Pornpei Harbor", Pornpei Harbor,Tanker,Exports,417.8,,,,
2020,12,"Nauru, Nauru", Nauru,General Cargo,Exports,1955.6,,,,
2020,12,"Palau, Malakal Harbor", Malakal Harbor,Container,Imports,2414.8,,,,
2020,12,"Palau, Malakal Harbor", Malakal Harbor,General Cargo,Imports,2479.4,,,,
2020,12,"Palau, Malakal Harbor", Malakal Harbor,Tanker,Imports,1875.2,,,,
2020,12,"Papua New Guinea, Alotoa", Alotoa,Container,Imports,353.7,,,,
2020,12,"Papua New Guinea, Alotoa", Alotoa,General Cargo,Exports,163.8,,,,
2020,12,"Papua New Guinea, Alotoa", Alotoa,General Cargo,Imports,983.2,,,,
2020,12,"Papua New Guinea, Alotoa", Alotoa,Tanker,Exports,1801.4,,,,
2020,12,"Papua New Guinea, Buka", Buka,Container,Imports,2785.7,,,,
2020,12,"Papua New Guinea, Buka", Buka,General Cargo,Imports,263.9,,,,
2020,12,"Papua New Guinea, Daru", Daru,Bulk Carrier,Exports,13466.9,,,,
2020,12,"Papua New Guinea, Daru", Daru,General Cargo,Imports,312.1,,,,
2020,12,"Papua New Guinea, Kavieng Harbor", Kavieng Harbor,Bulk Carrier,Exports,16649.8,,,,
2020,12,"Papua New Guinea, Kavieng Harbor", Kavieng Harbor,Container,Imports,2082.4,,,,
2020,12,"Papua New Guinea, Kavieng Harbor", Kavieng Harbor,Tanker,Imports,721.5,,,,
2020,12,"Papua New Guinea, Kieta", Kieta,Container,Exports,177.4,,,,
2020,12,"Papua New Guinea, Kieta", Kieta,Container,Imports,756.8,,,,
2020,12,"Papua New Guinea, Kimbe", Kimbe,Bulk Carrier,Exports,51745.7,,,,
2020,12,"Papua New Guinea, Kimbe", Kimbe,Container,Exports,2154.8,,,,
2020,12,"Papua New Guinea, Kimbe", Kimbe,Container,Imports,1801.6,,,,
2020,12,"Papua New Guinea, Kimbe", Kimbe,General Cargo,Exports,881.5,,,,
2020,12,"Papua New Guinea, Kimbe", Kimbe,General Cargo,Imports,1920.3,,,,
2020,12,"Papua New Guinea, Kimbe", Kimbe,Tanker,Exports,10964.2,,,,
2020,12,"Papua New Guinea, Lae", Lae,Bulk Carrier,Imports,16436.9,,,,
2020,12,"Papua New Guinea, Lae", Lae,Container,Exports,13849.9,,,,
2020,12,"Papua New Guinea, Lae", Lae,Container,Imports,32076.6,,,,
2020,12,"Papua New Guinea, Lae", Lae,General Cargo,Exports,9488,,,,
2020,12,"Papua New Guinea, Lae", Lae,General Cargo,Imports,4866.4,,,,
2020,12,"Papua New Guinea, Lae", Lae,Tanker,Exports,4143.9,,,,
2020,12,"Papua New Guinea, Lae", Lae,Tanker,Imports,19272.4,,,,
2020,12,"Papua New Guinea, Madang", Madang,Container,Exports,5245,,,,
2020,12,"Papua New Guinea, Madang", Madang,Container,Imports,1411.4,,,,
2020,12,"Papua New Guinea, Madang", Madang,General Cargo,Exports,20906.2,,,,
2020,12,"Papua New Guinea, Madang", Madang,General Cargo,Imports,1064.3,,,,
2020,12,"Papua New Guinea, Madang", Madang,Tanker,Exports,1873.6,,,,
2020,12,"Papua New Guinea, Oro Bay", Oro Bay,Container,Imports,921.4,,,,
2020,12,"Papua New Guinea, Oro Bay", Oro Bay,General Cargo,Exports,81.9,,,,
2020,12,"Papua New Guinea, Port Moresby", Port Moresby,Bulk Carrier,Exports,6458.5,,,,
2020,12,"Papua New Guinea, Port Moresby", Port Moresby,Bulk Carrier,Imports,10594,,,,
2020,12,"Papua New Guinea, Port Moresby", Port Moresby,Container,Exports,1380.8,,,,
2020,12,"Papua New Guinea, Port Moresby", Port Moresby,Container,Imports,27092.5,,,,
2020,12,"Papua New Guinea, Port Moresby", Port Moresby,General Cargo,Exports,25143.5,,,,
2020,12,"Papua New Guinea, Port Moresby", Port Moresby,General Cargo,Imports,6694.7,,,,
2020,12,"Papua New Guinea, Port Moresby", Port Moresby,Tanker,Exports,214358.1,,,,
2020,12,"Papua New Guinea, Port Moresby", Port Moresby,Tanker,Imports,38397.9,,,,
2020,12,"Papua New Guinea, Put Put", Put Put,Container,Exports,457.8,,,,
2020,12,"Papua New Guinea, Put Put", Put Put,Container,Imports,2134.9,,,,
2020,12,"Papua New Guinea, Put Put", Put Put,General Cargo,Imports,2640.5,,,,
2020,12,"Papua New Guinea, Put Put", Put Put,Tanker,Imports,11026.8,,,,
2020,12,"Papua New Guinea, Rabaul", Rabaul,Bulk Carrier,Exports,12105.8,,,,
2020,12,"Papua New Guinea, Rabaul", Rabaul,Container,Imports,10718.9,,,,
2020,12,"Papua New Guinea, Rabaul", Rabaul,General Cargo,Exports,13773.8,,,,
2020,12,"Papua New Guinea, Rabaul", Rabaul,General Cargo,Imports,4509.6,,,,
2020,12,"Papua New Guinea, Rabaul", Rabaul,Tanker,Exports,1934.6,,,,
2020,12,"Papua New Guinea, Rabaul", Rabaul,Tanker,Imports,2761,,,,
2020,12,"Papua New Guinea, Vanimo", Vanimo,Bulk Carrier,Exports,6737.4,,,,
2020,12,"Papua New Guinea, Vanimo", Vanimo,General Cargo,Exports,8030.5,,,,
2020,12,"Papua New Guinea, Vanimo", Vanimo,Tanker,Exports,3648.6,,,,
2020,12,"Papua New Guinea, Wewak Harbor", Wewak Harbor,Bulk Carrier,Exports,8352.8,,,,
2020,12,"Papua New Guinea, Wewak Harbor", Wewak Harbor,Container,Imports,787.9,,,,
2020,12,"Papua New Guinea, Wewak Harbor", Wewak Harbor,General Cargo,Exports,988.3,,,,
2020,12,"Papua New Guinea, Wewak Harbor", Wewak Harbor,General Cargo,Imports,1330.1,,,,
2020,12,"Papua New Guinea, Wewak Harbor", Wewak Harbor,Tanker,Exports,3845.8,,,,
2020,12,"Papua New Guinea, Wewak Harbor", Wewak Harbor,Tanker,Imports,362.1,,,,
2020,12,"Samoa, Apia", Apia,Container,Exports,384.1,,,,
2020,12,"Samoa, Apia", Apia,Container,Imports,9494,,,,
2020,12,"Samoa, Apia", Apia,General Cargo,Exports,164.7,,,,
2020,12,"Samoa, Apia", Apia,General Cargo,Imports,4922,,,,
2020,12,"Samoa, Apia", Apia,Tanker,Imports,1094.8,,,,
2020,12,"Solomon Islands, Honiara", Honiara,Container,Exports,2168.7,,,,
2020,12,"Solomon Islands, Honiara", Honiara,Container,Imports,8094.9,,,,
2020,12,"Solomon Islands, Honiara", Honiara,General Cargo,Exports,724.5,,,,
2020,12,"Solomon Islands, Honiara", Honiara,General Cargo,Imports,2007.6,,,,
2020,12,"Solomon Islands, Honiara", Honiara,Tanker,Imports,16106,,,,
2020,12,"Solomon Islands, Mbulo", Mbulo,Bulk Carrier,Exports,21056,,,,
2020,12,"Solomon Islands, Mbulo", Mbulo,General Cargo,Exports,181.1,,,,
2020,12,"Solomon Islands, Ndora", Ndora,Bulk Carrier,Exports,3580.7,,,,
2020,12,"Solomon Islands, Ndora", Ndora,General Cargo,Imports,596,,,,
2020,12,"Solomon Islands, Port Noro", Port Noro,Bulk Carrier,Exports,78001.2,,,,
2020,12,"Solomon Islands, Port Noro", Port Noro,Container,Exports,1313.2,,,,
2020,12,"Solomon Islands, Port Noro", Port Noro,General Cargo,Exports,3952,,,,
2020,12,"Solomon Islands, Port Noro", Port Noro,General Cargo,Imports,1406.5,,,,
2020,12,"Solomon Islands, Port Noro", Port Noro,Tanker,Imports,8.6,,,,
2020,12,"Solomon Islands, Rennell Island", Rennell Island,Bulk Carrier,Exports,8262.9,,,,
2020,12,"Solomon Islands, Ringgi Cove", Ringgi Cove,General Cargo,Exports,4669.8,,,,
2020,12,"Solomon Islands, Seghe", Seghe,Bulk Carrier,Exports,6336.4,,,,
2020,12,"Tonga, Neiafu", Neiafu,General Cargo,Exports,346.6,,,,
2020,12,"Tonga, Neiafu", Neiafu,General Cargo,Imports,167.9,,,,
2020,12,"Tonga, Neiafu", Neiafu,Tanker,Imports,1095.3,,,,
2020,12,"Tonga, Nuku Alofa", Nuku Alofa,Container,Imports,9301.3,,,,
2020,12,"Tonga, Nuku Alofa", Nuku Alofa,General Cargo,Exports,1694.9,,,,
2020,12,"Tonga, Nuku Alofa", Nuku Alofa,General Cargo,Imports,5241.7,,,,
2020,12,"Tonga, Nuku Alofa", Nuku Alofa,Tanker,Imports,2312.4,,,,
2020,12,"Tuvalu, Funafuti Atoll", Funafuti Atoll,Container,Imports,1226.5,,,,
2020,12,"Tuvalu, Funafuti Atoll", Funafuti Atoll,General Cargo,Exports,2249,,,,
2020,12,"Tuvalu, Funafuti Atoll", Funafuti Atoll,General Cargo,Imports,788.1,,,,
2020,12,"Tuvalu, Funafuti Atoll", Funafuti Atoll,Tanker,Exports,420.6,,,,
2020,12,"Vanuatu, Luganville", Luganville,Container,Imports,1642.3,,,,
2020,12,"Vanuatu, Luganville", Luganville,General Cargo,Imports,2992.1,,,,
2020,12,"Vanuatu, Port Vila", Port Vila,Container,Exports,432.4,,,,
2020,12,"Vanuatu, Port Vila", Port Vila,Container,Imports,2750,,,,
2020,12,"Vanuatu, Port Vila", Port Vila,General Cargo,Exports,2600.9,,,,
2020,12,"Vanuatu, Port Vila", Port Vila,General Cargo,Imports,2340.6,,,,
2020,12,"Vanuatu, Port Vila", Port Vila,Tanker,Imports,3928.7,,,,
2021,1,"Fiji, Lautoka Harbor", Lautoka Harbor,Bulk Carrier,Imports,4982.5,,,,
2021,1,"Fiji, Lautoka Harbor", Lautoka Harbor,Container,Exports,16459.4,,,,
2021,1,"Fiji, Lautoka Harbor", Lautoka Harbor,Container,Imports,6686.8,,,,
2021,1,"Fiji, Lautoka Harbor", Lautoka Harbor,General Cargo,Imports,1591.4,,,,
2021,1,"Fiji, Lautoka Harbor", Lautoka Harbor,Tanker,Exports,3554.5,,,,
2021,1,"Fiji, Lautoka Harbor", Lautoka Harbor,Tanker,Imports,11249.7,,,,
2021,1,"Fiji, Malai", Malai,Tanker,Exports,527.6,,,,
2021,1,"Fiji, Malai", Malai,Tanker,Imports,1577.2,,,,
2021,1,"Fiji, Suva Harbor", Suva Harbor,Bulk Carrier,Exports,1766.8,,,,
2021,1,"Fiji, Suva Harbor", Suva Harbor,Bulk Carrier,Imports,14483.5,,,,
2021,1,"Fiji, Suva Harbor", Suva Harbor,Container,Exports,2408.1,,,,
2021,1,"Fiji, Suva Harbor", Suva Harbor,Container,Imports,20471.5,,,,
2021,1,"Fiji, Suva Harbor", Suva Harbor,General Cargo,Exports,2489.1,,,,
2021,1,"Fiji, Suva Harbor", Suva Harbor,General Cargo,Imports,3435,,,,
2021,1,"Fiji, Suva Harbor", Suva Harbor,Tanker,Exports,1113.1,,,,
2021,1,"Fiji, Suva Harbor", Suva Harbor,Tanker,Imports,8915.4,,,,
2021,1,"Kiribati, Tarawa Atoll", Tarawa Atoll,Container,Imports,1548.5,,,,
2021,1,"Kiribati, Tarawa Atoll", Tarawa Atoll,General Cargo,Imports,1655.3,,,,
2021,1,"Kiribati, Tarawa Atoll", Tarawa Atoll,Tanker,Exports,3266,,,,
2021,1,"Marshall Islands, Ebeye", Ebeye,General Cargo,Imports,2073.8,,,,
2021,1,"Marshall Islands, Kwajalein", Kwajalein,General Cargo,Exports,575.2,,,,
2021,1,"Marshall Islands, Kwajalein", Kwajalein,General Cargo,Imports,1177.5,,,,
2021,1,"Marshall Islands, Kwajalein", Kwajalein,Tanker,Imports,52.8,,,,
2021,1,"Marshall Islands, Majuro Atoll", Majuro Atoll,Container,Exports,3862.9,,,,
2021,1,"Marshall Islands, Majuro Atoll", Majuro Atoll,Container,Imports,776.7,,,,
2021,1,"Marshall Islands, Majuro Atoll", Majuro Atoll,General Cargo,Exports,2228.8,,,,
2021,1,"Marshall Islands, Majuro Atoll", Majuro Atoll,General Cargo,Imports,2426.2,,,,
2021,1,"Marshall Islands, Majuro Atoll", Majuro Atoll,Tanker,Exports,27.3,,,,
2021,1,"Marshall Islands, Majuro Atoll", Majuro Atoll,Tanker,Imports,20558.4,,,,
2021,1,"Micronesia, Colonia", Colonia,Container,Imports,1002.8,,,,
2021,1,"Micronesia, Colonia", Colonia,General Cargo,Exports,417,,,,
2021,1,"Micronesia, Colonia", Colonia,Tanker,Imports,1245.5,,,,
2021,1,"Micronesia, Lele Harbor", Lele Harbor,Container,Exports,7514.3,,,,
2021,1,"Micronesia, Lele Harbor", Lele Harbor,General Cargo,Imports,1872.2,,,,
2021,1,"Micronesia, Lele Harbor", Lele Harbor,Tanker,Exports,209,,,,
2021,1,"Micronesia, Moen", Moen,General Cargo,Imports,2268.1,,,,
2021,1,"Micronesia, Moen", Moen,Tanker,Imports,834.7,,,,
2021,1,"Micronesia, Pornpei Harbor", Pornpei Harbor,Container,Exports,1289,,,,
2021,1,"Micronesia, Pornpei Harbor", Pornpei Harbor,Container,Imports,606.4,,,,
2021,1,"Micronesia, Pornpei Harbor", Pornpei Harbor,General Cargo,Exports,4737.5,,,,
2021,1,"Micronesia, Pornpei Harbor", Pornpei Harbor,General Cargo,Imports,1483.6,,,,
2021,1,"Micronesia, Pornpei Harbor", Pornpei Harbor,Tanker,Imports,1677.3,,,,
2021,1,"Nauru, Nauru", Nauru,Container,Imports,2388.3,,,,
2021,1,"Palau, Malakal Harbor", Malakal Harbor,Container,Exports,482.8,,,,
2021,1,"Palau, Malakal Harbor", Malakal Harbor,Container,Imports,4141.4,,,,
2021,1,"Palau, Malakal Harbor", Malakal Harbor,General Cargo,Imports,1688.7,,,,
2021,1,"Papua New Guinea, Alotoa", Alotoa,Bulk Carrier,Exports,16522.8,,,,
2021,1,"Papua New Guinea, Alotoa", Alotoa,Container,Exports,662.1,,,,
2021,1,"Papua New Guinea, Alotoa", Alotoa,Container,Imports,1503.2,,,,
2021,1,"Papua New Guinea, Alotoa", Alotoa,General Cargo,Exports,2139.8,,,,
2021,1,"Papua New Guinea, Alotoa", Alotoa,Tanker,Exports,180.5,,,,
2021,1,"Papua New Guinea, Buka", Buka,Container,Exports,511.8,,,,
2021,1,"Papua New Guinea, Buka", Buka,Container,Imports,377.8,,,,
2021,1,"Papua New Guinea, Buka", Buka,General Cargo,Exports,132.3,,,,
2021,1,"Papua New Guinea, Kavieng Harbor", Kavieng Harbor,Bulk Carrier,Exports,18157.3,,,,
2021,1,"Papua New Guinea, Kavieng Harbor", Kavieng Harbor,Container,Imports,2739.5,,,,
2021,1,"Papua New Guinea, Kavieng Harbor", Kavieng Harbor,General Cargo,Exports,2927.5,,,,
2021,1,"Papua New Guinea, Kavieng Harbor", Kavieng Harbor,Tanker,Imports,361.2,,,,
2021,1,"Papua New Guinea, Kieta", Kieta,Container,Exports,707.3,,,,
2021,1,"Papua New Guinea, Kieta", Kieta,Container,Imports,1125.4,,,,
2021,1,"Papua New Guinea, Kimbe", Kimbe,Bulk Carrier,Exports,21669.7,,,,
2021,1,"Papua New Guinea, Kimbe", Kimbe,Container,Exports,487.8,,,,
2021,1,"Papua New Guinea, Kimbe", Kimbe,Container,Imports,3623.5,,,,
2021,1,"Papua New Guinea, Kimbe", Kimbe,General Cargo,Exports,1772.9,,,,
2021,1,"Papua New Guinea, Kimbe", Kimbe,General Cargo,Imports,395.2,,,,
2021,1,"Papua New Guinea, Kimbe", Kimbe,Tanker,Exports,9953.7,,,,
2021,1,"Papua New Guinea, Kimbe", Kimbe,Tanker,Imports,1141.5,,,,
2021,1,"Papua New Guinea, Lae", Lae,Bulk Carrier,Imports,13313.2,,,,
2021,1,"Papua New Guinea, Lae", Lae,Container,Exports,18432,,,,
2021,1,"Papua New Guinea, Lae", Lae,Container,Imports,44160,,,,
2021,1,"Papua New Guinea, Lae", Lae,General Cargo,Exports,8500,,,,
2021,1,"Papua New Guinea, Lae", Lae,General Cargo,Imports,11467.5,,,,
2021,1,"Papua New Guinea, Lae", Lae,Tanker,Exports,1411.1,,,,
2021,1,"Papua New Guinea, Lae", Lae,Tanker,Imports,5155.4,,,,
2021,1,"Papua New Guinea, Madang", Madang,Bulk Carrier,Exports,18211,,,,
2021,1,"Papua New Guinea, Madang", Madang,Bulk Carrier,Imports,5070.5,,,,
2021,1,"Papua New Guinea, Madang", Madang,Container,Exports,777,,,,
2021,1,"Papua New Guinea, Madang", Madang,Container,Imports,4499.9,,,,
2021,1,"Papua New Guinea, Madang", Madang,General Cargo,Exports,4446,,,,
2021,1,"Papua New Guinea, Madang", Madang,General Cargo,Imports,6111,,,,
2021,1,"Papua New Guinea, Madang", Madang,Tanker,Imports,2347.8,,,,
2021,1,"Papua New Guinea, Oro Bay", Oro Bay,Container,Exports,100.7,,,,
2021,1,"Papua New Guinea, Oro Bay", Oro Bay,Container,Imports,707.3,,,,
2021,1,"Papua New Guinea, Oro Bay", Oro Bay,General Cargo,Exports,839.5,,,,
2021,1,"Papua New Guinea, Oro Bay", Oro Bay,Tanker,Exports,8794,,,,
2021,1,"Papua New Guinea, Port Moresby", Port Moresby,Bulk Carrier,Exports,5567.6,,,,
2021,1,"Papua New Guinea, Port Moresby", Port Moresby,Bulk Carrier,Imports,928.4,,,,
2021,1,"Papua New Guinea, Port Moresby", Port Moresby,Container,Exports,3163.7,,,,
2021,1,"Papua New Guinea, Port Moresby", Port Moresby,Container,Imports,56708.3,,,,
2021,1,"Papua New Guinea, Port Moresby", Port Moresby,General Cargo,Exports,1970.7,,,,
2021,1,"Papua New Guinea, Port Moresby", Port Moresby,General Cargo,Imports,8682.3,,,,
2021,1,"Papua New Guinea, Port Moresby", Port Moresby,Tanker,Exports,265916.6,,,,
2021,1,"Papua New Guinea, Port Moresby", Port Moresby,Tanker,Imports,28281.4,,,,
2021,1,"Papua New Guinea, Put Put", Put Put,Container,Imports,11977.1,,,,
2021,1,"Papua New Guinea, Put Put", Put Put,Tanker,Imports,9480.4,,,,
2021,1,"Papua New Guinea, Rabaul", Rabaul,Bulk Carrier,Exports,17216.2,,,,
2021,1,"Papua New Guinea, Rabaul", Rabaul,Container,Exports,485.4,,,,
2021,1,"Papua New Guinea, Rabaul", Rabaul,Container,Imports,6615.3,,,,
2021,1,"Papua New Guinea, Rabaul", Rabaul,General Cargo,Exports,41580.5,,,,
2021,1,"Papua New Guinea, Rabaul", Rabaul,Tanker,Exports,6116,,,,
2021,1,"Papua New Guinea, Rabaul", Rabaul,Tanker,Imports,8173.2,,,,
2021,1,"Papua New Guinea, Vanimo", Vanimo,Bulk Carrier,Exports,21716,,,,
2021,1,"Papua New Guinea, Vanimo", Vanimo,General Cargo,Exports,4619.6,,,,
2021,1,"Papua New Guinea, Vanimo", Vanimo,General Cargo,Imports,1041.3,,,,
2021,1,"Papua New Guinea, Wewak Harbor", Wewak Harbor,Bulk Carrier,Exports,19220.4,,,,
2021,1,"Papua New Guinea, Wewak Harbor", Wewak Harbor,Container,Imports,523.6,,,,
2021,1,"Papua New Guinea, Wewak Harbor", Wewak Harbor,General Cargo,Exports,2239.5,,,,
2021,1,"Papua New Guinea, Wewak Harbor", Wewak Harbor,General Cargo,Imports,2956.2,,,,
2021,1,"Papua New Guinea, Wewak Harbor", Wewak Harbor,Tanker,Imports,362.9,,,,
2021,1,"Samoa, Apia", Apia,Container,Imports,10761.5,,,,
2021,1,"Samoa, Apia", Apia,General Cargo,Exports,82.4,,,,
2021,1,"Samoa, Apia", Apia,General Cargo,Imports,1218.2,,,,
2021,1,"Samoa, Apia", Apia,Tanker,Exports,544.7,,,,
2021,1,"Samoa, Apia", Apia,Tanker,Imports,510.3,,,,
2021,1,"Solomon Islands, Honiara", Honiara,Bulk Carrier,Imports,5770.7,,,,
2021,1,"Solomon Islands, Honiara", Honiara,Container,Exports,1217.2,,,,
2021,1,"Solomon Islands, Honiara", Honiara,Container,Imports,11164.8,,,,
2021,1,"Solomon Islands, Honiara", Honiara,General Cargo,Imports,1611.5,,,,
2021,1,"Solomon Islands, Honiara", Honiara,Tanker,Imports,8548.9,,,,
2021,1,"Solomon Islands, Mbulo", Mbulo,Container,Imports,300,,,,
2021,1,"Solomon Islands, Port Noro", Port Noro,Bulk Carrier,Exports,100005.6,,,,
2021,1,"Solomon Islands, Port Noro", Port Noro,Container,Exports,1831,,,,
2021,1,"Solomon Islands, Port Noro", Port Noro,General Cargo,Exports,9996.4,,,,
2021,1,"Solomon Islands, Port Noro", Port Noro,Tanker,Exports,62.4,,,,
2021,1,"Tonga, Neiafu", Neiafu,General Cargo,Exports,520,,,,
2021,1,"Tonga, Neiafu", Neiafu,Tanker,Exports,551.1,,,,
2021,1,"Tonga, Neiafu", Neiafu,Tanker,Imports,138.2,,,,
2021,1,"Tonga, Nuku Alofa", Nuku Alofa,Container,Imports,12315.1,,,,
2021,1,"Tonga, Nuku Alofa", Nuku Alofa,General Cargo,Exports,987.4,,,,
2021,1,"Tonga, Nuku Alofa", Nuku Alofa,General Cargo,Imports,5246.1,,,,
2021,1,"Tonga, Nuku Alofa", Nuku Alofa,Tanker,Imports,2245.1,,,,
2021,1,"Tuvalu, Funafuti Atoll", Funafuti Atoll,General Cargo,Exports,5608.8,,,,
2021,1,"Tuvalu, Funafuti Atoll", Funafuti Atoll,Tanker,Imports,554.5,,,,
2021,1,"Vanuatu, Luganville", Luganville,Container,Imports,2411.2,,,,
2021,1,"Vanuatu, Luganville", Luganville,General Cargo,Imports,1945.1,,,,
2021,1,"Vanuatu, Luganville", Luganville,Tanker,Imports,3003.2,,,,
2021,1,"Vanuatu, Port Vila", Port Vila,Container,Exports,216.8,,,,
2021,1,"Vanuatu, Port Vila", Port Vila,Container,Imports,4054.9,,,,
2021,1,"Vanuatu, Port Vila", Port Vila,General Cargo,Imports,1303.4,,,,
2021,1,"Vanuatu, Port Vila", Port Vila,Tanker,Imports,1406.1,,,,
2021,2,"Fiji, Lautoka Harbor", Lautoka Harbor,Bulk Carrier,Exports,29511.4,,,,
2021,2,"Fiji, Lautoka Harbor", Lautoka Harbor,Container,Exports,21231.6,,,,
2021,2,"Fiji, Lautoka Harbor", Lautoka Harbor,Container,Imports,4962.3,,,,
2021,2,"Fiji, Lautoka Harbor", Lautoka Harbor,General Cargo,Exports,2015.9,,,,
2021,2,"Fiji, Lautoka Harbor", Lautoka Harbor,General Cargo,Imports,1082.6,,,,
2021,2,"Fiji, Lautoka Harbor", Lautoka Harbor,Tanker,Exports,6901.8,,,,
2021,2,"Fiji, Lautoka Harbor", Lautoka Harbor,Tanker,Imports,27448.4,,,,
2021,2,"Fiji, Malai", Malai,Tanker,Exports,3216.8,,,,
2021,2,"Fiji, Malai", Malai,Tanker,Imports,274.1,,,,
2021,2,"Fiji, Suva Harbor", Suva Harbor,Bulk Carrier,Imports,15659.8,,,,
2021,2,"Fiji, Suva Harbor", Suva Harbor,Container,Exports,4414.1,,,,
2021,2,"Fiji, Suva Harbor", Suva Harbor,Container,Imports,20573.8,,,,
2021,2,"Fiji, Suva Harbor", Suva Harbor,General Cargo,Exports,2702.2,,,,
2021,2,"Fiji, Suva Harbor", Suva Harbor,General Cargo,Imports,1336.7,,,,
2021,2,"Fiji, Suva Harbor", Suva Harbor,Tanker,Exports,2978.2,,,,
2021,2,"Fiji, Suva Harbor", Suva Harbor,Tanker,Imports,10297.3,,,,
2021,2,"Kiribati, Kiribati", Kiribati,Container,Imports,1547.4,,,,
2021,2,"Kiribati, Kiribati", Kiribati,Tanker,Imports,140.6,,,,
2021,2,"Kiribati, Tarawa Atoll", Tarawa Atoll,Container,Exports,398.1,,,,
2021,2,"Kiribati, Tarawa Atoll", Tarawa Atoll,Container,Imports,3863.3,,,,
2021,2,"Kiribati, Tarawa Atoll", Tarawa Atoll,Tanker,Exports,845.8,,,,
2021,2,"Marshall Islands, Ebeye", Ebeye,General Cargo,Imports,1189.9,,,,
2021,2,"Marshall Islands, Kwajalein", Kwajalein,General Cargo,Imports,411.2,,,,
2021,2,"Marshall Islands, Kwajalein", Kwajalein,Tanker,Imports,2926.1,,,,
2021,2,"Marshall Islands, Majuro Atoll", Majuro Atoll,Container,Imports,2936.9,,,,
2021,2,"Marshall Islands, Majuro Atoll", Majuro Atoll,General Cargo,Exports,2111.9,,,,
2021,2,"Marshall Islands, Majuro Atoll", Majuro Atoll,General Cargo,Imports,896.3,,,,
2021,2,"Micronesia, Colonia", Colonia,Container,Imports,1004.4,,,,
2021,2,"Micronesia, Colonia", Colonia,Tanker,Imports,208.4,,,,
2021,2,"Micronesia, Lele Harbor", Lele Harbor,Container,Exports,593,,,,
2021,2,"Micronesia, Lele Harbor", Lele Harbor,Container,Imports,1774.9,,,,
2021,2,"Micronesia, Lele Harbor", Lele Harbor,General Cargo,Imports,1260.7,,,,
2021,2,"Micronesia, Moen", Moen,General Cargo,Exports,1579.2,,,,
2021,2,"Micronesia, Moen", Moen,General Cargo,Imports,1774.4,,,,
2021,2,"Micronesia, Pornpei Harbor", Pornpei Harbor,Container,Exports,893.6,,,,
2021,2,"Micronesia, Pornpei Harbor", Pornpei Harbor,General Cargo,Imports,2026.2,,,,
2021,2,"Micronesia, Pornpei Harbor", Pornpei Harbor,Tanker,Imports,1052.4,,,,
2021,2,"Nauru, Nauru", Nauru,Container,Imports,1766.5,,,,
2021,2,"Palau, Malakal Harbor", Malakal Harbor,Container,Imports,2405.4,,,,
2021,2,"Palau, Malakal Harbor", Malakal Harbor,General Cargo,Exports,1296.8,,,,
2021,2,"Palau, Malakal Harbor", Malakal Harbor,Tanker,Imports,1674.2,,,,
2021,2,"Papua New Guinea, Alotoa", Alotoa,Bulk Carrier,Exports,23133,,,,
2021,2,"Papua New Guinea, Alotoa", Alotoa,Bulk Carrier,Imports,2694.7,,,,
2021,2,"Papua New Guinea, Alotoa", Alotoa,Container,Imports,1269.4,,,,
2021,2,"Papua New Guinea, Alotoa", Alotoa,General Cargo,Exports,32.9,,,,
2021,2,"Papua New Guinea, Alotoa", Alotoa,Tanker,Exports,6057,,,,
2021,2,"Papua New Guinea, Alotoa", Alotoa,Tanker,Imports,510.1,,,,
2021,2,"Papua New Guinea, Buka", Buka,Container,Exports,100.7,,,,
2021,2,"Papua New Guinea, Buka", Buka,Container,Imports,327.4,,,,
2021,2,"Papua New Guinea, Buka", Buka,General Cargo,Exports,351,,,,
2021,2,"Papua New Guinea, Daru", Daru,Bulk Carrier,Imports,205.7,,,,
2021,2,"Papua New Guinea, Kavieng Harbor", Kavieng Harbor,Bulk Carrier,Exports,34327,,,,
2021,2,"Papua New Guinea, Kavieng Harbor", Kavieng Harbor,Container,Imports,3210.9,,,,
2021,2,"Papua New Guinea, Kavieng Harbor", Kavieng Harbor,General Cargo,Exports,448.6,,,,
2021,2,"Papua New Guinea, Kavieng Harbor", Kavieng Harbor,Tanker,Exports,5352.1,,,,
2021,2,"Papua New Guinea, Kieta", Kieta,Container,Exports,568.9,,,,
2021,2,"Papua New Guinea, Kieta", Kieta,Container,Imports,532.2,,,,
2021,2,"Papua New Guinea, Kimbe", Kimbe,Bulk Carrier,Exports,32221.1,,,,
2021,2,"Papua New Guinea, Kimbe", Kimbe,Container,Exports,1956,,,,
2021,2,"Papua New Guinea, Kimbe", Kimbe,Container,Imports,3496,,,,
2021,2,"Papua New Guinea, Kimbe", Kimbe,General Cargo,Exports,4038.1,,,,
2021,2,"Papua New Guinea, Kimbe", Kimbe,Tanker,Exports,14237.3,,,,
2021,2,"Papua New Guinea, Lae", Lae,Bulk Carrier,Exports,8270.2,,,,
2021,2,"Papua New Guinea, Lae", Lae,Bulk Carrier,Imports,13640.9,,,,
2021,2,"Papua New Guinea, Lae", Lae,Container,Exports,24555.1,,,,
2021,2,"Papua New Guinea, Lae", Lae,Container,Imports,39494.7,,,,
2021,2,"Papua New Guinea, Lae", Lae,General Cargo,Exports,8731.3,,,,
2021,2,"Papua New Guinea, Lae", Lae,General Cargo,Imports,4453.4,,,,
2021,2,"Papua New Guinea, Lae", Lae,Tanker,Exports,9993,,,,
2021,2,"Papua New Guinea, Lae", Lae,Tanker,Imports,15838.3,,,,
2021,2,"Papua New Guinea, Madang", Madang,Bulk Carrier,Exports,16732.5,,,,
2021,2,"Papua New Guinea, Madang", Madang,Container,Exports,1355.8,,,,
2021,2,"Papua New Guinea, Madang", Madang,Container,Imports,3409,,,,
2021,2,"Papua New Guinea, Madang", Madang,General Cargo,Exports,5016.7,,,,
2021,2,"Papua New Guinea, Madang", Madang,Tanker,Imports,2014,,,,
2021,2,"Papua New Guinea, Oro Bay", Oro Bay,Bulk Carrier,Exports,5690,,,,
2021,2,"Papua New Guinea, Oro Bay", Oro Bay,Container,Imports,1655.8,,,,
2021,2,"Papua New Guinea, Oro Bay", Oro Bay,General Cargo,Exports,232.6,,,,
2021,2,"Papua New Guinea, Oro Bay", Oro Bay,Tanker,Exports,6464.8,,,,
2021,2,"Papua New Guinea, Port Moresby", Port Moresby,Bulk Carrier,Exports,11946.5,,,,
2021,2,"Papua New Guinea, Port Moresby", Port Moresby,Bulk Carrier,Imports,4365.6,,,,
2021,2,"Papua New Guinea, Port Moresby", Port Moresby,Container,Exports,94123.2,,,,
2021,2,"Papua New Guinea, Port Moresby", Port Moresby,Container,Imports,18127.1,,,,
2021,2,"Papua New Guinea, Port Moresby", Port Moresby,General Cargo,Exports,10441.3,,,,
2021,2,"Papua New Guinea, Port Moresby", Port Moresby,General Cargo,Imports,10219.9,,,,
2021,2,"Papua New Guinea, Port Moresby", Port Moresby,Tanker,Exports,197499.8,,,,
2021,2,"Papua New Guinea, Port Moresby", Port Moresby,Tanker,Imports,35375.5,,,,
2021,2,"Papua New Guinea, Put Put", Put Put,Container,Exports,306.3,,,,
2021,2,"Papua New Guinea, Put Put", Put Put,Container,Imports,9784.9,,,,
2021,2,"Papua New Guinea, Put Put", Put Put,General Cargo,Imports,816.1,,,,
2021,2,"Papua New Guinea, Put Put", Put Put,Tanker,Imports,10626.4,,,,
2021,2,"Papua New Guinea, Rabaul", Rabaul,Bulk Carrier,Exports,43413.3,,,,
2021,2,"Papua New Guinea, Rabaul", Rabaul,Container,Exports,811.2,,,,
2021,2,"Papua New Guinea, Rabaul", Rabaul,Container,Imports,7398,,,,
2021,2,"Papua New Guinea, Rabaul", Rabaul,General Cargo,Exports,20717.5,,,,
2021,2,"Papua New Guinea, Rabaul", Rabaul,General Cargo,Imports,2117.1,,,,
2021,2,"Papua New Guinea, Rabaul", Rabaul,Tanker,Exports,1784.4,,,,
2021,2,"Papua New Guinea, Rabaul", Rabaul,Tanker,Imports,6780.1,,,,
2021,2,"Papua New Guinea, Vanimo", Vanimo,Bulk Carrier,Exports,12320.5,,,,
2021,2,"Papua New Guinea, Vanimo", Vanimo,General Cargo,Exports,4048.5,,,,
2021,2,"Papua New Guinea, Vanimo", Vanimo,General Cargo,Imports,1154.1,,,,
2021,2,"Papua New Guinea, Wewak Harbor", Wewak Harbor,Bulk Carrier,Exports,25363,,,,
2021,2,"Papua New Guinea, Wewak Harbor", Wewak Harbor,Container,Imports,261.6,,,,
2021,2,"Papua New Guinea, Wewak Harbor", Wewak Harbor,General Cargo,Exports,4578.2,,,,
2021,2,"Papua New Guinea, Wewak Harbor", Wewak Harbor,General Cargo,Imports,2074,,,,
2021,2,"Papua New Guinea, Wewak Harbor", Wewak Harbor,Tanker,Exports,6953.1,,,,
2021,2,"Papua New Guinea, Wewak Harbor", Wewak Harbor,Tanker,Imports,906.8,,,,
2021,2,"Samoa, Apia", Apia,Container,Imports,15287.1,,,,
2021,2,"Samoa, Apia", Apia,General Cargo,Exports,27.6,,,,
2021,2,"Samoa, Apia", Apia,General Cargo,Imports,269.2,,,,
2021,2,"Samoa, Apia", Apia,Tanker,Imports,412.6,,,,
2021,2,"Solomon Islands, Honiara", Honiara,Bulk Carrier,Exports,18038.5,,,,
2021,2,"Solomon Islands, Honiara", Honiara,Container,Exports,1667.1,,,,
2021,2,"Solomon Islands, Honiara", Honiara,Container,Imports,7657,,,,
2021,2,"Solomon Islands, Honiara", Honiara,General Cargo,Imports,956.4,,,,
2021,2,"Solomon Islands, Honiara", Honiara,Tanker,Exports,266.3,,,,
2021,2,"Solomon Islands, Honiara", Honiara,Tanker,Imports,12039.3,,,,
2021,2,"Solomon Islands, Mbulo", Mbulo,Bulk Carrier,Imports,378.4,,,,
2021,2,"Solomon Islands, Ndora", Ndora,Bulk Carrier,Exports,10422,,,,
2021,2,"Solomon Islands, Port Noro", Port Noro,Bulk Carrier,Exports,37753,,,,
2021,2,"Solomon Islands, Port Noro", Port Noro,Bulk Carrier,Imports,15605.2,,,,
2021,2,"Solomon Islands, Port Noro", Port Noro,Container,Exports,520.3,,,,
2021,2,"Solomon Islands, Port Noro", Port Noro,Container,Imports,2119.3,,,,
2021,2,"Solomon Islands, Port Noro", Port Noro,General Cargo,Exports,4432.2,,,,
2021,2,"Solomon Islands, Rennell Island", Rennell Island,Bulk Carrier,Exports,7552.4,,,,
2021,2,"Tonga, Neiafu", Neiafu,General Cargo,Exports,335.7,,,,
2021,2,"Tonga, Neiafu", Neiafu,Tanker,Imports,258.1,,,,
2021,2,"Tonga, Nuku Alofa", Nuku Alofa,Container,Imports,7226.7,,,,
2021,2,"Tonga, Nuku Alofa", Nuku Alofa,General Cargo,Exports,173.3,,,,
2021,2,"Tonga, Nuku Alofa", Nuku Alofa,General Cargo,Imports,1283.5,,,,
2021,2,"Tonga, Nuku Alofa", Nuku Alofa,Tanker,Imports,1652.3,,,,
2021,2,"Tuvalu, Funafuti Atoll", Funafuti Atoll,General Cargo,Exports,628.2,,,,
2021,2,"Vanuatu, Luganville", Luganville,Container,Exports,767.3,,,,
2021,2,"Vanuatu, Luganville", Luganville,General Cargo,Imports,1567.5,,,,
2021,2,"Vanuatu, Port Vila", Port Vila,Container,Exports,2013.4,,,,
2021,2,"Vanuatu, Port Vila", Port Vila,General Cargo,Exports,684.7,,,,
2021,2,"Vanuatu, Port Vila", Port Vila,Tanker,Imports,768.7,,,,
2021,3,"Fiji, Lautoka Harbor", Lautoka Harbor,Bulk Carrier,Exports,12932.4,,,,
2021,3,"Fiji, Lautoka Harbor", Lautoka Harbor,Bulk Carrier,Imports,11901.9,,,,
2021,3,"Fiji, Lautoka Harbor", Lautoka Harbor,Container,Exports,6402.7,,,,
2021,3,"Fiji, Lautoka Harbor", Lautoka Harbor,Container,Imports,10051.7,,,,
2021,3,"Fiji, Lautoka Harbor", Lautoka Harbor,General Cargo,Imports,3318.4,,,,
2021,3,"Fiji, Lautoka Harbor", Lautoka Harbor,Tanker,Exports,3577.1,,,,
2021,3,"Fiji, Lautoka Harbor", Lautoka Harbor,Tanker,Imports,22848,,,,
2021,3,"Fiji, Malai", Malai,Tanker,Exports,242.4,,,,
2021,3,"Fiji, Malai", Malai,Tanker,Imports,471.3,,,,
2021,3,"Fiji, Nabouwalu Jetty", Nabouwalu Jetty,Bulk Carrier,Exports,4560,,,,
2021,3,"Fiji, Suva Harbor", Suva Harbor,Container,Exports,7452.2,,,,
2021,3,"Fiji, Suva Harbor", Suva Harbor,Container,Imports,14139.8,,,,
2021,3,"Fiji, Suva Harbor", Suva Harbor,General Cargo,Exports,1332.1,,,,
2021,3,"Fiji, Suva Harbor", Suva Harbor,General Cargo,Imports,8343.4,,,,
2021,3,"Fiji, Suva Harbor", Suva Harbor,Tanker,Exports,1045.2,,,,
2021,3,"Fiji, Suva Harbor", Suva Harbor,Tanker,Imports,13300.8,,,,
2021,3,"Kiribati, Kiribati", Kiribati,Tanker,Exports,1505.4,,,,
2021,3,"Kiribati, Tarawa Atoll", Tarawa Atoll,Container,Imports,1932.5,,,,
2021,3,"Kiribati, Tarawa Atoll", Tarawa Atoll,General Cargo,Imports,1800.9,,,,
2021,3,"Marshall Islands, Ebeye", Ebeye,General Cargo,Exports,85.6,,,,
2021,3,"Marshall Islands, Ebeye", Ebeye,General Cargo,Imports,2308.9,,,,
2021,3,"Marshall Islands, Kwajalein", Kwajalein,General Cargo,Imports,2477.4,,,,
2021,3,"Marshall Islands, Kwajalein", Kwajalein,Tanker,Exports,159.6,,,,
2021,3,"Marshall Islands, Majuro Atoll", Majuro Atoll,Container,Exports,309.1,,,,
2021,3,"Marshall Islands, Majuro Atoll", Majuro Atoll,Container,Imports,1553,,,,
2021,3,"Marshall Islands, Majuro Atoll", Majuro Atoll,General Cargo,Exports,2949.1,,,,
2021,3,"Marshall Islands, Majuro Atoll", Majuro Atoll,General Cargo,Imports,1885.7,,,,
2021,3,"Marshall Islands, Majuro Atoll", Majuro Atoll,Tanker,Exports,209,,,,
2021,3,"Marshall Islands, Majuro Atoll", Majuro Atoll,Tanker,Imports,20075.6,,,,
2021,3,"Micronesia, Colonia", Colonia,Container,Imports,1234.1,,,,
2021,3,"Micronesia, Colonia", Colonia,General Cargo,Imports,1518.8,,,,
2021,3,"Micronesia, Colonia", Colonia,Tanker,Imports,834.7,,,,
2021,3,"Micronesia, Lele Harbor", Lele Harbor,Container,Exports,1486.7,,,,
2021,3,"Micronesia, Lele Harbor", Lele Harbor,Container,Imports,891.9,,,,
2021,3,"Micronesia, Lele Harbor", Lele Harbor,General Cargo,Imports,1017.7,,,,
2021,3,"Micronesia, Moen", Moen,General Cargo,Exports,3158.3,,,,
2021,3,"Micronesia, Moen", Moen,General Cargo,Imports,256.7,,,,
2021,3,"Micronesia, Moen", Moen,Tanker,Imports,834.7,,,,
2021,3,"Micronesia, Pornpei Harbor", Pornpei Harbor,Container,Exports,891.9,,,,
2021,3,"Micronesia, Pornpei Harbor", Pornpei Harbor,Container,Imports,1782.3,,,,
2021,3,"Micronesia, Pornpei Harbor", Pornpei Harbor,General Cargo,Imports,2044,,,,
2021,3,"Micronesia, Pornpei Harbor", Pornpei Harbor,Tanker,Imports,1052.4,,,,
2021,3,"Nauru, Nauru", Nauru,Bulk Carrier,Exports,67213.3,,,,
2021,3,"Nauru, Nauru", Nauru,Container,Imports,3643.7,,,,
2021,3,"Palau, Malakal Harbor", Malakal Harbor,Container,Exports,238.2,,,,
2021,3,"Palau, Malakal Harbor", Malakal Harbor,Container,Imports,1205.6,,,,
2021,3,"Palau, Malakal Harbor", Malakal Harbor,General Cargo,Exports,1510.8,,,,
2021,3,"Palau, Malakal Harbor", Malakal Harbor,Tanker,Imports,4045.2,,,,
2021,3,"Papua New Guinea, Alotoa", Alotoa,Container,Exports,924.4,,,,
2021,3,"Papua New Guinea, Alotoa", Alotoa,Container,Imports,1506.3,,,,
2021,3,"Papua New Guinea, Alotoa", Alotoa,General Cargo,Exports,229.4,,,,
2021,3,"Papua New Guinea, Alotoa", Alotoa,General Cargo,Imports,196.5,,,,
2021,3,"Papua New Guinea, Alotoa", Alotoa,Tanker,Exports,1959.3,,,,
2021,3,"Papua New Guinea, Alotoa", Alotoa,Tanker,Imports,543.5,,,,
2021,3,"Papua New Guinea, Buka", Buka,Container,Imports,946.1,,,,
2021,3,"Papua New Guinea, Daru", Daru,Bulk Carrier,Exports,21454.8,,,,
2021,3,"Papua New Guinea, Daru", Daru,General Cargo,Imports,163.4,,,,
2021,3,"Papua New Guinea, Kavieng Harbor", Kavieng Harbor,Bulk Carrier,Exports,12420.5,,,,
2021,3,"Papua New Guinea, Kavieng Harbor", Kavieng Harbor,Container,Imports,1257,,,,
2021,3,"Papua New Guinea, Kavieng Harbor", Kavieng Harbor,Tanker,Exports,180.9,,,,
2021,3,"Papua New Guinea, Kieta", Kieta,Container,Imports,2266.6,,,,
2021,3,"Papua New Guinea, Kimbe", Kimbe,Bulk Carrier,Exports,20175.5,,,,
2021,3,"Papua New Guinea, Kimbe", Kimbe,Container,Exports,1574.4,,,,
2021,3,"Papua New Guinea, Kimbe", Kimbe,Container,Imports,915.9,,,,
2021,3,"Papua New Guinea, Kimbe", Kimbe,General Cargo,Exports,3860.3,,,,
2021,3,"Papua New Guinea, Kimbe", Kimbe,Tanker,Exports,23366.3,,,,
2021,3,"Papua New Guinea, Lae", Lae,Bulk Carrier,Imports,6084.1,,,,
2021,3,"Papua New Guinea, Lae", Lae,Container,Exports,11233.5,,,,
2021,3,"Papua New Guinea, Lae", Lae,Container,Imports,56576,,,,
2021,3,"Papua New Guinea, Lae", Lae,General Cargo,Exports,10485.1,,,,
2021,3,"Papua New Guinea, Lae", Lae,General Cargo,Imports,2116.6,,,,
2021,3,"Papua New Guinea, Lae", Lae,Tanker,Exports,1504.4,,,,
2021,3,"Papua New Guinea, Lae", Lae,Tanker,Imports,15965.7,,,,
2021,3,"Papua New Guinea, Madang", Madang,Bulk Carrier,Exports,18444.7,,,,
2021,3,"Papua New Guinea, Madang", Madang,Bulk Carrier,Imports,381.7,,,,
2021,3,"Papua New Guinea, Madang", Madang,Container,Exports,3760.9,,,,
2021,3,"Papua New Guinea, Madang", Madang,Container,Imports,2211.8,,,,
2021,3,"Papua New Guinea, Madang", Madang,General Cargo,Exports,10660.5,,,,
2021,3,"Papua New Guinea, Madang", Madang,General Cargo,Imports,890.6,,,,
2021,3,"Papua New Guinea, Madang", Madang,Tanker,Imports,204.6,,,,
2021,3,"Papua New Guinea, Oro Bay", Oro Bay,Bulk Carrier,Exports,8305.8,,,,
2021,3,"Papua New Guinea, Oro Bay", Oro Bay,Container,Exports,1389.1,,,,
2021,3,"Papua New Guinea, Oro Bay", Oro Bay,Container,Imports,1132.6,,,,
2021,3,"Papua New Guinea, Oro Bay", Oro Bay,General Cargo,Exports,1099.5,,,,
2021,3,"Papua New Guinea, Oro Bay", Oro Bay,Tanker,Exports,3410.6,,,,
2021,3,"Papua New Guinea, Port Moresby", Port Moresby,Bulk Carrier,Exports,13067.6,,,,
2021,3,"Papua New Guinea, Port Moresby", Port Moresby,Bulk Carrier,Imports,910.6,,,,
2021,3,"Papua New Guinea, Port Moresby", Port Moresby,Container,Exports,1133.9,,,,
2021,3,"Papua New Guinea, Port Moresby", Port Moresby,Container,Imports,19331,,,,
2021,3,"Papua New Guinea, Port Moresby", Port Moresby,General Cargo,Exports,11437,,,,
2021,3,"Papua New Guinea, Port Moresby", Port Moresby,General Cargo,Imports,10481,,,,
2021,3,"Papua New Guinea, Port Moresby", Port Moresby,Tanker,Exports,156437.2,,,,
2021,3,"Papua New Guinea, Port Moresby", Port Moresby,Tanker,Imports,181974.1,,,,
2021,3,"Papua New Guinea, Put Put", Put Put,Container,Exports,496.8,,,,
2021,3,"Papua New Guinea, Put Put", Put Put,Container,Imports,10816.9,,,,
2021,3,"Papua New Guinea, Put Put", Put Put,General Cargo,Imports,879.3,,,,
2021,3,"Papua New Guinea, Put Put", Put Put,Tanker,Imports,11970.6,,,,
2021,3,"Papua New Guinea, Rabaul", Rabaul,Bulk Carrier,Exports,34113.7,,,,
2021,3,"Papua New Guinea, Rabaul", Rabaul,Bulk Carrier,Imports,1534.7,,,,
2021,3,"Papua New Guinea, Rabaul", Rabaul,Container,Exports,3668,,,,
2021,3,"Papua New Guinea, Rabaul", Rabaul,Container,Imports,1758.2,,,,
2021,3,"Papua New Guinea, Rabaul", Rabaul,General Cargo,Exports,19719,,,,
2021,3,"Papua New Guinea, Rabaul", Rabaul,General Cargo,Imports,8151.7,,,,
2021,3,"Papua New Guinea, Rabaul", Rabaul,Tanker,Exports,728.5,,,,
2021,3,"Papua New Guinea, Rabaul", Rabaul,Tanker,Imports,5937.9,,,,
2021,3,"Papua New Guinea, Vanimo", Vanimo,Bulk Carrier,Exports,10230.3,,,,
2021,3,"Papua New Guinea, Vanimo", Vanimo,General Cargo,Exports,8330.6,,,,
2021,3,"Papua New Guinea, Vanimo", Vanimo,General Cargo,Imports,596,,,,
2021,3,"Papua New Guinea, Vanimo", Vanimo,Tanker,Exports,1093.5,,,,
2021,3,"Papua New Guinea, Wewak Harbor", Wewak Harbor,Bulk Carrier,Exports,22758.2,,,,
2021,3,"Papua New Guinea, Wewak Harbor", Wewak Harbor,General Cargo,Exports,5550.4,,,,
2021,3,"Papua New Guinea, Wewak Harbor", Wewak Harbor,General Cargo,Imports,1008.9,,,,
2021,3,"Papua New Guinea, Wewak Harbor", Wewak Harbor,Tanker,Exports,1993,,,,
2021,3,"Samoa, Apia", Apia,Container,Exports,1127,,,,
2021,3,"Samoa, Apia", Apia,Container,Imports,6167.2,,,,
2021,3,"Samoa, Apia", Apia,General Cargo,Exports,13.8,,,,
2021,3,"Samoa, Apia", Apia,General Cargo,Imports,5826,,,,
2021,3,"Samoa, Apia", Apia,Tanker,Imports,5715.8,,,,
2021,3,"Solomon Islands, Honiara", Honiara,Container,Exports,549.4,,,,
2021,3,"Solomon Islands, Honiara", Honiara,Container,Imports,7908.9,,,,
2021,3,"Solomon Islands, Honiara", Honiara,General Cargo,Exports,634.7,,,,
2021,3,"Solomon Islands, Honiara", Honiara,General Cargo,Imports,2297.8,,,,
2021,3,"Solomon Islands, Honiara", Honiara,Tanker,Exports,3907.4,,,,
2021,3,"Solomon Islands, Honiara", Honiara,Tanker,Imports,12344.3,,,,
2021,3,"Solomon Islands, Mbulo", Mbulo,Bulk Carrier,Exports,10866,,,,
2021,3,"Solomon Islands, Ndora", Ndora,Bulk Carrier,Imports,13255.1,,,,
2021,3,"Solomon Islands, Port Noro", Port Noro,Bulk Carrier,Exports,74330.4,,,,
2021,3,"Solomon Islands, Port Noro", Port Noro,Container,Exports,781.2,,,,
2021,3,"Solomon Islands, Port Noro", Port Noro,General Cargo,Exports,7198.3,,,,
2021,3,"Solomon Islands, Port Noro", Port Noro,General Cargo,Imports,292,,,,
2021,3,"Solomon Islands, Port Noro", Port Noro,Tanker,Exports,93.1,,,,
2021,3,"Solomon Islands, Rennell Island", Rennell Island,Bulk Carrier,Exports,11301.7,,,,
2021,3,"Solomon Islands, Ringgi Cove", Ringgi Cove,Bulk Carrier,Exports,9399.7,,,,
2021,3,"Solomon Islands, Ringgi Cove", Ringgi Cove,General Cargo,Imports,146,,,,
2021,3,"Solomon Islands, Seghe", Seghe,Bulk Carrier,Exports,5162.6,,,,
2021,3,"Tonga, Neiafu", Neiafu,General Cargo,Exports,839.4,,,,
2021,3,"Tonga, Neiafu", Neiafu,Tanker,Imports,136.6,,,,
2021,3,"Tonga, Nuku Alofa", Nuku Alofa,Container,Exports,257.3,,,,
2021,3,"Tonga, Nuku Alofa", Nuku Alofa,Container,Imports,6559.9,,,,
2021,3,"Tonga, Nuku Alofa", Nuku Alofa,General Cargo,Exports,880.6,,,,
2021,3,"Tonga, Nuku Alofa", Nuku Alofa,General Cargo,Imports,4345.7,,,,
2021,3,"Tonga, Nuku Alofa", Nuku Alofa,Tanker,Exports,244.8,,,,
2021,3,"Tonga, Nuku Alofa", Nuku Alofa,Tanker,Imports,954.3,,,,
2021,3,"Tuvalu, Funafuti Atoll", Funafuti Atoll,Container,Exports,407.9,,,,
2021,3,"Tuvalu, Funafuti Atoll", Funafuti Atoll,General Cargo,Exports,553.8,,,,
2021,3,"Vanuatu, Luganville", Luganville,Container,Exports,1930.4,,,,
2021,3,"Vanuatu, Luganville", Luganville,Container,Imports,880.5,,,,
2021,3,"Vanuatu, Luganville", Luganville,General Cargo,Imports,650.1,,,,
2021,3,"Vanuatu, Port Vila", Port Vila,Container,Exports,2938.7,,,,
2021,3,"Vanuatu, Port Vila", Port Vila,Container,Imports,2578.3,,,,
2021,3,"Vanuatu, Port Vila", Port Vila,General Cargo,Imports,973.4,,,,
2021,3,"Vanuatu, Port Vila", Port Vila,Tanker,Imports,266.3,,,,
2021,4,"Fiji, Lautoka Harbor", Lautoka Harbor,Container,Exports,19222.1,,,,
2021,4,"Fiji, Lautoka Harbor", Lautoka Harbor,Container,Imports,6479.2,,,,
2021,4,"Fiji, Lautoka Harbor", Lautoka Harbor,Tanker,Exports,3925,,,,
2021,4,"Fiji, Lautoka Harbor", Lautoka Harbor,Tanker,Imports,14481.6,,,,
2021,4,"Fiji, Malai", Malai,Tanker,Imports,1316.9,,,,
2021,4,"Fiji, Nabouwalu Jetty", Nabouwalu Jetty,Bulk Carrier,Exports,3343.7,,,,
2021,4,"Fiji, Suva Harbor", Suva Harbor,Bulk Carrier,Imports,4743.6,,,,
2021,4,"Fiji, Suva Harbor", Suva Harbor,Container,Exports,7968.1,,,,
2021,4,"Fiji, Suva Harbor", Suva Harbor,Container,Imports,13066.7,,,,
2021,4,"Fiji, Suva Harbor", Suva Harbor,General Cargo,Exports,981.5,,,,
2021,4,"Fiji, Suva Harbor", Suva Harbor,General Cargo,Imports,14932.2,,,,
2021,4,"Fiji, Suva Harbor", Suva Harbor,Tanker,Exports,1568.1,,,,
2021,4,"Fiji, Suva Harbor", Suva Harbor,Tanker,Imports,16110.6,,,,
2021,4,"Kiribati, Kiribati", Kiribati,Tanker,Exports,569.3,,,,
2021,4,"Kiribati, Tarawa Atoll", Tarawa Atoll,Container,Imports,5747.6,,,,
2021,4,"Kiribati, Tarawa Atoll", Tarawa Atoll,Tanker,Imports,3266,,,,
2021,4,"Marshall Islands, Ebeye", Ebeye,General Cargo,Imports,2073.8,,,,
2021,4,"Marshall Islands, Kwajalein", Kwajalein,General Cargo,Imports,4589.8,,,,
2021,4,"Marshall Islands, Majuro Atoll", Majuro Atoll,Container,Exports,1523.1,,,,
2021,4,"Marshall Islands, Majuro Atoll", Majuro Atoll,Container,Imports,774.3,,,,
2021,4,"Marshall Islands, Majuro Atoll", Majuro Atoll,General Cargo,Exports,1936.9,,,,
2021,4,"Marshall Islands, Majuro Atoll", Majuro Atoll,General Cargo,Imports,2073.8,,,,
2021,4,"Marshall Islands, Majuro Atoll", Majuro Atoll,Tanker,Imports,3633.9,,,,
2021,4,"Micronesia, Colonia", Colonia,Container,Exports,242.2,,,,
2021,4,"Micronesia, Colonia", Colonia,Container,Imports,965.6,,,,
2021,4,"Micronesia, Lele Harbor", Lele Harbor,Container,Exports,3093.7,,,,
2021,4,"Micronesia, Lele Harbor", Lele Harbor,General Cargo,Exports,256,,,,
2021,4,"Micronesia, Lele Harbor", Lele Harbor,General Cargo,Imports,1004.3,,,,
2021,4,"Micronesia, Lele Harbor", Lele Harbor,Tanker,Exports,1033.8,,,,
2021,4,"Micronesia, Moen", Moen,General Cargo,Exports,3158.3,,,,
2021,4,"Micronesia, Moen", Moen,General Cargo,Imports,3581.8,,,,
2021,4,"Micronesia, Moen", Moen,Tanker,Imports,826.5,,,,
2021,4,"Micronesia, Pornpei Harbor", Pornpei Harbor,Container,Imports,607.3,,,,
2021,4,"Micronesia, Pornpei Harbor", Pornpei Harbor,General Cargo,Imports,2860.7,,,,
2021,4,"Micronesia, Pornpei Harbor", Pornpei Harbor,Tanker,Imports,209.4,,,,
2021,4,"Nauru, Nauru", Nauru,Bulk Carrier,Exports,30904.5,,,,
2021,4,"Palau, Malakal Harbor", Malakal Harbor,Container,Exports,723.4,,,,
2021,4,"Palau, Malakal Harbor", Malakal Harbor,Container,Imports,1205.6,,,,
2021,4,"Palau, Malakal Harbor", Malakal Harbor,General Cargo,Imports,265.3,,,,
2021,4,"Papua New Guinea, Alotoa", Alotoa,Bulk Carrier,Exports,16651.1,,,,
2021,4,"Papua New Guinea, Alotoa", Alotoa,Container,Imports,2490.9,,,,
2021,4,"Papua New Guinea, Alotoa", Alotoa,General Cargo,Exports,7.7,,,,
2021,4,"Papua New Guinea, Alotoa", Alotoa,General Cargo,Imports,987.2,,,,
2021,4,"Papua New Guinea, Alotoa", Alotoa,Tanker,Exports,10177.9,,,,
2021,4,"Papua New Guinea, Buka", Buka,Container,Exports,365.4,,,,
2021,4,"Papua New Guinea, Buka", Buka,General Cargo,Exports,141.5,,,,
2021,4,"Papua New Guinea, Buka", Buka,General Cargo,Imports,2430.6,,,,
2021,4,"Papua New Guinea, Daru", Daru,General Cargo,Exports,12230.4,,,,
2021,4,"Papua New Guinea, Daru", Daru,General Cargo,Imports,219,,,,
2021,4,"Papua New Guinea, Kavieng Harbor", Kavieng Harbor,Bulk Carrier,Exports,18626.9,,,,
2021,4,"Papua New Guinea, Kavieng Harbor", Kavieng Harbor,Container,Imports,1883.4,,,,
2021,4,"Papua New Guinea, Kavieng Harbor", Kavieng Harbor,General Cargo,Exports,4504.8,,,,
2021,4,"Papua New Guinea, Kieta", Kieta,Container,Exports,215.5,,,,
2021,4,"Papua New Guinea, Kimbe", Kimbe,Bulk Carrier,Exports,14904.1,,,,
2021,4,"Papua New Guinea, Kimbe", Kimbe,Container,Exports,1073.3,,,,
2021,4,"Papua New Guinea, Kimbe", Kimbe,Container,Imports,3239.8,,,,
2021,4,"Papua New Guinea, Kimbe", Kimbe,General Cargo,Exports,542.3,,,,
2021,4,"Papua New Guinea, Kimbe", Kimbe,General Cargo,Imports,301.5,,,,
2021,4,"Papua New Guinea, Kimbe", Kimbe,Tanker,Exports,9926,,,,
2021,4,"Papua New Guinea, Kimbe", Kimbe,Tanker,Imports,579.7,,,,
2021,4,"Papua New Guinea, Lae", Lae,Bulk Carrier,Imports,7141.1,,,,
2021,4,"Papua New Guinea, Lae", Lae,Container,Exports,10747.1,,,,
2021,4,"Papua New Guinea, Lae", Lae,Container,Imports,31821.1,,,,
2021,4,"Papua New Guinea, Lae", Lae,General Cargo,Exports,13368.6,,,,
2021,4,"Papua New Guinea, Lae", Lae,General Cargo,Imports,9821.5,,,,
2021,4,"Papua New Guinea, Lae", Lae,Tanker,Exports,11625.4,,,,
2021,4,"Papua New Guinea, Lae", Lae,Tanker,Imports,11725.2,,,,
2021,4,"Papua New Guinea, Madang", Madang,Bulk Carrier,Exports,14625.3,,,,
2021,4,"Papua New Guinea, Madang", Madang,Container,Exports,1869.9,,,,
2021,4,"Papua New Guinea, Madang", Madang,Container,Imports,1382.3,,,,
2021,4,"Papua New Guinea, Madang", Madang,General Cargo,Exports,3274.6,,,,
2021,4,"Papua New Guinea, Madang", Madang,Tanker,Imports,578.3,,,,
2021,4,"Papua New Guinea, Oro Bay", Oro Bay,General Cargo,Exports,3618.7,,,,
2021,4,"Papua New Guinea, Oro Bay", Oro Bay,Tanker,Exports,5485.5,,,,
2021,4,"Papua New Guinea, Port Moresby", Port Moresby,Bulk Carrier,Exports,7801.9,,,,
2021,4,"Papua New Guinea, Port Moresby", Port Moresby,Bulk Carrier,Imports,4276.9,,,,
2021,4,"Papua New Guinea, Port Moresby", Port Moresby,Container,Exports,2382,,,,
2021,4,"Papua New Guinea, Port Moresby", Port Moresby,Container,Imports,20709.8,,,,
2021,4,"Papua New Guinea, Port Moresby", Port Moresby,General Cargo,Exports,519.5,,,,
2021,4,"Papua New Guinea, Port Moresby", Port Moresby,General Cargo,Imports,12077.4,,,,
2021,4,"Papua New Guinea, Port Moresby", Port Moresby,Tanker,Exports,291261,,,,
2021,4,"Papua New Guinea, Port Moresby", Port Moresby,Tanker,Imports,39279.8,,,,
2021,4,"Papua New Guinea, Put Put", Put Put,Container,Exports,4587.3,,,,
2021,4,"Papua New Guinea, Put Put", Put Put,Container,Imports,11955,,,,
2021,4,"Papua New Guinea, Put Put", Put Put,General Cargo,Imports,1252.3,,,,
2021,4,"Papua New Guinea, Put Put", Put Put,Tanker,Exports,415.6,,,,
2021,4,"Papua New Guinea, Put Put", Put Put,Tanker,Imports,4645.5,,,,
2021,4,"Papua New Guinea, Rabaul", Rabaul,Bulk Carrier,Exports,16460.9,,,,
2021,4,"Papua New Guinea, Rabaul", Rabaul,Bulk Carrier,Imports,389.4,,,,
2021,4,"Papua New Guinea, Rabaul", Rabaul,Container,Exports,4240,,,,
2021,4,"Papua New Guinea, Rabaul", Rabaul,Container,Imports,3832.5,,,,
2021,4,"Papua New Guinea, Rabaul", Rabaul,General Cargo,Exports,37594.3,,,,
2021,4,"Papua New Guinea, Rabaul", Rabaul,General Cargo,Imports,804.3,,,,
2021,4,"Papua New Guinea, Rabaul", Rabaul,Tanker,Imports,295.3,,,,
2021,4,"Papua New Guinea, Vanimo", Vanimo,General Cargo,Exports,173.6,,,,
2021,4,"Papua New Guinea, Vanimo", Vanimo,General Cargo,Imports,42.5,,,,
2021,4,"Papua New Guinea, Wewak Harbor", Wewak Harbor,Bulk Carrier,Exports,21544.1,,,,
2021,4,"Papua New Guinea, Wewak Harbor", Wewak Harbor,Container,Exports,1826.1,,,,
2021,4,"Papua New Guinea, Wewak Harbor", Wewak Harbor,General Cargo,Exports,632.3,,,,
2021,4,"Papua New Guinea, Wewak Harbor", Wewak Harbor,General Cargo,Imports,2498.4,,,,
2021,4,"Papua New Guinea, Wewak Harbor", Wewak Harbor,Tanker,Exports,1702.1,,,,
2021,4,"Samoa, Apia", Apia,Container,Exports,1014.7,,,,
2021,4,"Samoa, Apia", Apia,Container,Imports,15537.6,,,,
2021,4,"Samoa, Apia", Apia,General Cargo,Imports,2561.4,,,,
2021,4,"Samoa, Apia", Apia,Tanker,Imports,276.1,,,,
2021,4,"Solomon Islands, Honiara", Honiara,Bulk Carrier,Exports,2123.3,,,,
2021,4,"Solomon Islands, Honiara", Honiara,Bulk Carrier,Imports,3095.9,,,,
2021,4,"Solomon Islands, Honiara", Honiara,Container,Exports,732.3,,,,
2021,4,"Solomon Islands, Honiara", Honiara,Container,Imports,7616,,,,
2021,4,"Solomon Islands, Honiara", Honiara,General Cargo,Exports,318.9,,,,
2021,4,"Solomon Islands, Honiara", Honiara,General Cargo,Imports,798.7,,,,
2021,4,"Solomon Islands, Honiara", Honiara,Tanker,Exports,147.8,,,,
2021,4,"Solomon Islands, Honiara", Honiara,Tanker,Imports,10420.3,,,,
2021,4,"Solomon Islands, Mbulo", Mbulo,Bulk Carrier,Exports,17857.1,,,,
2021,4,"Solomon Islands, Port Noro", Port Noro,Bulk Carrier,Exports,69164.2,,,,
2021,4,"Solomon Islands, Port Noro", Port Noro,Bulk Carrier,Imports,355.3,,,,
2021,4,"Solomon Islands, Port Noro", Port Noro,Container,Exports,172,,,,
2021,4,"Solomon Islands, Port Noro", Port Noro,General Cargo,Exports,7469.5,,,,
2021,4,"Solomon Islands, Rennell Island", Rennell Island,Bulk Carrier,Exports,3246.2,,,,
2021,4,"Solomon Islands, Ringgi Cove", Ringgi Cove,General Cargo,Exports,2939.2,,,,
2021,4,"Tonga, Neiafu", Neiafu,General Cargo,Exports,841.4,,,,
2021,4,"Tonga, Neiafu", Neiafu,Tanker,Imports,276.6,,,,
2021,4,"Tonga, Nuku Alofa", Nuku Alofa,Container,Imports,13468.4,,,,
2021,4,"Tonga, Nuku Alofa", Nuku Alofa,General Cargo,Exports,293.6,,,,
2021,4,"Tonga, Nuku Alofa", Nuku Alofa,General Cargo,Imports,841.4,,,,
2021,4,"Tonga, Nuku Alofa", Nuku Alofa,Tanker,Exports,441.2,,,,
2021,4,"Tonga, Nuku Alofa", Nuku Alofa,Tanker,Imports,692.1,,,,
2021,4,"Tuvalu, Funafuti Atoll", Funafuti Atoll,Container,Imports,468.6,,,,
2021,4,"Tuvalu, Funafuti Atoll", Funafuti Atoll,General Cargo,Exports,584.7,,,,
2021,4,"Tuvalu, Funafuti Atoll", Funafuti Atoll,Tanker,Imports,833.3,,,,
2021,4,"Vanuatu, Luganville", Luganville,Container,Exports,775.1,,,,
2021,4,"Vanuatu, Luganville", Luganville,Container,Imports,1515.4,,,,
2021,4,"Vanuatu, Luganville", Luganville,General Cargo,Imports,2820.9,,,,
2021,4,"Vanuatu, Luganville", Luganville,Tanker,Imports,2452.1,,,,
2021,4,"Vanuatu, Port Vila", Port Vila,Container,Exports,771.8,,,,
2021,4,"Vanuatu, Port Vila", Port Vila,Container,Imports,4351.9,,,,
2021,4,"Vanuatu, Port Vila", Port Vila,General Cargo,Exports,976,,,,
2021,4,"Vanuatu, Port Vila", Port Vila,General Cargo,Imports,549.6,,,,
2021,4,"Vanuatu, Port Vila", Port Vila,Tanker,Exports,248.5,,,,
2021,4,"Vanuatu, Port Vila", Port Vila,Tanker,Imports,2462.4,,,,
2021,5,"Fiji, Lautoka Harbor", Lautoka Harbor,Bulk Carrier,Exports,11184.2,,,,
2021,5,"Fiji, Lautoka Harbor", Lautoka Harbor,Bulk Carrier,Imports,9296.2,,,,
2021,5,"Fiji, Lautoka Harbor", Lautoka Harbor,Container,Exports,23486.4,,,,
2021,5,"Fiji, Lautoka Harbor", Lautoka Harbor,Container,Imports,3015.4,,,,
2021,5,"Fiji, Lautoka Harbor", Lautoka Harbor,General Cargo,Exports,774.8,,,,
2021,5,"Fiji, Lautoka Harbor", Lautoka Harbor,General Cargo,Imports,4540.9,,,,
2021,5,"Fiji, Lautoka Harbor", Lautoka Harbor,Tanker,Exports,6242.4,,,,
2021,5,"Fiji, Lautoka Harbor", Lautoka Harbor,Tanker,Imports,6596.9,,,,
2021,5,"Fiji, Malai", Malai,Tanker,Imports,3156.7,,,,
2021,5,"Fiji, Suva Harbor", Suva Harbor,Container,Exports,11402,,,,
2021,5,"Fiji, Suva Harbor", Suva Harbor,Container,Imports,9896.2,,,,
2021,5,"Fiji, Suva Harbor", Suva Harbor,General Cargo,Exports,2779.8,,,,
2021,5,"Fiji, Suva Harbor", Suva Harbor,General Cargo,Imports,5734.4,,,,
2021,5,"Fiji, Suva Harbor", Suva Harbor,Tanker,Exports,3680.1,,,,
2021,5,"Fiji, Suva Harbor", Suva Harbor,Tanker,Imports,12823.4,,,,
2021,5,"Kiribati, Kiribati", Kiribati,Tanker,Imports,278.6,,,,
2021,5,"Kiribati, Tarawa Atoll", Tarawa Atoll,Container,Imports,4558.9,,,,
2021,5,"Kiribati, Tarawa Atoll", Tarawa Atoll,General Cargo,Exports,2012.9,,,,
2021,5,"Kiribati, Tarawa Atoll", Tarawa Atoll,General Cargo,Imports,300.5,,,,
2021,5,"Kiribati, Tarawa Atoll", Tarawa Atoll,Tanker,Exports,340,,,,
2021,5,"Kiribati, Tarawa Atoll", Tarawa Atoll,Tanker,Imports,1185.3,,,,
2021,5,"Marshall Islands, Ebeye", Ebeye,General Cargo,Imports,1843.5,,,,
2021,5,"Marshall Islands, Kwajalein", Kwajalein,General Cargo,Imports,1307.6,,,,
2021,5,"Marshall Islands, Kwajalein", Kwajalein,Tanker,Imports,476.5,,,,
2021,5,"Marshall Islands, Majuro Atoll", Majuro Atoll,Bulk Carrier,Exports,327.8,,,,
2021,5,"Marshall Islands, Majuro Atoll", Majuro Atoll,Container,Exports,1398,,,,
2021,5,"Marshall Islands, Majuro Atoll", Majuro Atoll,Container,Imports,1165.6,,,,
2021,5,"Marshall Islands, Majuro Atoll", Majuro Atoll,General Cargo,Exports,10328.9,,,,
2021,5,"Marshall Islands, Majuro Atoll", Majuro Atoll,General Cargo,Imports,1372.7,,,,
2021,5,"Marshall Islands, Majuro Atoll", Majuro Atoll,Tanker,Exports,505.2,,,,
2021,5,"Marshall Islands, Majuro Atoll", Majuro Atoll,Tanker,Imports,208.4,,,,
2021,5,"Micronesia, Colonia", Colonia,Container,Exports,241.7,,,,
2021,5,"Micronesia, Colonia", Colonia,Container,Imports,543.7,,,,
2021,5,"Micronesia, Colonia", Colonia,General Cargo,Imports,867.9,,,,
2021,5,"Micronesia, Colonia", Colonia,Tanker,Imports,1247.4,,,,
2021,5,"Micronesia, Lele Harbor", Lele Harbor,Container,Exports,4457.9,,,,
2021,5,"Micronesia, Lele Harbor", Lele Harbor,General Cargo,Imports,1534.8,,,,
2021,5,"Micronesia, Moen", Moen,General Cargo,Exports,1579.2,,,,
2021,5,"Micronesia, Moen", Moen,General Cargo,Imports,2808.3,,,,
2021,5,"Micronesia, Moen", Moen,Tanker,Imports,835.5,,,,
2021,5,"Micronesia, Pornpei Harbor", Pornpei Harbor,Container,Exports,901.5,,,,
2021,5,"Micronesia, Pornpei Harbor", Pornpei Harbor,Container,Imports,298.5,,,,
2021,5,"Micronesia, Pornpei Harbor", Pornpei Harbor,General Cargo,Exports,1579.2,,,,
2021,5,"Micronesia, Pornpei Harbor", Pornpei Harbor,General Cargo,Imports,2795.3,,,,
2021,5,"Micronesia, Pornpei Harbor", Pornpei Harbor,Tanker,Exports,1036.2,,,,
2021,5,"Palau, Malakal Harbor", Malakal Harbor,Container,Imports,989.8,,,,
2021,5,"Palau, Malakal Harbor", Malakal Harbor,General Cargo,Imports,265.3,,,,
2021,5,"Palau, Malakal Harbor", Malakal Harbor,Tanker,Imports,1036.2,,,,
2021,5,"Papua New Guinea, Alotoa", Alotoa,Container,Exports,201.3,,,,
2021,5,"Papua New Guinea, Alotoa", Alotoa,Container,Imports,5604.2,,,,
2021,5,"Papua New Guinea, Alotoa", Alotoa,General Cargo,Exports,1705.4,,,,
2021,5,"Papua New Guinea, Alotoa", Alotoa,Tanker,Exports,289,,,,
2021,5,"Papua New Guinea, Buka", Buka,Container,Exports,215.5,,,,
2021,5,"Papua New Guinea, Buka", Buka,Container,Imports,1610.9,,,,
2021,5,"Papua New Guinea, Buka", Buka,General Cargo,Exports,141.5,,,,
2021,5,"Papua New Guinea, Daru", Daru,General Cargo,Exports,6343.6,,,,
2021,5,"Papua New Guinea, Daru", Daru,General Cargo,Imports,108.3,,,,
2021,5,"Papua New Guinea, Kavieng Harbor", Kavieng Harbor,Bulk Carrier,Exports,16917.4,,,,
2021,5,"Papua New Guinea, Kavieng Harbor", Kavieng Harbor,Container,Exports,100.7,,,,
2021,5,"Papua New Guinea, Kavieng Harbor", Kavieng Harbor,Container,Imports,1323.3,,,,
2021,5,"Papua New Guinea, Kieta", Kieta,Container,Exports,215.5,,,,
2021,5,"Papua New Guinea, Kieta", Kieta,Container,Imports,377.8,,,,
2021,5,"Papua New Guinea, Kimbe", Kimbe,Bulk Carrier,Exports,50973.3,,,,
2021,5,"Papua New Guinea, Kimbe", Kimbe,Container,Exports,812.8,,,,
2021,5,"Papua New Guinea, Kimbe", Kimbe,Container,Imports,5309.6,,,,
2021,5,"Papua New Guinea, Kimbe", Kimbe,General Cargo,Exports,515.5,,,,
2021,5,"Papua New Guinea, Kimbe", Kimbe,Tanker,Exports,17125,,,,
2021,5,"Papua New Guinea, Kimbe", Kimbe,Tanker,Imports,1490.8,,,,
2021,5,"Papua New Guinea, Lae", Lae,Bulk Carrier,Exports,702.1,,,,
2021,5,"Papua New Guinea, Lae", Lae,Container,Exports,14745.7,,,,
2021,5,"Papua New Guinea, Lae", Lae,Container,Imports,59837.3,,,,
2021,5,"Papua New Guinea, Lae", Lae,General Cargo,Exports,12484.5,,,,
2021,5,"Papua New Guinea, Lae", Lae,General Cargo,Imports,8379.6,,,,
2021,5,"Papua New Guinea, Lae", Lae,Tanker,Exports,8241.2,,,,
2021,5,"Papua New Guinea, Lae", Lae,Tanker,Imports,1236.2,,,,
2021,5,"Papua New Guinea, Madang", Madang,Bulk Carrier,Exports,9308.1,,,,
2021,5,"Papua New Guinea, Madang", Madang,Container,Exports,13134.1,,,,
2021,5,"Papua New Guinea, Madang", Madang,Container,Imports,2677.5,,,,
2021,5,"Papua New Guinea, Madang", Madang,General Cargo,Exports,3360.8,,,,
2021,5,"Papua New Guinea, Madang", Madang,General Cargo,Imports,708.8,,,,
2021,5,"Papua New Guinea, Madang", Madang,Tanker,Imports,3100.1,,,,
2021,5,"Papua New Guinea, Oro Bay", Oro Bay,Bulk Carrier,Exports,6582.8,,,,
2021,5,"Papua New Guinea, Oro Bay", Oro Bay,Container,Exports,43.8,,,,
2021,5,"Papua New Guinea, Oro Bay", Oro Bay,Container,Imports,3281,,,,
2021,5,"Papua New Guinea, Oro Bay", Oro Bay,General Cargo,Exports,32.9,,,,
2021,5,"Papua New Guinea, Oro Bay", Oro Bay,Tanker,Exports,7912.7,,,,
2021,5,"Papua New Guinea, Port Moresby", Port Moresby,Bulk Carrier,Exports,735.3,,,,
2021,5,"Papua New Guinea, Port Moresby", Port Moresby,Bulk Carrier,Imports,263.7,,,,
2021,5,"Papua New Guinea, Port Moresby", Port Moresby,Container,Exports,2630.6,,,,
2021,5,"Papua New Guinea, Port Moresby", Port Moresby,Container,Imports,25304.8,,,,
2021,5,"Papua New Guinea, Port Moresby", Port Moresby,General Cargo,Exports,7650.1,,,,
2021,5,"Papua New Guinea, Port Moresby", Port Moresby,General Cargo,Imports,10402.9,,,,
2021,5,"Papua New Guinea, Port Moresby", Port Moresby,Tanker,Exports,194919.8,,,,
2021,5,"Papua New Guinea, Port Moresby", Port Moresby,Tanker,Imports,41440.6,,,,
2021,5,"Papua New Guinea, Put Put", Put Put,Container,Exports,1224.2,,,,
2021,5,"Papua New Guinea, Put Put", Put Put,Container,Imports,10890.8,,,,
2021,5,"Papua New Guinea, Put Put", Put Put,General Cargo,Imports,277.1,,,,
2021,5,"Papua New Guinea, Put Put", Put Put,Tanker,Exports,192.1,,,,
2021,5,"Papua New Guinea, Rabaul", Rabaul,Bulk Carrier,Exports,1789.4,,,,
2021,5,"Papua New Guinea, Rabaul", Rabaul,Container,Exports,1839.5,,,,
2021,5,"Papua New Guinea, Rabaul", Rabaul,Container,Imports,7142.9,,,,
2021,5,"Papua New Guinea, Rabaul", Rabaul,General Cargo,Exports,5590.4,,,,
2021,5,"Papua New Guinea, Rabaul", Rabaul,General Cargo,Imports,2822.6,,,,
2021,5,"Papua New Guinea, Rabaul", Rabaul,Tanker,Exports,1127.5,,,,
2021,5,"Papua New Guinea, Rabaul", Rabaul,Tanker,Imports,4704.2,,,,
2021,5,"Papua New Guinea, Vanimo", Vanimo,Bulk Carrier,Exports,7139.6,,,,
2021,5,"Papua New Guinea, Vanimo", Vanimo,General Cargo,Exports,3167.7,,,,
2021,5,"Papua New Guinea, Wewak Harbor", Wewak Harbor,Container,Exports,521.6,,,,
2021,5,"Papua New Guinea, Wewak Harbor", Wewak Harbor,General Cargo,Exports,1956.5,,,,
2021,5,"Papua New Guinea, Wewak Harbor", Wewak Harbor,General Cargo,Imports,1123.7,,,,
2021,5,"Papua New Guinea, Wewak Harbor", Wewak Harbor,Tanker,Exports,27.9,,,,
2021,5,"Samoa, Apia", Apia,Container,Exports,1536.4,,,,
2021,5,"Samoa, Apia", Apia,Container,Imports,8890.6,,,,
2021,5,"Samoa, Apia", Apia,General Cargo,Exports,466.3,,,,
2021,5,"Samoa, Apia", Apia,General Cargo,Imports,2420.4,,,,
2021,5,"Samoa, Apia", Apia,Tanker,Imports,10780.3,,,,
2021,5,"Solomon Islands, Honiara", Honiara,Container,Exports,3062.8,,,,
2021,5,"Solomon Islands, Honiara", Honiara,Container,Imports,6175.8,,,,
2021,5,"Solomon Islands, Honiara", Honiara,General Cargo,Exports,639.5,,,,
2021,5,"Solomon Islands, Honiara", Honiara,General Cargo,Imports,3422,,,,
2021,5,"Solomon Islands, Honiara", Honiara,Tanker,Exports,150.2,,,,
2021,5,"Solomon Islands, Honiara", Honiara,Tanker,Imports,8385.2,,,,
2021,5,"Solomon Islands, Mbulo", Mbulo,Bulk Carrier,Exports,10178,,,,
2021,5,"Solomon Islands, Ndora", Ndora,Bulk Carrier,Exports,4920.6,,,,
2021,5,"Solomon Islands, Port Noro", Port Noro,Bulk Carrier,Exports,35465.8,,,,
2021,5,"Solomon Islands, Port Noro", Port Noro,Container,Imports,1311.6,,,,
2021,5,"Solomon Islands, Port Noro", Port Noro,General Cargo,Exports,2262.2,,,,
2021,5,"Solomon Islands, Port Noro", Port Noro,Tanker,Exports,31.7,,,,
2021,5,"Solomon Islands, Port Noro", Port Noro,Tanker,Imports,985.6,,,,
2021,5,"Tonga, Neiafu", Neiafu,Tanker,Exports,139.5,,,,
2021,5,"Tonga, Nuku Alofa", Nuku Alofa,Container,Exports,385.7,,,,
2021,5,"Tonga, Nuku Alofa", Nuku Alofa,Container,Imports,7769.4,,,,
2021,5,"Tonga, Nuku Alofa", Nuku Alofa,General Cargo,Imports,5167.1,,,,
2021,5,"Tonga, Nuku Alofa", Nuku Alofa,Tanker,Exports,244.8,,,,
2021,5,"Tonga, Nuku Alofa", Nuku Alofa,Tanker,Imports,1378,,,,
2021,5,"Tuvalu, Funafuti Atoll", Funafuti Atoll,Container,Imports,468.6,,,,
2021,5,"Tuvalu, Funafuti Atoll", Funafuti Atoll,General Cargo,Exports,696.7,,,,
2021,5,"Vanuatu, Luganville", Luganville,Container,Exports,1172.3,,,,
2021,5,"Vanuatu, Luganville", Luganville,General Cargo,Exports,1832.1,,,,
2021,5,"Vanuatu, Luganville", Luganville,General Cargo,Imports,848.6,,,,
2021,5,"Vanuatu, Luganville", Luganville,Tanker,Exports,3430.4,,,,
2021,5,"Vanuatu, Port Vila", Port Vila,Container,Exports,3104.2,,,,
2021,5,"Vanuatu, Port Vila", Port Vila,Container,Imports,564.8,,,,
2021,5,"Vanuatu, Port Vila", Port Vila,General Cargo,Exports,325.9,,,,
2021,5,"Vanuatu, Port Vila", Port Vila,General Cargo,Imports,1454.5,,,,
2021,5,"Vanuatu, Port Vila", Port Vila,Tanker,Imports,2939,,,,
2021,6,"Fiji, Lautoka Harbor", Lautoka Harbor,Bulk Carrier,Exports,30128.4,,,,
2021,6,"Fiji, Lautoka Harbor", Lautoka Harbor,Container,Exports,11669.7,,,,
2021,6,"Fiji, Lautoka Harbor", Lautoka Harbor,Container,Imports,1507.4,,,,
2021,6,"Fiji, Lautoka Harbor", Lautoka Harbor,General Cargo,Exports,576,,,,
2021,6,"Fiji, Lautoka Harbor", Lautoka Harbor,General Cargo,Imports,1429,,,,
2021,6,"Fiji, Lautoka Harbor", Lautoka Harbor,Tanker,Exports,4601.3,,,,
2021,6,"Fiji, Lautoka Harbor", Lautoka Harbor,Tanker,Imports,5284.2,,,,
2021,6,"Fiji, Malai", Malai,Tanker,Exports,1010.2,,,,
2021,6,"Fiji, Malai", Malai,Tanker,Imports,495.1,,,,
2021,6,"Fiji, Nabouwalu Jetty", Nabouwalu Jetty,Bulk Carrier,Imports,1339.1,,,,
2021,6,"Fiji, Suva Harbor", Suva Harbor,Bulk Carrier,Exports,1102.6,,,,
2021,6,"Fiji, Suva Harbor", Suva Harbor,Container,Exports,3157.6,,,,
2021,6,"Fiji, Suva Harbor", Suva Harbor,Container,Imports,30510.2,,,,
2021,6,"Fiji, Suva Harbor", Suva Harbor,General Cargo,Exports,3346.4,,,,
2021,6,"Fiji, Suva Harbor", Suva Harbor,General Cargo,Imports,1708.7,,,,
2021,6,"Fiji, Suva Harbor", Suva Harbor,Tanker,Exports,2242,,,,
2021,6,"Fiji, Suva Harbor", Suva Harbor,Tanker,Imports,7399,,,,
2021,6,"Kiribati, Kiribati", Kiribati,Container,Imports,1687.9,,,,
2021,6,"Kiribati, Tarawa Atoll", Tarawa Atoll,Container,Imports,5484.1,,,,
2021,6,"Kiribati, Tarawa Atoll", Tarawa Atoll,General Cargo,Imports,958.7,,,,
2021,6,"Marshall Islands, Ebeye", Ebeye,General Cargo,Imports,707.2,,,,
2021,6,"Marshall Islands, Kwajalein", Kwajalein,General Cargo,Imports,1413.6,,,,
2021,6,"Marshall Islands, Kwajalein", Kwajalein,Tanker,Imports,477,,,,
2021,6,"Marshall Islands, Majuro Atoll", Majuro Atoll,Container,Exports,306.7,,,,
2021,6,"Marshall Islands, Majuro Atoll", Majuro Atoll,Container,Imports,3610.2,,,,
2021,6,"Marshall Islands, Majuro Atoll", Majuro Atoll,General Cargo,Exports,34369.3,,,,
2021,6,"Marshall Islands, Majuro Atoll", Majuro Atoll,General Cargo,Imports,1681,,,,
2021,6,"Micronesia, Colonia", Colonia,Container,Imports,1461,,,,
2021,6,"Micronesia, Colonia", Colonia,Tanker,Imports,1031.2,,,,
2021,6,"Micronesia, Lele Harbor", Lele Harbor,Container,Imports,598.5,,,,
2021,6,"Micronesia, Lele Harbor", Lele Harbor,General Cargo,Imports,4071.1,,,,
2021,6,"Micronesia, Moen", Moen,General Cargo,Imports,2640.1,,,,
2021,6,"Micronesia, Moen", Moen,Tanker,Imports,625.1,,,,
2021,6,"Micronesia, Pornpei Harbor", Pornpei Harbor,Container,Exports,600.5,,,,
2021,6,"Micronesia, Pornpei Harbor", Pornpei Harbor,General Cargo,Exports,3413.9,,,,
2021,6,"Micronesia, Pornpei Harbor", Pornpei Harbor,General Cargo,Imports,1004.3,,,,
2021,6,"Micronesia, Pornpei Harbor", Pornpei Harbor,Tanker,Imports,417.8,,,,
2021,6,"Nauru, Nauru", Nauru,General Cargo,Imports,4671.4,,,,
2021,6,"Palau, Malakal Harbor", Malakal Harbor,Container,Imports,2311.9,,,,
2021,6,"Palau, Malakal Harbor", Malakal Harbor,General Cargo,Exports,1296.8,,,,
2021,6,"Palau, Malakal Harbor", Malakal Harbor,Tanker,Imports,1037.4,,,,
2021,6,"Papua New Guinea, Alotoa", Alotoa,Bulk Carrier,Exports,9591.6,,,,
2021,6,"Papua New Guinea, Alotoa", Alotoa,Container,Exports,403.2,,,,
2021,6,"Papua New Guinea, Alotoa", Alotoa,Tanker,Imports,5032,,,,
2021,6,"Papua New Guinea, Buka", Buka,Container,Exports,1268.7,,,,
2021,6,"Papua New Guinea, Buka", Buka,Container,Imports,298.7,,,,
2021,6,"Papua New Guinea, Buka", Buka,General Cargo,Exports,960.7,,,,
2021,6,"Papua New Guinea, Daru", Daru,Bulk Carrier,Exports,16527.7,,,,
2021,6,"Papua New Guinea, Daru", Daru,General Cargo,Exports,186.9,,,,
2021,6,"Papua New Guinea, Daru", Daru,General Cargo,Imports,32.3,,,,
2021,6,"Papua New Guinea, Kavieng Harbor", Kavieng Harbor,Bulk Carrier,Exports,6700.9,,,,
2021,6,"Papua New Guinea, Kavieng Harbor", Kavieng Harbor,Container,Exports,316.2,,,,
2021,6,"Papua New Guinea, Kavieng Harbor", Kavieng Harbor,General Cargo,Exports,70.7,,,,
2021,6,"Papua New Guinea, Kavieng Harbor", Kavieng Harbor,General Cargo,Imports,138.7,,,,
2021,6,"Papua New Guinea, Kieta", Kieta,Container,Imports,1711.1,,,,
2021,6,"Papua New Guinea, Kimbe", Kimbe,Bulk Carrier,Exports,6853.5,,,,
2021,6,"Papua New Guinea, Kimbe", Kimbe,Container,Exports,2675.6,,,,
2021,6,"Papua New Guinea, Kimbe", Kimbe,Container,Imports,2894.3,,,,
2021,6,"Papua New Guinea, Kimbe", Kimbe,General Cargo,Exports,5638.9,,,,
2021,6,"Papua New Guinea, Kimbe", Kimbe,General Cargo,Imports,138.7,,,,
2021,6,"Papua New Guinea, Kimbe", Kimbe,Tanker,Exports,10696.2,,,,
2021,6,"Papua New Guinea, Lae", Lae,Container,Exports,6146.2,,,,
2021,6,"Papua New Guinea, Lae", Lae,Container,Imports,45468.8,,,,
2021,6,"Papua New Guinea, Lae", Lae,General Cargo,Exports,12480.5,,,,
2021,6,"Papua New Guinea, Lae", Lae,General Cargo,Imports,8254.6,,,,
2021,6,"Papua New Guinea, Lae", Lae,Tanker,Exports,476,,,,
2021,6,"Papua New Guinea, Lae", Lae,Tanker,Imports,14549.2,,,,
2021,6,"Papua New Guinea, Madang", Madang,Bulk Carrier,Exports,37698.7,,,,
2021,6,"Papua New Guinea, Madang", Madang,Container,Exports,5401.9,,,,
2021,6,"Papua New Guinea, Madang", Madang,Container,Imports,1083.4,,,,
2021,6,"Papua New Guinea, Madang", Madang,General Cargo,Exports,9976,,,,
2021,6,"Papua New Guinea, Madang", Madang,General Cargo,Imports,1497.4,,,,
2021,6,"Papua New Guinea, Oro Bay", Oro Bay,Bulk Carrier,Exports,3538.1,,,,
2021,6,"Papua New Guinea, Oro Bay", Oro Bay,Container,Exports,1281.1,,,,
2021,6,"Papua New Guinea, Oro Bay", Oro Bay,Container,Imports,1129.5,,,,
2021,6,"Papua New Guinea, Oro Bay", Oro Bay,General Cargo,Exports,175.8,,,,
2021,6,"Papua New Guinea, Oro Bay", Oro Bay,Tanker,Exports,7056.1,,,,
2021,6,"Papua New Guinea, Port Moresby", Port Moresby,Bulk Carrier,Exports,9927.2,,,,
2021,6,"Papua New Guinea, Port Moresby", Port Moresby,Bulk Carrier,Imports,4430,,,,
2021,6,"Papua New Guinea, Port Moresby", Port Moresby,Container,Exports,7673,,,,
2021,6,"Papua New Guinea, Port Moresby", Port Moresby,Container,Imports,24187.7,,,,
2021,6,"Papua New Guinea, Port Moresby", Port Moresby,General Cargo,Exports,10131.5,,,,
2021,6,"Papua New Guinea, Port Moresby", Port Moresby,General Cargo,Imports,16859.7,,,,
2021,6,"Papua New Guinea, Port Moresby", Port Moresby,Tanker,Exports,218935.1,,,,
2021,6,"Papua New Guinea, Port Moresby", Port Moresby,Tanker,Imports,52457.3,,,,
2021,6,"Papua New Guinea, Put Put", Put Put,Container,Exports,38,,,,
2021,6,"Papua New Guinea, Put Put", Put Put,Container,Imports,13526.5,,,,
2021,6,"Papua New Guinea, Put Put", Put Put,General Cargo,Exports,85.4,,,,
2021,6,"Papua New Guinea, Put Put", Put Put,General Cargo,Imports,816.1,,,,
2021,6,"Papua New Guinea, Put Put", Put Put,Tanker,Imports,8978.7,,,,
2021,6,"Papua New Guinea, Rabaul", Rabaul,Bulk Carrier,Exports,28439.6,,,,
2021,6,"Papua New Guinea, Rabaul", Rabaul,Container,Exports,316.2,,,,
2021,6,"Papua New Guinea, Rabaul", Rabaul,Container,Imports,7771.2,,,,
2021,6,"Papua New Guinea, Rabaul", Rabaul,General Cargo,Exports,7765.8,,,,
2021,6,"Papua New Guinea, Rabaul", Rabaul,General Cargo,Imports,954.8,,,,
2021,6,"Papua New Guinea, Rabaul", Rabaul,Tanker,Exports,7435.8,,,,
2021,6,"Papua New Guinea, Rabaul", Rabaul,Tanker,Imports,4071.4,,,,
2021,6,"Papua New Guinea, Vanimo", Vanimo,Bulk Carrier,Exports,32596.5,,,,
2021,6,"Papua New Guinea, Vanimo", Vanimo,General Cargo,Exports,5793,,,,
2021,6,"Papua New Guinea, Vanimo", Vanimo,Tanker,Exports,3680.1,,,,
2021,6,"Papua New Guinea, Wewak Harbor", Wewak Harbor,Bulk Carrier,Exports,17253.9,,,,
2021,6,"Papua New Guinea, Wewak Harbor", Wewak Harbor,Container,Exports,615.7,,,,
2021,6,"Papua New Guinea, Wewak Harbor", Wewak Harbor,General Cargo,Exports,1732.8,,,,
2021,6,"Papua New Guinea, Wewak Harbor", Wewak Harbor,General Cargo,Imports,541.5,,,,
2021,6,"Papua New Guinea, Wewak Harbor", Wewak Harbor,Tanker,Exports,2384.6,,,,
2021,6,"Samoa, Apia", Apia,Container,Exports,4214.4,,,,
2021,6,"Samoa, Apia", Apia,Container,Imports,13430.4,,,,
2021,6,"Samoa, Apia", Apia,General Cargo,Exports,27.6,,,,
2021,6,"Samoa, Apia", Apia,General Cargo,Imports,2121.4,,,,
2021,6,"Samoa, Apia", Apia,Tanker,Imports,1713.6,,,,
2021,6,"Solomon Islands, Honiara", Honiara,Bulk Carrier,Imports,7238.6,,,,
2021,6,"Solomon Islands, Honiara", Honiara,Container,Exports,300,,,,
2021,6,"Solomon Islands, Honiara", Honiara,Container,Imports,4661.6,,,,
2021,6,"Solomon Islands, Honiara", Honiara,General Cargo,Exports,2670.6,,,,
2021,6,"Solomon Islands, Honiara", Honiara,General Cargo,Imports,641,,,,
2021,6,"Solomon Islands, Honiara", Honiara,Tanker,Exports,355.8,,,,
2021,6,"Solomon Islands, Honiara", Honiara,Tanker,Imports,8549.2,,,,
2021,6,"Solomon Islands, Mbulo", Mbulo,Bulk Carrier,Exports,3153.5,,,,
2021,6,"Solomon Islands, Ndora", Ndora,Bulk Carrier,Exports,8070,,,,
2021,6,"Solomon Islands, Ndora", Ndora,General Cargo,Exports,3336,,,,
2021,6,"Solomon Islands, Port Noro", Port Noro,Bulk Carrier,Exports,41210.5,,,,
2021,6,"Solomon Islands, Port Noro", Port Noro,Container,Exports,2111.8,,,,
2021,6,"Solomon Islands, Port Noro", Port Noro,General Cargo,Exports,2262.2,,,,
2021,6,"Solomon Islands, Port Noro", Port Noro,Tanker,Exports,505.2,,,,
2021,6,"Solomon Islands, Seghe", Seghe,Bulk Carrier,Imports,383.9,,,,
2021,6,"Tonga, Neiafu", Neiafu,General Cargo,Exports,335.3,,,,
2021,6,"Tonga, Neiafu", Neiafu,Tanker,Exports,275.4,,,,
2021,6,"Tonga, Neiafu", Neiafu,Tanker,Imports,601.2,,,,
2021,6,"Tonga, Nuku Alofa", Nuku Alofa,Container,Imports,7102.8,,,,
2021,6,"Tonga, Nuku Alofa", Nuku Alofa,General Cargo,Exports,167.3,,,,
2021,6,"Tonga, Nuku Alofa", Nuku Alofa,General Cargo,Imports,8182.6,,,,
2021,6,"Tonga, Nuku Alofa", Nuku Alofa,Tanker,Imports,3477.5,,,,
2021,6,"Tuvalu, Funafuti Atoll", Funafuti Atoll,Container,Imports,468.6,,,,
2021,6,"Tuvalu, Funafuti Atoll", Funafuti Atoll,General Cargo,Exports,517.1,,,,
2021,6,"Tuvalu, Funafuti Atoll", Funafuti Atoll,Tanker,Imports,830.2,,,,
2021,6,"Vanuatu, Luganville", Luganville,Container,Imports,2717,,,,
2021,6,"Vanuatu, Luganville", Luganville,General Cargo,Imports,1391.7,,,,
2021,6,"Vanuatu, Port Vila", Port Vila,Container,Exports,1372.4,,,,
2021,6,"Vanuatu, Port Vila", Port Vila,Container,Imports,1854,,,,
2021,6,"Vanuatu, Port Vila", Port Vila,General Cargo,Imports,4529.3,,,,
2021,6,"Vanuatu, Port Vila", Port Vila,Tanker,Exports,2433.8,,,,
2021,6,"Vanuatu, Port Vila", Port Vila,Tanker,Imports,281.6,,,,
2021,7,"Fiji, Lautoka Harbor", Lautoka Harbor,Container,Exports,19077.3,,,,
2021,7,"Fiji, Lautoka Harbor", Lautoka Harbor,Container,Imports,6659.2,,,,
2021,7,"Fiji, Lautoka Harbor", Lautoka Harbor,General Cargo,Imports,5008.3,,,,
2021,7,"Fiji, Lautoka Harbor", Lautoka Harbor,Tanker,Exports,4751.2,,,,
2021,7,"Fiji, Lautoka Harbor", Lautoka Harbor,Tanker,Imports,18119.7,,,,
2021,7,"Fiji, Malai", Malai,Tanker,Exports,585.5,,,,
2021,7,"Fiji, Malai", Malai,Tanker,Imports,2646.9,,,,
2021,7,"Fiji, Suva Harbor", Suva Harbor,Bulk Carrier,Imports,17549.1,,,,
2021,7,"Fiji, Suva Harbor", Suva Harbor,Container,Exports,9356.7,,,,
2021,7,"Fiji, Suva Harbor", Suva Harbor,Container,Imports,19196.5,,,,
2021,7,"Fiji, Suva Harbor", Suva Harbor,General Cargo,Exports,2545.9,,,,
2021,7,"Fiji, Suva Harbor", Suva Harbor,General Cargo,Imports,3638.8,,,,
2021,7,"Fiji, Suva Harbor", Suva Harbor,Tanker,Exports,2129.8,,,,
2021,7,"Fiji, Suva Harbor", Suva Harbor,Tanker,Imports,10863.3,,,,
2021,7,"Kiribati, Kiribati", Kiribati,Tanker,Exports,721.1,,,,
2021,7,"Kiribati, Tarawa Atoll", Tarawa Atoll,Container,Imports,2320.3,,,,
2021,7,"Kiribati, Tarawa Atoll", Tarawa Atoll,General Cargo,Imports,976.5,,,,
2021,7,"Kiribati, Tarawa Atoll", Tarawa Atoll,Tanker,Exports,5238.8,,,,
2021,7,"Marshall Islands, Ebeye", Ebeye,General Cargo,Imports,2036.2,,,,
2021,7,"Marshall Islands, Kwajalein", Kwajalein,General Cargo,Exports,1182.7,,,,
2021,7,"Marshall Islands, Kwajalein", Kwajalein,General Cargo,Imports,2066.1,,,,
2021,7,"Marshall Islands, Majuro Atoll", Majuro Atoll,Container,Exports,781.2,,,,
2021,7,"Marshall Islands, Majuro Atoll", Majuro Atoll,Container,Imports,995.1,,,,
2021,7,"Marshall Islands, Majuro Atoll", Majuro Atoll,General Cargo,Exports,25104.8,,,,
2021,7,"Marshall Islands, Majuro Atoll", Majuro Atoll,General Cargo,Imports,3237.7,,,,
2021,7,"Marshall Islands, Majuro Atoll", Majuro Atoll,Tanker,Imports,6068.2,,,,
2021,7,"Micronesia, Colonia", Colonia,Container,Imports,520,,,,
2021,7,"Micronesia, Colonia", Colonia,General Cargo,Imports,700.5,,,,
2021,7,"Micronesia, Colonia", Colonia,Tanker,Imports,621.7,,,,
2021,7,"Micronesia, Lele Harbor", Lele Harbor,Container,Exports,2081.2,,,,
2021,7,"Micronesia, Lele Harbor", Lele Harbor,General Cargo,Imports,1568.3,,,,
2021,7,"Micronesia, Lele Harbor", Lele Harbor,Tanker,Imports,413.3,,,,
2021,7,"Micronesia, Moen", Moen,General Cargo,Imports,2053.1,,,,
2021,7,"Micronesia, Moen", Moen,Tanker,Imports,1451,,,,
2021,7,"Micronesia, Pornpei Harbor", Pornpei Harbor,Container,Exports,2641,,,,
2021,7,"Micronesia, Pornpei Harbor", Pornpei Harbor,General Cargo,Exports,4737.5,,,,
2021,7,"Micronesia, Pornpei Harbor", Pornpei Harbor,General Cargo,Imports,1959.1,,,,
2021,7,"Micronesia, Pornpei Harbor", Pornpei Harbor,Tanker,Exports,1031.2,,,,
2021,7,"Nauru, Nauru", Nauru,General Cargo,Imports,1167.8,,,,
2021,7,"Palau, Malakal Harbor", Malakal Harbor,Container,Imports,1207.8,,,,
2021,7,"Palau, Malakal Harbor", Malakal Harbor,General Cargo,Exports,1296.8,,,,
2021,7,"Palau, Malakal Harbor", Malakal Harbor,General Cargo,Imports,794.1,,,,
2021,7,"Palau, Malakal Harbor", Malakal Harbor,Tanker,Imports,619.5,,,,
2021,7,"Papua New Guinea, Alotoa", Alotoa,Bulk Carrier,Exports,7454.6,,,,
2021,7,"Papua New Guinea, Alotoa", Alotoa,Container,Exports,800.6,,,,
2021,7,"Papua New Guinea, Alotoa", Alotoa,Container,Imports,3081.5,,,,
2021,7,"Papua New Guinea, Alotoa", Alotoa,General Cargo,Exports,32.9,,,,
2021,7,"Papua New Guinea, Alotoa", Alotoa,General Cargo,Imports,1088.3,,,,
2021,7,"Papua New Guinea, Alotoa", Alotoa,Tanker,Exports,9828.2,,,,
2021,7,"Papua New Guinea, Buka", Buka,Container,Exports,445.8,,,,
2021,7,"Papua New Guinea, Buka", Buka,Container,Imports,1777.4,,,,
2021,7,"Papua New Guinea, Buka", Buka,General Cargo,Exports,282.9,,,,
2021,7,"Papua New Guinea, Daru", Daru,General Cargo,Exports,6755.6,,,,
2021,7,"Papua New Guinea, Daru", Daru,General Cargo,Imports,604.6,,,,
2021,7,"Papua New Guinea, Kavieng Harbor", Kavieng Harbor,Bulk Carrier,Exports,35147.7,,,,
2021,7,"Papua New Guinea, Kavieng Harbor", Kavieng Harbor,Container,Exports,100.7,,,,
2021,7,"Papua New Guinea, Kavieng Harbor", Kavieng Harbor,Container,Imports,1703.8,,,,
2021,7,"Papua New Guinea, Kieta", Kieta,Container,Imports,1860.9,,,,
2021,7,"Papua New Guinea, Kimbe", Kimbe,Bulk Carrier,Exports,25991.2,,,,
2021,7,"Papua New Guinea, Kimbe", Kimbe,Container,Imports,3977.6,,,,
2021,7,"Papua New Guinea, Kimbe", Kimbe,General Cargo,Exports,12989.5,,,,
2021,7,"Papua New Guinea, Kimbe", Kimbe,Tanker,Exports,26328.4,,,,
2021,7,"Papua New Guinea, Lae", Lae,Bulk Carrier,Exports,1765.4,,,,
2021,7,"Papua New Guinea, Lae", Lae,Bulk Carrier,Imports,11390.9,,,,
2021,7,"Papua New Guinea, Lae", Lae,Container,Exports,13118.2,,,,
2021,7,"Papua New Guinea, Lae", Lae,Container,Imports,38224.9,,,,
2021,7,"Papua New Guinea, Lae", Lae,General Cargo,Exports,12448.5,,,,
2021,7,"Papua New Guinea, Lae", Lae,General Cargo,Imports,9409.6,,,,
2021,7,"Papua New Guinea, Lae", Lae,Tanker,Exports,3878.3,,,,
2021,7,"Papua New Guinea, Lae", Lae,Tanker,Imports,13784.1,,,,
2021,7,"Papua New Guinea, Madang", Madang,Bulk Carrier,Exports,21960.3,,,,
2021,7,"Papua New Guinea, Madang", Madang,Container,Exports,4477.8,,,,
2021,7,"Papua New Guinea, Madang", Madang,Container,Imports,1443.7,,,,
2021,7,"Papua New Guinea, Madang", Madang,General Cargo,Exports,1643.4,,,,
2021,7,"Papua New Guinea, Madang", Madang,General Cargo,Imports,822.8,,,,
2021,7,"Papua New Guinea, Madang", Madang,Tanker,Exports,494.5,,,,
2021,7,"Papua New Guinea, Madang", Madang,Tanker,Imports,3803.3,,,,
2021,7,"Papua New Guinea, Oro Bay", Oro Bay,Bulk Carrier,Exports,2184.3,,,,
2021,7,"Papua New Guinea, Oro Bay", Oro Bay,Container,Imports,2234.4,,,,
2021,7,"Papua New Guinea, Oro Bay", Oro Bay,General Cargo,Exports,32.9,,,,
2021,7,"Papua New Guinea, Oro Bay", Oro Bay,General Cargo,Imports,397.8,,,,
2021,7,"Papua New Guinea, Port Moresby", Port Moresby,Bulk Carrier,Exports,17671.2,,,,
2021,7,"Papua New Guinea, Port Moresby", Port Moresby,Container,Exports,2991,,,,
2021,7,"Papua New Guinea, Port Moresby", Port Moresby,Container,Imports,26879,,,,
2021,7,"Papua New Guinea, Port Moresby", Port Moresby,General Cargo,Exports,12093.4,,,,
2021,7,"Papua New Guinea, Port Moresby", Port Moresby,General Cargo,Imports,12497.1,,,,
2021,7,"Papua New Guinea, Port Moresby", Port Moresby,Tanker,Exports,221126,,,,
2021,7,"Papua New Guinea, Port Moresby", Port Moresby,Tanker,Imports,57205.6,,,,
2021,7,"Papua New Guinea, Put Put", Put Put,Container,Imports,10130.1,,,,
2021,7,"Papua New Guinea, Put Put", Put Put,General Cargo,Imports,2217.1,,,,
2021,7,"Papua New Guinea, Put Put", Put Put,Tanker,Exports,192.1,,,,
2021,7,"Papua New Guinea, Put Put", Put Put,Tanker,Imports,8210.6,,,,
2021,7,"Papua New Guinea, Rabaul", Rabaul,Bulk Carrier,Exports,18418,,,,
2021,7,"Papua New Guinea, Rabaul", Rabaul,Container,Exports,1878.1,,,,
2021,7,"Papua New Guinea, Rabaul", Rabaul,Container,Imports,4594.9,,,,
2021,7,"Papua New Guinea, Rabaul", Rabaul,General Cargo,Exports,6825.9,,,,
2021,7,"Papua New Guinea, Rabaul", Rabaul,General Cargo,Imports,643.4,,,,
2021,7,"Papua New Guinea, Rabaul", Rabaul,Tanker,Exports,1708.5,,,,
2021,7,"Papua New Guinea, Rabaul", Rabaul,Tanker,Imports,1504.4,,,,
2021,7,"Papua New Guinea, Vanimo", Vanimo,Bulk Carrier,Exports,3295.5,,,,
2021,7,"Papua New Guinea, Vanimo", Vanimo,General Cargo,Exports,449,,,,
2021,7,"Papua New Guinea, Vanimo", Vanimo,General Cargo,Imports,822.8,,,,
2021,7,"Papua New Guinea, Wewak Harbor", Wewak Harbor,Bulk Carrier,Exports,16759.3,,,,
2021,7,"Papua New Guinea, Wewak Harbor", Wewak Harbor,Container,Exports,320.5,,,,
2021,7,"Papua New Guinea, Wewak Harbor", Wewak Harbor,General Cargo,Exports,1744,,,,
2021,7,"Papua New Guinea, Wewak Harbor", Wewak Harbor,General Cargo,Imports,2177.8,,,,
2021,7,"Papua New Guinea, Wewak Harbor", Wewak Harbor,Tanker,Exports,1784.4,,,,
2021,7,"Samoa, Apia", Apia,Container,Exports,5567.3,,,,
2021,7,"Samoa, Apia", Apia,Container,Imports,12046,,,,
2021,7,"Samoa, Apia", Apia,General Cargo,Exports,540.4,,,,
2021,7,"Samoa, Apia", Apia,General Cargo,Imports,6117.9,,,,
2021,7,"Samoa, Apia", Apia,Tanker,Imports,4811.1,,,,
2021,7,"Solomon Islands, Honiara", Honiara,Bulk Carrier,Exports,90006.8,,,,
2021,7,"Solomon Islands, Honiara", Honiara,Container,Exports,1213.8,,,,
2021,7,"Solomon Islands, Honiara", Honiara,Container,Imports,13616,,,,
2021,7,"Solomon Islands, Honiara", Honiara,General Cargo,Exports,6919.2,,,,
2021,7,"Solomon Islands, Honiara", Honiara,General Cargo,Imports,1273.9,,,,
2021,7,"Solomon Islands, Honiara", Honiara,Tanker,Imports,10900.7,,,,
2021,7,"Solomon Islands, Mbulo", Mbulo,Bulk Carrier,Exports,4016.4,,,,
2021,7,"Solomon Islands, Ndora", Ndora,Bulk Carrier,Exports,15452.5,,,,
2021,7,"Solomon Islands, Port Noro", Port Noro,Bulk Carrier,Exports,14078.3,,,,
2021,7,"Solomon Islands, Port Noro", Port Noro,Container,Exports,1323.3,,,,
2021,7,"Solomon Islands, Port Noro", Port Noro,Container,Imports,0.3,,,,
2021,7,"Solomon Islands, Port Noro", Port Noro,General Cargo,Exports,19989.7,,,,
2021,7,"Solomon Islands, Rennell Island", Rennell Island,Bulk Carrier,Exports,9025.9,,,,
2021,7,"Tonga, Neiafu", Neiafu,General Cargo,Exports,672.6,,,,
2021,7,"Tonga, Neiafu", Neiafu,Tanker,Imports,396.6,,,,
2021,7,"Tonga, Nuku Alofa", Nuku Alofa,Container,Exports,253.7,,,,
2021,7,"Tonga, Nuku Alofa", Nuku Alofa,Container,Imports,1362.5,,,,
2021,7,"Tonga, Nuku Alofa", Nuku Alofa,General Cargo,Exports,172.9,,,,
2021,7,"Tonga, Nuku Alofa", Nuku Alofa,General Cargo,Imports,4096.8,,,,
2021,7,"Tonga, Nuku Alofa", Nuku Alofa,Tanker,Imports,2163.4,,,,
2021,7,"Tuvalu, Funafuti Atoll", Funafuti Atoll,General Cargo,Exports,808.9,,,,
2021,7,"Tuvalu, Funafuti Atoll", Funafuti Atoll,General Cargo,Imports,575.6,,,,
2021,7,"Tuvalu, Funafuti Atoll", Funafuti Atoll,Tanker,Exports,138.5,,,,
2021,7,"Vanuatu, Luganville", Luganville,Container,Exports,1172.3,,,,
2021,7,"Vanuatu, Luganville", Luganville,General Cargo,Imports,975.6,,,,
2021,7,"Vanuatu, Luganville", Luganville,Tanker,Exports,2454.8,,,,
2021,7,"Vanuatu, Port Vila", Port Vila,Container,Exports,607.2,,,,
2021,7,"Vanuatu, Port Vila", Port Vila,Container,Imports,3511,,,,
2021,7,"Vanuatu, Port Vila", Port Vila,General Cargo,Exports,647.6,,,,
2021,7,"Vanuatu, Port Vila", Port Vila,General Cargo,Imports,974.6,,,,
2021,7,"Vanuatu, Port Vila", Port Vila,Tanker,Exports,489.6,,,,
2021,7,"Vanuatu, Port Vila", Port Vila,Tanker,Imports,281.6,,,,
2021,8,"Fiji, Lautoka Harbor", Lautoka Harbor,Bulk Carrier,Exports,9026.5,,,,
2021,8,"Fiji, Lautoka Harbor", Lautoka Harbor,Bulk Carrier,Imports,3249.9,,,,
2021,8,"Fiji, Lautoka Harbor", Lautoka Harbor,Container,Exports,13720.5,,,,
2021,8,"Fiji, Lautoka Harbor", Lautoka Harbor,Container,Imports,5780.3,,,,
2021,8,"Fiji, Lautoka Harbor", Lautoka Harbor,General Cargo,Exports,1110.3,,,,
2021,8,"Fiji, Lautoka Harbor", Lautoka Harbor,General Cargo,Imports,6093.5,,,,
2021,8,"Fiji, Lautoka Harbor", Lautoka Harbor,Tanker,Exports,5243.9,,,,
2021,8,"Fiji, Lautoka Harbor", Lautoka Harbor,Tanker,Imports,11867.7,,,,
2021,8,"Fiji, Malai", Malai,Tanker,Exports,1089.3,,,,
2021,8,"Fiji, Malai", Malai,Tanker,Imports,138.5,,,,
2021,8,"Fiji, Nabouwalu Jetty", Nabouwalu Jetty,Bulk Carrier,Exports,7264.1,,,,
2021,8,"Fiji, Nabouwalu Jetty", Nabouwalu Jetty,Bulk Carrier,Imports,3338.1,,,,
2021,8,"Fiji, Suva Harbor", Suva Harbor,Container,Exports,10280,,,,
2021,8,"Fiji, Suva Harbor", Suva Harbor,Container,Imports,12177.4,,,,
2021,8,"Fiji, Suva Harbor", Suva Harbor,General Cargo,Exports,1193.9,,,,
2021,8,"Fiji, Suva Harbor", Suva Harbor,General Cargo,Imports,4037.7,,,,
2021,8,"Fiji, Suva Harbor", Suva Harbor,Tanker,Exports,3711.5,,,,
2021,8,"Fiji, Suva Harbor", Suva Harbor,Tanker,Imports,12602.2,,,,
2021,8,"Kiribati, Tarawa Atoll", Tarawa Atoll,Container,Imports,3083.4,,,,
2021,8,"Kiribati, Tarawa Atoll", Tarawa Atoll,General Cargo,Imports,1598.2,,,,
2021,8,"Kiribati, Tarawa Atoll", Tarawa Atoll,Tanker,Exports,2048.6,,,,
2021,8,"Marshall Islands, Ebeye", Ebeye,General Cargo,Imports,2073.8,,,,
2021,8,"Marshall Islands, Kwajalein", Kwajalein,General Cargo,Imports,2630.6,,,,
2021,8,"Marshall Islands, Kwajalein", Kwajalein,Tanker,Exports,159.2,,,,
2021,8,"Marshall Islands, Majuro Atoll", Majuro Atoll,Container,Exports,698.9,,,,
2021,8,"Marshall Islands, Majuro Atoll", Majuro Atoll,Container,Imports,1390.7,,,,
2021,8,"Marshall Islands, Majuro Atoll", Majuro Atoll,General Cargo,Exports,7326.7,,,,
2021,8,"Marshall Islands, Majuro Atoll", Majuro Atoll,General Cargo,Imports,2288.6,,,,
2021,8,"Marshall Islands, Majuro Atoll", Majuro Atoll,Tanker,Imports,2143.7,,,,
2021,8,"Micronesia, Colonia", Colonia,Container,Imports,1998.5,,,,
2021,8,"Micronesia, Colonia", Colonia,General Cargo,Exports,75.2,,,,
2021,8,"Micronesia, Colonia", Colonia,Tanker,Imports,209.6,,,,
2021,8,"Micronesia, Lele Harbor", Lele Harbor,Container,Exports,2234.6,,,,
2021,8,"Micronesia, Lele Harbor", Lele Harbor,General Cargo,Imports,1770.8,,,,
2021,8,"Micronesia, Moen", Moen,General Cargo,Imports,4352,,,,
2021,8,"Micronesia, Moen", Moen,Tanker,Imports,608.6,,,,
2021,8,"Micronesia, Pornpei Harbor", Pornpei Harbor,Container,Exports,907.3,,,,
2021,8,"Micronesia, Pornpei Harbor", Pornpei Harbor,General Cargo,Exports,255.6,,,,
2021,8,"Micronesia, Pornpei Harbor", Pornpei Harbor,General Cargo,Imports,1235.4,,,,
2021,8,"Micronesia, Pornpei Harbor", Pornpei Harbor,Tanker,Exports,415.2,,,,
2021,8,"Micronesia, Pornpei Harbor", Pornpei Harbor,Tanker,Imports,3486.4,,,,
2021,8,"Nauru, Nauru", Nauru,General Cargo,Imports,1167.8,,,,
2021,8,"Palau, Malakal Harbor", Malakal Harbor,Container,Imports,1692.7,,,,
2021,8,"Palau, Malakal Harbor", Malakal Harbor,General Cargo,Exports,1394.4,,,,
2021,8,"Palau, Malakal Harbor", Malakal Harbor,Tanker,Exports,791.6,,,,
2021,8,"Palau, Malakal Harbor", Malakal Harbor,Tanker,Imports,836.3,,,,
2021,8,"Papua New Guinea, Alotoa", Alotoa,Container,Exports,383.4,,,,
2021,8,"Papua New Guinea, Alotoa", Alotoa,General Cargo,Exports,158.1,,,,
2021,8,"Papua New Guinea, Alotoa", Alotoa,Tanker,Imports,289.7,,,,
2021,8,"Papua New Guinea, Buka", Buka,Container,Exports,887,,,,
2021,8,"Papua New Guinea, Buka", Buka,Container,Imports,679.3,,,,
2021,8,"Papua New Guinea, Buka", Buka,General Cargo,Exports,212.2,,,,
2021,8,"Papua New Guinea, Buka", Buka,General Cargo,Imports,138.7,,,,
2021,8,"Papua New Guinea, Daru", Daru,Bulk Carrier,Exports,4953,,,,
2021,8,"Papua New Guinea, Daru", Daru,General Cargo,Exports,220.6,,,,
2021,8,"Papua New Guinea, Daru", Daru,General Cargo,Imports,537.8,,,,
2021,8,"Papua New Guinea, Kavieng Harbor", Kavieng Harbor,Bulk Carrier,Exports,24997.8,,,,
2021,8,"Papua New Guinea, Kavieng Harbor", Kavieng Harbor,Bulk Carrier,Imports,3929,,,,
2021,8,"Papua New Guinea, Kavieng Harbor", Kavieng Harbor,Container,Imports,2767.9,,,,
2021,8,"Papua New Guinea, Kavieng Harbor", Kavieng Harbor,General Cargo,Exports,6498.6,,,,
2021,8,"Papua New Guinea, Kavieng Harbor", Kavieng Harbor,Tanker,Exports,27.9,,,,
2021,8,"Papua New Guinea, Kieta", Kieta,Container,Exports,215.5,,,,
2021,8,"Papua New Guinea, Kieta", Kieta,General Cargo,Exports,70.7,,,,
2021,8,"Papua New Guinea, Kimbe", Kimbe,Bulk Carrier,Exports,39164.1,,,,
2021,8,"Papua New Guinea, Kimbe", Kimbe,Container,Exports,2190.4,,,,
2021,8,"Papua New Guinea, Kimbe", Kimbe,Container,Imports,5373.4,,,,
2021,8,"Papua New Guinea, Kimbe", Kimbe,General Cargo,Exports,4922.9,,,,
2021,8,"Papua New Guinea, Kimbe", Kimbe,Tanker,Exports,31186.2,,,,
2021,8,"Papua New Guinea, Kimbe", Kimbe,Tanker,Imports,1441.2,,,,
2021,8,"Papua New Guinea, Lae", Lae,Bulk Carrier,Imports,8525.6,,,,
2021,8,"Papua New Guinea, Lae", Lae,Container,Exports,18566.7,,,,
2021,8,"Papua New Guinea, Lae", Lae,Container,Imports,37044.1,,,,
2021,8,"Papua New Guinea, Lae", Lae,General Cargo,Exports,21535.8,,,,
2021,8,"Papua New Guinea, Lae", Lae,General Cargo,Imports,13304.1,,,,
2021,8,"Papua New Guinea, Lae", Lae,Tanker,Imports,13811.6,,,,
2021,8,"Papua New Guinea, Madang", Madang,Bulk Carrier,Exports,46892.3,,,,
2021,8,"Papua New Guinea, Madang", Madang,Container,Exports,2717.7,,,,
2021,8,"Papua New Guinea, Madang", Madang,Container,Imports,1551.7,,,,
2021,8,"Papua New Guinea, Madang", Madang,General Cargo,Exports,5013.4,,,,
2021,8,"Papua New Guinea, Madang", Madang,General Cargo,Imports,932.1,,,,
2021,8,"Papua New Guinea, Madang", Madang,Tanker,Imports,984.4,,,,
2021,8,"Papua New Guinea, Oro Bay", Oro Bay,Bulk Carrier,Exports,12572.3,,,,
2021,8,"Papua New Guinea, Oro Bay", Oro Bay,Container,Exports,215.5,,,,
2021,8,"Papua New Guinea, Oro Bay", Oro Bay,General Cargo,Exports,4582.1,,,,
2021,8,"Papua New Guinea, Oro Bay", Oro Bay,Tanker,Exports,17162,,,,
2021,8,"Papua New Guinea, Port Moresby", Port Moresby,Bulk Carrier,Exports,4187.8,,,,
2021,8,"Papua New Guinea, Port Moresby", Port Moresby,Bulk Carrier,Imports,9762.8,,,,
2021,8,"Papua New Guinea, Port Moresby", Port Moresby,Container,Exports,1422.2,,,,
2021,8,"Papua New Guinea, Port Moresby", Port Moresby,Container,Imports,22407.7,,,,
2021,8,"Papua New Guinea, Port Moresby", Port Moresby,General Cargo,Exports,11246.3,,,,
2021,8,"Papua New Guinea, Port Moresby", Port Moresby,General Cargo,Imports,17432.9,,,,
2021,8,"Papua New Guinea, Port Moresby", Port Moresby,Tanker,Exports,237592,,,,
2021,8,"Papua New Guinea, Port Moresby", Port Moresby,Tanker,Imports,45444.8,,,,
2021,8,"Papua New Guinea, Put Put", Put Put,Container,Exports,456.2,,,,
2021,8,"Papua New Guinea, Put Put", Put Put,Container,Imports,4143.4,,,,
2021,8,"Papua New Guinea, Put Put", Put Put,General Cargo,Exports,124.1,,,,
2021,8,"Papua New Guinea, Put Put", Put Put,General Cargo,Imports,1534.2,,,,
2021,8,"Papua New Guinea, Put Put", Put Put,Tanker,Imports,7947.5,,,,
2021,8,"Papua New Guinea, Rabaul", Rabaul,Bulk Carrier,Exports,7533.8,,,,
2021,8,"Papua New Guinea, Rabaul", Rabaul,Container,Exports,1106.6,,,,
2021,8,"Papua New Guinea, Rabaul", Rabaul,Container,Imports,7472.6,,,,
2021,8,"Papua New Guinea, Rabaul", Rabaul,General Cargo,Exports,3607.3,,,,
2021,8,"Papua New Guinea, Rabaul", Rabaul,General Cargo,Imports,3810.5,,,,
2021,8,"Papua New Guinea, Rabaul", Rabaul,Tanker,Imports,12647.3,,,,
2021,8,"Papua New Guinea, Vanimo", Vanimo,Bulk Carrier,Exports,32449.3,,,,
2021,8,"Papua New Guinea, Vanimo", Vanimo,General Cargo,Exports,11062.1,,,,
2021,8,"Papua New Guinea, Vanimo", Vanimo,General Cargo,Imports,237.4,,,,
2021,8,"Papua New Guinea, Vanimo", Vanimo,Tanker,Exports,2573.4,,,,
2021,8,"Papua New Guinea, Wewak Harbor", Wewak Harbor,Bulk Carrier,Exports,7667.7,,,,
2021,8,"Papua New Guinea, Wewak Harbor", Wewak Harbor,Bulk Carrier,Imports,3103.7,,,,
2021,8,"Papua New Guinea, Wewak Harbor", Wewak Harbor,Container,Exports,262.2,,,,
2021,8,"Papua New Guinea, Wewak Harbor", Wewak Harbor,General Cargo,Exports,3337.3,,,,
2021,8,"Papua New Guinea, Wewak Harbor", Wewak Harbor,General Cargo,Imports,278.1,,,,
2021,8,"Papua New Guinea, Wewak Harbor", Wewak Harbor,Tanker,Exports,6297.3,,,,
2021,8,"Papua New Guinea, Wewak Harbor", Wewak Harbor,Tanker,Imports,6812.5,,,,
2021,8,"Samoa, Apia", Apia,Container,Exports,4346.7,,,,
2021,8,"Samoa, Apia", Apia,Container,Imports,9554.1,,,,
2021,8,"Samoa, Apia", Apia,General Cargo,Exports,1412.2,,,,
2021,8,"Samoa, Apia", Apia,General Cargo,Imports,2915,,,,
2021,8,"Samoa, Apia", Apia,Tanker,Imports,539.7,,,,
2021,8,"Solomon Islands, Honiara", Honiara,Bulk Carrier,Exports,54896.4,,,,
2021,8,"Solomon Islands, Honiara", Honiara,Container,Exports,2159.9,,,,
2021,8,"Solomon Islands, Honiara", Honiara,Container,Imports,8381.1,,,,
2021,8,"Solomon Islands, Honiara", Honiara,General Cargo,Exports,103,,,,
2021,8,"Solomon Islands, Honiara", Honiara,General Cargo,Imports,1438.9,,,,
2021,8,"Solomon Islands, Honiara", Honiara,Tanker,Imports,9680.4,,,,
2021,8,"Solomon Islands, Ndora", Ndora,Bulk Carrier,Exports,2755.2,,,,
2021,8,"Solomon Islands, Port Noro", Port Noro,Bulk Carrier,Exports,12098.6,,,,
2021,8,"Solomon Islands, Port Noro", Port Noro,Container,Exports,250.1,,,,
2021,8,"Solomon Islands, Port Noro", Port Noro,General Cargo,Exports,614.8,,,,
2021,8,"Tonga, Neiafu", Neiafu,General Cargo,Exports,673.7,,,,
2021,8,"Tonga, Neiafu", Neiafu,Tanker,Imports,136.6,,,,
2021,8,"Tonga, Nuku Alofa", Nuku Alofa,Container,Imports,2388.5,,,,
2021,8,"Tonga, Nuku Alofa", Nuku Alofa,General Cargo,Exports,171.4,,,,
2021,8,"Tonga, Nuku Alofa", Nuku Alofa,General Cargo,Imports,7538.2,,,,
2021,8,"Tonga, Nuku Alofa", Nuku Alofa,Tanker,Exports,244.8,,,,
2021,8,"Tonga, Nuku Alofa", Nuku Alofa,Tanker,Imports,1954,,,,
2021,8,"Tuvalu, Funafuti Atoll", Funafuti Atoll,General Cargo,Exports,522.7,,,,
2021,8,"Vanuatu, Luganville", Luganville,Container,Exports,216.8,,,,
2021,8,"Vanuatu, Luganville", Luganville,Container,Imports,930.3,,,,
2021,8,"Vanuatu, Luganville", Luganville,General Cargo,Imports,1781.9,,,,
2021,8,"Vanuatu, Port Vila", Port Vila,Container,Exports,1954.3,,,,
2021,8,"Vanuatu, Port Vila", Port Vila,General Cargo,Imports,3086.2,,,,
2021,8,"Vanuatu, Port Vila", Port Vila,Tanker,Imports,1981.2,,,,
2021,9,"Fiji, Lautoka Harbor", Lautoka Harbor,Bulk Carrier,Exports,9414,,,,
2021,9,"Fiji, Lautoka Harbor", Lautoka Harbor,Container,Exports,16857,,,,
2021,9,"Fiji, Lautoka Harbor", Lautoka Harbor,Container,Imports,5818.1,,,,
2021,9,"Fiji, Lautoka Harbor", Lautoka Harbor,General Cargo,Exports,2186.8,,,,
2021,9,"Fiji, Lautoka Harbor", Lautoka Harbor,General Cargo,Imports,4464.3,,,,
2021,9,"Fiji, Lautoka Harbor", Lautoka Harbor,Tanker,Exports,21531.5,,,,
2021,9,"Fiji, Lautoka Harbor", Lautoka Harbor,Tanker,Imports,27168,,,,
2021,9,"Fiji, Malai", Malai,Bulk Carrier,Exports,11323.4,,,,
2021,9,"Fiji, Malai", Malai,Tanker,Exports,3059.7,,,,
2021,9,"Fiji, Malai", Malai,Tanker,Imports,2449.9,,,,
2021,9,"Fiji, Suva Harbor", Suva Harbor,Bulk Carrier,Imports,16548.1,,,,
2021,9,"Fiji, Suva Harbor", Suva Harbor,Container,Exports,4009,,,,
2021,9,"Fiji, Suva Harbor", Suva Harbor,Container,Imports,24772.3,,,,
2021,9,"Fiji, Suva Harbor", Suva Harbor,General Cargo,Exports,4167.6,,,,
2021,9,"Fiji, Suva Harbor", Suva Harbor,General Cargo,Imports,4298.4,,,,
2021,9,"Fiji, Suva Harbor", Suva Harbor,Tanker,Exports,3269.1,,,,
2021,9,"Fiji, Suva Harbor", Suva Harbor,Tanker,Imports,8569.2,,,,
2021,9,"Kiribati, Tarawa Atoll", Tarawa Atoll,General Cargo,Imports,1706.8,,,,
2021,9,"Kiribati, Tarawa Atoll", Tarawa Atoll,Tanker,Exports,3251.4,,,,
2021,9,"Marshall Islands, Ebeye", Ebeye,General Cargo,Exports,171.3,,,,
2021,9,"Marshall Islands, Ebeye", Ebeye,General Cargo,Imports,469.6,,,,
2021,9,"Marshall Islands, Kwajalein", Kwajalein,General Cargo,Exports,234.5,,,,
2021,9,"Marshall Islands, Kwajalein", Kwajalein,Tanker,Exports,159.2,,,,
2021,9,"Marshall Islands, Majuro Atoll", Majuro Atoll,Container,Exports,620.9,,,,
2021,9,"Marshall Islands, Majuro Atoll", Majuro Atoll,Container,Imports,462.8,,,,
2021,9,"Marshall Islands, Majuro Atoll", Majuro Atoll,General Cargo,Exports,6763.1,,,,
2021,9,"Marshall Islands, Majuro Atoll", Majuro Atoll,General Cargo,Imports,945.2,,,,
2021,9,"Marshall Islands, Majuro Atoll", Majuro Atoll,Tanker,Exports,2711.2,,,,
2021,9,"Marshall Islands, Majuro Atoll", Majuro Atoll,Tanker,Imports,3395.1,,,,
2021,9,"Micronesia, Colonia", Colonia,Container,Imports,523.4,,,,
2021,9,"Micronesia, Colonia", Colonia,Tanker,Imports,205.4,,,,
2021,9,"Micronesia, Lele Harbor", Lele Harbor,General Cargo,Imports,626.2,,,,
2021,9,"Micronesia, Moen", Moen,General Cargo,Exports,4737.5,,,,
2021,9,"Micronesia, Moen", Moen,General Cargo,Imports,2289.5,,,,
2021,9,"Micronesia, Moen", Moen,Tanker,Imports,840.2,,,,
2021,9,"Micronesia, Pornpei Harbor", Pornpei Harbor,Container,Imports,1212.6,,,,
2021,9,"Micronesia, Pornpei Harbor", Pornpei Harbor,General Cargo,Imports,2026,,,,
2021,9,"Micronesia, Pornpei Harbor", Pornpei Harbor,Tanker,Imports,1860.7,,,,
2021,9,"Nauru, Nauru", Nauru,Bulk Carrier,Exports,32769.7,,,,
2021,9,"Nauru, Nauru", Nauru,Container,Imports,3207.2,,,,
2021,9,"Palau, Malakal Harbor", Malakal Harbor,Container,Imports,1721.2,,,,
2021,9,"Palau, Malakal Harbor", Malakal Harbor,General Cargo,Exports,1296.8,,,,
2021,9,"Palau, Malakal Harbor", Malakal Harbor,General Cargo,Imports,794.1,,,,
2021,9,"Papua New Guinea, Alotoa", Alotoa,Bulk Carrier,Exports,15391.7,,,,
2021,9,"Papua New Guinea, Alotoa", Alotoa,Container,Exports,1225.1,,,,
2021,9,"Papua New Guinea, Alotoa", Alotoa,General Cargo,Exports,384.1,,,,
2021,9,"Papua New Guinea, Alotoa", Alotoa,General Cargo,Imports,492.3,,,,
2021,9,"Papua New Guinea, Alotoa", Alotoa,Tanker,Imports,510.1,,,,
2021,9,"Papua New Guinea, Buka", Buka,Container,Exports,100.7,,,,
2021,9,"Papua New Guinea, Buka", Buka,Container,Imports,748.1,,,,
2021,9,"Papua New Guinea, Buka", Buka,General Cargo,Exports,141.5,,,,
2021,9,"Papua New Guinea, Buka", Buka,General Cargo,Imports,138.7,,,,
2021,9,"Papua New Guinea, Daru", Daru,General Cargo,Exports,11583.6,,,,
2021,9,"Papua New Guinea, Daru", Daru,General Cargo,Imports,2.7,,,,
2021,9,"Papua New Guinea, Kavieng Harbor", Kavieng Harbor,Bulk Carrier,Exports,20768,,,,
2021,9,"Papua New Guinea, Kavieng Harbor", Kavieng Harbor,Container,Imports,1333.6,,,,
2021,9,"Papua New Guinea, Kavieng Harbor", Kavieng Harbor,General Cargo,Exports,525.1,,,,
2021,9,"Papua New Guinea, Kavieng Harbor", Kavieng Harbor,General Cargo,Imports,138.7,,,,
2021,9,"Papua New Guinea, Kavieng Harbor", Kavieng Harbor,Tanker,Exports,27.9,,,,
2021,9,"Papua New Guinea, Kieta", Kieta,Container,Imports,951.1,,,,
2021,9,"Papua New Guinea, Kieta", Kieta,General Cargo,Exports,448.1,,,,
2021,9,"Papua New Guinea, Kimbe", Kimbe,Bulk Carrier,Exports,30221.1,,,,
2021,9,"Papua New Guinea, Kimbe", Kimbe,Container,Exports,2951,,,,
2021,9,"Papua New Guinea, Kimbe", Kimbe,Container,Imports,710.1,,,,
2021,9,"Papua New Guinea, Kimbe", Kimbe,General Cargo,Exports,6424.4,,,,
2021,9,"Papua New Guinea, Kimbe", Kimbe,Tanker,Exports,10334.2,,,,
2021,9,"Papua New Guinea, Lae", Lae,Bulk Carrier,Imports,12665.7,,,,
2021,9,"Papua New Guinea, Lae", Lae,Container,Exports,15931.2,,,,
2021,9,"Papua New Guinea, Lae", Lae,Container,Imports,48326.7,,,,
2021,9,"Papua New Guinea, Lae", Lae,General Cargo,Exports,13418.4,,,,
2021,9,"Papua New Guinea, Lae", Lae,General Cargo,Imports,7848.3,,,,
2021,9,"Papua New Guinea, Lae", Lae,Tanker,Exports,3192.1,,,,
2021,9,"Papua New Guinea, Lae", Lae,Tanker,Imports,6975.6,,,,
2021,9,"Papua New Guinea, Madang", Madang,Bulk Carrier,Exports,26071,,,,
2021,9,"Papua New Guinea, Madang", Madang,Container,Exports,5907.9,,,,
2021,9,"Papua New Guinea, Madang", Madang,Container,Imports,784.3,,,,
2021,9,"Papua New Guinea, Madang", Madang,General Cargo,Exports,11640.3,,,,
2021,9,"Papua New Guinea, Madang", Madang,General Cargo,Imports,3903.3,,,,
2021,9,"Papua New Guinea, Madang", Madang,Tanker,Imports,3098.5,,,,
2021,9,"Papua New Guinea, Oro Bay", Oro Bay,Bulk Carrier,Exports,12245.2,,,,
2021,9,"Papua New Guinea, Oro Bay", Oro Bay,Bulk Carrier,Imports,4533.8,,,,
2021,9,"Papua New Guinea, Oro Bay", Oro Bay,Container,Exports,181.2,,,,
2021,9,"Papua New Guinea, Oro Bay", Oro Bay,Container,Imports,1432.4,,,,
2021,9,"Papua New Guinea, Oro Bay", Oro Bay,General Cargo,Exports,271.8,,,,
2021,9,"Papua New Guinea, Oro Bay", Oro Bay,Tanker,Exports,5396.1,,,,
2021,9,"Papua New Guinea, Port Moresby", Port Moresby,Bulk Carrier,Exports,13282.3,,,,
2021,9,"Papua New Guinea, Port Moresby", Port Moresby,Bulk Carrier,Imports,3076.1,,,,
2021,9,"Papua New Guinea, Port Moresby", Port Moresby,Container,Exports,1859.5,,,,
2021,9,"Papua New Guinea, Port Moresby", Port Moresby,Container,Imports,23520.9,,,,
2021,9,"Papua New Guinea, Port Moresby", Port Moresby,General Cargo,Exports,13171.9,,,,
2021,9,"Papua New Guinea, Port Moresby", Port Moresby,General Cargo,Imports,10261.2,,,,
2021,9,"Papua New Guinea, Port Moresby", Port Moresby,Tanker,Exports,221737.3,,,,
2021,9,"Papua New Guinea, Port Moresby", Port Moresby,Tanker,Imports,78862.1,,,,
2021,9,"Papua New Guinea, Put Put", Put Put,Container,Exports,390.4,,,,
2021,9,"Papua New Guinea, Put Put", Put Put,Container,Imports,7680.5,,,,
2021,9,"Papua New Guinea, Put Put", Put Put,General Cargo,Imports,1414.3,,,,
2021,9,"Papua New Guinea, Put Put", Put Put,Tanker,Imports,5058.7,,,,
2021,9,"Papua New Guinea, Rabaul", Rabaul,Bulk Carrier,Exports,8447.2,,,,
2021,9,"Papua New Guinea, Rabaul", Rabaul,Bulk Carrier,Imports,650.9,,,,
2021,9,"Papua New Guinea, Rabaul", Rabaul,Container,Exports,1470.7,,,,
2021,9,"Papua New Guinea, Rabaul", Rabaul,Container,Imports,4596.3,,,,
2021,9,"Papua New Guinea, Rabaul", Rabaul,General Cargo,Exports,8450.9,,,,
2021,9,"Papua New Guinea, Rabaul", Rabaul,General Cargo,Imports,416.1,,,,
2021,9,"Papua New Guinea, Rabaul", Rabaul,Tanker,Exports,4623.3,,,,
2021,9,"Papua New Guinea, Rabaul", Rabaul,Tanker,Imports,3937,,,,
2021,9,"Papua New Guinea, Vanimo", Vanimo,General Cargo,Exports,11401.1,,,,
2021,9,"Papua New Guinea, Vanimo", Vanimo,General Cargo,Imports,1376.3,,,,
2021,9,"Papua New Guinea, Wewak Harbor", Wewak Harbor,Bulk Carrier,Exports,34441.7,,,,
2021,9,"Papua New Guinea, Wewak Harbor", Wewak Harbor,Container,Exports,784.6,,,,
2021,9,"Papua New Guinea, Wewak Harbor", Wewak Harbor,General Cargo,Exports,2164.5,,,,
2021,9,"Papua New Guinea, Wewak Harbor", Wewak Harbor,General Cargo,Imports,1756.1,,,,
2021,9,"Papua New Guinea, Wewak Harbor", Wewak Harbor,Tanker,Exports,2652.7,,,,
2021,9,"Samoa, Apia", Apia,Container,Exports,1554.4,,,,
2021,9,"Samoa, Apia", Apia,Container,Imports,5414.7,,,,
2021,9,"Samoa, Apia", Apia,General Cargo,Exports,27.6,,,,
2021,9,"Samoa, Apia", Apia,General Cargo,Imports,3399.2,,,,
2021,9,"Samoa, Apia", Apia,Tanker,Imports,3233.9,,,,
2021,9,"Solomon Islands, Honiara", Honiara,Bulk Carrier,Exports,22864.3,,,,
2021,9,"Solomon Islands, Honiara", Honiara,Bulk Carrier,Imports,387.2,,,,
2021,9,"Solomon Islands, Honiara", Honiara,Container,Exports,1881.1,,,,
2021,9,"Solomon Islands, Honiara", Honiara,Container,Imports,15165,,,,
2021,9,"Solomon Islands, Honiara", Honiara,General Cargo,Exports,2189.4,,,,
2021,9,"Solomon Islands, Honiara", Honiara,General Cargo,Imports,3585.5,,,,
2021,9,"Solomon Islands, Honiara", Honiara,Tanker,Exports,248.5,,,,
2021,9,"Solomon Islands, Honiara", Honiara,Tanker,Imports,5477.4,,,,
2021,9,"Solomon Islands, Ndora", Ndora,Bulk Carrier,Exports,3978.2,,,,
2021,9,"Solomon Islands, Ndora", Ndora,General Cargo,Exports,2872.9,,,,
2021,9,"Solomon Islands, Port Noro", Port Noro,Bulk Carrier,Exports,4285.9,,,,
2021,9,"Solomon Islands, Port Noro", Port Noro,Container,Exports,574,,,,
2021,9,"Solomon Islands, Rennell Island", Rennell Island,Bulk Carrier,Exports,3934.7,,,,
2021,9,"Tonga, Neiafu", Neiafu,General Cargo,Imports,533.6,,,,
2021,9,"Tonga, Neiafu", Neiafu,Tanker,Exports,274,,,,
2021,9,"Tonga, Neiafu", Neiafu,Tanker,Imports,692,,,,
2021,9,"Tonga, Nuku Alofa", Nuku Alofa,General Cargo,Imports,3201.6,,,,
2021,9,"Tonga, Nuku Alofa", Nuku Alofa,Tanker,Exports,441.2,,,,
2021,9,"Tonga, Nuku Alofa", Nuku Alofa,Tanker,Imports,3211.8,,,,
2021,9,"Tuvalu, Funafuti Atoll", Funafuti Atoll,General Cargo,Exports,696.6,,,,
2021,9,"Tuvalu, Funafuti Atoll", Funafuti Atoll,General Cargo,Imports,1151.2,,,,
2021,9,"Tuvalu, Funafuti Atoll", Funafuti Atoll,Tanker,Imports,388.3,,,,
2021,9,"Vanuatu, Luganville", Luganville,Container,Imports,852.3,,,,
2021,9,"Vanuatu, Luganville", Luganville,General Cargo,Exports,2533.6,,,,
2021,9,"Vanuatu, Luganville", Luganville,General Cargo,Imports,649.1,,,,
2021,9,"Vanuatu, Luganville", Luganville,Tanker,Exports,491.9,,,,
2021,9,"Vanuatu, Luganville", Luganville,Tanker,Imports,1996.9,,,,
2021,9,"Vanuatu, Port Vila", Port Vila,Container,Imports,6898.5,,,,
2021,9,"Vanuatu, Port Vila", Port Vila,General Cargo,Imports,1050.8,,,,
2021,9,"Vanuatu, Port Vila", Port Vila,Tanker,Exports,114.8,,,,
2021,9,"Vanuatu, Port Vila", Port Vila,Tanker,Imports,491.9,,,,
2021,10,"Fiji, Lautoka Harbor", Lautoka Harbor,Bulk Carrier,Exports,27059,,,,
2021,10,"Fiji, Lautoka Harbor", Lautoka Harbor,Bulk Carrier,Imports,7012.1,,,,
2021,10,"Fiji, Lautoka Harbor", Lautoka Harbor,Container,Exports,12307.8,,,,
2021,10,"Fiji, Lautoka Harbor", Lautoka Harbor,Container,Imports,5846.3,,,,
2021,10,"Fiji, Lautoka Harbor", Lautoka Harbor,General Cargo,Imports,4066,,,,
2021,10,"Fiji, Lautoka Harbor", Lautoka Harbor,Tanker,Exports,3777.1,,,,
2021,10,"Fiji, Lautoka Harbor", Lautoka Harbor,Tanker,Imports,17018.7,,,,
2021,10,"Fiji, Malai", Malai,Bulk Carrier,Exports,2281.2,,,,
2021,10,"Fiji, Malai", Malai,Tanker,Exports,601,,,,
2021,10,"Fiji, Malai", Malai,Tanker,Imports,932.1,,,,
2021,10,"Fiji, Nabouwalu Jetty", Nabouwalu Jetty,Bulk Carrier,Exports,4560,,,,
2021,10,"Fiji, Suva Harbor", Suva Harbor,Bulk Carrier,Exports,708.6,,,,
2021,10,"Fiji, Suva Harbor", Suva Harbor,Container,Exports,13996.6,,,,
2021,10,"Fiji, Suva Harbor", Suva Harbor,Container,Imports,7425.2,,,,
2021,10,"Fiji, Suva Harbor", Suva Harbor,General Cargo,Exports,5340,,,,
2021,10,"Fiji, Suva Harbor", Suva Harbor,General Cargo,Imports,2746.5,,,,
2021,10,"Fiji, Suva Harbor", Suva Harbor,Tanker,Exports,4297.2,,,,
2021,10,"Fiji, Suva Harbor", Suva Harbor,Tanker,Imports,10148.5,,,,
2021,10,"Kiribati, Kiribati", Kiribati,General Cargo,Imports,801.2,,,,
2021,10,"Kiribati, Tarawa Atoll", Tarawa Atoll,Container,Imports,6493,,,,
2021,10,"Marshall Islands, Ebeye", Ebeye,General Cargo,Imports,2416.1,,,,
2021,10,"Marshall Islands, Kwajalein", Kwajalein,General Cargo,Exports,470.6,,,,
2021,10,"Marshall Islands, Kwajalein", Kwajalein,General Cargo,Imports,2073.8,,,,
2021,10,"Marshall Islands, Kwajalein", Kwajalein,Tanker,Imports,52.8,,,,
2021,10,"Marshall Islands, Majuro Atoll", Majuro Atoll,Container,Exports,5.4,,,,
2021,10,"Marshall Islands, Majuro Atoll", Majuro Atoll,Container,Imports,4027.6,,,,
2021,10,"Marshall Islands, Majuro Atoll", Majuro Atoll,General Cargo,Exports,8412.3,,,,
2021,10,"Marshall Islands, Majuro Atoll", Majuro Atoll,General Cargo,Imports,3022.3,,,,
2021,10,"Marshall Islands, Majuro Atoll", Majuro Atoll,Tanker,Imports,209,,,,
2021,10,"Micronesia, Colonia", Colonia,Container,Exports,242.7,,,,
2021,10,"Micronesia, Colonia", Colonia,Container,Imports,277.8,,,,
2021,10,"Micronesia, Colonia", Colonia,General Cargo,Exports,334.9,,,,
2021,10,"Micronesia, Colonia", Colonia,Tanker,Imports,207.2,,,,
2021,10,"Micronesia, Lele Harbor", Lele Harbor,Container,Exports,4482.7,,,,
2021,10,"Micronesia, Lele Harbor", Lele Harbor,General Cargo,Imports,1281.6,,,,
2021,10,"Micronesia, Lele Harbor", Lele Harbor,Tanker,Imports,1041.8,,,,
2021,10,"Micronesia, Moen", Moen,General Cargo,Exports,4737.5,,,,
2021,10,"Micronesia, Moen", Moen,General Cargo,Imports,517.1,,,,
2021,10,"Micronesia, Pornpei Harbor", Pornpei Harbor,Container,Exports,1208.2,,,,
2021,10,"Micronesia, Pornpei Harbor", Pornpei Harbor,General Cargo,Imports,773.2,,,,
2021,10,"Micronesia, Pornpei Harbor", Pornpei Harbor,Tanker,Imports,830.8,,,,
2021,10,"Nauru, Nauru", Nauru,Bulk Carrier,Exports,49065.3,,,,
2021,10,"Nauru, Nauru", Nauru,Container,Exports,1016.9,,,,
2021,10,"Palau, Malakal Harbor", Malakal Harbor,Container,Imports,969.9,,,,
2021,10,"Palau, Malakal Harbor", Malakal Harbor,General Cargo,Imports,3163.2,,,,
2021,10,"Papua New Guinea, Alotoa", Alotoa,Bulk Carrier,Exports,2125.2,,,,
2021,10,"Papua New Guinea, Alotoa", Alotoa,Container,Exports,578.2,,,,
2021,10,"Papua New Guinea, Alotoa", Alotoa,Container,Imports,536.7,,,,
2021,10,"Papua New Guinea, Alotoa", Alotoa,General Cargo,Exports,1072,,,,
2021,10,"Papua New Guinea, Alotoa", Alotoa,Tanker,Exports,5366.3,,,,
2021,10,"Papua New Guinea, Buka", Buka,Container,Imports,382.4,,,,
2021,10,"Papua New Guinea, Buka", Buka,General Cargo,Exports,70.7,,,,
2021,10,"Papua New Guinea, Buka", Buka,General Cargo,Imports,1278.1,,,,
2021,10,"Papua New Guinea, Daru", Daru,General Cargo,Exports,7959.7,,,,
2021,10,"Papua New Guinea, Daru", Daru,General Cargo,Imports,2.7,,,,
2021,10,"Papua New Guinea, Kavieng Harbor", Kavieng Harbor,Bulk Carrier,Exports,43037.9,,,,
2021,10,"Papua New Guinea, Kavieng Harbor", Kavieng Harbor,Container,Imports,2277.3,,,,
2021,10,"Papua New Guinea, Kavieng Harbor", Kavieng Harbor,General Cargo,Exports,4365.2,,,,
2021,10,"Papua New Guinea, Kieta", Kieta,Container,Exports,751.7,,,,
2021,10,"Papua New Guinea, Kimbe", Kimbe,Bulk Carrier,Exports,19240.6,,,,
2021,10,"Papua New Guinea, Kimbe", Kimbe,Container,Exports,575.6,,,,
2021,10,"Papua New Guinea, Kimbe", Kimbe,Container,Imports,1287.8,,,,
2021,10,"Papua New Guinea, Kimbe", Kimbe,General Cargo,Exports,8444.7,,,,
2021,10,"Papua New Guinea, Kimbe", Kimbe,General Cargo,Imports,230.4,,,,
2021,10,"Papua New Guinea, Kimbe", Kimbe,Tanker,Exports,38109,,,,
2021,10,"Papua New Guinea, Lae", Lae,Bulk Carrier,Imports,18325.3,,,,
2021,10,"Papua New Guinea, Lae", Lae,Container,Exports,16238.9,,,,
2021,10,"Papua New Guinea, Lae", Lae,Container,Imports,37077.6,,,,
2021,10,"Papua New Guinea, Lae", Lae,General Cargo,Exports,17810.6,,,,
2021,10,"Papua New Guinea, Lae", Lae,General Cargo,Imports,7484.7,,,,
2021,10,"Papua New Guinea, Lae", Lae,Tanker,Exports,114.8,,,,
2021,10,"Papua New Guinea, Lae", Lae,Tanker,Imports,7347.9,,,,
2021,10,"Papua New Guinea, Madang", Madang,Bulk Carrier,Exports,53534.5,,,,
2021,10,"Papua New Guinea, Madang", Madang,Container,Exports,675.1,,,,
2021,10,"Papua New Guinea, Madang", Madang,Container,Imports,262.8,,,,
2021,10,"Papua New Guinea, Madang", Madang,General Cargo,Exports,3629.4,,,,
2021,10,"Papua New Guinea, Madang", Madang,General Cargo,Imports,5308.4,,,,
2021,10,"Papua New Guinea, Madang", Madang,Tanker,Imports,3920.6,,,,
2021,10,"Papua New Guinea, Oro Bay", Oro Bay,Container,Exports,908.9,,,,
2021,10,"Papua New Guinea, Oro Bay", Oro Bay,General Cargo,Imports,76.8,,,,
2021,10,"Papua New Guinea, Oro Bay", Oro Bay,Tanker,Exports,1925.4,,,,
2021,10,"Papua New Guinea, Port Moresby", Port Moresby,Bulk Carrier,Exports,6040.5,,,,
2021,10,"Papua New Guinea, Port Moresby", Port Moresby,Bulk Carrier,Imports,4488.8,,,,
2021,10,"Papua New Guinea, Port Moresby", Port Moresby,Container,Exports,3255.8,,,,
2021,10,"Papua New Guinea, Port Moresby", Port Moresby,Container,Imports,21732.8,,,,
2021,10,"Papua New Guinea, Port Moresby", Port Moresby,General Cargo,Exports,6212,,,,
2021,10,"Papua New Guinea, Port Moresby", Port Moresby,General Cargo,Imports,10933.3,,,,
2021,10,"Papua New Guinea, Port Moresby", Port Moresby,Tanker,Exports,286453.6,,,,
2021,10,"Papua New Guinea, Port Moresby", Port Moresby,Tanker,Imports,54178.3,,,,
2021,10,"Papua New Guinea, Put Put", Put Put,Container,Exports,781.2,,,,
2021,10,"Papua New Guinea, Put Put", Put Put,Container,Imports,8742.9,,,,
2021,10,"Papua New Guinea, Put Put", Put Put,General Cargo,Imports,1099.7,,,,
2021,10,"Papua New Guinea, Put Put", Put Put,Tanker,Imports,9902.2,,,,
2021,10,"Papua New Guinea, Rabaul", Rabaul,Bulk Carrier,Exports,25119.8,,,,
2021,10,"Papua New Guinea, Rabaul", Rabaul,Container,Exports,5069.7,,,,
2021,10,"Papua New Guinea, Rabaul", Rabaul,Container,Imports,1438.2,,,,
2021,10,"Papua New Guinea, Rabaul", Rabaul,General Cargo,Exports,26162.5,,,,
2021,10,"Papua New Guinea, Rabaul", Rabaul,General Cargo,Imports,1526.7,,,,
2021,10,"Papua New Guinea, Rabaul", Rabaul,Tanker,Exports,837,,,,
2021,10,"Papua New Guinea, Rabaul", Rabaul,Tanker,Imports,2068.9,,,,
2021,10,"Papua New Guinea, Vanimo", Vanimo,Bulk Carrier,Exports,16098.9,,,,
2021,10,"Papua New Guinea, Vanimo", Vanimo,General Cargo,Exports,8420.9,,,,
2021,10,"Papua New Guinea, Wewak Harbor", Wewak Harbor,Bulk Carrier,Exports,3563.6,,,,
2021,10,"Papua New Guinea, Wewak Harbor", Wewak Harbor,Container,Exports,354.9,,,,
2021,10,"Papua New Guinea, Wewak Harbor", Wewak Harbor,Container,Imports,262.4,,,,
2021,10,"Papua New Guinea, Wewak Harbor", Wewak Harbor,General Cargo,Exports,574.3,,,,
2021,10,"Papua New Guinea, Wewak Harbor", Wewak Harbor,General Cargo,Imports,2608.6,,,,
2021,10,"Papua New Guinea, Wewak Harbor", Wewak Harbor,Tanker,Exports,1725.6,,,,
2021,10,"Samoa, Apia", Apia,Container,Exports,929.2,,,,
2021,10,"Samoa, Apia", Apia,Container,Imports,11839.8,,,,
2021,10,"Samoa, Apia", Apia,General Cargo,Exports,643.3,,,,
2021,10,"Samoa, Apia", Apia,General Cargo,Imports,392.1,,,,
2021,10,"Samoa, Apia", Apia,Tanker,Imports,414.4,,,,
2021,10,"Solomon Islands, Honiara", Honiara,Bulk Carrier,Exports,74502.7,,,,
2021,10,"Solomon Islands, Honiara", Honiara,Bulk Carrier,Imports,4986.3,,,,
2021,10,"Solomon Islands, Honiara", Honiara,Container,Exports,2294.8,,,,
2021,10,"Solomon Islands, Honiara", Honiara,Container,Imports,10400.6,,,,
2021,10,"Solomon Islands, Honiara", Honiara,General Cargo,Exports,10511.2,,,,
2021,10,"Solomon Islands, Honiara", Honiara,General Cargo,Imports,798.7,,,,
2021,10,"Solomon Islands, Honiara", Honiara,Tanker,Exports,114.8,,,,
2021,10,"Solomon Islands, Honiara", Honiara,Tanker,Imports,11590.9,,,,
2021,10,"Solomon Islands, Mbulo", Mbulo,Bulk Carrier,Exports,14452.5,,,,
2021,10,"Solomon Islands, Port Noro", Port Noro,Container,Imports,0.3,,,,
2021,10,"Solomon Islands, Rennell Island", Rennell Island,Bulk Carrier,Exports,7450.9,,,,
2021,10,"Solomon Islands, Rennell Island", Rennell Island,General Cargo,Exports,12628.6,,,,
2021,10,"Solomon Islands, Seghe", Seghe,Bulk Carrier,Exports,17120.7,,,,
2021,10,"Tonga, Neiafu", Neiafu,General Cargo,Exports,167.9,,,,
2021,10,"Tonga, Neiafu", Neiafu,Tanker,Imports,415.5,,,,
2021,10,"Tonga, Nuku Alofa", Nuku Alofa,Container,Imports,9872.1,,,,
2021,10,"Tonga, Nuku Alofa", Nuku Alofa,General Cargo,Exports,290.6,,,,
2021,10,"Tonga, Nuku Alofa", Nuku Alofa,General Cargo,Imports,3278.2,,,,
2021,10,"Tonga, Nuku Alofa", Nuku Alofa,Tanker,Imports,4065.4,,,,
2021,10,"Tuvalu, Funafuti Atoll", Funafuti Atoll,Container,Imports,468.6,,,,
2021,10,"Tuvalu, Funafuti Atoll", Funafuti Atoll,General Cargo,Exports,572.3,,,,
2021,10,"Tuvalu, Funafuti Atoll", Funafuti Atoll,Tanker,Exports,138.2,,,,
2021,10,"Vanuatu, Luganville", Luganville,General Cargo,Imports,487.2,,,,
2021,10,"Vanuatu, Port Vila", Port Vila,Container,Exports,779.7,,,,
2021,10,"Vanuatu, Port Vila", Port Vila,Container,Imports,1722.5,,,,
2021,10,"Vanuatu, Port Vila", Port Vila,General Cargo,Exports,325.2,,,,
2021,10,"Vanuatu, Port Vila", Port Vila,General Cargo,Imports,909.5,,,,
2021,10,"Vanuatu, Port Vila", Port Vila,Tanker,Exports,382.4,,,,
2021,10,"Vanuatu, Port Vila", Port Vila,Tanker,Imports,4896.4,,,,
2021,11,"Fiji, Lautoka Harbor", Lautoka Harbor,Container,Exports,16238.9,,,,
2021,11,"Fiji, Lautoka Harbor", Lautoka Harbor,Container,Imports,6230,,,,
2021,11,"Fiji, Lautoka Harbor", Lautoka Harbor,General Cargo,Exports,319.4,,,,
2021,11,"Fiji, Lautoka Harbor", Lautoka Harbor,General Cargo,Imports,1725.3,,,,
2021,11,"Fiji, Lautoka Harbor", Lautoka Harbor,Tanker,Exports,2953.3,,,,
2021,11,"Fiji, Lautoka Harbor", Lautoka Harbor,Tanker,Imports,12722,,,,
2021,11,"Fiji, Malai", Malai,Tanker,Exports,137.5,,,,
2021,11,"Fiji, Malai", Malai,Tanker,Imports,3019.8,,,,
2021,11,"Fiji, Suva Harbor", Suva Harbor,Container,Exports,17887.2,,,,
2021,11,"Fiji, Suva Harbor", Suva Harbor,Container,Imports,26284.2,,,,
2021,11,"Fiji, Suva Harbor", Suva Harbor,General Cargo,Exports,3432.8,,,,
2021,11,"Fiji, Suva Harbor", Suva Harbor,General Cargo,Imports,4202.2,,,,
2021,11,"Fiji, Suva Harbor", Suva Harbor,Tanker,Exports,4767.9,,,,
2021,11,"Fiji, Suva Harbor", Suva Harbor,Tanker,Imports,9393.7,,,,
2021,11,"Kiribati, Kiribati", Kiribati,Tanker,Imports,1828.4,,,,
2021,11,"Kiribati, Tarawa Atoll", Tarawa Atoll,Container,Imports,1860.2,,,,
2021,11,"Kiribati, Tarawa Atoll", Tarawa Atoll,General Cargo,Imports,903.1,,,,
2021,11,"Kiribati, Tarawa Atoll", Tarawa Atoll,Tanker,Exports,2486.2,,,,
2021,11,"Marshall Islands, Ebeye", Ebeye,General Cargo,Imports,1177.5,,,,
2021,11,"Marshall Islands, Kwajalein", Kwajalein,General Cargo,Imports,1898.1,,,,
2021,11,"Marshall Islands, Majuro Atoll", Majuro Atoll,Container,Exports,620.9,,,,
2021,11,"Marshall Islands, Majuro Atoll", Majuro Atoll,Container,Imports,537.2,,,,
2021,11,"Marshall Islands, Majuro Atoll", Majuro Atoll,General Cargo,Exports,8550.2,,,,
2021,11,"Marshall Islands, Majuro Atoll", Majuro Atoll,General Cargo,Imports,1387.1,,,,
2021,11,"Marshall Islands, Majuro Atoll", Majuro Atoll,Tanker,Imports,3082.5,,,,
2021,11,"Micronesia, Colonia", Colonia,Container,Imports,1031.7,,,,
2021,11,"Micronesia, Colonia", Colonia,General Cargo,Imports,700.5,,,,
2021,11,"Micronesia, Colonia", Colonia,Tanker,Imports,209.2,,,,
2021,11,"Micronesia, Lele Harbor", Lele Harbor,Container,Exports,1801.7,,,,
2021,11,"Micronesia, Lele Harbor", Lele Harbor,Container,Imports,1.9,,,,
2021,11,"Micronesia, Lele Harbor", Lele Harbor,General Cargo,Imports,771.1,,,,
2021,11,"Micronesia, Moen", Moen,General Cargo,Exports,1654.4,,,,
2021,11,"Micronesia, Moen", Moen,General Cargo,Imports,1032.8,,,,
2021,11,"Micronesia, Moen", Moen,Tanker,Imports,1025.1,,,,
2021,11,"Micronesia, Pornpei Harbor", Pornpei Harbor,Container,Exports,1289,,,,
2021,11,"Micronesia, Pornpei Harbor", Pornpei Harbor,Container,Imports,1.9,,,,
2021,11,"Micronesia, Pornpei Harbor", Pornpei Harbor,General Cargo,Exports,1579.2,,,,
2021,11,"Micronesia, Pornpei Harbor", Pornpei Harbor,General Cargo,Imports,2031.8,,,,
2021,11,"Micronesia, Pornpei Harbor", Pornpei Harbor,Tanker,Imports,2515.8,,,,
2021,11,"Nauru, Nauru", Nauru,Bulk Carrier,Exports,16579,,,,
2021,11,"Nauru, Nauru", Nauru,Container,Imports,1251.2,,,,
2021,11,"Nauru, Nauru", Nauru,General Cargo,Imports,539.7,,,,
2021,11,"Palau, Malakal Harbor", Malakal Harbor,Container,Imports,1974.2,,,,
2021,11,"Palau, Malakal Harbor", Malakal Harbor,General Cargo,Exports,214.1,,,,
2021,11,"Palau, Malakal Harbor", Malakal Harbor,General Cargo,Imports,794.1,,,,
2021,11,"Palau, Malakal Harbor", Malakal Harbor,Tanker,Imports,3159.5,,,,
2021,11,"Papua New Guinea, Alotoa", Alotoa,Container,Exports,1116.7,,,,
2021,11,"Papua New Guinea, Alotoa", Alotoa,General Cargo,Exports,1439.6,,,,
2021,11,"Papua New Guinea, Alotoa", Alotoa,Tanker,Imports,290.4,,,,
2021,11,"Papua New Guinea, Buka", Buka,Container,Exports,191.6,,,,
2021,11,"Papua New Guinea, Buka", Buka,General Cargo,Exports,141.5,,,,
2021,11,"Papua New Guinea, Buka", Buka,General Cargo,Imports,630.5,,,,
2021,11,"Papua New Guinea, Daru", Daru,Bulk Carrier,Exports,14807.4,,,,
2021,11,"Papua New Guinea, Daru", Daru,General Cargo,Exports,5414.6,,,,
2021,11,"Papua New Guinea, Kavieng Harbor", Kavieng Harbor,Bulk Carrier,Exports,32232,,,,
2021,11,"Papua New Guinea, Kavieng Harbor", Kavieng Harbor,Container,Imports,2277.3,,,,
2021,11,"Papua New Guinea, Kavieng Harbor", Kavieng Harbor,Tanker,Exports,27.9,,,,
2021,11,"Papua New Guinea, Kieta", Kieta,Container,Imports,3412.8,,,,
2021,11,"Papua New Guinea, Kimbe", Kimbe,Bulk Carrier,Exports,54337.5,,,,
2021,11,"Papua New Guinea, Kimbe", Kimbe,General Cargo,Exports,6555.2,,,,
2021,11,"Papua New Guinea, Kimbe", Kimbe,General Cargo,Imports,292.3,,,,
2021,11,"Papua New Guinea, Kimbe", Kimbe,Tanker,Exports,14267.8,,,,
2021,11,"Papua New Guinea, Lae", Lae,Bulk Carrier,Imports,5187.6,,,,
2021,11,"Papua New Guinea, Lae", Lae,Container,Exports,14447.8,,,,
2021,11,"Papua New Guinea, Lae", Lae,Container,Imports,26192.7,,,,
2021,11,"Papua New Guinea, Lae", Lae,General Cargo,Exports,24335.9,,,,
2021,11,"Papua New Guinea, Lae", Lae,General Cargo,Imports,10720.2,,,,
2021,11,"Papua New Guinea, Lae", Lae,Tanker,Exports,607.8,,,,
2021,11,"Papua New Guinea, Lae", Lae,Tanker,Imports,14334.2,,,,
2021,11,"Papua New Guinea, Madang", Madang,Bulk Carrier,Exports,21047.5,,,,
2021,11,"Papua New Guinea, Madang", Madang,Container,Exports,1341,,,,
2021,11,"Papua New Guinea, Madang", Madang,General Cargo,Exports,1283.4,,,,
2021,11,"Papua New Guinea, Madang", Madang,General Cargo,Imports,4185.9,,,,
2021,11,"Papua New Guinea, Madang", Madang,Tanker,Imports,2551.7,,,,
2021,11,"Papua New Guinea, Oro Bay", Oro Bay,Bulk Carrier,Exports,9286.5,,,,
2021,11,"Papua New Guinea, Oro Bay", Oro Bay,Container,Exports,431,,,,
2021,11,"Papua New Guinea, Oro Bay", Oro Bay,General Cargo,Exports,637.2,,,,
2021,11,"Papua New Guinea, Port Moresby", Port Moresby,Bulk Carrier,Exports,17403,,,,
2021,11,"Papua New Guinea, Port Moresby", Port Moresby,Bulk Carrier,Imports,1097.9,,,,
2021,11,"Papua New Guinea, Port Moresby", Port Moresby,Container,Exports,6416.8,,,,
2021,11,"Papua New Guinea, Port Moresby", Port Moresby,Container,Imports,17290.4,,,,
2021,11,"Papua New Guinea, Port Moresby", Port Moresby,General Cargo,Exports,16648.2,,,,
2021,11,"Papua New Guinea, Port Moresby", Port Moresby,General Cargo,Imports,10177,,,,
2021,11,"Papua New Guinea, Port Moresby", Port Moresby,Tanker,Exports,203513.3,,,,
2021,11,"Papua New Guinea, Port Moresby", Port Moresby,Tanker,Imports,76505.3,,,,
2021,11,"Papua New Guinea, Put Put", Put Put,Container,Imports,6604.1,,,,
2021,11,"Papua New Guinea, Put Put", Put Put,General Cargo,Exports,343.3,,,,
2021,11,"Papua New Guinea, Put Put", Put Put,Tanker,Imports,10793.9,,,,
2021,11,"Papua New Guinea, Rabaul", Rabaul,Bulk Carrier,Exports,28893.8,,,,
2021,11,"Papua New Guinea, Rabaul", Rabaul,Container,Exports,4062.3,,,,
2021,11,"Papua New Guinea, Rabaul", Rabaul,General Cargo,Exports,15830.3,,,,
2021,11,"Papua New Guinea, Rabaul", Rabaul,General Cargo,Imports,3444.2,,,,
2021,11,"Papua New Guinea, Rabaul", Rabaul,Tanker,Exports,4986.2,,,,
2021,11,"Papua New Guinea, Rabaul", Rabaul,Tanker,Imports,4449.7,,,,
2021,11,"Papua New Guinea, Vanimo", Vanimo,General Cargo,Exports,716.6,,,,
2021,11,"Papua New Guinea, Vanimo", Vanimo,General Cargo,Imports,890.6,,,,
2021,11,"Papua New Guinea, Wewak Harbor", Wewak Harbor,Bulk Carrier,Exports,5129.6,,,,
2021,11,"Papua New Guinea, Wewak Harbor", Wewak Harbor,Container,Exports,320.5,,,,
2021,11,"Papua New Guinea, Wewak Harbor", Wewak Harbor,Container,Imports,440.5,,,,
2021,11,"Papua New Guinea, Wewak Harbor", Wewak Harbor,General Cargo,Exports,1131.5,,,,
2021,11,"Papua New Guinea, Wewak Harbor", Wewak Harbor,General Cargo,Imports,3428.6,,,,
2021,11,"Papua New Guinea, Wewak Harbor", Wewak Harbor,Tanker,Exports,2350.2,,,,
2021,11,"Samoa, Apia", Apia,Container,Exports,4062.3,,,,
2021,11,"Samoa, Apia", Apia,Container,Imports,16706.8,,,,
2021,11,"Samoa, Apia", Apia,General Cargo,Exports,27.6,,,,
2021,11,"Samoa, Apia", Apia,General Cargo,Imports,5121.7,,,,
2021,11,"Samoa, Apia", Apia,Tanker,Imports,7449.3,,,,
2021,11,"Solomon Islands, Honiara", Honiara,Bulk Carrier,Exports,92806.5,,,,
2021,11,"Solomon Islands, Honiara", Honiara,Bulk Carrier,Imports,7556.3,,,,
2021,11,"Solomon Islands, Honiara", Honiara,Container,Exports,556.6,,,,
2021,11,"Solomon Islands, Honiara", Honiara,Container,Imports,12268.3,,,,
2021,11,"Solomon Islands, Honiara", Honiara,General Cargo,Exports,14442,,,,
2021,11,"Solomon Islands, Honiara", Honiara,General Cargo,Imports,960,,,,
2021,11,"Solomon Islands, Honiara", Honiara,Tanker,Exports,114.8,,,,
2021,11,"Solomon Islands, Honiara", Honiara,Tanker,Imports,8475.6,,,,
2021,11,"Solomon Islands, Ndora", Ndora,Bulk Carrier,Exports,13753.8,,,,
2021,11,"Solomon Islands, Ndora", Ndora,General Cargo,Exports,2316.4,,,,
2021,11,"Solomon Islands, Port Noro", Port Noro,Container,Exports,312.1,,,,
2021,11,"Solomon Islands, Port Noro", Port Noro,Tanker,Imports,6476.8,,,,
2021,11,"Solomon Islands, Rennell Island", Rennell Island,Bulk Carrier,Exports,23564.4,,,,
2021,11,"Tonga, Neiafu", Neiafu,General Cargo,Exports,167.6,,,,
2021,11,"Tonga, Neiafu", Neiafu,Tanker,Imports,962.7,,,,
2021,11,"Tonga, Nuku Alofa", Nuku Alofa,Container,Imports,2949.4,,,,
2021,11,"Tonga, Nuku Alofa", Nuku Alofa,General Cargo,Imports,4974,,,,
2021,11,"Tonga, Nuku Alofa", Nuku Alofa,Tanker,Imports,2525,,,,
2021,11,"Tuvalu, Funafuti Atoll", Funafuti Atoll,Container,Imports,468.6,,,,
2021,11,"Tuvalu, Funafuti Atoll", Funafuti Atoll,General Cargo,Exports,286.2,,,,
2021,11,"Vanuatu, Luganville", Luganville,Container,Imports,785.7,,,,
2021,11,"Vanuatu, Luganville", Luganville,General Cargo,Exports,1325,,,,
2021,11,"Vanuatu, Port Vila", Port Vila,Container,Imports,10594.1,,,,
2021,11,"Vanuatu, Port Vila", Port Vila,General Cargo,Exports,1649.9,,,,
2021,11,"Vanuatu, Port Vila", Port Vila,General Cargo,Imports,650.1,,,,
2021,11,"Vanuatu, Port Vila", Port Vila,Tanker,Exports,114.8,,,,
2021,12,"Fiji, Lautoka Harbor", Lautoka Harbor,Bulk Carrier,Imports,16635.1,,,,
2021,12,"Fiji, Lautoka Harbor", Lautoka Harbor,Container,Exports,20614.7,,,,
2021,12,"Fiji, Lautoka Harbor", Lautoka Harbor,Container,Imports,7507.6,,,,
2021,12,"Fiji, Lautoka Harbor", Lautoka Harbor,General Cargo,Exports,5483.5,,,,
2021,12,"Fiji, Lautoka Harbor", Lautoka Harbor,General Cargo,Imports,1522.4,,,,
2021,12,"Fiji, Lautoka Harbor", Lautoka Harbor,Tanker,Exports,9803.1,,,,
2021,12,"Fiji, Lautoka Harbor", Lautoka Harbor,Tanker,Imports,25544.1,,,,
2021,12,"Fiji, Malai", Malai,Tanker,Imports,2078.6,,,,
2021,12,"Fiji, Nabouwalu Jetty", Nabouwalu Jetty,Bulk Carrier,Exports,33093.1,,,,
2021,12,"Fiji, Suva Harbor", Suva Harbor,Container,Exports,19789.8,,,,
2021,12,"Fiji, Suva Harbor", Suva Harbor,Container,Imports,22220,,,,
2021,12,"Fiji, Suva Harbor", Suva Harbor,General Cargo,Exports,2121.2,,,,
2021,12,"Fiji, Suva Harbor", Suva Harbor,General Cargo,Imports,4291.8,,,,
2021,12,"Fiji, Suva Harbor", Suva Harbor,Tanker,Exports,6163,,,,
2021,12,"Fiji, Suva Harbor", Suva Harbor,Tanker,Imports,16907.2,,,,
2021,12,"Kiribati, Tarawa Atoll", Tarawa Atoll,Container,Imports,4712.3,,,,
2021,12,"Kiribati, Tarawa Atoll", Tarawa Atoll,Tanker,Exports,2048.6,,,,
2021,12,"Marshall Islands, Ebeye", Ebeye,General Cargo,Imports,1563.9,,,,
2021,12,"Marshall Islands, Kwajalein", Kwajalein,General Cargo,Imports,1860.8,,,,
2021,12,"Marshall Islands, Kwajalein", Kwajalein,Tanker,Exports,159,,,,
2021,12,"Marshall Islands, Majuro Atoll", Majuro Atoll,Container,Exports,1926.8,,,,
2021,12,"Marshall Islands, Majuro Atoll", Majuro Atoll,Container,Imports,1942.7,,,,
2021,12,"Marshall Islands, Majuro Atoll", Majuro Atoll,General Cargo,Exports,7120.9,,,,
2021,12,"Marshall Islands, Majuro Atoll", Majuro Atoll,General Cargo,Imports,2776.8,,,,
2021,12,"Marshall Islands, Majuro Atoll", Majuro Atoll,Tanker,Exports,1042.9,,,,
2021,12,"Marshall Islands, Majuro Atoll", Majuro Atoll,Tanker,Imports,20571.9,,,,
2021,12,"Micronesia, Colonia", Colonia,Container,Exports,244.2,,,,
2021,12,"Micronesia, Colonia", Colonia,Container,Imports,543.7,,,,
2021,12,"Micronesia, Colonia", Colonia,General Cargo,Imports,867.9,,,,
2021,12,"Micronesia, Colonia", Colonia,Tanker,Exports,840.2,,,,
2021,12,"Micronesia, Lele Harbor", Lele Harbor,Container,Exports,2107.4,,,,
2021,12,"Micronesia, Lele Harbor", Lele Harbor,General Cargo,Exports,1746.7,,,,
2021,12,"Micronesia, Lele Harbor", Lele Harbor,General Cargo,Imports,1741.7,,,,
2021,12,"Micronesia, Moen", Moen,General Cargo,Imports,2715.4,,,,
2021,12,"Micronesia, Moen", Moen,Tanker,Imports,623.1,,,,
2021,12,"Micronesia, Pornpei Harbor", Pornpei Harbor,General Cargo,Exports,3158.3,,,,
2021,12,"Micronesia, Pornpei Harbor", Pornpei Harbor,General Cargo,Imports,1911.2,,,,
2021,12,"Micronesia, Pornpei Harbor", Pornpei Harbor,Tanker,Imports,1042.9,,,,
2021,12,"Nauru, Nauru", Nauru,Bulk Carrier,Exports,33542.6,,,,
2021,12,"Nauru, Nauru", Nauru,Container,Imports,2043.6,,,,
2021,12,"Palau, Malakal Harbor", Malakal Harbor,Container,Imports,1457.3,,,,
2021,12,"Palau, Malakal Harbor", Malakal Harbor,General Cargo,Imports,794.1,,,,
2021,12,"Palau, Malakal Harbor", Malakal Harbor,Tanker,Imports,840.2,,,,
2021,12,"Papua New Guinea, Alotoa", Alotoa,Bulk Carrier,Exports,15620.5,,,,
2021,12,"Papua New Guinea, Alotoa", Alotoa,Container,Imports,1437.8,,,,
2021,12,"Papua New Guinea, Alotoa", Alotoa,General Cargo,Exports,32.9,,,,
2021,12,"Papua New Guinea, Alotoa", Alotoa,Tanker,Exports,7911.3,,,,
2021,12,"Papua New Guinea, Buka", Buka,Container,Exports,726.5,,,,
2021,12,"Papua New Guinea, Buka", Buka,General Cargo,Exports,1994.1,,,,
2021,12,"Papua New Guinea, Daru", Daru,Bulk Carrier,Exports,24430,,,,
2021,12,"Papua New Guinea, Daru", Daru,General Cargo,Exports,7085.8,,,,
2021,12,"Papua New Guinea, Daru", Daru,General Cargo,Imports,2.7,,,,
2021,12,"Papua New Guinea, Kavieng Harbor", Kavieng Harbor,Bulk Carrier,Exports,15515.1,,,,
2021,12,"Papua New Guinea, Kavieng Harbor", Kavieng Harbor,Container,Exports,189.3,,,,
2021,12,"Papua New Guinea, Kavieng Harbor", Kavieng Harbor,Container,Imports,2465,,,,
2021,12,"Papua New Guinea, Kavieng Harbor", Kavieng Harbor,General Cargo,Exports,70.7,,,,
2021,12,"Papua New Guinea, Kieta", Kieta,Container,Exports,726.5,,,,
2021,12,"Papua New Guinea, Kimbe", Kimbe,Bulk Carrier,Exports,37818,,,,
2021,12,"Papua New Guinea, Kimbe", Kimbe,Bulk Carrier,Imports,1320.9,,,,
2021,12,"Papua New Guinea, Kimbe", Kimbe,Container,Exports,2547.8,,,,
2021,12,"Papua New Guinea, Kimbe", Kimbe,Container,Imports,3422.9,,,,
2021,12,"Papua New Guinea, Kimbe", Kimbe,General Cargo,Exports,4416.1,,,,
2021,12,"Papua New Guinea, Kimbe", Kimbe,General Cargo,Imports,1122.8,,,,
2021,12,"Papua New Guinea, Kimbe", Kimbe,Tanker,Exports,20474.1,,,,
2021,12,"Papua New Guinea, Lae", Lae,Bulk Carrier,Exports,473.8,,,,
2021,12,"Papua New Guinea, Lae", Lae,Container,Exports,23817.8,,,,
2021,12,"Papua New Guinea, Lae", Lae,Container,Imports,40538,,,,
2021,12,"Papua New Guinea, Lae", Lae,General Cargo,Exports,12473.3,,,,
2021,12,"Papua New Guinea, Lae", Lae,General Cargo,Imports,25295,,,,
2021,12,"Papua New Guinea, Lae", Lae,Tanker,Exports,990.1,,,,
2021,12,"Papua New Guinea, Lae", Lae,Tanker,Imports,19823.9,,,,
2021,12,"Papua New Guinea, Madang", Madang,Bulk Carrier,Exports,4278.2,,,,
2021,12,"Papua New Guinea, Madang", Madang,Container,Exports,5015.3,,,,
2021,12,"Papua New Guinea, Madang", Madang,General Cargo,Exports,11136.1,,,,
2021,12,"Papua New Guinea, Madang", Madang,General Cargo,Imports,8462.8,,,,
2021,12,"Papua New Guinea, Madang", Madang,Tanker,Exports,4226.8,,,,
2021,12,"Papua New Guinea, Oro Bay", Oro Bay,Container,Exports,316.2,,,,
2021,12,"Papua New Guinea, Oro Bay", Oro Bay,General Cargo,Exports,32.9,,,,
2021,12,"Papua New Guinea, Oro Bay", Oro Bay,Tanker,Exports,12246.7,,,,
2021,12,"Papua New Guinea, Port Moresby", Port Moresby,Bulk Carrier,Exports,14948.9,,,,
2021,12,"Papua New Guinea, Port Moresby", Port Moresby,Bulk Carrier,Imports,2011,,,,
2021,12,"Papua New Guinea, Port Moresby", Port Moresby,Container,Exports,3318.7,,,,
2021,12,"Papua New Guinea, Port Moresby", Port Moresby,Container,Imports,21068.7,,,,
2021,12,"Papua New Guinea, Port Moresby", Port Moresby,General Cargo,Exports,10450.3,,,,
2021,12,"Papua New Guinea, Port Moresby", Port Moresby,General Cargo,Imports,28399,,,,
2021,12,"Papua New Guinea, Port Moresby", Port Moresby,Tanker,Exports,241792.8,,,,
2021,12,"Papua New Guinea, Port Moresby", Port Moresby,Tanker,Imports,7614,,,,
2021,12,"Papua New Guinea, Put Put", Put Put,Container,Imports,6370.7,,,,
2021,12,"Papua New Guinea, Put Put", Put Put,General Cargo,Imports,882.1,,,,
2021,12,"Papua New Guinea, Put Put", Put Put,Tanker,Imports,5762.5,,,,
2021,12,"Papua New Guinea, Rabaul", Rabaul,Bulk Carrier,Exports,5112.8,,,,
2021,12,"Papua New Guinea, Rabaul", Rabaul,Bulk Carrier,Imports,377.3,,,,
2021,12,"Papua New Guinea, Rabaul", Rabaul,Container,Exports,1110,,,,
2021,12,"Papua New Guinea, Rabaul", Rabaul,Container,Imports,9163.2,,,,
2021,12,"Papua New Guinea, Rabaul", Rabaul,General Cargo,Exports,11743.3,,,,
2021,12,"Papua New Guinea, Rabaul", Rabaul,General Cargo,Imports,1772.5,,,,
2021,12,"Papua New Guinea, Rabaul", Rabaul,Tanker,Imports,2506.2,,,,
2021,12,"Papua New Guinea, Vanimo", Vanimo,Bulk Carrier,Exports,30955.7,,,,
2021,12,"Papua New Guinea, Vanimo", Vanimo,General Cargo,Exports,3315.1,,,,
2021,12,"Papua New Guinea, Vanimo", Vanimo,General Cargo,Imports,445.3,,,,
2021,12,"Papua New Guinea, Vanimo", Vanimo,Tanker,Exports,3822.8,,,,
2021,12,"Papua New Guinea, Wewak Harbor", Wewak Harbor,Bulk Carrier,Exports,14424,,,,
2021,12,"Papua New Guinea, Wewak Harbor", Wewak Harbor,Container,Exports,1496.6,,,,
2021,12,"Papua New Guinea, Wewak Harbor", Wewak Harbor,General Cargo,Exports,646.7,,,,
2021,12,"Papua New Guinea, Wewak Harbor", Wewak Harbor,General Cargo,Imports,445.3,,,,
2021,12,"Papua New Guinea, Wewak Harbor", Wewak Harbor,Tanker,Exports,3545.8,,,,
2021,12,"Papua New Guinea, Wewak Harbor", Wewak Harbor,Tanker,Imports,362.1,,,,
2021,12,"Samoa, Apia", Apia,Container,Exports,2249.8,,,,
2021,12,"Samoa, Apia", Apia,Container,Imports,19503.3,,,,
2021,12,"Samoa, Apia", Apia,General Cargo,Exports,343.1,,,,
2021,12,"Samoa, Apia", Apia,General Cargo,Imports,1927.6,,,,
2021,12,"Samoa, Apia", Apia,Tanker,Exports,490,,,,
2021,12,"Samoa, Apia", Apia,Tanker,Imports,1601.1,,,,
2021,12,"Solomon Islands, Honiara", Honiara,Bulk Carrier,Exports,74046.5,,,,
2021,12,"Solomon Islands, Honiara", Honiara,Bulk Carrier,Imports,770.3,,,,
2021,12,"Solomon Islands, Honiara", Honiara,Container,Exports,1500.7,,,,
2021,12,"Solomon Islands, Honiara", Honiara,Container,Imports,17949.7,,,,
2021,12,"Solomon Islands, Honiara", Honiara,General Cargo,Exports,6058.5,,,,
2021,12,"Solomon Islands, Honiara", Honiara,General Cargo,Imports,2057.2,,,,
2021,12,"Solomon Islands, Honiara", Honiara,Tanker,Exports,382.4,,,,
2021,12,"Solomon Islands, Honiara", Honiara,Tanker,Imports,18447.1,,,,
2021,12,"Solomon Islands, Mbulo", Mbulo,Bulk Carrier,Exports,3010.5,,,,
2021,12,"Solomon Islands, Ndora", Ndora,Bulk Carrier,Exports,6377.2,,,,
2021,12,"Solomon Islands, Port Noro", Port Noro,Container,Imports,3429.3,,,,
2021,12,"Solomon Islands, Rennell Island", Rennell Island,Bulk Carrier,Exports,23855.1,,,,
2021,12,"Tonga, Neiafu", Neiafu,General Cargo,Imports,430,,,,
2021,12,"Tonga, Neiafu", Neiafu,Tanker,Imports,258.1,,,,
2021,12,"Tonga, Nuku Alofa", Nuku Alofa,Container,Imports,5540.3,,,,
2021,12,"Tonga, Nuku Alofa", Nuku Alofa,General Cargo,Exports,1988.8,,,,
2021,12,"Tonga, Nuku Alofa", Nuku Alofa,General Cargo,Imports,6018.6,,,,
2021,12,"Tonga, Nuku Alofa", Nuku Alofa,Tanker,Imports,3080.9,,,,
2021,12,"Tuvalu, Funafuti Atoll", Funafuti Atoll,Container,Imports,1420.9,,,,
2021,12,"Tuvalu, Funafuti Atoll", Funafuti Atoll,General Cargo,Exports,572.3,,,,
2021,12,"Tuvalu, Funafuti Atoll", Funafuti Atoll,Tanker,Imports,388.3,,,,
2021,12,"Vanuatu, Luganville", Luganville,Container,Imports,1936.7,,,,
2021,12,"Vanuatu, Luganville", Luganville,General Cargo,Exports,528,,,,
2021,12,"Vanuatu, Luganville", Luganville,General Cargo,Imports,1632,,,,
2021,12,"Vanuatu, Luganville", Luganville,Tanker,Imports,2445,,,,
2021,12,"Vanuatu, Port Vila", Port Vila,Container,Exports,1155.7,,,,
2021,12,"Vanuatu, Port Vila", Port Vila,Container,Imports,3496.7,,,,
2021,12,"Vanuatu, Port Vila", Port Vila,General Cargo,Exports,528,,,,
2021,12,"Vanuatu, Port Vila", Port Vila,General Cargo,Imports,8744.9,,,,
2021,12,"Vanuatu, Port Vila", Port Vila,Tanker,Exports,382.4,,,,
2021,12,"Vanuatu, Port Vila", Port Vila,Tanker,Imports,1963.8,,,,
2022,1,"Fiji, Lautoka Harbor", Lautoka Harbor,Bulk Carrier,Imports,12504.4,,,,
2022,1,"Fiji, Lautoka Harbor", Lautoka Harbor,Container,Exports,18950.5,,,,
2022,1,"Fiji, Lautoka Harbor", Lautoka Harbor,Container,Imports,12229.6,,,,
2022,1,"Fiji, Lautoka Harbor", Lautoka Harbor,General Cargo,Exports,705.4,,,,
2022,1,"Fiji, Lautoka Harbor", Lautoka Harbor,General Cargo,Imports,640.7,,,,
2022,1,"Fiji, Lautoka Harbor", Lautoka Harbor,Tanker,Exports,7170.4,,,,
2022,1,"Fiji, Lautoka Harbor", Lautoka Harbor,Tanker,Imports,35844.3,,,,
2022,1,"Fiji, Malai", Malai,Tanker,Exports,273.9,,,,
2022,1,"Fiji, Malai", Malai,Tanker,Imports,2242,,,,
2022,1,"Fiji, Suva Harbor", Suva Harbor,Bulk Carrier,Imports,16349.8,,,,
2022,1,"Fiji, Suva Harbor", Suva Harbor,Container,Exports,7012.3,,,,
2022,1,"Fiji, Suva Harbor", Suva Harbor,Container,Imports,11646.3,,,,
2022,1,"Fiji, Suva Harbor", Suva Harbor,General Cargo,Exports,1052.5,,,,
2022,1,"Fiji, Suva Harbor", Suva Harbor,General Cargo,Imports,6349.7,,,,
2022,1,"Fiji, Suva Harbor", Suva Harbor,Tanker,Exports,3234,,,,
2022,1,"Fiji, Suva Harbor", Suva Harbor,Tanker,Imports,22068.3,,,,
2022,1,"Kiribati, Kiribati", Kiribati,Container,Imports,1192.5,,,,
2022,1,"Kiribati, Tarawa Atoll", Tarawa Atoll,Container,Imports,1934.6,,,,
2022,1,"Kiribati, Tarawa Atoll", Tarawa Atoll,General Cargo,Exports,2312.2,,,,
2022,1,"Kiribati, Tarawa Atoll", Tarawa Atoll,Tanker,Exports,515.3,,,,
2022,1,"Marshall Islands, Ebeye", Ebeye,General Cargo,Imports,2477.5,,,,
2022,1,"Marshall Islands, Kwajalein", Kwajalein,General Cargo,Imports,1006.2,,,,
2022,1,"Marshall Islands, Kwajalein", Kwajalein,Tanker,Exports,87.7,,,,
2022,1,"Marshall Islands, Majuro Atoll", Majuro Atoll,Container,Exports,465.2,,,,
2022,1,"Marshall Islands, Majuro Atoll", Majuro Atoll,Container,Imports,1474.6,,,,
2022,1,"Marshall Islands, Majuro Atoll", Majuro Atoll,General Cargo,Exports,7336.3,,,,
2022,1,"Marshall Islands, Majuro Atoll", Majuro Atoll,General Cargo,Imports,828.7,,,,
2022,1,"Marshall Islands, Majuro Atoll", Majuro Atoll,Tanker,Imports,1558.7,,,,
2022,1,"Micronesia, Colonia", Colonia,Container,Exports,481.7,,,,
2022,1,"Micronesia, Colonia", Colonia,Container,Imports,483.9,,,,
2022,1,"Micronesia, Colonia", Colonia,General Cargo,Imports,549.1,,,,
2022,1,"Micronesia, Colonia", Colonia,Tanker,Imports,2950.1,,,,
2022,1,"Micronesia, Lele Harbor", Lele Harbor,Container,Exports,907.5,,,,
2022,1,"Micronesia, Lele Harbor", Lele Harbor,General Cargo,Exports,1746.7,,,,
2022,1,"Micronesia, Lele Harbor", Lele Harbor,General Cargo,Imports,1360.4,,,,
2022,1,"Micronesia, Lele Harbor", Lele Harbor,Tanker,Imports,2315.2,,,,
2022,1,"Micronesia, Moen", Moen,General Cargo,Exports,75.2,,,,
2022,1,"Micronesia, Pornpei Harbor", Pornpei Harbor,Container,Exports,607.2,,,,
2022,1,"Micronesia, Pornpei Harbor", Pornpei Harbor,Container,Imports,605.5,,,,
2022,1,"Micronesia, Pornpei Harbor", Pornpei Harbor,General Cargo,Exports,1579.2,,,,
2022,1,"Micronesia, Pornpei Harbor", Pornpei Harbor,General Cargo,Imports,775.1,,,,
2022,1,"Micronesia, Pornpei Harbor", Pornpei Harbor,Tanker,Imports,418.6,,,,
2022,1,"Nauru, Nauru", Nauru,Bulk Carrier,Exports,19278.5,,,,
2022,1,"Nauru, Nauru", Nauru,Container,Imports,3363.2,,,,
2022,1,"Palau, Malakal Harbor", Malakal Harbor,Container,Imports,3656.9,,,,
2022,1,"Palau, Malakal Harbor", Malakal Harbor,General Cargo,Imports,1780.2,,,,
2022,1,"Palau, Malakal Harbor", Malakal Harbor,Tanker,Exports,49.7,,,,
2022,1,"Palau, Malakal Harbor", Malakal Harbor,Tanker,Imports,836.3,,,,
2022,1,"Papua New Guinea, Alotoa", Alotoa,Container,Exports,353.5,,,,
2022,1,"Papua New Guinea, Alotoa", Alotoa,General Cargo,Exports,4744.5,,,,
2022,1,"Papua New Guinea, Alotoa", Alotoa,Tanker,Exports,955.4,,,,
2022,1,"Papua New Guinea, Buka", Buka,Container,Exports,565.2,,,,
2022,1,"Papua New Guinea, Buka", Buka,Container,Imports,571.6,,,,
2022,1,"Papua New Guinea, Buka", Buka,General Cargo,Exports,554.4,,,,
2022,1,"Papua New Guinea, Daru", Daru,Bulk Carrier,Exports,14087.2,,,,
2022,1,"Papua New Guinea, Kavieng Harbor", Kavieng Harbor,Bulk Carrier,Exports,47569.1,,,,
2022,1,"Papua New Guinea, Kavieng Harbor", Kavieng Harbor,Container,Imports,3152.6,,,,
2022,1,"Papua New Guinea, Kavieng Harbor", Kavieng Harbor,Tanker,Exports,362.1,,,,
2022,1,"Papua New Guinea, Kieta", Kieta,Container,Imports,2263.6,,,,
2022,1,"Papua New Guinea, Kimbe", Kimbe,Bulk Carrier,Exports,42729.1,,,,
2022,1,"Papua New Guinea, Kimbe", Kimbe,Container,Exports,2365.8,,,,
2022,1,"Papua New Guinea, Kimbe", Kimbe,Container,Imports,191.3,,,,
2022,1,"Papua New Guinea, Kimbe", Kimbe,General Cargo,Exports,494.7,,,,
2022,1,"Papua New Guinea, Kimbe", Kimbe,General Cargo,Imports,653.9,,,,
2022,1,"Papua New Guinea, Kimbe", Kimbe,Tanker,Exports,15957,,,,
2022,1,"Papua New Guinea, Lae", Lae,Bulk Carrier,Imports,14533.3,,,,
2022,1,"Papua New Guinea, Lae", Lae,Container,Exports,20609.4,,,,
2022,1,"Papua New Guinea, Lae", Lae,Container,Imports,41238.8,,,,
2022,1,"Papua New Guinea, Lae", Lae,General Cargo,Exports,13666.9,,,,
2022,1,"Papua New Guinea, Lae", Lae,General Cargo,Imports,572.6,,,,
2022,1,"Papua New Guinea, Lae", Lae,Tanker,Exports,1472.3,,,,
2022,1,"Papua New Guinea, Lae", Lae,Tanker,Imports,10935.2,,,,
2022,1,"Papua New Guinea, Madang", Madang,Bulk Carrier,Exports,16286.3,,,,
2022,1,"Papua New Guinea, Madang", Madang,Container,Exports,3017,,,,
2022,1,"Papua New Guinea, Madang", Madang,General Cargo,Exports,381.9,,,,
2022,1,"Papua New Guinea, Madang", Madang,General Cargo,Imports,1304.6,,,,
2022,1,"Papua New Guinea, Madang", Madang,Tanker,Exports,2465,,,,
2022,1,"Papua New Guinea, Madang", Madang,Tanker,Imports,11169.1,,,,
2022,1,"Papua New Guinea, Oro Bay", Oro Bay,Bulk Carrier,Exports,11141.9,,,,
2022,1,"Papua New Guinea, Oro Bay", Oro Bay,Container,Exports,726.5,,,,
2022,1,"Papua New Guinea, Oro Bay", Oro Bay,Container,Imports,376.5,,,,
2022,1,"Papua New Guinea, Oro Bay", Oro Bay,General Cargo,Exports,157.3,,,,
2022,1,"Papua New Guinea, Port Moresby", Port Moresby,Bulk Carrier,Exports,6060.3,,,,
2022,1,"Papua New Guinea, Port Moresby", Port Moresby,Bulk Carrier,Imports,915.2,,,,
2022,1,"Papua New Guinea, Port Moresby", Port Moresby,Container,Exports,3252.4,,,,
2022,1,"Papua New Guinea, Port Moresby", Port Moresby,Container,Imports,24521,,,,
2022,1,"Papua New Guinea, Port Moresby", Port Moresby,General Cargo,Exports,22623.4,,,,
2022,1,"Papua New Guinea, Port Moresby", Port Moresby,General Cargo,Imports,6386.9,,,,
2022,1,"Papua New Guinea, Port Moresby", Port Moresby,Tanker,Exports,245757.3,,,,
2022,1,"Papua New Guinea, Port Moresby", Port Moresby,Tanker,Imports,28258.7,,,,
2022,1,"Papua New Guinea, Put Put", Put Put,Container,Imports,15358.8,,,,
2022,1,"Papua New Guinea, Put Put", Put Put,Tanker,Exports,1692.5,,,,
2022,1,"Papua New Guinea, Put Put", Put Put,Tanker,Imports,5730.8,,,,
2022,1,"Papua New Guinea, Rabaul", Rabaul,Bulk Carrier,Exports,9570.6,,,,
2022,1,"Papua New Guinea, Rabaul", Rabaul,Container,Exports,3752.1,,,,
2022,1,"Papua New Guinea, Rabaul", Rabaul,Container,Imports,1761.6,,,,
2022,1,"Papua New Guinea, Rabaul", Rabaul,General Cargo,Exports,28117.3,,,,
2022,1,"Papua New Guinea, Rabaul", Rabaul,General Cargo,Imports,7144.3,,,,
2022,1,"Papua New Guinea, Rabaul", Rabaul,Tanker,Exports,975.4,,,,
2022,1,"Papua New Guinea, Rabaul", Rabaul,Tanker,Imports,5652.8,,,,
2022,1,"Papua New Guinea, Vanimo", Vanimo,Bulk Carrier,Exports,3533.6,,,,
2022,1,"Papua New Guinea, Vanimo", Vanimo,General Cargo,Exports,2059.4,,,,
2022,1,"Papua New Guinea, Vanimo", Vanimo,General Cargo,Imports,1040,,,,
2022,1,"Papua New Guinea, Wewak Harbor", Wewak Harbor,Bulk Carrier,Exports,15393.5,,,,
2022,1,"Papua New Guinea, Wewak Harbor", Wewak Harbor,Container,Exports,520.7,,,,
2022,1,"Papua New Guinea, Wewak Harbor", Wewak Harbor,General Cargo,Exports,4440.5,,,,
2022,1,"Papua New Guinea, Wewak Harbor", Wewak Harbor,General Cargo,Imports,1724.2,,,,
2022,1,"Papua New Guinea, Wewak Harbor", Wewak Harbor,Tanker,Exports,5196.7,,,,
2022,1,"Samoa, Apia", Apia,Container,Exports,627.4,,,,
2022,1,"Samoa, Apia", Apia,Container,Imports,7287,,,,
2022,1,"Samoa, Apia", Apia,General Cargo,Exports,1500.3,,,,
2022,1,"Samoa, Apia", Apia,Tanker,Imports,411.9,,,,
2022,1,"Solomon Islands, Honiara", Honiara,Bulk Carrier,Exports,29455.6,,,,
2022,1,"Solomon Islands, Honiara", Honiara,Bulk Carrier,Imports,1526.2,,,,
2022,1,"Solomon Islands, Honiara", Honiara,Container,Exports,1201.9,,,,
2022,1,"Solomon Islands, Honiara", Honiara,Container,Imports,17709.7,,,,
2022,1,"Solomon Islands, Honiara", Honiara,General Cargo,Exports,2262.5,,,,
2022,1,"Solomon Islands, Honiara", Honiara,General Cargo,Imports,512.4,,,,
2022,1,"Solomon Islands, Honiara", Honiara,Tanker,Exports,114.8,,,,
2022,1,"Solomon Islands, Honiara", Honiara,Tanker,Imports,5445.2,,,,
2022,1,"Solomon Islands, Mbulo", Mbulo,Bulk Carrier,Exports,3352,,,,
2022,1,"Solomon Islands, Ndora", Ndora,Bulk Carrier,Exports,9576.1,,,,
2022,1,"Solomon Islands, Ndora", Ndora,General Cargo,Exports,3873.5,,,,
2022,1,"Solomon Islands, Port Noro", Port Noro,Bulk Carrier,Exports,2901.6,,,,
2022,1,"Solomon Islands, Port Noro", Port Noro,Container,Exports,1048.8,,,,
2022,1,"Solomon Islands, Port Noro", Port Noro,Tanker,Exports,919.7,,,,
2022,1,"Solomon Islands, Rennell Island", Rennell Island,Bulk Carrier,Exports,4267.9,,,,
2022,1,"Tonga, Neiafu", Neiafu,Tanker,Imports,459.1,,,,
2022,1,"Tonga, Nuku Alofa", Nuku Alofa,Container,Imports,6490.7,,,,
2022,1,"Tonga, Nuku Alofa", Nuku Alofa,General Cargo,Imports,3318,,,,
2022,1,"Tonga, Nuku Alofa", Nuku Alofa,Tanker,Exports,585.7,,,,
2022,1,"Tonga, Nuku Alofa", Nuku Alofa,Tanker,Imports,2010.6,,,,
2022,1,"Tuvalu, Funafuti Atoll", Funafuti Atoll,General Cargo,Exports,501.9,,,,
2022,1,"Tuvalu, Funafuti Atoll", Funafuti Atoll,Tanker,Imports,275.6,,,,
2022,1,"Vanuatu, Luganville", Luganville,Container,Exports,386.1,,,,
2022,1,"Vanuatu, Port Vila", Port Vila,Container,Imports,5112.9,,,,
2022,1,"Vanuatu, Port Vila", Port Vila,General Cargo,Imports,653.5,,,,
2022,1,"Vanuatu, Port Vila", Port Vila,Tanker,Exports,114.8,,,,
2022,1,"Vanuatu, Port Vila", Port Vila,Tanker,Imports,3435.8,,,,
2022,2,"Fiji, Lautoka Harbor", Lautoka Harbor,Bulk Carrier,Imports,5572.8,,,,
2022,2,"Fiji, Lautoka Harbor", Lautoka Harbor,Container,Exports,25795.5,,,,
2022,2,"Fiji, Lautoka Harbor", Lautoka Harbor,Container,Imports,20728.7,,,,
2022,2,"Fiji, Lautoka Harbor", Lautoka Harbor,General Cargo,Exports,475.8,,,,
2022,2,"Fiji, Lautoka Harbor", Lautoka Harbor,General Cargo,Imports,1593,,,,
2022,2,"Fiji, Lautoka Harbor", Lautoka Harbor,Tanker,Exports,2382.4,,,,
2022,2,"Fiji, Lautoka Harbor", Lautoka Harbor,Tanker,Imports,22193.3,,,,
2022,2,"Fiji, Malai", Malai,Tanker,Exports,441.2,,,,
2022,2,"Fiji, Malai", Malai,Tanker,Imports,1198.2,,,,
2022,2,"Fiji, Suva Harbor", Suva Harbor,Bulk Carrier,Exports,1572.9,,,,
2022,2,"Fiji, Suva Harbor", Suva Harbor,Bulk Carrier,Imports,4551.5,,,,
2022,2,"Fiji, Suva Harbor", Suva Harbor,Container,Exports,5033.6,,,,
2022,2,"Fiji, Suva Harbor", Suva Harbor,Container,Imports,21413.8,,,,
2022,2,"Fiji, Suva Harbor", Suva Harbor,General Cargo,Exports,392.2,,,,
2022,2,"Fiji, Suva Harbor", Suva Harbor,General Cargo,Imports,3009.3,,,,
2022,2,"Fiji, Suva Harbor", Suva Harbor,Tanker,Exports,1427.9,,,,
2022,2,"Fiji, Suva Harbor", Suva Harbor,Tanker,Imports,3447.4,,,,
2022,2,"Kiribati, Tarawa Atoll", Tarawa Atoll,Container,Imports,3941.4,,,,
2022,2,"Marshall Islands, Ebeye", Ebeye,General Cargo,Imports,767.3,,,,
2022,2,"Marshall Islands, Kwajalein", Kwajalein,General Cargo,Imports,1182.7,,,,
2022,2,"Marshall Islands, Kwajalein", Kwajalein,Tanker,Imports,476.5,,,,
2022,2,"Marshall Islands, Majuro Atoll", Majuro Atoll,Container,Exports,4603.4,,,,
2022,2,"Marshall Islands, Majuro Atoll", Majuro Atoll,Container,Imports,1165.6,,,,
2022,2,"Marshall Islands, Majuro Atoll", Majuro Atoll,General Cargo,Exports,6506.8,,,,
2022,2,"Marshall Islands, Majuro Atoll", Majuro Atoll,General Cargo,Imports,299.8,,,,
2022,2,"Micronesia, Colonia", Colonia,Container,Imports,110.5,,,,
2022,2,"Micronesia, Colonia", Colonia,Tanker,Imports,631.5,,,,
2022,2,"Micronesia, Lele Harbor", Lele Harbor,Container,Exports,1634.3,,,,
2022,2,"Micronesia, Lele Harbor", Lele Harbor,General Cargo,Imports,1023.1,,,,
2022,2,"Micronesia, Moen", Moen,General Cargo,Exports,591.9,,,,
2022,2,"Micronesia, Moen", Moen,Tanker,Imports,735.9,,,,
2022,2,"Micronesia, Pornpei Harbor", Pornpei Harbor,Container,Exports,736.2,,,,
2022,2,"Micronesia, Pornpei Harbor", Pornpei Harbor,General Cargo,Exports,1993.2,,,,
2022,2,"Micronesia, Pornpei Harbor", Pornpei Harbor,General Cargo,Imports,513.7,,,,
2022,2,"Micronesia, Pornpei Harbor", Pornpei Harbor,Tanker,Exports,832.2,,,,
2022,2,"Nauru, Nauru", Nauru,Bulk Carrier,Exports,74989.7,,,,
2022,2,"Nauru, Nauru", Nauru,Container,Imports,3233.1,,,,
2022,2,"Palau, Malakal Harbor", Malakal Harbor,Container,Imports,1695.3,,,,
2022,2,"Palau, Malakal Harbor", Malakal Harbor,General Cargo,Imports,357.1,,,,
2022,2,"Palau, Malakal Harbor", Malakal Harbor,Tanker,Imports,1048.8,,,,
2022,2,"Papua New Guinea, Alotoa", Alotoa,Bulk Carrier,Exports,10537.2,,,,
2022,2,"Papua New Guinea, Alotoa", Alotoa,Container,Exports,191.4,,,,
2022,2,"Papua New Guinea, Alotoa", Alotoa,Container,Imports,190.5,,,,
2022,2,"Papua New Guinea, Alotoa", Alotoa,General Cargo,Exports,157.3,,,,
2022,2,"Papua New Guinea, Alotoa", Alotoa,Tanker,Exports,10411.6,,,,
2022,2,"Papua New Guinea, Buka", Buka,Container,Exports,410.2,,,,
2022,2,"Papua New Guinea, Buka", Buka,General Cargo,Exports,516.6,,,,
2022,2,"Papua New Guinea, Daru", Daru,General Cargo,Exports,36.6,,,,
2022,2,"Papua New Guinea, Kavieng Harbor", Kavieng Harbor,Bulk Carrier,Exports,3299.9,,,,
2022,2,"Papua New Guinea, Kavieng Harbor", Kavieng Harbor,Container,Exports,191.4,,,,
2022,2,"Papua New Guinea, Kavieng Harbor", Kavieng Harbor,Tanker,Exports,304.4,,,,
2022,2,"Papua New Guinea, Kieta", Kieta,Container,Exports,536.7,,,,
2022,2,"Papua New Guinea, Kieta", Kieta,Container,Imports,748.9,,,,
2022,2,"Papua New Guinea, Kieta", Kieta,General Cargo,Exports,3167.3,,,,
2022,2,"Papua New Guinea, Kimbe", Kimbe,Bulk Carrier,Exports,22354.5,,,,
2022,2,"Papua New Guinea, Kimbe", Kimbe,Container,Exports,911.5,,,,
2022,2,"Papua New Guinea, Kimbe", Kimbe,Container,Imports,2158.2,,,,
2022,2,"Papua New Guinea, Kimbe", Kimbe,General Cargo,Exports,338.3,,,,
2022,2,"Papua New Guinea, Kimbe", Kimbe,General Cargo,Imports,1289.1,,,,
2022,2,"Papua New Guinea, Kimbe", Kimbe,Tanker,Exports,979.3,,,,
2022,2,"Papua New Guinea, Kimbe", Kimbe,Tanker,Imports,470.5,,,,
2022,2,"Papua New Guinea, Lae", Lae,Bulk Carrier,Imports,11104.4,,,,
2022,2,"Papua New Guinea, Lae", Lae,Container,Exports,19939.1,,,,
2022,2,"Papua New Guinea, Lae", Lae,Container,Imports,25198.8,,,,
2022,2,"Papua New Guinea, Lae", Lae,General Cargo,Exports,15889.9,,,,
2022,2,"Papua New Guinea, Lae", Lae,General Cargo,Imports,2937.3,,,,
2022,2,"Papua New Guinea, Lae", Lae,Tanker,Exports,15491.1,,,,
2022,2,"Papua New Guinea, Lae", Lae,Tanker,Imports,6665.4,,,,
2022,2,"Papua New Guinea, Madang", Madang,Bulk Carrier,Exports,25302.2,,,,
2022,2,"Papua New Guinea, Madang", Madang,Bulk Carrier,Imports,22304.4,,,,
2022,2,"Papua New Guinea, Madang", Madang,Container,Exports,4470.7,,,,
2022,2,"Papua New Guinea, Madang", Madang,Container,Imports,1969.2,,,,
2022,2,"Papua New Guinea, Madang", Madang,General Cargo,Exports,1668.1,,,,
2022,2,"Papua New Guinea, Madang", Madang,General Cargo,Imports,1956.7,,,,
2022,2,"Papua New Guinea, Madang", Madang,Tanker,Exports,1672.1,,,,
2022,2,"Papua New Guinea, Madang", Madang,Tanker,Imports,235.3,,,,
2022,2,"Papua New Guinea, Oro Bay", Oro Bay,Bulk Carrier,Exports,19808.4,,,,
2022,2,"Papua New Guinea, Oro Bay", Oro Bay,Container,Imports,2601.9,,,,
2022,2,"Papua New Guinea, Oro Bay", Oro Bay,General Cargo,Exports,2160.8,,,,
2022,2,"Papua New Guinea, Oro Bay", Oro Bay,Tanker,Exports,978.4,,,,
2022,2,"Papua New Guinea, Oro Bay", Oro Bay,Tanker,Imports,1455,,,,
2022,2,"Papua New Guinea, Port Moresby", Port Moresby,Bulk Carrier,Exports,12091,,,,
2022,2,"Papua New Guinea, Port Moresby", Port Moresby,Bulk Carrier,Imports,10216.7,,,,
2022,2,"Papua New Guinea, Port Moresby", Port Moresby,Container,Exports,2938.1,,,,
2022,2,"Papua New Guinea, Port Moresby", Port Moresby,Container,Imports,18306.4,,,,
2022,2,"Papua New Guinea, Port Moresby", Port Moresby,General Cargo,Exports,4686.3,,,,
2022,2,"Papua New Guinea, Port Moresby", Port Moresby,General Cargo,Imports,11024.7,,,,
2022,2,"Papua New Guinea, Port Moresby", Port Moresby,Tanker,Exports,227748,,,,
2022,2,"Papua New Guinea, Port Moresby", Port Moresby,Tanker,Imports,83287.2,,,,
2022,2,"Papua New Guinea, Put Put", Put Put,Container,Exports,304.8,,,,
2022,2,"Papua New Guinea, Put Put", Put Put,Container,Imports,9642.4,,,,
2022,2,"Papua New Guinea, Put Put", Put Put,General Cargo,Imports,2130.5,,,,
2022,2,"Papua New Guinea, Put Put", Put Put,Tanker,Imports,5985.3,,,,
2022,2,"Papua New Guinea, Rabaul", Rabaul,Bulk Carrier,Exports,13789.4,,,,
2022,2,"Papua New Guinea, Rabaul", Rabaul,Container,Exports,191.4,,,,
2022,2,"Papua New Guinea, Rabaul", Rabaul,Container,Imports,3332.7,,,,
2022,2,"Papua New Guinea, Rabaul", Rabaul,General Cargo,Exports,19668.1,,,,
2022,2,"Papua New Guinea, Rabaul", Rabaul,General Cargo,Imports,4470.6,,,,
2022,2,"Papua New Guinea, Rabaul", Rabaul,Tanker,Exports,3509.4,,,,
2022,2,"Papua New Guinea, Rabaul", Rabaul,Tanker,Imports,2632.2,,,,
2022,2,"Papua New Guinea, Vanimo", Vanimo,Bulk Carrier,Exports,21700.9,,,,
2022,2,"Papua New Guinea, Vanimo", Vanimo,General Cargo,Exports,135.1,,,,
2022,2,"Papua New Guinea, Vanimo", Vanimo,General Cargo,Imports,202,,,,
2022,2,"Papua New Guinea, Wewak Harbor", Wewak Harbor,Bulk Carrier,Exports,39872.5,,,,
2022,2,"Papua New Guinea, Wewak Harbor", Wewak Harbor,Container,Imports,260.8,,,,
2022,2,"Papua New Guinea, Wewak Harbor", Wewak Harbor,General Cargo,Exports,557.4,,,,
2022,2,"Papua New Guinea, Wewak Harbor", Wewak Harbor,General Cargo,Imports,945,,,,
2022,2,"Papua New Guinea, Wewak Harbor", Wewak Harbor,Tanker,Exports,1535.8,,,,
2022,2,"Papua New Guinea, Wewak Harbor", Wewak Harbor,Tanker,Imports,1689.1,,,,
2022,2,"Samoa, Apia", Apia,Container,Imports,11905,,,,
2022,2,"Samoa, Apia", Apia,General Cargo,Imports,5740.2,,,,
2022,2,"Samoa, Apia", Apia,Tanker,Exports,1980,,,,
2022,2,"Samoa, Apia", Apia,Tanker,Imports,274.8,,,,
2022,2,"Solomon Islands, Honiara", Honiara,Bulk Carrier,Exports,46013.4,,,,
2022,2,"Solomon Islands, Honiara", Honiara,Container,Exports,8480.8,,,,
2022,2,"Solomon Islands, Honiara", Honiara,Container,Imports,3939.9,,,,
2022,2,"Solomon Islands, Honiara", Honiara,General Cargo,Exports,1594.9,,,,
2022,2,"Solomon Islands, Honiara", Honiara,General Cargo,Imports,1068.7,,,,
2022,2,"Solomon Islands, Honiara", Honiara,Tanker,Exports,114.8,,,,
2022,2,"Solomon Islands, Honiara", Honiara,Tanker,Imports,9994.5,,,,
2022,2,"Solomon Islands, Ndora", Ndora,Bulk Carrier,Exports,10706.8,,,,
2022,2,"Solomon Islands, Port Noro", Port Noro,Bulk Carrier,Exports,6564.2,,,,
2022,2,"Solomon Islands, Port Noro", Port Noro,General Cargo,Exports,1941.1,,,,
2022,2,"Tonga, Neiafu", Neiafu,General Cargo,Imports,1008.2,,,,
2022,2,"Tonga, Neiafu", Neiafu,Tanker,Imports,651.6,,,,
2022,2,"Tonga, Nuku Alofa", Nuku Alofa,Container,Imports,4101.1,,,,
2022,2,"Tonga, Nuku Alofa", Nuku Alofa,General Cargo,Imports,8468.9,,,,
2022,2,"Tonga, Nuku Alofa", Nuku Alofa,Tanker,Exports,499.9,,,,
2022,2,"Tuvalu, Funafuti Atoll", Funafuti Atoll,Container,Exports,470.7,,,,
2022,2,"Tuvalu, Funafuti Atoll", Funafuti Atoll,General Cargo,Exports,2116.9,,,,
2022,2,"Tuvalu, Funafuti Atoll", Funafuti Atoll,Tanker,Imports,278.8,,,,
2022,2,"Vanuatu, Luganville", Luganville,Container,Imports,765.4,,,,
2022,2,"Vanuatu, Luganville", Luganville,General Cargo,Exports,858.1,,,,
2022,2,"Vanuatu, Luganville", Luganville,General Cargo,Imports,3466.9,,,,
2022,2,"Vanuatu, Port Vila", Port Vila,Container,Exports,2098.2,,,,
2022,2,"Vanuatu, Port Vila", Port Vila,Container,Imports,268.5,,,,
2022,2,"Vanuatu, Port Vila", Port Vila,General Cargo,Exports,655.4,,,,
2022,2,"Vanuatu, Port Vila", Port Vila,General Cargo,Imports,981.4,,,,
2022,2,"Vanuatu, Port Vila", Port Vila,Tanker,Exports,114.8,,,,
2022,3,"Fiji, Lautoka Harbor", Lautoka Harbor,Container,Exports,7440.1,,,,
2022,3,"Fiji, Lautoka Harbor", Lautoka Harbor,Container,Imports,10228,,,,
2022,3,"Fiji, Lautoka Harbor", Lautoka Harbor,General Cargo,Exports,343.5,,,,
2022,3,"Fiji, Lautoka Harbor", Lautoka Harbor,General Cargo,Imports,640.7,,,,
2022,3,"Fiji, Lautoka Harbor", Lautoka Harbor,Tanker,Exports,12012.7,,,,
2022,3,"Fiji, Lautoka Harbor", Lautoka Harbor,Tanker,Imports,9380.8,,,,
2022,3,"Fiji, Malai", Malai,Tanker,Exports,492.7,,,,
2022,3,"Fiji, Malai", Malai,Tanker,Imports,2269.8,,,,
2022,3,"Fiji, Nabouwalu Jetty", Nabouwalu Jetty,Bulk Carrier,Exports,10859.6,,,,
2022,3,"Fiji, Suva Harbor", Suva Harbor,Bulk Carrier,Imports,17799.8,,,,
2022,3,"Fiji, Suva Harbor", Suva Harbor,Container,Exports,13472.2,,,,
2022,3,"Fiji, Suva Harbor", Suva Harbor,Container,Imports,13110.8,,,,
2022,3,"Fiji, Suva Harbor", Suva Harbor,General Cargo,Exports,1275.6,,,,
2022,3,"Fiji, Suva Harbor", Suva Harbor,General Cargo,Imports,1088.2,,,,
2022,3,"Fiji, Suva Harbor", Suva Harbor,Tanker,Exports,1185.9,,,,
2022,3,"Fiji, Suva Harbor", Suva Harbor,Tanker,Imports,12406.4,,,,
2022,3,"Kiribati, Tarawa Atoll", Tarawa Atoll,Container,Imports,1930.4,,,,
2022,3,"Kiribati, Tarawa Atoll", Tarawa Atoll,General Cargo,Exports,3532.1,,,,
2022,3,"Kiribati, Tarawa Atoll", Tarawa Atoll,Tanker,Exports,515.3,,,,
2022,3,"Marshall Islands, Ebeye", Ebeye,General Cargo,Imports,828.7,,,,
2022,3,"Marshall Islands, Kwajalein", Kwajalein,General Cargo,Imports,2182.1,,,,
2022,3,"Marshall Islands, Majuro Atoll", Majuro Atoll,Container,Exports,5685.9,,,,
2022,3,"Marshall Islands, Majuro Atoll", Majuro Atoll,Container,Imports,387.3,,,,
2022,3,"Marshall Islands, Majuro Atoll", Majuro Atoll,General Cargo,Exports,5472.6,,,,
2022,3,"Marshall Islands, Majuro Atoll", Majuro Atoll,General Cargo,Imports,1290.6,,,,
2022,3,"Marshall Islands, Majuro Atoll", Majuro Atoll,Tanker,Imports,1283.7,,,,
2022,3,"Micronesia, Colonia", Colonia,Container,Imports,739.6,,,,
2022,3,"Micronesia, Colonia", Colonia,General Cargo,Imports,549.1,,,,
2022,3,"Micronesia, Colonia", Colonia,Tanker,Imports,623.8,,,,
2022,3,"Micronesia, Lele Harbor", Lele Harbor,Container,Exports,451.9,,,,
2022,3,"Micronesia, Lele Harbor", Lele Harbor,General Cargo,Exports,3671.6,,,,
2022,3,"Micronesia, Lele Harbor", Lele Harbor,General Cargo,Imports,1225.4,,,,
2022,3,"Micronesia, Lele Harbor", Lele Harbor,Tanker,Imports,417.4,,,,
2022,3,"Micronesia, Moen", Moen,General Cargo,Exports,466.5,,,,
2022,3,"Micronesia, Moen", Moen,Tanker,Imports,414.7,,,,
2022,3,"Micronesia, Pornpei Harbor", Pornpei Harbor,Container,Imports,890.3,,,,
2022,3,"Micronesia, Pornpei Harbor", Pornpei Harbor,General Cargo,Exports,4737.5,,,,
2022,3,"Micronesia, Pornpei Harbor", Pornpei Harbor,General Cargo,Imports,2625.5,,,,
2022,3,"Micronesia, Pornpei Harbor", Pornpei Harbor,Tanker,Imports,832.2,,,,
2022,3,"Nauru, Nauru", Nauru,Bulk Carrier,Exports,16215.6,,,,
2022,3,"Nauru, Nauru", Nauru,Container,Exports,253.8,,,,
2022,3,"Nauru, Nauru", Nauru,Tanker,Imports,5127.5,,,,
2022,3,"Palau, Malakal Harbor", Malakal Harbor,Container,Exports,241.1,,,,
2022,3,"Palau, Malakal Harbor", Malakal Harbor,Container,Imports,1454.7,,,,
2022,3,"Palau, Malakal Harbor", Malakal Harbor,General Cargo,Imports,789.5,,,,
2022,3,"Palau, Malakal Harbor", Malakal Harbor,Tanker,Imports,621.7,,,,
2022,3,"Papua New Guinea, Alotoa", Alotoa,Container,Exports,760.4,,,,
2022,3,"Papua New Guinea, Alotoa", Alotoa,Container,Imports,716.2,,,,
2022,3,"Papua New Guinea, Alotoa", Alotoa,General Cargo,Imports,3870.6,,,,
2022,3,"Papua New Guinea, Alotoa", Alotoa,Tanker,Exports,3902.1,,,,
2022,3,"Papua New Guinea, Buka", Buka,Container,Imports,1303.9,,,,
2022,3,"Papua New Guinea, Buka", Buka,General Cargo,Exports,450.1,,,,
2022,3,"Papua New Guinea, Buka", Buka,General Cargo,Imports,815.9,,,,
2022,3,"Papua New Guinea, Daru", Daru,Bulk Carrier,Exports,24030.4,,,,
2022,3,"Papua New Guinea, Daru", Daru,General Cargo,Exports,4207,,,,
2022,3,"Papua New Guinea, Kavieng Harbor", Kavieng Harbor,Bulk Carrier,Exports,20071.4,,,,
2022,3,"Papua New Guinea, Kavieng Harbor", Kavieng Harbor,Container,Exports,244.7,,,,
2022,3,"Papua New Guinea, Kavieng Harbor", Kavieng Harbor,Container,Imports,2315.5,,,,
2022,3,"Papua New Guinea, Kavieng Harbor", Kavieng Harbor,General Cargo,Exports,3506.7,,,,
2022,3,"Papua New Guinea, Kavieng Harbor", Kavieng Harbor,Tanker,Exports,152.2,,,,
2022,3,"Papua New Guinea, Kieta", Kieta,Container,Exports,945.1,,,,
2022,3,"Papua New Guinea, Kieta", Kieta,Container,Imports,178.9,,,,
2022,3,"Papua New Guinea, Kimbe", Kimbe,Bulk Carrier,Exports,24929.5,,,,
2022,3,"Papua New Guinea, Kimbe", Kimbe,Container,Exports,617.3,,,,
2022,3,"Papua New Guinea, Kimbe", Kimbe,Container,Imports,5571.3,,,,
2022,3,"Papua New Guinea, Kimbe", Kimbe,General Cargo,Exports,11016.8,,,,
2022,3,"Papua New Guinea, Kimbe", Kimbe,General Cargo,Imports,1391.9,,,,
2022,3,"Papua New Guinea, Kimbe", Kimbe,Tanker,Exports,9377.1,,,,
2022,3,"Papua New Guinea, Kimbe", Kimbe,Tanker,Imports,235.3,,,,
2022,3,"Papua New Guinea, Lae", Lae,Bulk Carrier,Imports,18381.1,,,,
2022,3,"Papua New Guinea, Lae", Lae,Container,Exports,19455.8,,,,
2022,3,"Papua New Guinea, Lae", Lae,Container,Imports,45345.9,,,,
2022,3,"Papua New Guinea, Lae", Lae,General Cargo,Exports,17297.2,,,,
2022,3,"Papua New Guinea, Lae", Lae,General Cargo,Imports,9474.8,,,,
2022,3,"Papua New Guinea, Lae", Lae,Tanker,Exports,265.8,,,,
2022,3,"Papua New Guinea, Lae", Lae,Tanker,Imports,13996.9,,,,
2022,3,"Papua New Guinea, Madang", Madang,Bulk Carrier,Exports,1710.2,,,,
2022,3,"Papua New Guinea, Madang", Madang,Container,Exports,5011.4,,,,
2022,3,"Papua New Guinea, Madang", Madang,General Cargo,Exports,8956.9,,,,
2022,3,"Papua New Guinea, Madang", Madang,General Cargo,Imports,4284.6,,,,
2022,3,"Papua New Guinea, Madang", Madang,Tanker,Exports,1957.4,,,,
2022,3,"Papua New Guinea, Madang", Madang,Tanker,Imports,289.5,,,,
2022,3,"Papua New Guinea, Oro Bay", Oro Bay,Bulk Carrier,Exports,3957.1,,,,
2022,3,"Papua New Guinea, Oro Bay", Oro Bay,Container,Imports,1697.1,,,,
2022,3,"Papua New Guinea, Oro Bay", Oro Bay,General Cargo,Exports,475,,,,
2022,3,"Papua New Guinea, Port Moresby", Port Moresby,Bulk Carrier,Exports,9635,,,,
2022,3,"Papua New Guinea, Port Moresby", Port Moresby,Container,Exports,3957.5,,,,
2022,3,"Papua New Guinea, Port Moresby", Port Moresby,Container,Imports,24311.8,,,,
2022,3,"Papua New Guinea, Port Moresby", Port Moresby,General Cargo,Exports,1632,,,,
2022,3,"Papua New Guinea, Port Moresby", Port Moresby,General Cargo,Imports,8754.5,,,,
2022,3,"Papua New Guinea, Port Moresby", Port Moresby,Tanker,Exports,240609.7,,,,
2022,3,"Papua New Guinea, Port Moresby", Port Moresby,Tanker,Imports,65777.5,,,,
2022,3,"Papua New Guinea, Put Put", Put Put,Container,Exports,303.3,,,,
2022,3,"Papua New Guinea, Put Put", Put Put,Container,Imports,6852.5,,,,
2022,3,"Papua New Guinea, Put Put", Put Put,General Cargo,Imports,480.2,,,,
2022,3,"Papua New Guinea, Put Put", Put Put,Tanker,Imports,371.1,,,,
2022,3,"Papua New Guinea, Rabaul", Rabaul,Container,Exports,3523.6,,,,
2022,3,"Papua New Guinea, Rabaul", Rabaul,Container,Imports,3194.9,,,,
2022,3,"Papua New Guinea, Rabaul", Rabaul,General Cargo,Exports,39580.4,,,,
2022,3,"Papua New Guinea, Rabaul", Rabaul,General Cargo,Imports,2574.6,,,,
2022,3,"Papua New Guinea, Rabaul", Rabaul,Tanker,Exports,3448.8,,,,
2022,3,"Papua New Guinea, Rabaul", Rabaul,Tanker,Imports,9376.1,,,,
2022,3,"Papua New Guinea, Vanimo", Vanimo,General Cargo,Exports,240.4,,,,
2022,3,"Papua New Guinea, Vanimo", Vanimo,General Cargo,Imports,1172.6,,,,
2022,3,"Papua New Guinea, Vanimo", Vanimo,Tanker,Exports,2745.8,,,,
2022,3,"Papua New Guinea, Wewak Harbor", Wewak Harbor,Bulk Carrier,Exports,8028.5,,,,
2022,3,"Papua New Guinea, Wewak Harbor", Wewak Harbor,Container,Exports,784,,,,
2022,3,"Papua New Guinea, Wewak Harbor", Wewak Harbor,General Cargo,Exports,811.3,,,,
2022,3,"Papua New Guinea, Wewak Harbor", Wewak Harbor,General Cargo,Imports,609.4,,,,
2022,3,"Papua New Guinea, Wewak Harbor", Wewak Harbor,Tanker,Exports,2352.6,,,,
2022,3,"Papua New Guinea, Wewak Harbor", Wewak Harbor,Tanker,Imports,10270.7,,,,
2022,3,"Samoa, Apia", Apia,Container,Exports,1044.6,,,,
2022,3,"Samoa, Apia", Apia,Container,Imports,4144.4,,,,
2022,3,"Samoa, Apia", Apia,General Cargo,Exports,991.8,,,,
2022,3,"Samoa, Apia", Apia,General Cargo,Imports,5456.2,,,,
2022,3,"Samoa, Apia", Apia,Tanker,Imports,2916.9,,,,
2022,3,"Solomon Islands, Honiara", Honiara,Bulk Carrier,Exports,21457.4,,,,
2022,3,"Solomon Islands, Honiara", Honiara,Bulk Carrier,Imports,5694.9,,,,
2022,3,"Solomon Islands, Honiara", Honiara,Container,Exports,1436.8,,,,
2022,3,"Solomon Islands, Honiara", Honiara,Container,Imports,17512.5,,,,
2022,3,"Solomon Islands, Honiara", Honiara,General Cargo,Exports,1681.4,,,,
2022,3,"Solomon Islands, Honiara", Honiara,General Cargo,Imports,1126.5,,,,
2022,3,"Solomon Islands, Honiara", Honiara,Tanker,Exports,248.5,,,,
2022,3,"Solomon Islands, Honiara", Honiara,Tanker,Imports,5874.5,,,,
2022,3,"Solomon Islands, Mbulo", Mbulo,Bulk Carrier,Exports,1066.6,,,,
2022,3,"Solomon Islands, Port Noro", Port Noro,Bulk Carrier,Exports,12926.5,,,,
2022,3,"Solomon Islands, Port Noro", Port Noro,Container,Exports,516.5,,,,
2022,3,"Solomon Islands, Port Noro", Port Noro,Container,Imports,792.5,,,,
2022,3,"Solomon Islands, Port Noro", Port Noro,General Cargo,Exports,1594.9,,,,
2022,3,"Solomon Islands, Rennell Island", Rennell Island,Bulk Carrier,Exports,8521.8,,,,
2022,3,"Solomon Islands, Seghe", Seghe,Bulk Carrier,Exports,10141.7,,,,
2022,3,"Tonga, Neiafu", Neiafu,General Cargo,Imports,1279.6,,,,
2022,3,"Tonga, Neiafu", Neiafu,Tanker,Imports,570.7,,,,
2022,3,"Tonga, Nuku Alofa", Nuku Alofa,Container,Imports,3048.3,,,,
2022,3,"Tonga, Nuku Alofa", Nuku Alofa,General Cargo,Imports,8310.1,,,,
2022,3,"Tonga, Nuku Alofa", Nuku Alofa,Tanker,Exports,149.4,,,,
2022,3,"Tonga, Nuku Alofa", Nuku Alofa,Tanker,Imports,1290.6,,,,
2022,3,"Tuvalu, Funafuti Atoll", Funafuti Atoll,Container,Imports,3426.5,,,,
2022,3,"Tuvalu, Funafuti Atoll", Funafuti Atoll,General Cargo,Exports,643.6,,,,
2022,3,"Tuvalu, Funafuti Atoll", Funafuti Atoll,General Cargo,Imports,955.5,,,,
2022,3,"Vanuatu, Luganville", Luganville,Container,Imports,775.1,,,,
2022,3,"Vanuatu, Luganville", Luganville,Tanker,Exports,491.9,,,,
2022,3,"Vanuatu, Port Vila", Port Vila,Container,Exports,1450.1,,,,
2022,3,"Vanuatu, Port Vila", Port Vila,Container,Imports,5336.4,,,,
2022,3,"Vanuatu, Port Vila", Port Vila,General Cargo,Imports,196,,,,
2022,3,"Vanuatu, Port Vila", Port Vila,Tanker,Exports,114.8,,,,
2022,3,"Vanuatu, Port Vila", Port Vila,Tanker,Imports,1478.1,,,,
2022,4,"Fiji, Lautoka Harbor", Lautoka Harbor,Bulk Carrier,Exports,14641,,,,
2022,4,"Fiji, Lautoka Harbor", Lautoka Harbor,Bulk Carrier,Imports,8370.6,,,,
2022,4,"Fiji, Lautoka Harbor", Lautoka Harbor,Container,Exports,24258.9,,,,
2022,4,"Fiji, Lautoka Harbor", Lautoka Harbor,Container,Imports,5176.2,,,,
2022,4,"Fiji, Lautoka Harbor", Lautoka Harbor,General Cargo,Exports,4987.3,,,,
2022,4,"Fiji, Lautoka Harbor", Lautoka Harbor,General Cargo,Imports,2761.1,,,,
2022,4,"Fiji, Lautoka Harbor", Lautoka Harbor,Tanker,Exports,3729.8,,,,
2022,4,"Fiji, Lautoka Harbor", Lautoka Harbor,Tanker,Imports,18384.1,,,,
2022,4,"Fiji, Malai", Malai,Tanker,Exports,203.1,,,,
2022,4,"Fiji, Malai", Malai,Tanker,Imports,301.3,,,,
2022,4,"Fiji, Suva Harbor", Suva Harbor,Container,Exports,10507,,,,
2022,4,"Fiji, Suva Harbor", Suva Harbor,Container,Imports,26877.6,,,,
2022,4,"Fiji, Suva Harbor", Suva Harbor,General Cargo,Exports,1325.6,,,,
2022,4,"Fiji, Suva Harbor", Suva Harbor,General Cargo,Imports,5450.3,,,,
2022,4,"Fiji, Suva Harbor", Suva Harbor,Tanker,Exports,207,,,,
2022,4,"Fiji, Suva Harbor", Suva Harbor,Tanker,Imports,13723.1,,,,
2022,4,"Kiribati, Tarawa Atoll", Tarawa Atoll,Container,Imports,386.9,,,,
2022,4,"Kiribati, Tarawa Atoll", Tarawa Atoll,General Cargo,Imports,492.7,,,,
2022,4,"Kiribati, Tarawa Atoll", Tarawa Atoll,Tanker,Exports,2736.4,,,,
2022,4,"Marshall Islands, Ebeye", Ebeye,General Cargo,Imports,1587.8,,,,
2022,4,"Marshall Islands, Kwajalein", Kwajalein,General Cargo,Imports,1271.8,,,,
2022,4,"Marshall Islands, Kwajalein", Kwajalein,Tanker,Imports,1621.6,,,,
2022,4,"Marshall Islands, Majuro Atoll", Majuro Atoll,Container,Exports,2033.8,,,,
2022,4,"Marshall Islands, Majuro Atoll", Majuro Atoll,Container,Imports,1082.7,,,,
2022,4,"Marshall Islands, Majuro Atoll", Majuro Atoll,General Cargo,Exports,11042.4,,,,
2022,4,"Marshall Islands, Majuro Atoll", Majuro Atoll,General Cargo,Imports,2844.5,,,,
2022,4,"Marshall Islands, Majuro Atoll", Majuro Atoll,Tanker,Imports,1073.9,,,,
2022,4,"Micronesia, Colonia", Colonia,Container,Imports,244.2,,,,
2022,4,"Micronesia, Colonia", Colonia,General Cargo,Exports,1914,,,,
2022,4,"Micronesia, Colonia", Colonia,Tanker,Imports,207.5,,,,
2022,4,"Micronesia, Lele Harbor", Lele Harbor,Container,Exports,898.6,,,,
2022,4,"Micronesia, Lele Harbor", Lele Harbor,General Cargo,Imports,996.3,,,,
2022,4,"Micronesia, Moen", Moen,General Cargo,Exports,1579.2,,,,
2022,4,"Micronesia, Moen", Moen,General Cargo,Imports,774.8,,,,
2022,4,"Micronesia, Moen", Moen,Tanker,Exports,1672.6,,,,
2022,4,"Micronesia, Pornpei Harbor", Pornpei Harbor,Container,Exports,451.9,,,,
2022,4,"Micronesia, Pornpei Harbor", Pornpei Harbor,General Cargo,Imports,1801.3,,,,
2022,4,"Micronesia, Pornpei Harbor", Pornpei Harbor,Tanker,Imports,2305.1,,,,
2022,4,"Nauru, Nauru", Nauru,Bulk Carrier,Exports,57925.4,,,,
2022,4,"Nauru, Nauru", Nauru,Container,Imports,2119.9,,,,
2022,4,"Palau, Malakal Harbor", Malakal Harbor,Container,Imports,4364,,,,
2022,4,"Palau, Malakal Harbor", Malakal Harbor,General Cargo,Exports,342.9,,,,
2022,4,"Palau, Malakal Harbor", Malakal Harbor,General Cargo,Imports,752,,,,
2022,4,"Palau, Malakal Harbor", Malakal Harbor,Tanker,Imports,621,,,,
2022,4,"Papua New Guinea, Alotoa", Alotoa,Container,Imports,569.8,,,,
2022,4,"Papua New Guinea, Alotoa", Alotoa,Tanker,Exports,1967.3,,,,
2022,4,"Papua New Guinea, Alotoa", Alotoa,Tanker,Imports,235.3,,,,
2022,4,"Papua New Guinea, Buka", Buka,Container,Imports,1131.1,,,,
2022,4,"Papua New Guinea, Buka", Buka,General Cargo,Exports,324.4,,,,
2022,4,"Papua New Guinea, Kavieng Harbor", Kavieng Harbor,Bulk Carrier,Exports,33555,,,,
2022,4,"Papua New Guinea, Kavieng Harbor", Kavieng Harbor,Container,Imports,2592.3,,,,
2022,4,"Papua New Guinea, Kavieng Harbor", Kavieng Harbor,General Cargo,Exports,5737.2,,,,
2022,4,"Papua New Guinea, Kieta", Kieta,Container,Exports,619.8,,,,
2022,4,"Papua New Guinea, Kimbe", Kimbe,Bulk Carrier,Exports,19824.9,,,,
2022,4,"Papua New Guinea, Kimbe", Kimbe,Container,Exports,605.2,,,,
2022,4,"Papua New Guinea, Kimbe", Kimbe,Container,Imports,4232.9,,,,
2022,4,"Papua New Guinea, Kimbe", Kimbe,General Cargo,Exports,1221.1,,,,
2022,4,"Papua New Guinea, Kimbe", Kimbe,General Cargo,Imports,1289.1,,,,
2022,4,"Papua New Guinea, Kimbe", Kimbe,Tanker,Exports,22343.1,,,,
2022,4,"Papua New Guinea, Kimbe", Kimbe,Tanker,Imports,2004.2,,,,
2022,4,"Papua New Guinea, Lae", Lae,Container,Exports,11828.8,,,,
2022,4,"Papua New Guinea, Lae", Lae,Container,Imports,37481.8,,,,
2022,4,"Papua New Guinea, Lae", Lae,General Cargo,Exports,16940.4,,,,
2022,4,"Papua New Guinea, Lae", Lae,General Cargo,Imports,14200.7,,,,
2022,4,"Papua New Guinea, Lae", Lae,Tanker,Exports,13913.3,,,,
2022,4,"Papua New Guinea, Lae", Lae,Tanker,Imports,4941,,,,
2022,4,"Papua New Guinea, Madang", Madang,Bulk Carrier,Exports,6494.8,,,,
2022,4,"Papua New Guinea, Madang", Madang,Container,Exports,2782,,,,
2022,4,"Papua New Guinea, Madang", Madang,Container,Imports,2575.4,,,,
2022,4,"Papua New Guinea, Madang", Madang,General Cargo,Exports,3880.3,,,,
2022,4,"Papua New Guinea, Madang", Madang,General Cargo,Imports,1733.6,,,,
2022,4,"Papua New Guinea, Madang", Madang,Tanker,Imports,24065.5,,,,
2022,4,"Papua New Guinea, Oro Bay", Oro Bay,Bulk Carrier,Exports,398.3,,,,
2022,4,"Papua New Guinea, Oro Bay", Oro Bay,Container,Exports,789.2,,,,
2022,4,"Papua New Guinea, Oro Bay", Oro Bay,Tanker,Exports,6827.8,,,,
2022,4,"Papua New Guinea, Port Moresby", Port Moresby,Bulk Carrier,Exports,4489.5,,,,
2022,4,"Papua New Guinea, Port Moresby", Port Moresby,Bulk Carrier,Imports,478.2,,,,
2022,4,"Papua New Guinea, Port Moresby", Port Moresby,Container,Exports,6557.4,,,,
2022,4,"Papua New Guinea, Port Moresby", Port Moresby,Container,Imports,20648.6,,,,
2022,4,"Papua New Guinea, Port Moresby", Port Moresby,General Cargo,Exports,6213.6,,,,
2022,4,"Papua New Guinea, Port Moresby", Port Moresby,General Cargo,Imports,15201.7,,,,
2022,4,"Papua New Guinea, Port Moresby", Port Moresby,Tanker,Exports,236496.1,,,,
2022,4,"Papua New Guinea, Port Moresby", Port Moresby,Tanker,Imports,6078.9,,,,
2022,4,"Papua New Guinea, Put Put", Put Put,Container,Imports,9708.5,,,,
2022,4,"Papua New Guinea, Put Put", Put Put,General Cargo,Exports,495.6,,,,
2022,4,"Papua New Guinea, Put Put", Put Put,General Cargo,Imports,609.9,,,,
2022,4,"Papua New Guinea, Put Put", Put Put,Tanker,Exports,415.6,,,,
2022,4,"Papua New Guinea, Put Put", Put Put,Tanker,Imports,5892.9,,,,
2022,4,"Papua New Guinea, Rabaul", Rabaul,Bulk Carrier,Exports,19913.7,,,,
2022,4,"Papua New Guinea, Rabaul", Rabaul,Container,Exports,3061,,,,
2022,4,"Papua New Guinea, Rabaul", Rabaul,Container,Imports,3240.2,,,,
2022,4,"Papua New Guinea, Rabaul", Rabaul,General Cargo,Exports,24247.4,,,,
2022,4,"Papua New Guinea, Rabaul", Rabaul,General Cargo,Imports,3993.6,,,,
2022,4,"Papua New Guinea, Rabaul", Rabaul,Tanker,Exports,2574.2,,,,
2022,4,"Papua New Guinea, Rabaul", Rabaul,Tanker,Imports,289.3,,,,
2022,4,"Papua New Guinea, Vanimo", Vanimo,Bulk Carrier,Exports,19885.7,,,,
2022,4,"Papua New Guinea, Vanimo", Vanimo,General Cargo,Exports,4913.5,,,,
2022,4,"Papua New Guinea, Vanimo", Vanimo,General Cargo,Imports,8618.3,,,,
2022,4,"Papua New Guinea, Wewak Harbor", Wewak Harbor,Bulk Carrier,Exports,1891.7,,,,
2022,4,"Papua New Guinea, Wewak Harbor", Wewak Harbor,Container,Exports,261,,,,
2022,4,"Papua New Guinea, Wewak Harbor", Wewak Harbor,General Cargo,Exports,893.1,,,,
2022,4,"Papua New Guinea, Wewak Harbor", Wewak Harbor,General Cargo,Imports,1309.2,,,,
2022,4,"Papua New Guinea, Wewak Harbor", Wewak Harbor,Tanker,Exports,3353.5,,,,
2022,4,"Papua New Guinea, Wewak Harbor", Wewak Harbor,Tanker,Imports,724.2,,,,
2022,4,"Samoa, Apia", Apia,Container,Exports,2154.4,,,,
2022,4,"Samoa, Apia", Apia,Container,Imports,18825.3,,,,
2022,4,"Samoa, Apia", Apia,General Cargo,Imports,3440.8,,,,
2022,4,"Samoa, Apia", Apia,Tanker,Imports,300.9,,,,
2022,4,"Solomon Islands, Honiara", Honiara,Bulk Carrier,Exports,17925.5,,,,
2022,4,"Solomon Islands, Honiara", Honiara,Container,Exports,720.2,,,,
2022,4,"Solomon Islands, Honiara", Honiara,Container,Imports,8954.7,,,,
2022,4,"Solomon Islands, Honiara", Honiara,General Cargo,Imports,640.1,,,,
2022,4,"Solomon Islands, Honiara", Honiara,Tanker,Imports,4037.2,,,,
2022,4,"Solomon Islands, Mbulo", Mbulo,Bulk Carrier,Exports,10137.5,,,,
2022,4,"Solomon Islands, Mbulo", Mbulo,Container,Exports,690.6,,,,
2022,4,"Solomon Islands, Ndora", Ndora,General Cargo,Exports,5258.8,,,,
2022,4,"Solomon Islands, Port Noro", Port Noro,Bulk Carrier,Exports,14078.7,,,,
2022,4,"Solomon Islands, Port Noro", Port Noro,Container,Imports,529.2,,,,
2022,4,"Solomon Islands, Port Noro", Port Noro,General Cargo,Exports,1941.1,,,,
2022,4,"Solomon Islands, Port Noro", Port Noro,Tanker,Exports,919.7,,,,
2022,4,"Solomon Islands, Rennell Island", Rennell Island,Bulk Carrier,Exports,15301.4,,,,
2022,4,"Tonga, Neiafu", Neiafu,Tanker,Exports,139.5,,,,
2022,4,"Tonga, Neiafu", Neiafu,Tanker,Imports,314.6,,,,
2022,4,"Tonga, Nuku Alofa", Nuku Alofa,Container,Exports,916,,,,
2022,4,"Tonga, Nuku Alofa", Nuku Alofa,General Cargo,Imports,6380.2,,,,
2022,4,"Tonga, Nuku Alofa", Nuku Alofa,Tanker,Exports,682.9,,,,
2022,4,"Tonga, Nuku Alofa", Nuku Alofa,Tanker,Imports,1855.1,,,,
2022,4,"Tuvalu, Funafuti Atoll", Funafuti Atoll,General Cargo,Exports,641.1,,,,
2022,4,"Tuvalu, Funafuti Atoll", Funafuti Atoll,General Cargo,Imports,2616.8,,,,
2022,4,"Tuvalu, Funafuti Atoll", Funafuti Atoll,Tanker,Imports,1388.7,,,,
2022,4,"Vanuatu, Luganville", Luganville,Container,Imports,1917,,,,
2022,4,"Vanuatu, Luganville", Luganville,General Cargo,Imports,327.1,,,,
2022,4,"Vanuatu, Port Vila", Port Vila,Container,Exports,1163.2,,,,
2022,4,"Vanuatu, Port Vila", Port Vila,Container,Imports,1986.6,,,,
2022,4,"Vanuatu, Port Vila", Port Vila,General Cargo,Exports,1957.8,,,,
2022,4,"Vanuatu, Port Vila", Port Vila,General Cargo,Imports,325.6,,,,
2022,4,"Vanuatu, Port Vila", Port Vila,Tanker,Exports,248.5,,,,
2022,5,"Fiji, Lautoka Harbor", Lautoka Harbor,Container,Exports,14124.5,,,,
2022,5,"Fiji, Lautoka Harbor", Lautoka Harbor,Container,Imports,11212.5,,,,
2022,5,"Fiji, Lautoka Harbor", Lautoka Harbor,General Cargo,Imports,9714.4,,,,
2022,5,"Fiji, Lautoka Harbor", Lautoka Harbor,Tanker,Exports,8394.3,,,,
2022,5,"Fiji, Lautoka Harbor", Lautoka Harbor,Tanker,Imports,23328.5,,,,
2022,5,"Fiji, Malai", Malai,Tanker,Exports,433.6,,,,
2022,5,"Fiji, Malai", Malai,Tanker,Imports,2163.8,,,,
2022,5,"Fiji, Suva Harbor", Suva Harbor,Bulk Carrier,Imports,16193.4,,,,
2022,5,"Fiji, Suva Harbor", Suva Harbor,Container,Exports,11584.5,,,,
2022,5,"Fiji, Suva Harbor", Suva Harbor,Container,Imports,19005,,,,
2022,5,"Fiji, Suva Harbor", Suva Harbor,General Cargo,Exports,3049.9,,,,
2022,5,"Fiji, Suva Harbor", Suva Harbor,General Cargo,Imports,5392.9,,,,
2022,5,"Fiji, Suva Harbor", Suva Harbor,Tanker,Exports,1843.4,,,,
2022,5,"Fiji, Suva Harbor", Suva Harbor,Tanker,Imports,20898.9,,,,
2022,5,"Kiribati, Kiribati", Kiribati,Bulk Carrier,Imports,4017.8,,,,
2022,5,"Kiribati, Kiribati", Kiribati,General Cargo,Imports,1472,,,,
2022,5,"Kiribati, Kiribati", Kiribati,Tanker,Exports,2677.5,,,,
2022,5,"Kiribati, Tarawa Atoll", Tarawa Atoll,Container,Exports,313.6,,,,
2022,5,"Kiribati, Tarawa Atoll", Tarawa Atoll,Container,Imports,1540,,,,
2022,5,"Kiribati, Tarawa Atoll", Tarawa Atoll,General Cargo,Imports,242.2,,,,
2022,5,"Kiribati, Tarawa Atoll", Tarawa Atoll,Tanker,Imports,2905.3,,,,
2022,5,"Marshall Islands, Ebeye", Ebeye,General Cargo,Imports,1978.2,,,,
2022,5,"Marshall Islands, Kwajalein", Kwajalein,General Cargo,Exports,236.6,,,,
2022,5,"Marshall Islands, Kwajalein", Kwajalein,General Cargo,Imports,1328,,,,
2022,5,"Marshall Islands, Kwajalein", Kwajalein,Tanker,Imports,323.9,,,,
2022,5,"Marshall Islands, Majuro Atoll", Majuro Atoll,Container,Exports,1240.2,,,,
2022,5,"Marshall Islands, Majuro Atoll", Majuro Atoll,Container,Imports,1546.9,,,,
2022,5,"Marshall Islands, Majuro Atoll", Majuro Atoll,General Cargo,Imports,3568,,,,
2022,5,"Marshall Islands, Majuro Atoll", Majuro Atoll,Tanker,Imports,417.4,,,,
2022,5,"Micronesia, Colonia", Colonia,Container,Exports,243.2,,,,
2022,5,"Micronesia, Colonia", Colonia,Container,Imports,247.4,,,,
2022,5,"Micronesia, Colonia", Colonia,General Cargo,Exports,3158.3,,,,
2022,5,"Micronesia, Colonia", Colonia,General Cargo,Imports,549.1,,,,
2022,5,"Micronesia, Colonia", Colonia,Tanker,Imports,735.9,,,,
2022,5,"Micronesia, Lele Harbor", Lele Harbor,Container,Exports,1525.6,,,,
2022,5,"Micronesia, Lele Harbor", Lele Harbor,Container,Imports,593,,,,
2022,5,"Micronesia, Lele Harbor", Lele Harbor,General Cargo,Imports,1102.5,,,,
2022,5,"Micronesia, Lele Harbor", Lele Harbor,Tanker,Imports,418.2,,,,
2022,5,"Micronesia, Moen", Moen,General Cargo,Exports,75.2,,,,
2022,5,"Micronesia, Moen", Moen,General Cargo,Imports,1049.5,,,,
2022,5,"Micronesia, Moen", Moen,Tanker,Imports,1470.9,,,,
2022,5,"Micronesia, Pornpei Harbor", Pornpei Harbor,Container,Exports,1188.2,,,,
2022,5,"Micronesia, Pornpei Harbor", Pornpei Harbor,General Cargo,Imports,1397.4,,,,
2022,5,"Micronesia, Pornpei Harbor", Pornpei Harbor,Tanker,Imports,209.4,,,,
2022,5,"Nauru, Nauru", Nauru,Bulk Carrier,Exports,47700.4,,,,
2022,5,"Nauru, Nauru", Nauru,Container,Imports,1995.6,,,,
2022,5,"Nauru, Nauru", Nauru,Tanker,Imports,2563.7,,,,
2022,5,"Palau, Malakal Harbor", Malakal Harbor,Container,Imports,737.6,,,,
2022,5,"Palau, Malakal Harbor", Malakal Harbor,Tanker,Exports,628.7,,,,
2022,5,"Palau, Malakal Harbor", Malakal Harbor,Tanker,Imports,1253.3,,,,
2022,5,"Papua New Guinea, Alotoa", Alotoa,Bulk Carrier,Exports,6082,,,,
2022,5,"Papua New Guinea, Alotoa", Alotoa,Container,Imports,3901.1,,,,
2022,5,"Papua New Guinea, Alotoa", Alotoa,General Cargo,Exports,283.6,,,,
2022,5,"Papua New Guinea, Alotoa", Alotoa,General Cargo,Imports,98,,,,
2022,5,"Papua New Guinea, Alotoa", Alotoa,Tanker,Exports,3122.7,,,,
2022,5,"Papua New Guinea, Alotoa", Alotoa,Tanker,Imports,235.3,,,,
2022,5,"Papua New Guinea, Buka", Buka,Container,Exports,383.5,,,,
2022,5,"Papua New Guinea, Buka", Buka,Container,Imports,537.7,,,,
2022,5,"Papua New Guinea, Buka", Buka,General Cargo,Exports,79.4,,,,
2022,5,"Papua New Guinea, Buka", Buka,General Cargo,Imports,324.1,,,,
2022,5,"Papua New Guinea, Daru", Daru,Bulk Carrier,Exports,18317.5,,,,
2022,5,"Papua New Guinea, Daru", Daru,Bulk Carrier,Imports,1555.3,,,,
2022,5,"Papua New Guinea, Daru", Daru,General Cargo,Exports,168.9,,,,
2022,5,"Papua New Guinea, Kavieng Harbor", Kavieng Harbor,Bulk Carrier,Exports,16266.7,,,,
2022,5,"Papua New Guinea, Kavieng Harbor", Kavieng Harbor,Container,Exports,244.7,,,,
2022,5,"Papua New Guinea, Kavieng Harbor", Kavieng Harbor,Container,Imports,1701.1,,,,
2022,5,"Papua New Guinea, Kavieng Harbor", Kavieng Harbor,General Cargo,Exports,6907.4,,,,
2022,5,"Papua New Guinea, Kavieng Harbor", Kavieng Harbor,Tanker,Exports,152.2,,,,
2022,5,"Papua New Guinea, Kavieng Harbor", Kavieng Harbor,Tanker,Imports,543.5,,,,
2022,5,"Papua New Guinea, Kieta", Kieta,Container,Imports,889,,,,
2022,5,"Papua New Guinea, Kimbe", Kimbe,Bulk Carrier,Exports,49814.3,,,,
2022,5,"Papua New Guinea, Kimbe", Kimbe,Bulk Carrier,Imports,1540.7,,,,
2022,5,"Papua New Guinea, Kimbe", Kimbe,Container,Exports,820.3,,,,
2022,5,"Papua New Guinea, Kimbe", Kimbe,Container,Imports,1481.3,,,,
2022,5,"Papua New Guinea, Kimbe", Kimbe,General Cargo,Exports,13029.6,,,,
2022,5,"Papua New Guinea, Kimbe", Kimbe,General Cargo,Imports,1287.6,,,,
2022,5,"Papua New Guinea, Kimbe", Kimbe,Tanker,Exports,2267.4,,,,
2022,5,"Papua New Guinea, Kimbe", Kimbe,Tanker,Imports,235.3,,,,
2022,5,"Papua New Guinea, Lae", Lae,Container,Exports,26813.8,,,,
2022,5,"Papua New Guinea, Lae", Lae,Container,Imports,53016.2,,,,
2022,5,"Papua New Guinea, Lae", Lae,General Cargo,Exports,18318.4,,,,
2022,5,"Papua New Guinea, Lae", Lae,General Cargo,Imports,13654.9,,,,
2022,5,"Papua New Guinea, Lae", Lae,Tanker,Exports,986.8,,,,
2022,5,"Papua New Guinea, Lae", Lae,Tanker,Imports,14615.9,,,,
2022,5,"Papua New Guinea, Madang", Madang,Bulk Carrier,Exports,19814.4,,,,
2022,5,"Papua New Guinea, Madang", Madang,Container,Exports,4861.4,,,,
2022,5,"Papua New Guinea, Madang", Madang,General Cargo,Exports,674.1,,,,
2022,5,"Papua New Guinea, Madang", Madang,General Cargo,Imports,983,,,,
2022,5,"Papua New Guinea, Madang", Madang,Tanker,Exports,4636.5,,,,
2022,5,"Papua New Guinea, Oro Bay", Oro Bay,Container,Imports,3332.5,,,,
2022,5,"Papua New Guinea, Oro Bay", Oro Bay,General Cargo,Exports,157.3,,,,
2022,5,"Papua New Guinea, Oro Bay", Oro Bay,Tanker,Exports,2442.6,,,,
2022,5,"Papua New Guinea, Port Moresby", Port Moresby,Bulk Carrier,Exports,15687.1,,,,
2022,5,"Papua New Guinea, Port Moresby", Port Moresby,Bulk Carrier,Imports,653.2,,,,
2022,5,"Papua New Guinea, Port Moresby", Port Moresby,Container,Exports,6036.5,,,,
2022,5,"Papua New Guinea, Port Moresby", Port Moresby,Container,Imports,21344.5,,,,
2022,5,"Papua New Guinea, Port Moresby", Port Moresby,General Cargo,Exports,9349.4,,,,
2022,5,"Papua New Guinea, Port Moresby", Port Moresby,General Cargo,Imports,16488.4,,,,
2022,5,"Papua New Guinea, Port Moresby", Port Moresby,Tanker,Exports,227403.4,,,,
2022,5,"Papua New Guinea, Port Moresby", Port Moresby,Tanker,Imports,66141.1,,,,
2022,5,"Papua New Guinea, Put Put", Put Put,Container,Exports,390.4,,,,
2022,5,"Papua New Guinea, Put Put", Put Put,Container,Imports,15249.4,,,,
2022,5,"Papua New Guinea, Put Put", Put Put,General Cargo,Exports,7.7,,,,
2022,5,"Papua New Guinea, Put Put", Put Put,General Cargo,Imports,4292.7,,,,
2022,5,"Papua New Guinea, Put Put", Put Put,Tanker,Exports,415.6,,,,
2022,5,"Papua New Guinea, Put Put", Put Put,Tanker,Imports,5892.9,,,,
2022,5,"Papua New Guinea, Rabaul", Rabaul,Bulk Carrier,Exports,22105.1,,,,
2022,5,"Papua New Guinea, Rabaul", Rabaul,Container,Exports,1528.5,,,,
2022,5,"Papua New Guinea, Rabaul", Rabaul,Container,Imports,3168.4,,,,
2022,5,"Papua New Guinea, Rabaul", Rabaul,General Cargo,Exports,33290.3,,,,
2022,5,"Papua New Guinea, Rabaul", Rabaul,General Cargo,Imports,4480.4,,,,
2022,5,"Papua New Guinea, Rabaul", Rabaul,Tanker,Exports,5569.1,,,,
2022,5,"Papua New Guinea, Rabaul", Rabaul,Tanker,Imports,9983.8,,,,
2022,5,"Papua New Guinea, Vanimo", Vanimo,Bulk Carrier,Exports,15149.3,,,,
2022,5,"Papua New Guinea, Vanimo", Vanimo,General Cargo,Exports,4744,,,,
2022,5,"Papua New Guinea, Vanimo", Vanimo,Tanker,Exports,1453.9,,,,
2022,5,"Papua New Guinea, Wewak Harbor", Wewak Harbor,Bulk Carrier,Exports,14523.2,,,,
2022,5,"Papua New Guinea, Wewak Harbor", Wewak Harbor,Container,Imports,784,,,,
2022,5,"Papua New Guinea, Wewak Harbor", Wewak Harbor,General Cargo,Exports,1388.4,,,,
2022,5,"Papua New Guinea, Wewak Harbor", Wewak Harbor,General Cargo,Imports,649,,,,
2022,5,"Papua New Guinea, Wewak Harbor", Wewak Harbor,Tanker,Exports,1653.5,,,,
2022,5,"Papua New Guinea, Wewak Harbor", Wewak Harbor,Tanker,Imports,5696.8,,,,
2022,5,"Samoa, Apia", Apia,Container,Imports,8687.7,,,,
2022,5,"Samoa, Apia", Apia,General Cargo,Exports,1335.3,,,,
2022,5,"Samoa, Apia", Apia,General Cargo,Imports,4580.2,,,,
2022,5,"Samoa, Apia", Apia,Tanker,Exports,13518.2,,,,
2022,5,"Solomon Islands, Honiara", Honiara,Bulk Carrier,Exports,17119.2,,,,
2022,5,"Solomon Islands, Honiara", Honiara,Container,Exports,282.2,,,,
2022,5,"Solomon Islands, Honiara", Honiara,Container,Imports,12745.5,,,,
2022,5,"Solomon Islands, Honiara", Honiara,General Cargo,Exports,1664.6,,,,
2022,5,"Solomon Islands, Honiara", Honiara,General Cargo,Imports,748,,,,
2022,5,"Solomon Islands, Honiara", Honiara,Tanker,Imports,7068.3,,,,
2022,5,"Solomon Islands, Port Noro", Port Noro,Bulk Carrier,Exports,16093.3,,,,
2022,5,"Solomon Islands, Port Noro", Port Noro,Bulk Carrier,Imports,509.5,,,,
2022,5,"Solomon Islands, Port Noro", Port Noro,Container,Exports,265.3,,,,
2022,5,"Solomon Islands, Port Noro", Port Noro,General Cargo,Imports,1229.3,,,,
2022,5,"Tonga, Neiafu", Neiafu,General Cargo,Exports,672.6,,,,
2022,5,"Tonga, Neiafu", Neiafu,Tanker,Imports,279.3,,,,
2022,5,"Tonga, Nuku Alofa", Nuku Alofa,Container,Imports,1894.9,,,,
2022,5,"Tonga, Nuku Alofa", Nuku Alofa,General Cargo,Exports,669.8,,,,
2022,5,"Tonga, Nuku Alofa", Nuku Alofa,General Cargo,Imports,4393.6,,,,
2022,5,"Tonga, Nuku Alofa", Nuku Alofa,Tanker,Exports,587.8,,,,
2022,5,"Tonga, Nuku Alofa", Nuku Alofa,Tanker,Imports,702.1,,,,
2022,5,"Tuvalu, Funafuti Atoll", Funafuti Atoll,Container,Exports,1101.5,,,,
2022,5,"Tuvalu, Funafuti Atoll", Funafuti Atoll,General Cargo,Exports,593.4,,,,
2022,5,"Tuvalu, Funafuti Atoll", Funafuti Atoll,Tanker,Imports,278.3,,,,
2022,5,"Vanuatu, Luganville", Luganville,Container,Exports,315.8,,,,
2022,5,"Vanuatu, Luganville", Luganville,Container,Imports,3086.9,,,,
2022,5,"Vanuatu, Luganville", Luganville,General Cargo,Exports,81.5,,,,
2022,5,"Vanuatu, Luganville", Luganville,General Cargo,Imports,3165.1,,,,
2022,5,"Vanuatu, Port Vila", Port Vila,Container,Exports,3227.8,,,,
2022,5,"Vanuatu, Port Vila", Port Vila,Container,Imports,268.5,,,,
2022,5,"Vanuatu, Port Vila", Port Vila,General Cargo,Exports,670.1,,,,
2022,5,"Vanuatu, Port Vila", Port Vila,General Cargo,Imports,325.9,,,,
2022,5,"Vanuatu, Port Vila", Port Vila,Tanker,Exports,6358,,,,
2022,5,"Vanuatu, Port Vila", Port Vila,Tanker,Imports,265.4,,,,
2022,6,"Fiji, Lautoka Harbor", Lautoka Harbor,Bulk Carrier,Imports,2767.9,,,,
2022,6,"Fiji, Lautoka Harbor", Lautoka Harbor,Container,Exports,14767.6,,,,
2022,6,"Fiji, Lautoka Harbor", Lautoka Harbor,Container,Imports,8262.7,,,,
2022,6,"Fiji, Lautoka Harbor", Lautoka Harbor,General Cargo,Exports,1269.6,,,,
2022,6,"Fiji, Lautoka Harbor", Lautoka Harbor,General Cargo,Imports,1986.3,,,,
2022,6,"Fiji, Lautoka Harbor", Lautoka Harbor,Tanker,Exports,2885.2,,,,
2022,6,"Fiji, Lautoka Harbor", Lautoka Harbor,Tanker,Imports,26583.3,,,,
2022,6,"Fiji, Malai", Malai,Tanker,Exports,524.2,,,,
2022,6,"Fiji, Malai", Malai,Tanker,Imports,296.7,,,,
2022,6,"Fiji, Nabouwalu Jetty", Nabouwalu Jetty,Bulk Carrier,Exports,35262.4,,,,
2022,6,"Fiji, Suva Harbor", Suva Harbor,Bulk Carrier,Imports,17618.6,,,,
2022,6,"Fiji, Suva Harbor", Suva Harbor,Container,Exports,17034.4,,,,
2022,6,"Fiji, Suva Harbor", Suva Harbor,Container,Imports,16605.4,,,,
2022,6,"Fiji, Suva Harbor", Suva Harbor,General Cargo,Exports,963.2,,,,
2022,6,"Fiji, Suva Harbor", Suva Harbor,General Cargo,Imports,3128.4,,,,
2022,6,"Fiji, Suva Harbor", Suva Harbor,Tanker,Exports,752.9,,,,
2022,6,"Fiji, Suva Harbor", Suva Harbor,Tanker,Imports,12225.2,,,,
2022,6,"Kiribati, Kiribati", Kiribati,General Cargo,Imports,227.7,,,,
2022,6,"Kiribati, Tarawa Atoll", Tarawa Atoll,Container,Exports,1259.7,,,,
2022,6,"Kiribati, Tarawa Atoll", Tarawa Atoll,Container,Imports,3061.3,,,,
2022,6,"Kiribati, Tarawa Atoll", Tarawa Atoll,General Cargo,Exports,4587.9,,,,
2022,6,"Marshall Islands, Ebeye", Ebeye,General Cargo,Imports,663.9,,,,
2022,6,"Marshall Islands, Kwajalein", Kwajalein,General Cargo,Imports,958.2,,,,
2022,6,"Marshall Islands, Kwajalein", Kwajalein,Tanker,Exports,276.3,,,,
2022,6,"Marshall Islands, Majuro Atoll", Majuro Atoll,Container,Exports,390.4,,,,
2022,6,"Marshall Islands, Majuro Atoll", Majuro Atoll,Container,Imports,1339,,,,
2022,6,"Marshall Islands, Majuro Atoll", Majuro Atoll,General Cargo,Exports,6262.4,,,,
2022,6,"Marshall Islands, Majuro Atoll", Majuro Atoll,General Cargo,Imports,1035.3,,,,
2022,6,"Marshall Islands, Majuro Atoll", Majuro Atoll,Tanker,Exports,420.5,,,,
2022,6,"Marshall Islands, Majuro Atoll", Majuro Atoll,Tanker,Imports,1887.8,,,,
2022,6,"Micronesia, Colonia", Colonia,Container,Imports,492.4,,,,
2022,6,"Micronesia, Colonia", Colonia,General Cargo,Exports,1115.5,,,,
2022,6,"Micronesia, Lele Harbor", Lele Harbor,Container,Exports,2675.7,,,,
2022,6,"Micronesia, Lele Harbor", Lele Harbor,General Cargo,Exports,734.5,,,,
2022,6,"Micronesia, Lele Harbor", Lele Harbor,General Cargo,Imports,462.5,,,,
2022,6,"Micronesia, Moen", Moen,General Cargo,Exports,773.2,,,,
2022,6,"Micronesia, Moen", Moen,General Cargo,Imports,628,,,,
2022,6,"Micronesia, Moen", Moen,Tanker,Exports,208.2,,,,
2022,6,"Micronesia, Pornpei Harbor", Pornpei Harbor,Container,Exports,1502.2,,,,
2022,6,"Micronesia, Pornpei Harbor", Pornpei Harbor,Container,Imports,916.6,,,,
2022,6,"Micronesia, Pornpei Harbor", Pornpei Harbor,General Cargo,Exports,1579.2,,,,
2022,6,"Micronesia, Pornpei Harbor", Pornpei Harbor,General Cargo,Imports,2273.9,,,,
2022,6,"Micronesia, Pornpei Harbor", Pornpei Harbor,Tanker,Imports,2079.4,,,,
2022,6,"Nauru, Nauru", Nauru,Bulk Carrier,Exports,50032.3,,,,
2022,6,"Nauru, Nauru", Nauru,Bulk Carrier,Imports,376.6,,,,
2022,6,"Nauru, Nauru", Nauru,Container,Imports,1365.8,,,,
2022,6,"Palau, Malakal Harbor", Malakal Harbor,Container,Imports,5589.4,,,,
2022,6,"Palau, Malakal Harbor", Malakal Harbor,General Cargo,Imports,724.4,,,,
2022,6,"Papua New Guinea, Alotoa", Alotoa,Bulk Carrier,Exports,12457.7,,,,
2022,6,"Papua New Guinea, Alotoa", Alotoa,Container,Exports,330.9,,,,
2022,6,"Papua New Guinea, Alotoa", Alotoa,General Cargo,Exports,1773,,,,
2022,6,"Papua New Guinea, Alotoa", Alotoa,Tanker,Exports,8793.9,,,,
2022,6,"Papua New Guinea, Alotoa", Alotoa,Tanker,Imports,158.8,,,,
2022,6,"Papua New Guinea, Buka", Buka,Container,Exports,189.6,,,,
2022,6,"Papua New Guinea, Buka", Buka,General Cargo,Exports,1284.4,,,,
2022,6,"Papua New Guinea, Buka", Buka,General Cargo,Imports,816.8,,,,
2022,6,"Papua New Guinea, Daru", Daru,Bulk Carrier,Exports,8250.3,,,,
2022,6,"Papua New Guinea, Daru", Daru,General Cargo,Exports,45.6,,,,
2022,6,"Papua New Guinea, Daru", Daru,General Cargo,Imports,339.4,,,,
2022,6,"Papua New Guinea, Kavieng Harbor", Kavieng Harbor,Bulk Carrier,Exports,16833.5,,,,
2022,6,"Papua New Guinea, Kavieng Harbor", Kavieng Harbor,Container,Exports,383.5,,,,
2022,6,"Papua New Guinea, Kavieng Harbor", Kavieng Harbor,Container,Imports,2324.9,,,,
2022,6,"Papua New Guinea, Kavieng Harbor", Kavieng Harbor,General Cargo,Exports,11771.7,,,,
2022,6,"Papua New Guinea, Kavieng Harbor", Kavieng Harbor,Tanker,Imports,160.2,,,,
2022,6,"Papua New Guinea, Kieta", Kieta,Container,Exports,383.5,,,,
2022,6,"Papua New Guinea, Kieta", Kieta,Container,Imports,756.7,,,,
2022,6,"Papua New Guinea, Kimbe", Kimbe,Bulk Carrier,Exports,24877.4,,,,
2022,6,"Papua New Guinea, Kimbe", Kimbe,Container,Exports,3899.1,,,,
2022,6,"Papua New Guinea, Kimbe", Kimbe,Container,Imports,3464.3,,,,
2022,6,"Papua New Guinea, Kimbe", Kimbe,General Cargo,Exports,1860.3,,,,
2022,6,"Papua New Guinea, Kimbe", Kimbe,General Cargo,Imports,2175.1,,,,
2022,6,"Papua New Guinea, Kimbe", Kimbe,Tanker,Exports,12707,,,,
2022,6,"Papua New Guinea, Kimbe", Kimbe,Tanker,Imports,901.1,,,,
2022,6,"Papua New Guinea, Lae", Lae,Bulk Carrier,Imports,22640.1,,,,
2022,6,"Papua New Guinea, Lae", Lae,Container,Exports,15411.4,,,,
2022,6,"Papua New Guinea, Lae", Lae,Container,Imports,35321.5,,,,
2022,6,"Papua New Guinea, Lae", Lae,General Cargo,Exports,18137.8,,,,
2022,6,"Papua New Guinea, Lae", Lae,General Cargo,Imports,11246.1,,,,
2022,6,"Papua New Guinea, Lae", Lae,Tanker,Exports,10062.9,,,,
2022,6,"Papua New Guinea, Lae", Lae,Tanker,Imports,7294.1,,,,
2022,6,"Papua New Guinea, Madang", Madang,Bulk Carrier,Exports,37645.1,,,,
2022,6,"Papua New Guinea, Madang", Madang,Container,Exports,2658.8,,,,
2022,6,"Papua New Guinea, Madang", Madang,Container,Imports,872,,,,
2022,6,"Papua New Guinea, Madang", Madang,General Cargo,Exports,2721.1,,,,
2022,6,"Papua New Guinea, Madang", Madang,General Cargo,Imports,1147.5,,,,
2022,6,"Papua New Guinea, Madang", Madang,Tanker,Exports,4597.3,,,,
2022,6,"Papua New Guinea, Madang", Madang,Tanker,Imports,235.3,,,,
2022,6,"Papua New Guinea, Oro Bay", Oro Bay,Bulk Carrier,Exports,14827,,,,
2022,6,"Papua New Guinea, Oro Bay", Oro Bay,Container,Imports,2914.2,,,,
2022,6,"Papua New Guinea, Oro Bay", Oro Bay,Tanker,Imports,633.1,,,,
2022,6,"Papua New Guinea, Port Moresby", Port Moresby,Bulk Carrier,Exports,1486.9,,,,
2022,6,"Papua New Guinea, Port Moresby", Port Moresby,Bulk Carrier,Imports,5221.2,,,,
2022,6,"Papua New Guinea, Port Moresby", Port Moresby,Container,Exports,5014.2,,,,
2022,6,"Papua New Guinea, Port Moresby", Port Moresby,Container,Imports,29096.4,,,,
2022,6,"Papua New Guinea, Port Moresby", Port Moresby,General Cargo,Exports,11342.5,,,,
2022,6,"Papua New Guinea, Port Moresby", Port Moresby,General Cargo,Imports,6009.9,,,,
2022,6,"Papua New Guinea, Port Moresby", Port Moresby,Tanker,Exports,247955.7,,,,
2022,6,"Papua New Guinea, Port Moresby", Port Moresby,Tanker,Imports,4077.4,,,,
2022,6,"Papua New Guinea, Put Put", Put Put,Container,Imports,2971.1,,,,
2022,6,"Papua New Guinea, Put Put", Put Put,General Cargo,Exports,296.2,,,,
2022,6,"Papua New Guinea, Put Put", Put Put,General Cargo,Imports,9864.6,,,,
2022,6,"Papua New Guinea, Put Put", Put Put,Tanker,Exports,415.6,,,,
2022,6,"Papua New Guinea, Rabaul", Rabaul,Bulk Carrier,Exports,25770,,,,
2022,6,"Papua New Guinea, Rabaul", Rabaul,Container,Exports,1865.8,,,,
2022,6,"Papua New Guinea, Rabaul", Rabaul,Container,Imports,2972.2,,,,
2022,6,"Papua New Guinea, Rabaul", Rabaul,General Cargo,Exports,29741.7,,,,
2022,6,"Papua New Guinea, Rabaul", Rabaul,General Cargo,Imports,7044,,,,
2022,6,"Papua New Guinea, Rabaul", Rabaul,Tanker,Exports,3612.8,,,,
2022,6,"Papua New Guinea, Rabaul", Rabaul,Tanker,Imports,4384.4,,,,
2022,6,"Papua New Guinea, Vanimo", Vanimo,Bulk Carrier,Exports,31220.6,,,,
2022,6,"Papua New Guinea, Vanimo", Vanimo,Bulk Carrier,Imports,1159.5,,,,
2022,6,"Papua New Guinea, Vanimo", Vanimo,General Cargo,Exports,2378.7,,,,
2022,6,"Papua New Guinea, Vanimo", Vanimo,General Cargo,Imports,5529.9,,,,
2022,6,"Papua New Guinea, Wewak Harbor", Wewak Harbor,Bulk Carrier,Exports,14090.3,,,,
2022,6,"Papua New Guinea, Wewak Harbor", Wewak Harbor,Container,Imports,432.6,,,,
2022,6,"Papua New Guinea, Wewak Harbor", Wewak Harbor,General Cargo,Exports,1267.3,,,,
2022,6,"Papua New Guinea, Wewak Harbor", Wewak Harbor,Tanker,Exports,3334.8,,,,
2022,6,"Papua New Guinea, Wewak Harbor", Wewak Harbor,Tanker,Imports,2245.9,,,,
2022,6,"Samoa, Apia", Apia,Container,Exports,4655.1,,,,
2022,6,"Samoa, Apia", Apia,Container,Imports,6330.9,,,,
2022,6,"Samoa, Apia", Apia,General Cargo,Imports,8239.6,,,,
2022,6,"Samoa, Apia", Apia,Tanker,Exports,150.5,,,,
2022,6,"Solomon Islands, Honiara", Honiara,Bulk Carrier,Exports,24057.4,,,,
2022,6,"Solomon Islands, Honiara", Honiara,Bulk Carrier,Imports,1528.1,,,,
2022,6,"Solomon Islands, Honiara", Honiara,Container,Exports,300.4,,,,
2022,6,"Solomon Islands, Honiara", Honiara,Container,Imports,9911.8,,,,
2022,6,"Solomon Islands, Honiara", Honiara,General Cargo,Exports,5710.7,,,,
2022,6,"Solomon Islands, Honiara", Honiara,General Cargo,Imports,641.5,,,,
2022,6,"Solomon Islands, Honiara", Honiara,Tanker,Imports,9064.4,,,,
2022,6,"Solomon Islands, Ndora", Ndora,Bulk Carrier,Exports,4253,,,,
2022,6,"Solomon Islands, Ndora", Ndora,General Cargo,Exports,3531.3,,,,
2022,6,"Solomon Islands, Port Noro", Port Noro,Bulk Carrier,Exports,10946.2,,,,
2022,6,"Solomon Islands, Port Noro", Port Noro,Container,Exports,799.8,,,,
2022,6,"Solomon Islands, Port Noro", Port Noro,Container,Imports,1057.9,,,,
2022,6,"Solomon Islands, Port Noro", Port Noro,General Cargo,Exports,1941.1,,,,
2022,6,"Solomon Islands, Port Noro", Port Noro,Tanker,Exports,919.7,,,,
2022,6,"Solomon Islands, Port Noro", Port Noro,Tanker,Imports,2971.3,,,,
2022,6,"Tonga, Neiafu", Neiafu,General Cargo,Imports,271.4,,,,
2022,6,"Tonga, Neiafu", Neiafu,Tanker,Exports,407.7,,,,
2022,6,"Tonga, Neiafu", Neiafu,Tanker,Imports,691.8,,,,
2022,6,"Tonga, Nuku Alofa", Nuku Alofa,Container,Exports,384.3,,,,
2022,6,"Tonga, Nuku Alofa", Nuku Alofa,Container,Imports,6039,,,,
2022,6,"Tonga, Nuku Alofa", Nuku Alofa,General Cargo,Exports,505.8,,,,
2022,6,"Tonga, Nuku Alofa", Nuku Alofa,General Cargo,Imports,6505,,,,
2022,6,"Tonga, Nuku Alofa", Nuku Alofa,Tanker,Exports,554.5,,,,
2022,6,"Tonga, Nuku Alofa", Nuku Alofa,Tanker,Imports,730.3,,,,
2022,6,"Tuvalu, Funafuti Atoll", Funafuti Atoll,General Cargo,Exports,499.5,,,,
2022,6,"Tuvalu, Funafuti Atoll", Funafuti Atoll,Tanker,Imports,501.8,,,,
2022,6,"Vanuatu, Luganville", Luganville,Container,Imports,388.9,,,,
2022,6,"Vanuatu, Luganville", Luganville,General Cargo,Exports,445,,,,
2022,6,"Vanuatu, Luganville", Luganville,General Cargo,Imports,975.3,,,,
2022,6,"Vanuatu, Port Vila", Port Vila,Container,Exports,864.8,,,,
2022,6,"Vanuatu, Port Vila", Port Vila,Container,Imports,3248,,,,
2022,6,"Vanuatu, Port Vila", Port Vila,General Cargo,Exports,661.9,,,,
2022,6,"Vanuatu, Port Vila", Port Vila,General Cargo,Imports,325.8,,,,
2022,6,"Vanuatu, Port Vila", Port Vila,Tanker,Imports,151.9,,,,
2022,7,"Fiji, Lautoka Harbor", Lautoka Harbor,Container,Exports,26911.7,,,,
2022,7,"Fiji, Lautoka Harbor", Lautoka Harbor,Container,Imports,11363.6,,,,
2022,7,"Fiji, Lautoka Harbor", Lautoka Harbor,General Cargo,Exports,199.4,,,,
2022,7,"Fiji, Lautoka Harbor", Lautoka Harbor,General Cargo,Imports,984.6,,,,
2022,7,"Fiji, Lautoka Harbor", Lautoka Harbor,Tanker,Exports,5585.9,,,,
2022,7,"Fiji, Lautoka Harbor", Lautoka Harbor,Tanker,Imports,26472.2,,,,
2022,7,"Fiji, Malai", Malai,Bulk Carrier,Exports,1402,,,,
2022,7,"Fiji, Malai", Malai,Tanker,Exports,297.2,,,,
2022,7,"Fiji, Malai", Malai,Tanker,Imports,1082.2,,,,
2022,7,"Fiji, Suva Harbor", Suva Harbor,Bulk Carrier,Exports,839,,,,
2022,7,"Fiji, Suva Harbor", Suva Harbor,Container,Exports,12544,,,,
2022,7,"Fiji, Suva Harbor", Suva Harbor,Container,Imports,20256.4,,,,
2022,7,"Fiji, Suva Harbor", Suva Harbor,General Cargo,Exports,1088.3,,,,
2022,7,"Fiji, Suva Harbor", Suva Harbor,General Cargo,Imports,3569,,,,
2022,7,"Fiji, Suva Harbor", Suva Harbor,Tanker,Exports,56.3,,,,
2022,7,"Fiji, Suva Harbor", Suva Harbor,Tanker,Imports,25624.3,,,,
2022,7,"Kiribati, Kiribati", Kiribati,Container,Exports,1259.7,,,,
2022,7,"Kiribati, Tarawa Atoll", Tarawa Atoll,Container,Exports,785.7,,,,
2022,7,"Kiribati, Tarawa Atoll", Tarawa Atoll,Container,Imports,2702.6,,,,
2022,7,"Kiribati, Tarawa Atoll", Tarawa Atoll,General Cargo,Imports,301.6,,,,
2022,7,"Kiribati, Tarawa Atoll", Tarawa Atoll,Tanker,Exports,515.3,,,,
2022,7,"Marshall Islands, Ebeye", Ebeye,General Cargo,Imports,1596.1,,,,
2022,7,"Marshall Islands, Kwajalein", Kwajalein,General Cargo,Imports,1894.9,,,,
2022,7,"Marshall Islands, Kwajalein", Kwajalein,Tanker,Imports,317,,,,
2022,7,"Marshall Islands, Majuro Atoll", Majuro Atoll,Container,Exports,301.2,,,,
2022,7,"Marshall Islands, Majuro Atoll", Majuro Atoll,Container,Imports,1933.5,,,,
2022,7,"Marshall Islands, Majuro Atoll", Majuro Atoll,General Cargo,Exports,1535.4,,,,
2022,7,"Marshall Islands, Majuro Atoll", Majuro Atoll,General Cargo,Imports,2484.5,,,,
2022,7,"Marshall Islands, Majuro Atoll", Majuro Atoll,Tanker,Imports,2013.6,,,,
2022,7,"Micronesia, Colonia", Colonia,Container,Imports,358,,,,
2022,7,"Micronesia, Colonia", Colonia,Tanker,Imports,207,,,,
2022,7,"Micronesia, Lele Harbor", Lele Harbor,Container,Exports,1786.7,,,,
2022,7,"Micronesia, Lele Harbor", Lele Harbor,Container,Imports,299.5,,,,
2022,7,"Micronesia, Lele Harbor", Lele Harbor,General Cargo,Exports,255.6,,,,
2022,7,"Micronesia, Lele Harbor", Lele Harbor,General Cargo,Imports,483.3,,,,
2022,7,"Micronesia, Lele Harbor", Lele Harbor,Tanker,Imports,1046.9,,,,
2022,7,"Micronesia, Moen", Moen,General Cargo,Exports,334.9,,,,
2022,7,"Micronesia, Moen", Moen,General Cargo,Imports,549.1,,,,
2022,7,"Micronesia, Pornpei Harbor", Pornpei Harbor,Container,Exports,1203.9,,,,
2022,7,"Micronesia, Pornpei Harbor", Pornpei Harbor,General Cargo,Imports,1024.6,,,,
2022,7,"Micronesia, Pornpei Harbor", Pornpei Harbor,Tanker,Imports,833.9,,,,
2022,7,"Nauru, Nauru", Nauru,Bulk Carrier,Exports,18401.6,,,,
2022,7,"Nauru, Nauru", Nauru,Container,Imports,5330.4,,,,
2022,7,"Nauru, Nauru", Nauru,General Cargo,Imports,1189.8,,,,
2022,7,"Palau, Malakal Harbor", Malakal Harbor,Container,Imports,4383.8,,,,
2022,7,"Palau, Malakal Harbor", Malakal Harbor,General Cargo,Exports,342.9,,,,
2022,7,"Palau, Malakal Harbor", Malakal Harbor,General Cargo,Imports,1286.1,,,,
2022,7,"Palau, Malakal Harbor", Malakal Harbor,Tanker,Imports,1038.5,,,,
2022,7,"Papua New Guinea, Alotoa", Alotoa,Container,Exports,1012.6,,,,
2022,7,"Papua New Guinea, Alotoa", Alotoa,Container,Imports,380.7,,,,
2022,7,"Papua New Guinea, Alotoa", Alotoa,General Cargo,Exports,794.4,,,,
2022,7,"Papua New Guinea, Alotoa", Alotoa,Tanker,Exports,5070.5,,,,
2022,7,"Papua New Guinea, Alotoa", Alotoa,Tanker,Imports,949.6,,,,
2022,7,"Papua New Guinea, Buka", Buka,Container,Exports,410.2,,,,
2022,7,"Papua New Guinea, Buka", Buka,General Cargo,Exports,384.9,,,,
2022,7,"Papua New Guinea, Daru", Daru,Bulk Carrier,Exports,12764,,,,
2022,7,"Papua New Guinea, Daru", Daru,General Cargo,Imports,74.2,,,,
2022,7,"Papua New Guinea, Kavieng Harbor", Kavieng Harbor,Bulk Carrier,Exports,1535.1,,,,
2022,7,"Papua New Guinea, Kavieng Harbor", Kavieng Harbor,Container,Exports,383.4,,,,
2022,7,"Papua New Guinea, Kavieng Harbor", Kavieng Harbor,Container,Imports,1133.2,,,,
2022,7,"Papua New Guinea, Kavieng Harbor", Kavieng Harbor,General Cargo,Exports,1539.7,,,,
2022,7,"Papua New Guinea, Kavieng Harbor", Kavieng Harbor,Tanker,Exports,365.3,,,,
2022,7,"Papua New Guinea, Kavieng Harbor", Kavieng Harbor,Tanker,Imports,635.5,,,,
2022,7,"Papua New Guinea, Kieta", Kieta,Container,Imports,1122.3,,,,
2022,7,"Papua New Guinea, Kieta", Kieta,General Cargo,Exports,1352.1,,,,
2022,7,"Papua New Guinea, Kimbe", Kimbe,Bulk Carrier,Exports,15497.2,,,,
2022,7,"Papua New Guinea, Kimbe", Kimbe,Bulk Carrier,Imports,11999.6,,,,
2022,7,"Papua New Guinea, Kimbe", Kimbe,Container,Exports,575.5,,,,
2022,7,"Papua New Guinea, Kimbe", Kimbe,Container,Imports,602,,,,
2022,7,"Papua New Guinea, Kimbe", Kimbe,General Cargo,Exports,6836.8,,,,
2022,7,"Papua New Guinea, Kimbe", Kimbe,General Cargo,Imports,1485.7,,,,
2022,7,"Papua New Guinea, Kimbe", Kimbe,Tanker,Exports,5840,,,,
2022,7,"Papua New Guinea, Kimbe", Kimbe,Tanker,Imports,235.3,,,,
2022,7,"Papua New Guinea, Lae", Lae,Bulk Carrier,Imports,7393.7,,,,
2022,7,"Papua New Guinea, Lae", Lae,Container,Exports,6765.6,,,,
2022,7,"Papua New Guinea, Lae", Lae,Container,Imports,48455.6,,,,
2022,7,"Papua New Guinea, Lae", Lae,General Cargo,Exports,24870.4,,,,
2022,7,"Papua New Guinea, Lae", Lae,General Cargo,Imports,3082.6,,,,
2022,7,"Papua New Guinea, Lae", Lae,Tanker,Exports,5161.4,,,,
2022,7,"Papua New Guinea, Lae", Lae,Tanker,Imports,15742.7,,,,
2022,7,"Papua New Guinea, Madang", Madang,Bulk Carrier,Exports,13671.4,,,,
2022,7,"Papua New Guinea, Madang", Madang,Container,Exports,2453.5,,,,
2022,7,"Papua New Guinea, Madang", Madang,Container,Imports,3857,,,,
2022,7,"Papua New Guinea, Madang", Madang,General Cargo,Exports,1654.6,,,,
2022,7,"Papua New Guinea, Madang", Madang,General Cargo,Imports,3556.6,,,,
2022,7,"Papua New Guinea, Madang", Madang,Tanker,Exports,2831.2,,,,
2022,7,"Papua New Guinea, Madang", Madang,Tanker,Imports,7381.4,,,,
2022,7,"Papua New Guinea, Oro Bay", Oro Bay,Bulk Carrier,Exports,10108.4,,,,
2022,7,"Papua New Guinea, Oro Bay", Oro Bay,Container,Exports,1124.7,,,,
2022,7,"Papua New Guinea, Oro Bay", Oro Bay,Container,Imports,1140.5,,,,
2022,7,"Papua New Guinea, Oro Bay", Oro Bay,General Cargo,Exports,81.9,,,,
2022,7,"Papua New Guinea, Oro Bay", Oro Bay,General Cargo,Imports,597.9,,,,
2022,7,"Papua New Guinea, Oro Bay", Oro Bay,Tanker,Exports,4937.8,,,,
2022,7,"Papua New Guinea, Oro Bay", Oro Bay,Tanker,Imports,800.1,,,,
2022,7,"Papua New Guinea, Port Moresby", Port Moresby,Bulk Carrier,Exports,12171.2,,,,
2022,7,"Papua New Guinea, Port Moresby", Port Moresby,Bulk Carrier,Imports,879.8,,,,
2022,7,"Papua New Guinea, Port Moresby", Port Moresby,Container,Exports,5167,,,,
2022,7,"Papua New Guinea, Port Moresby", Port Moresby,Container,Imports,26399.4,,,,
2022,7,"Papua New Guinea, Port Moresby", Port Moresby,General Cargo,Exports,17497.7,,,,
2022,7,"Papua New Guinea, Port Moresby", Port Moresby,General Cargo,Imports,11446.8,,,,
2022,7,"Papua New Guinea, Port Moresby", Port Moresby,Tanker,Exports,242975.2,,,,
2022,7,"Papua New Guinea, Port Moresby", Port Moresby,Tanker,Imports,23366.2,,,,
2022,7,"Papua New Guinea, Put Put", Put Put,Container,Exports,917.2,,,,
2022,7,"Papua New Guinea, Put Put", Put Put,General Cargo,Exports,1048.9,,,,
2022,7,"Papua New Guinea, Put Put", Put Put,General Cargo,Imports,1911.4,,,,
2022,7,"Papua New Guinea, Put Put", Put Put,Tanker,Imports,11951.7,,,,
2022,7,"Papua New Guinea, Rabaul", Rabaul,Container,Exports,3448.9,,,,
2022,7,"Papua New Guinea, Rabaul", Rabaul,Container,Imports,4535.2,,,,
2022,7,"Papua New Guinea, Rabaul", Rabaul,General Cargo,Exports,11024.1,,,,
2022,7,"Papua New Guinea, Rabaul", Rabaul,Tanker,Exports,1267.7,,,,
2022,7,"Papua New Guinea, Rabaul", Rabaul,Tanker,Imports,7605.1,,,,
2022,7,"Papua New Guinea, Vanimo", Vanimo,Bulk Carrier,Exports,6095,,,,
2022,7,"Papua New Guinea, Wewak Harbor", Wewak Harbor,Bulk Carrier,Exports,13302.3,,,,
2022,7,"Papua New Guinea, Wewak Harbor", Wewak Harbor,Container,Exports,171.2,,,,
2022,7,"Papua New Guinea, Wewak Harbor", Wewak Harbor,Container,Imports,432.6,,,,
2022,7,"Papua New Guinea, Wewak Harbor", Wewak Harbor,General Cargo,Exports,551.3,,,,
2022,7,"Papua New Guinea, Wewak Harbor", Wewak Harbor,General Cargo,Imports,2054,,,,
2022,7,"Papua New Guinea, Wewak Harbor", Wewak Harbor,Tanker,Exports,860.6,,,,
2022,7,"Papua New Guinea, Wewak Harbor", Wewak Harbor,Tanker,Imports,8503.7,,,,
2022,7,"Samoa, Apia", Apia,Container,Exports,1129.4,,,,
2022,7,"Samoa, Apia", Apia,Container,Imports,6431.8,,,,
2022,7,"Samoa, Apia", Apia,General Cargo,Exports,304.8,,,,
2022,7,"Samoa, Apia", Apia,General Cargo,Imports,6186.6,,,,
2022,7,"Samoa, Apia", Apia,Tanker,Imports,1229.2,,,,
2022,7,"Solomon Islands, Honiara", Honiara,Bulk Carrier,Exports,32565.3,,,,
2022,7,"Solomon Islands, Honiara", Honiara,Bulk Carrier,Imports,7342.7,,,,
2022,7,"Solomon Islands, Honiara", Honiara,Container,Exports,460.1,,,,
2022,7,"Solomon Islands, Honiara", Honiara,Container,Imports,9796.7,,,,
2022,7,"Solomon Islands, Honiara", Honiara,General Cargo,Exports,819.8,,,,
2022,7,"Solomon Islands, Honiara", Honiara,General Cargo,Imports,3660.3,,,,
2022,7,"Solomon Islands, Honiara", Honiara,Tanker,Imports,12895.2,,,,
2022,7,"Solomon Islands, Port Noro", Port Noro,Bulk Carrier,Exports,24777.3,,,,
2022,7,"Solomon Islands, Port Noro", Port Noro,Container,Exports,263.9,,,,
2022,7,"Solomon Islands, Port Noro", Port Noro,General Cargo,Imports,3009.7,,,,
2022,7,"Solomon Islands, Rennell Island", Rennell Island,Bulk Carrier,Exports,11870.2,,,,
2022,7,"Tonga, Neiafu", Neiafu,General Cargo,Imports,271.4,,,,
2022,7,"Tonga, Neiafu", Neiafu,Tanker,Imports,526.6,,,,
2022,7,"Tonga, Nuku Alofa", Nuku Alofa,Container,Imports,3420.9,,,,
2022,7,"Tonga, Nuku Alofa", Nuku Alofa,General Cargo,Exports,859.1,,,,
2022,7,"Tonga, Nuku Alofa", Nuku Alofa,General Cargo,Imports,3474.5,,,,
2022,7,"Tonga, Nuku Alofa", Nuku Alofa,Tanker,Imports,742.2,,,,
2022,7,"Tuvalu, Funafuti Atoll", Funafuti Atoll,Container,Imports,921.7,,,,
2022,7,"Tuvalu, Funafuti Atoll", Funafuti Atoll,General Cargo,Exports,245.1,,,,
2022,7,"Vanuatu, Luganville", Luganville,Container,Exports,390.4,,,,
2022,7,"Vanuatu, Luganville", Luganville,General Cargo,Imports,2768,,,,
2022,7,"Vanuatu, Port Vila", Port Vila,Container,Exports,2329.6,,,,
2022,7,"Vanuatu, Port Vila", Port Vila,General Cargo,Exports,326.6,,,,
2022,7,"Vanuatu, Port Vila", Port Vila,General Cargo,Imports,1787.6,,,,
2022,7,"Vanuatu, Port Vila", Port Vila,Tanker,Imports,1128.8,,,,
2022,8,"Fiji, Lautoka Harbor", Lautoka Harbor,Bulk Carrier,Exports,21420.6,,,,
2022,8,"Fiji, Lautoka Harbor", Lautoka Harbor,Bulk Carrier,Imports,3685.6,,,,
2022,8,"Fiji, Lautoka Harbor", Lautoka Harbor,Container,Exports,14708.7,,,,
2022,8,"Fiji, Lautoka Harbor", Lautoka Harbor,Container,Imports,15244.2,,,,
2022,8,"Fiji, Lautoka Harbor", Lautoka Harbor,General Cargo,Exports,155.7,,,,
2022,8,"Fiji, Lautoka Harbor", Lautoka Harbor,General Cargo,Imports,1148.8,,,,
2022,8,"Fiji, Lautoka Harbor", Lautoka Harbor,Tanker,Exports,5935.9,,,,
2022,8,"Fiji, Lautoka Harbor", Lautoka Harbor,Tanker,Imports,30513.8,,,,
2022,8,"Fiji, Malai", Malai,Tanker,Exports,4856.8,,,,
2022,8,"Fiji, Malai", Malai,Tanker,Imports,597.7,,,,
2022,8,"Fiji, Nabouwalu Jetty", Nabouwalu Jetty,Bulk Carrier,Exports,15757,,,,
2022,8,"Fiji, Suva Harbor", Suva Harbor,Container,Exports,9440.5,,,,
2022,8,"Fiji, Suva Harbor", Suva Harbor,Container,Imports,14391,,,,
2022,8,"Fiji, Suva Harbor", Suva Harbor,General Cargo,Exports,2714.7,,,,
2022,8,"Fiji, Suva Harbor", Suva Harbor,General Cargo,Imports,5673.4,,,,
2022,8,"Fiji, Suva Harbor", Suva Harbor,Tanker,Imports,12006.2,,,,
2022,8,"Kiribati, Tarawa Atoll", Tarawa Atoll,Container,Imports,4537.4,,,,
2022,8,"Kiribati, Tarawa Atoll", Tarawa Atoll,General Cargo,Exports,1346.6,,,,
2022,8,"Kiribati, Tarawa Atoll", Tarawa Atoll,Tanker,Exports,2043.9,,,,
2022,8,"Marshall Islands, Ebeye", Ebeye,General Cargo,Imports,560.7,,,,
2022,8,"Marshall Islands, Kwajalein", Kwajalein,General Cargo,Imports,190,,,,
2022,8,"Marshall Islands, Majuro Atoll", Majuro Atoll,Container,Exports,388.9,,,,
2022,8,"Marshall Islands, Majuro Atoll", Majuro Atoll,Container,Imports,2529.3,,,,
2022,8,"Marshall Islands, Majuro Atoll", Majuro Atoll,General Cargo,Imports,764.4,,,,
2022,8,"Marshall Islands, Majuro Atoll", Majuro Atoll,Tanker,Imports,865.5,,,,
2022,8,"Micronesia, Colonia", Colonia,Container,Exports,479.4,,,,
2022,8,"Micronesia, Colonia", Colonia,Container,Imports,492.2,,,,
2022,8,"Micronesia, Colonia", Colonia,General Cargo,Imports,549.1,,,,
2022,8,"Micronesia, Colonia", Colonia,Tanker,Imports,735.9,,,,
2022,8,"Micronesia, Lele Harbor", Lele Harbor,Container,Exports,2117.4,,,,
2022,8,"Micronesia, Lele Harbor", Lele Harbor,General Cargo,Exports,2825,,,,
2022,8,"Micronesia, Lele Harbor", Lele Harbor,General Cargo,Imports,1636.7,,,,
2022,8,"Micronesia, Moen", Moen,General Cargo,Imports,2282.2,,,,
2022,8,"Micronesia, Moen", Moen,Tanker,Imports,735.9,,,,
2022,8,"Micronesia, Pornpei Harbor", Pornpei Harbor,Container,Exports,914.2,,,,
2022,8,"Micronesia, Pornpei Harbor", Pornpei Harbor,General Cargo,Exports,1579.2,,,,
2022,8,"Micronesia, Pornpei Harbor", Pornpei Harbor,General Cargo,Imports,1740.2,,,,
2022,8,"Micronesia, Pornpei Harbor", Pornpei Harbor,Tanker,Imports,416.9,,,,
2022,8,"Nauru, Nauru", Nauru,Container,Imports,1365.8,,,,
2022,8,"Nauru, Nauru", Nauru,General Cargo,Imports,556.4,,,,
2022,8,"Palau, Malakal Harbor", Malakal Harbor,Container,Imports,6307.2,,,,
2022,8,"Palau, Malakal Harbor", Malakal Harbor,General Cargo,Imports,724.4,,,,
2022,8,"Palau, Malakal Harbor", Malakal Harbor,Tanker,Imports,2940.2,,,,
2022,8,"Papua New Guinea, Alotoa", Alotoa,Bulk Carrier,Exports,7301.7,,,,
2022,8,"Papua New Guinea, Alotoa", Alotoa,Container,Exports,764.2,,,,
2022,8,"Papua New Guinea, Alotoa", Alotoa,Container,Imports,980,,,,
2022,8,"Papua New Guinea, Alotoa", Alotoa,General Cargo,Exports,868,,,,
2022,8,"Papua New Guinea, Buka", Buka,Container,Exports,295.6,,,,
2022,8,"Papua New Guinea, Buka", Buka,Container,Imports,381.3,,,,
2022,8,"Papua New Guinea, Buka", Buka,General Cargo,Exports,52.9,,,,
2022,8,"Papua New Guinea, Daru", Daru,Bulk Carrier,Exports,14831.3,,,,
2022,8,"Papua New Guinea, Kavieng Harbor", Kavieng Harbor,Bulk Carrier,Exports,22158.4,,,,
2022,8,"Papua New Guinea, Kavieng Harbor", Kavieng Harbor,Container,Imports,2452.7,,,,
2022,8,"Papua New Guinea, Kavieng Harbor", Kavieng Harbor,General Cargo,Exports,13162.4,,,,
2022,8,"Papua New Guinea, Kavieng Harbor", Kavieng Harbor,Tanker,Exports,152.2,,,,
2022,8,"Papua New Guinea, Kavieng Harbor", Kavieng Harbor,Tanker,Imports,630.5,,,,
2022,8,"Papua New Guinea, Kieta", Kieta,Container,Exports,244.7,,,,
2022,8,"Papua New Guinea, Kimbe", Kimbe,Bulk Carrier,Exports,33214.8,,,,
2022,8,"Papua New Guinea, Kimbe", Kimbe,Container,Exports,746.9,,,,
2022,8,"Papua New Guinea, Kimbe", Kimbe,Container,Imports,4377.5,,,,
2022,8,"Papua New Guinea, Kimbe", Kimbe,General Cargo,Exports,2619.9,,,,
2022,8,"Papua New Guinea, Kimbe", Kimbe,General Cargo,Imports,1160.9,,,,
2022,8,"Papua New Guinea, Kimbe", Kimbe,Tanker,Exports,21019.6,,,,
2022,8,"Papua New Guinea, Kimbe", Kimbe,Tanker,Imports,1187.3,,,,
2022,8,"Papua New Guinea, Lae", Lae,Bulk Carrier,Imports,33409.8,,,,
2022,8,"Papua New Guinea, Lae", Lae,Container,Exports,15628.8,,,,
2022,8,"Papua New Guinea, Lae", Lae,Container,Imports,48667,,,,
2022,8,"Papua New Guinea, Lae", Lae,General Cargo,Exports,22665.5,,,,
2022,8,"Papua New Guinea, Lae", Lae,General Cargo,Imports,6612.3,,,,
2022,8,"Papua New Guinea, Lae", Lae,Tanker,Exports,20331.1,,,,
2022,8,"Papua New Guinea, Lae", Lae,Tanker,Imports,21862.3,,,,
2022,8,"Papua New Guinea, Madang", Madang,Container,Exports,5037.8,,,,
2022,8,"Papua New Guinea, Madang", Madang,General Cargo,Exports,3416.4,,,,
2022,8,"Papua New Guinea, Madang", Madang,General Cargo,Imports,10382.3,,,,
2022,8,"Papua New Guinea, Madang", Madang,Tanker,Exports,4519.6,,,,
2022,8,"Papua New Guinea, Madang", Madang,Tanker,Imports,2855.6,,,,
2022,8,"Papua New Guinea, Oro Bay", Oro Bay,Bulk Carrier,Exports,24186.8,,,,
2022,8,"Papua New Guinea, Oro Bay", Oro Bay,Container,Exports,1475.9,,,,
2022,8,"Papua New Guinea, Oro Bay", Oro Bay,General Cargo,Exports,389,,,,
2022,8,"Papua New Guinea, Oro Bay", Oro Bay,General Cargo,Imports,891.5,,,,
2022,8,"Papua New Guinea, Oro Bay", Oro Bay,Tanker,Exports,11879.6,,,,
2022,8,"Papua New Guinea, Oro Bay", Oro Bay,Tanker,Imports,641,,,,
2022,8,"Papua New Guinea, Port Moresby", Port Moresby,Bulk Carrier,Exports,9952.6,,,,
2022,8,"Papua New Guinea, Port Moresby", Port Moresby,Bulk Carrier,Imports,1636.5,,,,
2022,8,"Papua New Guinea, Port Moresby", Port Moresby,Container,Exports,4194.8,,,,
2022,8,"Papua New Guinea, Port Moresby", Port Moresby,Container,Imports,30849.8,,,,
2022,8,"Papua New Guinea, Port Moresby", Port Moresby,General Cargo,Exports,2886.9,,,,
2022,8,"Papua New Guinea, Port Moresby", Port Moresby,General Cargo,Imports,9919.6,,,,
2022,8,"Papua New Guinea, Port Moresby", Port Moresby,Tanker,Exports,221215.7,,,,
2022,8,"Papua New Guinea, Port Moresby", Port Moresby,Tanker,Imports,22830.3,,,,
2022,8,"Papua New Guinea, Put Put", Put Put,General Cargo,Imports,5692.1,,,,
2022,8,"Papua New Guinea, Put Put", Put Put,Tanker,Imports,13606.6,,,,
2022,8,"Papua New Guinea, Rabaul", Rabaul,Container,Exports,1041.5,,,,
2022,8,"Papua New Guinea, Rabaul", Rabaul,Container,Imports,8928.1,,,,
2022,8,"Papua New Guinea, Rabaul", Rabaul,General Cargo,Exports,7014,,,,
2022,8,"Papua New Guinea, Rabaul", Rabaul,General Cargo,Imports,1790.6,,,,
2022,8,"Papua New Guinea, Rabaul", Rabaul,Tanker,Exports,184,,,,
2022,8,"Papua New Guinea, Rabaul", Rabaul,Tanker,Imports,5221.5,,,,
2022,8,"Papua New Guinea, Vanimo", Vanimo,Bulk Carrier,Exports,14301.5,,,,
2022,8,"Papua New Guinea, Vanimo", Vanimo,Bulk Carrier,Imports,1313.4,,,,
2022,8,"Papua New Guinea, Vanimo", Vanimo,General Cargo,Exports,393.2,,,,
2022,8,"Papua New Guinea, Vanimo", Vanimo,General Cargo,Imports,392.4,,,,
2022,8,"Papua New Guinea, Vanimo", Vanimo,Tanker,Exports,2544,,,,
2022,8,"Papua New Guinea, Wewak Harbor", Wewak Harbor,Bulk Carrier,Exports,7465.7,,,,
2022,8,"Papua New Guinea, Wewak Harbor", Wewak Harbor,Container,Exports,1564.7,,,,
2022,8,"Papua New Guinea, Wewak Harbor", Wewak Harbor,General Cargo,Exports,1319.7,,,,
2022,8,"Papua New Guinea, Wewak Harbor", Wewak Harbor,General Cargo,Imports,2174.1,,,,
2022,8,"Papua New Guinea, Wewak Harbor", Wewak Harbor,Tanker,Exports,1444,,,,
2022,8,"Papua New Guinea, Wewak Harbor", Wewak Harbor,Tanker,Imports,5062.3,,,,
2022,8,"Samoa, Apia", Apia,Container,Exports,3466.8,,,,
2022,8,"Samoa, Apia", Apia,Container,Imports,10416.6,,,,
2022,8,"Samoa, Apia", Apia,General Cargo,Imports,1606.7,,,,
2022,8,"Samoa, Apia", Apia,Tanker,Imports,2196.8,,,,
2022,8,"Solomon Islands, Honiara", Honiara,Bulk Carrier,Exports,30783.3,,,,
2022,8,"Solomon Islands, Honiara", Honiara,Container,Imports,7350.7,,,,
2022,8,"Solomon Islands, Honiara", Honiara,General Cargo,Exports,272.4,,,,
2022,8,"Solomon Islands, Honiara", Honiara,General Cargo,Imports,256.4,,,,
2022,8,"Solomon Islands, Honiara", Honiara,Tanker,Imports,9120.6,,,,
2022,8,"Solomon Islands, Mbulo", Mbulo,Bulk Carrier,Exports,8903.5,,,,
2022,8,"Solomon Islands, Ndora", Ndora,General Cargo,Exports,2795.4,,,,
2022,8,"Solomon Islands, Port Noro", Port Noro,Bulk Carrier,Exports,31197.1,,,,
2022,8,"Solomon Islands, Port Noro", Port Noro,Container,Imports,1056,,,,
2022,8,"Solomon Islands, Port Noro", Port Noro,General Cargo,Exports,5590.9,,,,
2022,8,"Solomon Islands, Port Noro", Port Noro,Tanker,Imports,2071.2,,,,
2022,8,"Tonga, Neiafu", Neiafu,General Cargo,Exports,858.2,,,,
2022,8,"Tonga, Neiafu", Neiafu,Tanker,Imports,1001,,,,
2022,8,"Tonga, Nuku Alofa", Nuku Alofa,Container,Imports,916,,,,
2022,8,"Tonga, Nuku Alofa", Nuku Alofa,General Cargo,Exports,943.4,,,,
2022,8,"Tonga, Nuku Alofa", Nuku Alofa,General Cargo,Imports,6124.1,,,,
2022,8,"Tonga, Nuku Alofa", Nuku Alofa,Tanker,Exports,1419.5,,,,
2022,8,"Tonga, Nuku Alofa", Nuku Alofa,Tanker,Imports,1430.7,,,,
2022,8,"Tonga, Pangai", Pangai,General Cargo,Exports,185.7,,,,
2022,8,"Tuvalu, Funafuti Atoll", Funafuti Atoll,Container,Exports,203.8,,,,
2022,8,"Tuvalu, Funafuti Atoll", Funafuti Atoll,Container,Imports,2629.8,,,,
2022,8,"Tuvalu, Funafuti Atoll", Funafuti Atoll,General Cargo,Exports,594,,,,
2022,8,"Tuvalu, Funafuti Atoll", Funafuti Atoll,Tanker,Imports,276.7,,,,
2022,8,"Vanuatu, Luganville", Luganville,Container,Imports,1546.9,,,,
2022,8,"Vanuatu, Luganville", Luganville,General Cargo,Exports,858.1,,,,
2022,8,"Vanuatu, Luganville", Luganville,General Cargo,Imports,592.8,,,,
2022,8,"Vanuatu, Port Vila", Port Vila,Container,Exports,1545.2,,,,
2022,8,"Vanuatu, Port Vila", Port Vila,Container,Imports,6938.8,,,,
2022,8,"Vanuatu, Port Vila", Port Vila,General Cargo,Exports,650.8,,,,
2022,8,"Vanuatu, Port Vila", Port Vila,General Cargo,Imports,1393.7,,,,
2022,8,"Vanuatu, Port Vila", Port Vila,Tanker,Imports,981.5,,,,
2022,9,"Fiji, Lautoka Harbor", Lautoka Harbor,Bulk Carrier,Exports,32317.4,,,,
2022,9,"Fiji, Lautoka Harbor", Lautoka Harbor,Container,Exports,17312.4,,,,
2022,9,"Fiji, Lautoka Harbor", Lautoka Harbor,Container,Imports,9608.2,,,,
2022,9,"Fiji, Lautoka Harbor", Lautoka Harbor,General Cargo,Exports,793.2,,,,
2022,9,"Fiji, Lautoka Harbor", Lautoka Harbor,General Cargo,Imports,8284.6,,,,
2022,9,"Fiji, Lautoka Harbor", Lautoka Harbor,Tanker,Exports,15869.7,,,,
2022,9,"Fiji, Lautoka Harbor", Lautoka Harbor,Tanker,Imports,30563.7,,,,
2022,9,"Fiji, Malai", Malai,Bulk Carrier,Exports,14549.1,,,,
2022,9,"Fiji, Malai", Malai,Tanker,Exports,546.1,,,,
2022,9,"Fiji, Malai", Malai,Tanker,Imports,294.8,,,,
2022,9,"Fiji, Suva Harbor", Suva Harbor,Bulk Carrier,Imports,13791.2,,,,
2022,9,"Fiji, Suva Harbor", Suva Harbor,Container,Exports,10203,,,,
2022,9,"Fiji, Suva Harbor", Suva Harbor,Container,Imports,12498.1,,,,
2022,9,"Fiji, Suva Harbor", Suva Harbor,General Cargo,Exports,1279.2,,,,
2022,9,"Fiji, Suva Harbor", Suva Harbor,General Cargo,Imports,10319,,,,
2022,9,"Fiji, Suva Harbor", Suva Harbor,Tanker,Exports,496.5,,,,
2022,9,"Fiji, Suva Harbor", Suva Harbor,Tanker,Imports,9536.2,,,,
2022,9,"Kiribati, Tarawa Atoll", Tarawa Atoll,Container,Imports,4474.3,,,,
2022,9,"Kiribati, Tarawa Atoll", Tarawa Atoll,General Cargo,Exports,3173.2,,,,
2022,9,"Kiribati, Tarawa Atoll", Tarawa Atoll,General Cargo,Imports,601.5,,,,
2022,9,"Kiribati, Tarawa Atoll", Tarawa Atoll,Tanker,Exports,1554.3,,,,
2022,9,"Marshall Islands, Ebeye", Ebeye,General Cargo,Exports,1883.1,,,,
2022,9,"Marshall Islands, Ebeye", Ebeye,General Cargo,Imports,767.3,,,,
2022,9,"Marshall Islands, Kwajalein", Kwajalein,General Cargo,Imports,1147.8,,,,
2022,9,"Marshall Islands, Kwajalein", Kwajalein,Tanker,Exports,319.3,,,,
2022,9,"Marshall Islands, Majuro Atoll", Majuro Atoll,Container,Exports,1690.7,,,,
2022,9,"Marshall Islands, Majuro Atoll", Majuro Atoll,Container,Imports,1473,,,,
2022,9,"Marshall Islands, Majuro Atoll", Majuro Atoll,General Cargo,Exports,2939.9,,,,
2022,9,"Marshall Islands, Majuro Atoll", Majuro Atoll,General Cargo,Imports,4109,,,,
2022,9,"Marshall Islands, Majuro Atoll", Majuro Atoll,Tanker,Imports,1492.5,,,,
2022,9,"Micronesia, Colonia", Colonia,Container,Imports,491.2,,,,
2022,9,"Micronesia, Colonia", Colonia,General Cargo,Exports,1579.2,,,,
2022,9,"Micronesia, Colonia", Colonia,Tanker,Imports,621.7,,,,
2022,9,"Micronesia, Lele Harbor", Lele Harbor,Container,Imports,1493.6,,,,
2022,9,"Micronesia, Lele Harbor", Lele Harbor,General Cargo,Exports,734.5,,,,
2022,9,"Micronesia, Lele Harbor", Lele Harbor,General Cargo,Imports,2102.1,,,,
2022,9,"Micronesia, Lele Harbor", Lele Harbor,Tanker,Imports,1046.9,,,,
2022,9,"Micronesia, Moen", Moen,General Cargo,Imports,836.8,,,,
2022,9,"Micronesia, Moen", Moen,Tanker,Imports,1473.4,,,,
2022,9,"Micronesia, Pornpei Harbor", Pornpei Harbor,Container,Exports,301.1,,,,
2022,9,"Micronesia, Pornpei Harbor", Pornpei Harbor,General Cargo,Exports,1736,,,,
2022,9,"Micronesia, Pornpei Harbor", Pornpei Harbor,General Cargo,Imports,590.2,,,,
2022,9,"Micronesia, Pornpei Harbor", Pornpei Harbor,Tanker,Imports,1255.5,,,,
2022,9,"Nauru, Nauru", Nauru,Bulk Carrier,Exports,39264.6,,,,
2022,9,"Nauru, Nauru", Nauru,Container,Imports,2977,,,,
2022,9,"Palau, Malakal Harbor", Malakal Harbor,Container,Imports,2675.6,,,,
2022,9,"Palau, Malakal Harbor", Malakal Harbor,General Cargo,Imports,646.6,,,,
2022,9,"Palau, Malakal Harbor", Malakal Harbor,Tanker,Imports,415.6,,,,
2022,9,"Papua New Guinea, Alotoa", Alotoa,Container,Imports,2467.9,,,,
2022,9,"Papua New Guinea, Alotoa", Alotoa,General Cargo,Exports,1445.6,,,,
2022,9,"Papua New Guinea, Alotoa", Alotoa,Tanker,Exports,3721.4,,,,
2022,9,"Papua New Guinea, Alotoa", Alotoa,Tanker,Imports,705.8,,,,
2022,9,"Papua New Guinea, Buka", Buka,Container,Exports,851.6,,,,
2022,9,"Papua New Guinea, Buka", Buka,General Cargo,Exports,79.4,,,,
2022,9,"Papua New Guinea, Kavieng Harbor", Kavieng Harbor,Bulk Carrier,Exports,19466.5,,,,
2022,9,"Papua New Guinea, Kavieng Harbor", Kavieng Harbor,Container,Imports,2273.4,,,,
2022,9,"Papua New Guinea, Kavieng Harbor", Kavieng Harbor,General Cargo,Exports,9260.3,,,,
2022,9,"Papua New Guinea, Kavieng Harbor", Kavieng Harbor,Tanker,Exports,336.2,,,,
2022,9,"Papua New Guinea, Kieta", Kieta,Container,Imports,1063.3,,,,
2022,9,"Papua New Guinea, Kimbe", Kimbe,Bulk Carrier,Exports,35090.8,,,,
2022,9,"Papua New Guinea, Kimbe", Kimbe,Container,Exports,1614.1,,,,
2022,9,"Papua New Guinea, Kimbe", Kimbe,General Cargo,Exports,11932.1,,,,
2022,9,"Papua New Guinea, Kimbe", Kimbe,General Cargo,Imports,1771.6,,,,
2022,9,"Papua New Guinea, Kimbe", Kimbe,Tanker,Exports,9788.1,,,,
2022,9,"Papua New Guinea, Kimbe", Kimbe,Tanker,Imports,287.2,,,,
2022,9,"Papua New Guinea, Lae", Lae,Container,Exports,13212.9,,,,
2022,9,"Papua New Guinea, Lae", Lae,Container,Imports,43707.9,,,,
2022,9,"Papua New Guinea, Lae", Lae,General Cargo,Exports,16778.1,,,,
2022,9,"Papua New Guinea, Lae", Lae,General Cargo,Imports,9612.7,,,,
2022,9,"Papua New Guinea, Lae", Lae,Tanker,Exports,3472.4,,,,
2022,9,"Papua New Guinea, Lae", Lae,Tanker,Imports,10827.7,,,,
2022,9,"Papua New Guinea, Madang", Madang,Container,Exports,2513.6,,,,
2022,9,"Papua New Guinea, Madang", Madang,Container,Imports,2741.4,,,,
2022,9,"Papua New Guinea, Madang", Madang,General Cargo,Exports,5074.5,,,,
2022,9,"Papua New Guinea, Madang", Madang,Tanker,Exports,5370.4,,,,
2022,9,"Papua New Guinea, Madang", Madang,Tanker,Imports,867,,,,
2022,9,"Papua New Guinea, Oro Bay", Oro Bay,Bulk Carrier,Exports,13836.2,,,,
2022,9,"Papua New Guinea, Oro Bay", Oro Bay,Container,Exports,165.4,,,,
2022,9,"Papua New Guinea, Oro Bay", Oro Bay,General Cargo,Exports,162.2,,,,
2022,9,"Papua New Guinea, Oro Bay", Oro Bay,Tanker,Exports,161.1,,,,
2022,9,"Papua New Guinea, Port Moresby", Port Moresby,Bulk Carrier,Exports,13632.6,,,,
2022,9,"Papua New Guinea, Port Moresby", Port Moresby,Container,Exports,3548.7,,,,
2022,9,"Papua New Guinea, Port Moresby", Port Moresby,Container,Imports,20673.9,,,,
2022,9,"Papua New Guinea, Port Moresby", Port Moresby,General Cargo,Exports,10771.4,,,,
2022,9,"Papua New Guinea, Port Moresby", Port Moresby,General Cargo,Imports,8699.6,,,,
2022,9,"Papua New Guinea, Port Moresby", Port Moresby,Tanker,Exports,181345.3,,,,
2022,9,"Papua New Guinea, Port Moresby", Port Moresby,Tanker,Imports,19707.2,,,,
2022,9,"Papua New Guinea, Put Put", Put Put,General Cargo,Exports,874,,,,
2022,9,"Papua New Guinea, Put Put", Put Put,General Cargo,Imports,3314,,,,
2022,9,"Papua New Guinea, Put Put", Put Put,Tanker,Imports,3725.6,,,,
2022,9,"Papua New Guinea, Rabaul", Rabaul,Bulk Carrier,Exports,3197.3,,,,
2022,9,"Papua New Guinea, Rabaul", Rabaul,Bulk Carrier,Imports,383.8,,,,
2022,9,"Papua New Guinea, Rabaul", Rabaul,Container,Exports,5088.5,,,,
2022,9,"Papua New Guinea, Rabaul", Rabaul,Container,Imports,2131,,,,
2022,9,"Papua New Guinea, Rabaul", Rabaul,General Cargo,Exports,6233.8,,,,
2022,9,"Papua New Guinea, Rabaul", Rabaul,General Cargo,Imports,132.5,,,,
2022,9,"Papua New Guinea, Rabaul", Rabaul,Tanker,Exports,16216.8,,,,
2022,9,"Papua New Guinea, Rabaul", Rabaul,Tanker,Imports,6745.1,,,,
2022,9,"Papua New Guinea, Vanimo", Vanimo,Bulk Carrier,Exports,35192.1,,,,
2022,9,"Papua New Guinea, Vanimo", Vanimo,General Cargo,Exports,2757.1,,,,
2022,9,"Papua New Guinea, Wewak Harbor", Wewak Harbor,Bulk Carrier,Exports,8025.2,,,,
2022,9,"Papua New Guinea, Wewak Harbor", Wewak Harbor,Container,Exports,1042.7,,,,
2022,9,"Papua New Guinea, Wewak Harbor", Wewak Harbor,Container,Imports,261.4,,,,
2022,9,"Papua New Guinea, Wewak Harbor", Wewak Harbor,General Cargo,Exports,292.5,,,,
2022,9,"Papua New Guinea, Wewak Harbor", Wewak Harbor,General Cargo,Imports,2881.2,,,,
2022,9,"Papua New Guinea, Wewak Harbor", Wewak Harbor,Tanker,Exports,152.2,,,,
2022,9,"Samoa, Apia", Apia,Container,Exports,1446.8,,,,
2022,9,"Samoa, Apia", Apia,Container,Imports,7645.8,,,,
2022,9,"Samoa, Apia", Apia,General Cargo,Exports,1213.8,,,,
2022,9,"Samoa, Apia", Apia,General Cargo,Imports,6853.6,,,,
2022,9,"Samoa, Apia", Apia,Tanker,Imports,5276.4,,,,
2022,9,"Solomon Islands, Honiara", Honiara,Bulk Carrier,Exports,20835.6,,,,
2022,9,"Solomon Islands, Honiara", Honiara,Bulk Carrier,Imports,2966.1,,,,
2022,9,"Solomon Islands, Honiara", Honiara,Container,Exports,459.5,,,,
2022,9,"Solomon Islands, Honiara", Honiara,Container,Imports,7450.5,,,,
2022,9,"Solomon Islands, Honiara", Honiara,General Cargo,Exports,911.3,,,,
2022,9,"Solomon Islands, Honiara", Honiara,General Cargo,Imports,959.8,,,,
2022,9,"Solomon Islands, Honiara", Honiara,Tanker,Imports,13886.4,,,,
2022,9,"Solomon Islands, Ndora", Ndora,Bulk Carrier,Exports,16069.2,,,,
2022,9,"Solomon Islands, Port Noro", Port Noro,Bulk Carrier,Exports,44462.1,,,,
2022,9,"Solomon Islands, Port Noro", Port Noro,Container,Exports,1054.4,,,,
2022,9,"Solomon Islands, Rennell Island", Rennell Island,Bulk Carrier,Exports,7522.1,,,,
2022,9,"Solomon Islands, Seghe", Seghe,Bulk Carrier,Exports,4436.1,,,,
2022,9,"Tonga, Neiafu", Neiafu,General Cargo,Exports,928.3,,,,
2022,9,"Tonga, Neiafu", Neiafu,General Cargo,Imports,271.4,,,,
2022,9,"Tonga, Neiafu", Neiafu,Tanker,Imports,937.6,,,,
2022,9,"Tonga, Nuku Alofa", Nuku Alofa,Container,Imports,1534.4,,,,
2022,9,"Tonga, Nuku Alofa", Nuku Alofa,General Cargo,Exports,1283.4,,,,
2022,9,"Tonga, Nuku Alofa", Nuku Alofa,General Cargo,Imports,4016.2,,,,
2022,9,"Tonga, Nuku Alofa", Nuku Alofa,Tanker,Exports,637.9,,,,
2022,9,"Tonga, Nuku Alofa", Nuku Alofa,Tanker,Imports,1116.4,,,,
2022,9,"Tonga, Pangai", Pangai,General Cargo,Exports,1671,,,,
2022,9,"Tuvalu, Funafuti Atoll", Funafuti Atoll,Container,Exports,612.1,,,,
2022,9,"Tuvalu, Funafuti Atoll", Funafuti Atoll,General Cargo,Exports,468.1,,,,
2022,9,"Tuvalu, Funafuti Atoll", Funafuti Atoll,Tanker,Imports,413.9,,,,
2022,9,"Vanuatu, Luganville", Luganville,Container,Imports,390.1,,,,
2022,9,"Vanuatu, Luganville", Luganville,General Cargo,Exports,325.2,,,,
2022,9,"Vanuatu, Luganville", Luganville,General Cargo,Imports,1135.4,,,,
2022,9,"Vanuatu, Port Vila", Port Vila,Container,Exports,1161.1,,,,
2022,9,"Vanuatu, Port Vila", Port Vila,Container,Imports,1584.3,,,,
2022,9,"Vanuatu, Port Vila", Port Vila,General Cargo,Exports,734.9,,,,
2022,9,"Vanuatu, Port Vila", Port Vila,General Cargo,Imports,999.7,,,,
2022,9,"Vanuatu, Port Vila", Port Vila,Tanker,Exports,381.7,,,,
2022,10,"Fiji, Lautoka Harbor", Lautoka Harbor,Bulk Carrier,Exports,15582,,,,
2022,10,"Fiji, Lautoka Harbor", Lautoka Harbor,Bulk Carrier,Imports,10002.7,,,,
2022,10,"Fiji, Lautoka Harbor", Lautoka Harbor,Container,Exports,13583.2,,,,
2022,10,"Fiji, Lautoka Harbor", Lautoka Harbor,Container,Imports,9461.7,,,,
2022,10,"Fiji, Lautoka Harbor", Lautoka Harbor,General Cargo,Exports,311.4,,,,
2022,10,"Fiji, Lautoka Harbor", Lautoka Harbor,General Cargo,Imports,2857.3,,,,
2022,10,"Fiji, Lautoka Harbor", Lautoka Harbor,Tanker,Exports,6861.1,,,,
2022,10,"Fiji, Lautoka Harbor", Lautoka Harbor,Tanker,Imports,27008.6,,,,
2022,10,"Fiji, Malai", Malai,Tanker,Imports,3003.7,,,,
2022,10,"Fiji, Suva Harbor", Suva Harbor,Bulk Carrier,Imports,15146.1,,,,
2022,10,"Fiji, Suva Harbor", Suva Harbor,Container,Exports,7384.9,,,,
2022,10,"Fiji, Suva Harbor", Suva Harbor,Container,Imports,19562.9,,,,
2022,10,"Fiji, Suva Harbor", Suva Harbor,General Cargo,Exports,155.7,,,,
2022,10,"Fiji, Suva Harbor", Suva Harbor,General Cargo,Imports,5714.1,,,,
2022,10,"Fiji, Suva Harbor", Suva Harbor,Tanker,Imports,15499.9,,,,
2022,10,"Kiribati, Tarawa Atoll", Tarawa Atoll,Container,Exports,966.7,,,,
2022,10,"Kiribati, Tarawa Atoll", Tarawa Atoll,Container,Imports,1932.5,,,,
2022,10,"Kiribati, Tarawa Atoll", Tarawa Atoll,Tanker,Imports,673.8,,,,
2022,10,"Marshall Islands, Ebeye", Ebeye,General Cargo,Imports,1596.1,,,,
2022,10,"Marshall Islands, Kwajalein", Kwajalein,General Cargo,Imports,936.9,,,,
2022,10,"Marshall Islands, Kwajalein", Kwajalein,Tanker,Exports,636.4,,,,
2022,10,"Marshall Islands, Majuro Atoll", Majuro Atoll,Container,Exports,518.9,,,,
2022,10,"Marshall Islands, Majuro Atoll", Majuro Atoll,Container,Imports,4663.3,,,,
2022,10,"Marshall Islands, Majuro Atoll", Majuro Atoll,General Cargo,Exports,5510.5,,,,
2022,10,"Marshall Islands, Majuro Atoll", Majuro Atoll,General Cargo,Imports,2891.6,,,,
2022,10,"Marshall Islands, Majuro Atoll", Majuro Atoll,Tanker,Imports,417.4,,,,
2022,10,"Micronesia, Colonia", Colonia,Container,Exports,245.9,,,,
2022,10,"Micronesia, Colonia", Colonia,Container,Imports,489.1,,,,
2022,10,"Micronesia, Colonia", Colonia,General Cargo,Exports,1579.2,,,,
2022,10,"Micronesia, Colonia", Colonia,General Cargo,Imports,257.7,,,,
2022,10,"Micronesia, Colonia", Colonia,Tanker,Imports,735.9,,,,
2022,10,"Micronesia, Lele Harbor", Lele Harbor,Container,Exports,1768,,,,
2022,10,"Micronesia, Lele Harbor", Lele Harbor,General Cargo,Exports,2333.5,,,,
2022,10,"Micronesia, Lele Harbor", Lele Harbor,General Cargo,Imports,1530.1,,,,
2022,10,"Micronesia, Moen", Moen,General Cargo,Imports,2647.8,,,,
2022,10,"Micronesia, Moen", Moen,Tanker,Imports,416.5,,,,
2022,10,"Micronesia, Pornpei Harbor", Pornpei Harbor,Container,Exports,2243.9,,,,
2022,10,"Micronesia, Pornpei Harbor", Pornpei Harbor,General Cargo,Exports,5200,,,,
2022,10,"Micronesia, Pornpei Harbor", Pornpei Harbor,General Cargo,Imports,1032.4,,,,
2022,10,"Micronesia, Pornpei Harbor", Pornpei Harbor,Tanker,Imports,1254.5,,,,
2022,10,"Nauru, Nauru", Nauru,Bulk Carrier,Exports,16692.3,,,,
2022,10,"Nauru, Nauru", Nauru,Container,Imports,3087.4,,,,
2022,10,"Nauru, Nauru", Nauru,General Cargo,Exports,893.5,,,,
2022,10,"Nauru, Nauru", Nauru,General Cargo,Imports,1112.8,,,,
2022,10,"Nauru, Nauru", Nauru,Tanker,Imports,2563.7,,,,
2022,10,"Palau, Malakal Harbor", Malakal Harbor,Container,Imports,1463.5,,,,
2022,10,"Palau, Malakal Harbor", Malakal Harbor,General Cargo,Imports,1478.5,,,,
2022,10,"Palau, Malakal Harbor", Malakal Harbor,Tanker,Exports,791.6,,,,
2022,10,"Palau, Malakal Harbor", Malakal Harbor,Tanker,Imports,928.9,,,,
2022,10,"Papua New Guinea, Alotoa", Alotoa,Bulk Carrier,Exports,24621.3,,,,
2022,10,"Papua New Guinea, Alotoa", Alotoa,Container,Exports,1235.9,,,,
2022,10,"Papua New Guinea, Alotoa", Alotoa,Container,Imports,568.9,,,,
2022,10,"Papua New Guinea, Alotoa", Alotoa,General Cargo,Exports,822.4,,,,
2022,10,"Papua New Guinea, Alotoa", Alotoa,Tanker,Imports,1325.5,,,,
2022,10,"Papua New Guinea, Buka", Buka,Container,Exports,746.9,,,,
2022,10,"Papua New Guinea, Buka", Buka,Container,Imports,762.6,,,,
2022,10,"Papua New Guinea, Buka", Buka,General Cargo,Exports,79.4,,,,
2022,10,"Papua New Guinea, Buka", Buka,General Cargo,Imports,171.3,,,,
2022,10,"Papua New Guinea, Daru", Daru,Bulk Carrier,Exports,13357,,,,
2022,10,"Papua New Guinea, Daru", Daru,General Cargo,Exports,34,,,,
2022,10,"Papua New Guinea, Daru", Daru,General Cargo,Imports,74.2,,,,
2022,10,"Papua New Guinea, Kavieng Harbor", Kavieng Harbor,Container,Imports,4454.2,,,,
2022,10,"Papua New Guinea, Kavieng Harbor", Kavieng Harbor,General Cargo,Exports,1039.4,,,,
2022,10,"Papua New Guinea, Kavieng Harbor", Kavieng Harbor,Tanker,Exports,304.4,,,,
2022,10,"Papua New Guinea, Kavieng Harbor", Kavieng Harbor,Tanker,Imports,479.6,,,,
2022,10,"Papua New Guinea, Kieta", Kieta,Container,Exports,546.2,,,,
2022,10,"Papua New Guinea, Kieta", Kieta,General Cargo,Exports,26.5,,,,
2022,10,"Papua New Guinea, Kimbe", Kimbe,Bulk Carrier,Exports,32373.4,,,,
2022,10,"Papua New Guinea, Kimbe", Kimbe,Container,Exports,3843.7,,,,
2022,10,"Papua New Guinea, Kimbe", Kimbe,Container,Imports,9840.1,,,,
2022,10,"Papua New Guinea, Kimbe", Kimbe,General Cargo,Exports,4005.7,,,,
2022,10,"Papua New Guinea, Kimbe", Kimbe,General Cargo,Imports,5081.4,,,,
2022,10,"Papua New Guinea, Kimbe", Kimbe,Tanker,Exports,31163.6,,,,
2022,10,"Papua New Guinea, Kimbe", Kimbe,Tanker,Imports,1433,,,,
2022,10,"Papua New Guinea, Lae", Lae,Bulk Carrier,Imports,23441.8,,,,
2022,10,"Papua New Guinea, Lae", Lae,Container,Exports,12430.2,,,,
2022,10,"Papua New Guinea, Lae", Lae,Container,Imports,63986.8,,,,
2022,10,"Papua New Guinea, Lae", Lae,General Cargo,Exports,13946.6,,,,
2022,10,"Papua New Guinea, Lae", Lae,General Cargo,Imports,4890.6,,,,
2022,10,"Papua New Guinea, Lae", Lae,Tanker,Exports,3407.6,,,,
2022,10,"Papua New Guinea, Lae", Lae,Tanker,Imports,20446.3,,,,
2022,10,"Papua New Guinea, Madang", Madang,Bulk Carrier,Exports,6096.1,,,,
2022,10,"Papua New Guinea, Madang", Madang,Container,Exports,3459.6,,,,
2022,10,"Papua New Guinea, Madang", Madang,Container,Imports,528.7,,,,
2022,10,"Papua New Guinea, Madang", Madang,General Cargo,Exports,152.8,,,,
2022,10,"Papua New Guinea, Madang", Madang,General Cargo,Imports,1463,,,,
2022,10,"Papua New Guinea, Madang", Madang,Tanker,Exports,5751.4,,,,
2022,10,"Papua New Guinea, Madang", Madang,Tanker,Imports,1213,,,,
2022,10,"Papua New Guinea, Oro Bay", Oro Bay,Container,Exports,165.4,,,,
2022,10,"Papua New Guinea, Oro Bay", Oro Bay,Container,Imports,754.3,,,,
2022,10,"Papua New Guinea, Oro Bay", Oro Bay,General Cargo,Exports,575.1,,,,
2022,10,"Papua New Guinea, Oro Bay", Oro Bay,General Cargo,Imports,664.7,,,,
2022,10,"Papua New Guinea, Oro Bay", Oro Bay,Tanker,Exports,483.4,,,,
2022,10,"Papua New Guinea, Oro Bay", Oro Bay,Tanker,Imports,468.2,,,,
2022,10,"Papua New Guinea, Port Moresby", Port Moresby,Bulk Carrier,Exports,8958.9,,,,
2022,10,"Papua New Guinea, Port Moresby", Port Moresby,Bulk Carrier,Imports,5070.6,,,,
2022,10,"Papua New Guinea, Port Moresby", Port Moresby,Container,Exports,2517.5,,,,
2022,10,"Papua New Guinea, Port Moresby", Port Moresby,Container,Imports,21851.9,,,,
2022,10,"Papua New Guinea, Port Moresby", Port Moresby,General Cargo,Exports,7348.7,,,,
2022,10,"Papua New Guinea, Port Moresby", Port Moresby,General Cargo,Imports,12836.4,,,,
2022,10,"Papua New Guinea, Port Moresby", Port Moresby,Tanker,Exports,231600.5,,,,
2022,10,"Papua New Guinea, Port Moresby", Port Moresby,Tanker,Imports,86102.3,,,,
2022,10,"Papua New Guinea, Put Put", Put Put,General Cargo,Imports,9801.2,,,,
2022,10,"Papua New Guinea, Put Put", Put Put,Tanker,Imports,5550.2,,,,
2022,10,"Papua New Guinea, Rabaul", Rabaul,Bulk Carrier,Exports,7332.1,,,,
2022,10,"Papua New Guinea, Rabaul", Rabaul,Container,Exports,6852.3,,,,
2022,10,"Papua New Guinea, Rabaul", Rabaul,Container,Imports,3317.9,,,,
2022,10,"Papua New Guinea, Rabaul", Rabaul,General Cargo,Exports,15561.7,,,,
2022,10,"Papua New Guinea, Rabaul", Rabaul,General Cargo,Imports,202.3,,,,
2022,10,"Papua New Guinea, Rabaul", Rabaul,Tanker,Exports,1414,,,,
2022,10,"Papua New Guinea, Rabaul", Rabaul,Tanker,Imports,6115.8,,,,
2022,10,"Papua New Guinea, Vanimo", Vanimo,Bulk Carrier,Exports,26207.4,,,,
2022,10,"Papua New Guinea, Vanimo", Vanimo,General Cargo,Exports,1089.8,,,,
2022,10,"Papua New Guinea, Vanimo", Vanimo,General Cargo,Imports,588.6,,,,
2022,10,"Papua New Guinea, Wewak Harbor", Wewak Harbor,Bulk Carrier,Exports,11187.4,,,,
2022,10,"Papua New Guinea, Wewak Harbor", Wewak Harbor,Container,Exports,1037.3,,,,
2022,10,"Papua New Guinea, Wewak Harbor", Wewak Harbor,General Cargo,Exports,1792.2,,,,
2022,10,"Papua New Guinea, Wewak Harbor", Wewak Harbor,General Cargo,Imports,1425.3,,,,
2022,10,"Papua New Guinea, Wewak Harbor", Wewak Harbor,Tanker,Exports,152.2,,,,
2022,10,"Samoa, Apia", Apia,Container,Imports,7180,,,,
2022,10,"Samoa, Apia", Apia,General Cargo,Imports,5701.8,,,,
2022,10,"Solomon Islands, Honiara", Honiara,Bulk Carrier,Exports,17214.1,,,,
2022,10,"Solomon Islands, Honiara", Honiara,Container,Imports,18597.8,,,,
2022,10,"Solomon Islands, Honiara", Honiara,General Cargo,Exports,809.1,,,,
2022,10,"Solomon Islands, Honiara", Honiara,General Cargo,Imports,1925.5,,,,
2022,10,"Solomon Islands, Honiara", Honiara,Tanker,Imports,1149.7,,,,
2022,10,"Solomon Islands, Mbulo", Mbulo,Bulk Carrier,Exports,11476,,,,
2022,10,"Solomon Islands, Ndora", Ndora,Bulk Carrier,Exports,4269.7,,,,
2022,10,"Solomon Islands, Port Noro", Port Noro,Bulk Carrier,Exports,85388.5,,,,
2022,10,"Solomon Islands, Port Noro", Port Noro,Container,Exports,1067.1,,,,
2022,10,"Solomon Islands, Port Noro", Port Noro,Container,Imports,263.6,,,,
2022,10,"Solomon Islands, Port Noro", Port Noro,General Cargo,Imports,557.7,,,,
2022,10,"Solomon Islands, Rennell Island", Rennell Island,Bulk Carrier,Exports,7873.6,,,,
2022,10,"Tonga, Neiafu", Neiafu,General Cargo,Exports,1114,,,,
2022,10,"Tonga, Neiafu", Neiafu,General Cargo,Imports,1180,,,,
2022,10,"Tonga, Neiafu", Neiafu,Tanker,Exports,276.7,,,,
2022,10,"Tonga, Neiafu", Neiafu,Tanker,Imports,314.6,,,,
2022,10,"Tonga, Nuku Alofa", Nuku Alofa,Container,Imports,1823.9,,,,
2022,10,"Tonga, Nuku Alofa", Nuku Alofa,General Cargo,Exports,1114,,,,
2022,10,"Tonga, Nuku Alofa", Nuku Alofa,General Cargo,Imports,12309.9,,,,
2022,10,"Tonga, Nuku Alofa", Nuku Alofa,Tanker,Imports,1427.6,,,,
2022,10,"Tonga, Pangai", Pangai,General Cargo,Exports,1485.3,,,,
2022,10,"Tuvalu, Funafuti Atoll", Funafuti Atoll,Container,Exports,313.6,,,,
2022,10,"Tuvalu, Funafuti Atoll", Funafuti Atoll,Container,Imports,813.3,,,,
2022,10,"Tuvalu, Funafuti Atoll", Funafuti Atoll,General Cargo,Exports,374.6,,,,
2022,10,"Tuvalu, Funafuti Atoll", Funafuti Atoll,General Cargo,Imports,58.3,,,,
2022,10,"Tuvalu, Funafuti Atoll", Funafuti Atoll,Tanker,Exports,138.8,,,,
2022,10,"Vanuatu, Luganville", Luganville,Container,Exports,390.4,,,,
2022,10,"Vanuatu, Luganville", Luganville,General Cargo,Imports,1385.4,,,,
2022,10,"Vanuatu, Port Vila", Port Vila,Container,Imports,5120.4,,,,
2022,10,"Vanuatu, Port Vila", Port Vila,General Cargo,Exports,325.6,,,,
2022,10,"Vanuatu, Port Vila", Port Vila,General Cargo,Imports,1927.3,,,,
2022,10,"Vanuatu, Port Vila", Port Vila,Tanker,Exports,382.4,,,,
2022,11,"Fiji, Lautoka Harbor", Lautoka Harbor,Bulk Carrier,Imports,1851.5,,,,
2022,11,"Fiji, Lautoka Harbor", Lautoka Harbor,Container,Exports,14997.2,,,,
2022,11,"Fiji, Lautoka Harbor", Lautoka Harbor,Container,Imports,8298.5,,,,
2022,11,"Fiji, Lautoka Harbor", Lautoka Harbor,General Cargo,Exports,16145.3,,,,
2022,11,"Fiji, Lautoka Harbor", Lautoka Harbor,General Cargo,Imports,2557.8,,,,
2022,11,"Fiji, Lautoka Harbor", Lautoka Harbor,Tanker,Exports,19089.2,,,,
2022,11,"Fiji, Lautoka Harbor", Lautoka Harbor,Tanker,Imports,24532.9,,,,
2022,11,"Fiji, Malai", Malai,General Cargo,Exports,2466.3,,,,
2022,11,"Fiji, Malai", Malai,Tanker,Imports,9153.3,,,,
2022,11,"Fiji, Nabouwalu Jetty", Nabouwalu Jetty,Bulk Carrier,Exports,21646.8,,,,
2022,11,"Fiji, Suva Harbor", Suva Harbor,Bulk Carrier,Imports,5821.3,,,,
2022,11,"Fiji, Suva Harbor", Suva Harbor,Container,Exports,12846.9,,,,
2022,11,"Fiji, Suva Harbor", Suva Harbor,Container,Imports,16548.5,,,,
2022,11,"Fiji, Suva Harbor", Suva Harbor,General Cargo,Exports,328.6,,,,
2022,11,"Fiji, Suva Harbor", Suva Harbor,General Cargo,Imports,5527.7,,,,
2022,11,"Fiji, Suva Harbor", Suva Harbor,Tanker,Exports,4699.9,,,,
2022,11,"Fiji, Suva Harbor", Suva Harbor,Tanker,Imports,12091.6,,,,
2022,11,"Kiribati, Tarawa Atoll", Tarawa Atoll,Container,Imports,774.3,,,,
2022,11,"Kiribati, Tarawa Atoll", Tarawa Atoll,General Cargo,Exports,4591.8,,,,
2022,11,"Kiribati, Tarawa Atoll", Tarawa Atoll,General Cargo,Imports,1209.6,,,,
2022,11,"Marshall Islands, Ebeye", Ebeye,General Cargo,Exports,703.5,,,,
2022,11,"Marshall Islands, Ebeye", Ebeye,General Cargo,Imports,560.7,,,,
2022,11,"Marshall Islands, Kwajalein", Kwajalein,General Cargo,Imports,1975.2,,,,
2022,11,"Marshall Islands, Kwajalein", Kwajalein,Tanker,Imports,811.4,,,,
2022,11,"Marshall Islands, Majuro Atoll", Majuro Atoll,Container,Exports,1524.6,,,,
2022,11,"Marshall Islands, Majuro Atoll", Majuro Atoll,Container,Imports,775.9,,,,
2022,11,"Marshall Islands, Majuro Atoll", Majuro Atoll,General Cargo,Exports,3195.1,,,,
2022,11,"Marshall Islands, Majuro Atoll", Majuro Atoll,General Cargo,Imports,3632,,,,
2022,11,"Marshall Islands, Majuro Atoll", Majuro Atoll,Tanker,Imports,834.9,,,,
2022,11,"Micronesia, Colonia", Colonia,Container,Imports,607.3,,,,
2022,11,"Micronesia, Colonia", Colonia,General Cargo,Exports,1579.2,,,,
2022,11,"Micronesia, Colonia", Colonia,General Cargo,Imports,808,,,,
2022,11,"Micronesia, Colonia", Colonia,Tanker,Imports,735.9,,,,
2022,11,"Micronesia, Lele Harbor", Lele Harbor,Container,Exports,1198.9,,,,
2022,11,"Micronesia, Lele Harbor", Lele Harbor,Container,Imports,595.2,,,,
2022,11,"Micronesia, Lele Harbor", Lele Harbor,General Cargo,Exports,1148.5,,,,
2022,11,"Micronesia, Lele Harbor", Lele Harbor,General Cargo,Imports,1060.7,,,,
2022,11,"Micronesia, Moen", Moen,General Cargo,Imports,1286.9,,,,
2022,11,"Micronesia, Pornpei Harbor", Pornpei Harbor,Container,Exports,892.8,,,,
2022,11,"Micronesia, Pornpei Harbor", Pornpei Harbor,General Cargo,Exports,2417.1,,,,
2022,11,"Micronesia, Pornpei Harbor", Pornpei Harbor,General Cargo,Imports,2895.6,,,,
2022,11,"Nauru, Nauru", Nauru,Bulk Carrier,Exports,23094.5,,,,
2022,11,"Palau, Malakal Harbor", Malakal Harbor,Container,Imports,5607.8,,,,
2022,11,"Palau, Malakal Harbor", Malakal Harbor,General Cargo,Imports,793.2,,,,
2022,11,"Papua New Guinea, Alotoa", Alotoa,Bulk Carrier,Exports,12500.9,,,,
2022,11,"Papua New Guinea, Alotoa", Alotoa,Container,Exports,2644.3,,,,
2022,11,"Papua New Guinea, Alotoa", Alotoa,Container,Imports,2308.4,,,,
2022,11,"Papua New Guinea, Alotoa", Alotoa,General Cargo,Exports,456.1,,,,
2022,11,"Papua New Guinea, Alotoa", Alotoa,Tanker,Exports,4570.8,,,,
2022,11,"Papua New Guinea, Buka", Buka,Container,Exports,1487.9,,,,
2022,11,"Papua New Guinea, Buka", Buka,General Cargo,Exports,205.7,,,,
2022,11,"Papua New Guinea, Daru", Daru,Bulk Carrier,Exports,2618.3,,,,
2022,11,"Papua New Guinea, Daru", Daru,General Cargo,Exports,114.4,,,,
2022,11,"Papua New Guinea, Kavieng Harbor", Kavieng Harbor,Bulk Carrier,Exports,25866.5,,,,
2022,11,"Papua New Guinea, Kavieng Harbor", Kavieng Harbor,Container,Imports,2639,,,,
2022,11,"Papua New Guinea, Kavieng Harbor", Kavieng Harbor,General Cargo,Exports,12444.2,,,,
2022,11,"Papua New Guinea, Kavieng Harbor", Kavieng Harbor,Tanker,Exports,488.4,,,,
2022,11,"Papua New Guinea, Kieta", Kieta,Container,Exports,165.4,,,,
2022,11,"Papua New Guinea, Kieta", Kieta,Container,Imports,1142.3,,,,
2022,11,"Papua New Guinea, Kieta", Kieta,General Cargo,Exports,26.5,,,,
2022,11,"Papua New Guinea, Kimbe", Kimbe,Bulk Carrier,Exports,36407.8,,,,
2022,11,"Papua New Guinea, Kimbe", Kimbe,Container,Exports,1454,,,,
2022,11,"Papua New Guinea, Kimbe", Kimbe,General Cargo,Exports,9646.9,,,,
2022,11,"Papua New Guinea, Kimbe", Kimbe,Tanker,Exports,7395.7,,,,
2022,11,"Papua New Guinea, Kimbe", Kimbe,Tanker,Imports,712.7,,,,
2022,11,"Papua New Guinea, Lae", Lae,Container,Exports,14612.7,,,,
2022,11,"Papua New Guinea, Lae", Lae,Container,Imports,43370.2,,,,
2022,11,"Papua New Guinea, Lae", Lae,General Cargo,Exports,20000.7,,,,
2022,11,"Papua New Guinea, Lae", Lae,General Cargo,Imports,14748.9,,,,
2022,11,"Papua New Guinea, Lae", Lae,Tanker,Exports,3280.8,,,,
2022,11,"Papua New Guinea, Lae", Lae,Tanker,Imports,14224,,,,
2022,11,"Papua New Guinea, Madang", Madang,Bulk Carrier,Exports,14797.2,,,,
2022,11,"Papua New Guinea, Madang", Madang,Container,Exports,2978.6,,,,
2022,11,"Papua New Guinea, Madang", Madang,Container,Imports,1322.7,,,,
2022,11,"Papua New Guinea, Madang", Madang,General Cargo,Exports,162.2,,,,
2022,11,"Papua New Guinea, Oro Bay", Oro Bay,Bulk Carrier,Exports,6013,,,,
2022,11,"Papua New Guinea, Oro Bay", Oro Bay,Container,Exports,1936.2,,,,
2022,11,"Papua New Guinea, Oro Bay", Oro Bay,Container,Imports,3610.7,,,,
2022,11,"Papua New Guinea, Oro Bay", Oro Bay,General Cargo,Exports,456.1,,,,
2022,11,"Papua New Guinea, Oro Bay", Oro Bay,Tanker,Imports,637.7,,,,
2022,11,"Papua New Guinea, Port Moresby", Port Moresby,Bulk Carrier,Exports,401.7,,,,
2022,11,"Papua New Guinea, Port Moresby", Port Moresby,Bulk Carrier,Imports,1802.7,,,,
2022,11,"Papua New Guinea, Port Moresby", Port Moresby,Container,Exports,1915.9,,,,
2022,11,"Papua New Guinea, Port Moresby", Port Moresby,Container,Imports,24972.5,,,,
2022,11,"Papua New Guinea, Port Moresby", Port Moresby,General Cargo,Exports,27417.8,,,,
2022,11,"Papua New Guinea, Port Moresby", Port Moresby,General Cargo,Imports,16235.7,,,,
2022,11,"Papua New Guinea, Port Moresby", Port Moresby,Tanker,Exports,256326.5,,,,
2022,11,"Papua New Guinea, Port Moresby", Port Moresby,Tanker,Imports,17867.8,,,,
2022,11,"Papua New Guinea, Put Put", Put Put,General Cargo,Exports,1048.4,,,,
2022,11,"Papua New Guinea, Put Put", Put Put,General Cargo,Imports,4852.8,,,,
2022,11,"Papua New Guinea, Put Put", Put Put,Tanker,Imports,6264,,,,
2022,11,"Papua New Guinea, Rabaul", Rabaul,Bulk Carrier,Exports,39517.7,,,,
2022,11,"Papua New Guinea, Rabaul", Rabaul,Container,Exports,5149.6,,,,
2022,11,"Papua New Guinea, Rabaul", Rabaul,Container,Imports,770,,,,
2022,11,"Papua New Guinea, Rabaul", Rabaul,General Cargo,Exports,17697.8,,,,
2022,11,"Papua New Guinea, Rabaul", Rabaul,General Cargo,Imports,219.7,,,,
2022,11,"Papua New Guinea, Rabaul", Rabaul,Tanker,Exports,633.9,,,,
2022,11,"Papua New Guinea, Rabaul", Rabaul,Tanker,Imports,1932.7,,,,
2022,11,"Papua New Guinea, Vanimo", Vanimo,Bulk Carrier,Exports,18653.7,,,,
2022,11,"Papua New Guinea, Vanimo", Vanimo,General Cargo,Exports,861.4,,,,
2022,11,"Papua New Guinea, Vanimo", Vanimo,Tanker,Exports,2393.9,,,,
2022,11,"Papua New Guinea, Wewak Harbor", Wewak Harbor,Bulk Carrier,Exports,8748.3,,,,
2022,11,"Papua New Guinea, Wewak Harbor", Wewak Harbor,Container,Imports,432.6,,,,
2022,11,"Papua New Guinea, Wewak Harbor", Wewak Harbor,General Cargo,Exports,1149.2,,,,
2022,11,"Papua New Guinea, Wewak Harbor", Wewak Harbor,General Cargo,Imports,3525.2,,,,
2022,11,"Papua New Guinea, Wewak Harbor", Wewak Harbor,Tanker,Exports,1454.1,,,,
2022,11,"Papua New Guinea, Wewak Harbor", Wewak Harbor,Tanker,Imports,1686.8,,,,
2022,11,"Samoa, Apia", Apia,Container,Exports,927.5,,,,
2022,11,"Samoa, Apia", Apia,Container,Imports,14589.1,,,,
2022,11,"Samoa, Apia", Apia,General Cargo,Imports,6835.5,,,,
2022,11,"Samoa, Apia", Apia,Tanker,Imports,7750.6,,,,
2022,11,"Solomon Islands, Honiara", Honiara,Bulk Carrier,Exports,2410.8,,,,
2022,11,"Solomon Islands, Honiara", Honiara,Bulk Carrier,Imports,4579.8,,,,
2022,11,"Solomon Islands, Honiara", Honiara,Container,Exports,458.8,,,,
2022,11,"Solomon Islands, Honiara", Honiara,Container,Imports,8811.5,,,,
2022,11,"Solomon Islands, Honiara", Honiara,General Cargo,Exports,272.4,,,,
2022,11,"Solomon Islands, Honiara", Honiara,General Cargo,Imports,961.3,,,,
2022,11,"Solomon Islands, Honiara", Honiara,Tanker,Exports,1850.6,,,,
2022,11,"Solomon Islands, Honiara", Honiara,Tanker,Imports,7984.4,,,,
2022,11,"Solomon Islands, Ndora", Ndora,Bulk Carrier,Exports,13085.9,,,,
2022,11,"Solomon Islands, Ndora", Ndora,General Cargo,Imports,511.6,,,,
2022,11,"Solomon Islands, Port Noro", Port Noro,Bulk Carrier,Exports,100283.5,,,,
2022,11,"Solomon Islands, Port Noro", Port Noro,Container,Imports,116.2,,,,
2022,11,"Solomon Islands, Port Noro", Port Noro,General Cargo,Exports,1941.1,,,,
2022,11,"Solomon Islands, Port Noro", Port Noro,General Cargo,Imports,339.9,,,,
2022,11,"Solomon Islands, Port Noro", Port Noro,Tanker,Imports,2507.9,,,,
2022,11,"Solomon Islands, Seghe", Seghe,Bulk Carrier,Exports,13001.9,,,,
2022,11,"Tonga, Neiafu", Neiafu,General Cargo,Exports,1114,,,,
2022,11,"Tonga, Neiafu", Neiafu,General Cargo,Imports,167.1,,,,
2022,11,"Tonga, Neiafu", Neiafu,Tanker,Imports,973.7,,,,
2022,11,"Tonga, Nuku Alofa", Nuku Alofa,Container,Imports,4129.2,,,,
2022,11,"Tonga, Nuku Alofa", Nuku Alofa,General Cargo,Exports,1559.3,,,,
2022,11,"Tonga, Nuku Alofa", Nuku Alofa,General Cargo,Imports,2097.6,,,,
2022,11,"Tonga, Nuku Alofa", Nuku Alofa,Tanker,Imports,2539.7,,,,
2022,11,"Tonga, Pangai", Pangai,General Cargo,Exports,1299.7,,,,
2022,11,"Tuvalu, Funafuti Atoll", Funafuti Atoll,Container,Exports,1020,,,,
2022,11,"Tuvalu, Funafuti Atoll", Funafuti Atoll,General Cargo,Exports,375,,,,
2022,11,"Vanuatu, Luganville", Luganville,Container,Exports,1101.5,,,,
2022,11,"Vanuatu, Luganville", Luganville,Container,Imports,4217,,,,
2022,11,"Vanuatu, Luganville", Luganville,General Cargo,Exports,81.5,,,,
2022,11,"Vanuatu, Luganville", Luganville,General Cargo,Imports,1381,,,,
2022,11,"Vanuatu, Port Vila", Port Vila,Container,Exports,1242.5,,,,
2022,11,"Vanuatu, Port Vila", Port Vila,Container,Imports,1890.8,,,,
2022,11,"Vanuatu, Port Vila", Port Vila,General Cargo,Exports,978.1,,,,
2022,11,"Vanuatu, Port Vila", Port Vila,General Cargo,Imports,6816.1,,,,
2022,11,"Vanuatu, Port Vila", Port Vila,Tanker,Exports,59.5,,,,
2022,11,"Vanuatu, Port Vila", Port Vila,Tanker,Imports,2956,,,,
2022,12,"Fiji, Lautoka Harbor", Lautoka Harbor,Bulk Carrier,Exports,29482.6,,,,
2022,12,"Fiji, Lautoka Harbor", Lautoka Harbor,Container,Exports,9527.7,,,,
2022,12,"Fiji, Lautoka Harbor", Lautoka Harbor,Container,Imports,11026.1,,,,
2022,12,"Fiji, Lautoka Harbor", Lautoka Harbor,General Cargo,Imports,4492.6,,,,
2022,12,"Fiji, Lautoka Harbor", Lautoka Harbor,Tanker,Exports,8828.4,,,,
2022,12,"Fiji, Lautoka Harbor", Lautoka Harbor,Tanker,Imports,17762,,,,
2022,12,"Fiji, Malai", Malai,Tanker,Exports,581.3,,,,
2022,12,"Fiji, Malai", Malai,Tanker,Imports,1472,,,,
2022,12,"Fiji, Nabouwalu Jetty", Nabouwalu Jetty,Bulk Carrier,Exports,19291.6,,,,
2022,12,"Fiji, Suva Harbor", Suva Harbor,Bulk Carrier,Imports,15941,,,,
2022,12,"Fiji, Suva Harbor", Suva Harbor,Container,Exports,11597.3,,,,
2022,12,"Fiji, Suva Harbor", Suva Harbor,Container,Imports,16028.6,,,,
2022,12,"Fiji, Suva Harbor", Suva Harbor,General Cargo,Exports,4114.4,,,,
2022,12,"Fiji, Suva Harbor", Suva Harbor,General Cargo,Imports,2585.7,,,,
2022,12,"Fiji, Suva Harbor", Suva Harbor,Tanker,Exports,300.9,,,,
2022,12,"Fiji, Suva Harbor", Suva Harbor,Tanker,Imports,13264.7,,,,
2022,12,"Kiribati, Kiribati", Kiribati,General Cargo,Exports,1911.4,,,,
2022,12,"Kiribati, Tarawa Atoll", Tarawa Atoll,Container,Imports,5832.8,,,,
2022,12,"Kiribati, Tarawa Atoll", Tarawa Atoll,General Cargo,Exports,242.6,,,,
2022,12,"Kiribati, Tarawa Atoll", Tarawa Atoll,Tanker,Exports,336.3,,,,
2022,12,"Marshall Islands, Ebeye", Ebeye,General Cargo,Imports,795.7,,,,
2022,12,"Marshall Islands, Kwajalein", Kwajalein,General Cargo,Exports,572.6,,,,
2022,12,"Marshall Islands, Kwajalein", Kwajalein,General Cargo,Imports,234.5,,,,
2022,12,"Marshall Islands, Majuro Atoll", Majuro Atoll,Container,Imports,776.4,,,,
2022,12,"Marshall Islands, Majuro Atoll", Majuro Atoll,General Cargo,Exports,1605.2,,,,
2022,12,"Marshall Islands, Majuro Atoll", Majuro Atoll,General Cargo,Imports,1785.2,,,,
2022,12,"Micronesia, Colonia", Colonia,Container,Imports,358,,,,
2022,12,"Micronesia, Colonia", Colonia,General Cargo,Exports,257.7,,,,
2022,12,"Micronesia, Colonia", Colonia,Tanker,Imports,832.2,,,,
2022,12,"Micronesia, Lele Harbor", Lele Harbor,Container,Exports,609.9,,,,
2022,12,"Micronesia, Lele Harbor", Lele Harbor,General Cargo,Exports,1480,,,,
2022,12,"Micronesia, Lele Harbor", Lele Harbor,General Cargo,Imports,1106.8,,,,
2022,12,"Micronesia, Moen", Moen,General Cargo,Imports,847.9,,,,
2022,12,"Micronesia, Moen", Moen,Tanker,Exports,1037.4,,,,
2022,12,"Micronesia, Pornpei Harbor", Pornpei Harbor,Container,Imports,2401.6,,,,
2022,12,"Micronesia, Pornpei Harbor", Pornpei Harbor,General Cargo,Exports,1579.2,,,,
2022,12,"Micronesia, Pornpei Harbor", Pornpei Harbor,General Cargo,Imports,3889.1,,,,
2022,12,"Micronesia, Pornpei Harbor", Pornpei Harbor,Tanker,Imports,3336.3,,,,
2022,12,"Nauru, Nauru", Nauru,Bulk Carrier,Exports,27357,,,,
2022,12,"Palau, Malakal Harbor", Malakal Harbor,Container,Imports,5018.7,,,,
2022,12,"Palau, Malakal Harbor", Malakal Harbor,General Cargo,Imports,1970.2,,,,
2022,12,"Palau, Malakal Harbor", Malakal Harbor,Tanker,Exports,415.6,,,,
2022,12,"Papua New Guinea, Alotoa", Alotoa,Bulk Carrier,Exports,25019.2,,,,
2022,12,"Papua New Guinea, Alotoa", Alotoa,Container,Exports,740.2,,,,
2022,12,"Papua New Guinea, Alotoa", Alotoa,General Cargo,Exports,507,,,,
2022,12,"Papua New Guinea, Alotoa", Alotoa,General Cargo,Imports,691.4,,,,
2022,12,"Papua New Guinea, Alotoa", Alotoa,Tanker,Exports,184,,,,
2022,12,"Papua New Guinea, Buka", Buka,Container,Exports,1103.7,,,,
2022,12,"Papua New Guinea, Buka", Buka,General Cargo,Exports,212.7,,,,
2022,12,"Papua New Guinea, Daru", Daru,Bulk Carrier,Exports,15117.7,,,,
2022,12,"Papua New Guinea, Daru", Daru,General Cargo,Exports,101.9,,,,
2022,12,"Papua New Guinea, Kavieng Harbor", Kavieng Harbor,Bulk Carrier,Exports,15475.1,,,,
2022,12,"Papua New Guinea, Kavieng Harbor", Kavieng Harbor,Container,Imports,3013.5,,,,
2022,12,"Papua New Guinea, Kavieng Harbor", Kavieng Harbor,General Cargo,Exports,23697.4,,,,
2022,12,"Papua New Guinea, Kavieng Harbor", Kavieng Harbor,Tanker,Imports,1119,,,,
2022,12,"Papua New Guinea, Kieta", Kieta,Container,Exports,165.4,,,,
2022,12,"Papua New Guinea, Kieta", Kieta,General Cargo,Exports,26.5,,,,
2022,12,"Papua New Guinea, Kimbe", Kimbe,Bulk Carrier,Exports,53338.6,,,,
2022,12,"Papua New Guinea, Kimbe", Kimbe,Container,Exports,686.2,,,,
2022,12,"Papua New Guinea, Kimbe", Kimbe,Container,Imports,2312.4,,,,
2022,12,"Papua New Guinea, Kimbe", Kimbe,General Cargo,Exports,10197.3,,,,
2022,12,"Papua New Guinea, Kimbe", Kimbe,Tanker,Exports,21190.6,,,,
2022,12,"Papua New Guinea, Kimbe", Kimbe,Tanker,Imports,1728.6,,,,
2022,12,"Papua New Guinea, Lae", Lae,Container,Exports,19678.7,,,,
2022,12,"Papua New Guinea, Lae", Lae,Container,Imports,41372.2,,,,
2022,12,"Papua New Guinea, Lae", Lae,General Cargo,Exports,19486.1,,,,
2022,12,"Papua New Guinea, Lae", Lae,General Cargo,Imports,23798.2,,,,
2022,12,"Papua New Guinea, Lae", Lae,Tanker,Exports,7491.2,,,,
2022,12,"Papua New Guinea, Lae", Lae,Tanker,Imports,10891.7,,,,
2022,12,"Papua New Guinea, Madang", Madang,Bulk Carrier,Exports,25513.1,,,,
2022,12,"Papua New Guinea, Madang", Madang,Container,Exports,1434.5,,,,
2022,12,"Papua New Guinea, Madang", Madang,Container,Imports,1676,,,,
2022,12,"Papua New Guinea, Madang", Madang,General Cargo,Exports,1148.5,,,,
2022,12,"Papua New Guinea, Madang", Madang,General Cargo,Imports,1626.6,,,,
2022,12,"Papua New Guinea, Madang", Madang,Tanker,Exports,184,,,,
2022,12,"Papua New Guinea, Madang", Madang,Tanker,Imports,9339.9,,,,
2022,12,"Papua New Guinea, Oro Bay", Oro Bay,Bulk Carrier,Exports,25494.3,,,,
2022,12,"Papua New Guinea, Oro Bay", Oro Bay,Container,Exports,1352.2,,,,
2022,12,"Papua New Guinea, Oro Bay", Oro Bay,General Cargo,Exports,81.9,,,,
2022,12,"Papua New Guinea, Oro Bay", Oro Bay,General Cargo,Imports,696.5,,,,
2022,12,"Papua New Guinea, Oro Bay", Oro Bay,Tanker,Exports,6194.9,,,,
2022,12,"Papua New Guinea, Port Moresby", Port Moresby,Bulk Carrier,Exports,21947.8,,,,
2022,12,"Papua New Guinea, Port Moresby", Port Moresby,Bulk Carrier,Imports,904.5,,,,
2022,12,"Papua New Guinea, Port Moresby", Port Moresby,Container,Exports,6339.3,,,,
2022,12,"Papua New Guinea, Port Moresby", Port Moresby,Container,Imports,25526.1,,,,
2022,12,"Papua New Guinea, Port Moresby", Port Moresby,General Cargo,Exports,1294.4,,,,
2022,12,"Papua New Guinea, Port Moresby", Port Moresby,General Cargo,Imports,29106.8,,,,
2022,12,"Papua New Guinea, Port Moresby", Port Moresby,Tanker,Exports,238702.8,,,,
2022,12,"Papua New Guinea, Port Moresby", Port Moresby,Tanker,Imports,61340.5,,,,
2022,12,"Papua New Guinea, Put Put", Put Put,General Cargo,Imports,7468.8,,,,
2022,12,"Papua New Guinea, Put Put", Put Put,Tanker,Exports,192.1,,,,
2022,12,"Papua New Guinea, Put Put", Put Put,Tanker,Imports,4064.7,,,,
2022,12,"Papua New Guinea, Rabaul", Rabaul,Bulk Carrier,Exports,18777.5,,,,
2022,12,"Papua New Guinea, Rabaul", Rabaul,Container,Exports,5064.5,,,,
2022,12,"Papua New Guinea, Rabaul", Rabaul,Container,Imports,1392.2,,,,
2022,12,"Papua New Guinea, Rabaul", Rabaul,General Cargo,Exports,36944,,,,
2022,12,"Papua New Guinea, Rabaul", Rabaul,General Cargo,Imports,2321,,,,
2022,12,"Papua New Guinea, Rabaul", Rabaul,Tanker,Exports,3156.2,,,,
2022,12,"Papua New Guinea, Rabaul", Rabaul,Tanker,Imports,5151.6,,,,
2022,12,"Papua New Guinea, Vanimo", Vanimo,Bulk Carrier,Exports,25196.3,,,,
2022,12,"Papua New Guinea, Vanimo", Vanimo,General Cargo,Exports,819.7,,,,
2022,12,"Papua New Guinea, Vanimo", Vanimo,Tanker,Exports,740.3,,,,
2022,12,"Papua New Guinea, Wewak Harbor", Wewak Harbor,Bulk Carrier,Exports,20348.7,,,,
2022,12,"Papua New Guinea, Wewak Harbor", Wewak Harbor,Container,Exports,171.2,,,,
2022,12,"Papua New Guinea, Wewak Harbor", Wewak Harbor,General Cargo,Exports,1436.4,,,,
2022,12,"Papua New Guinea, Wewak Harbor", Wewak Harbor,General Cargo,Imports,2437.1,,,,
2022,12,"Papua New Guinea, Wewak Harbor", Wewak Harbor,Tanker,Exports,5500.2,,,,
2022,12,"Papua New Guinea, Wewak Harbor", Wewak Harbor,Tanker,Imports,2045.7,,,,
2022,12,"Samoa, Apia", Apia,Container,Exports,1152.3,,,,
2022,12,"Samoa, Apia", Apia,Container,Imports,12656.6,,,,
2022,12,"Samoa, Apia", Apia,General Cargo,Imports,9404.9,,,,
2022,12,"Samoa, Apia", Apia,Tanker,Imports,6711.9,,,,
2022,12,"Solomon Islands, Honiara", Honiara,Bulk Carrier,Exports,1153.3,,,,
2022,12,"Solomon Islands, Honiara", Honiara,Container,Exports,923.1,,,,
2022,12,"Solomon Islands, Honiara", Honiara,Container,Imports,12243.6,,,,
2022,12,"Solomon Islands, Honiara", Honiara,General Cargo,Exports,7225.5,,,,
2022,12,"Solomon Islands, Honiara", Honiara,General Cargo,Imports,1278.5,,,,
2022,12,"Solomon Islands, Honiara", Honiara,Tanker,Imports,7318.5,,,,
2022,12,"Solomon Islands, Ndora", Ndora,Bulk Carrier,Exports,4253,,,,
2022,12,"Solomon Islands, Port Noro", Port Noro,Bulk Carrier,Exports,102892,,,,
2022,12,"Solomon Islands, Port Noro", Port Noro,Container,Imports,1057.4,,,,
2022,12,"Solomon Islands, Rennell Island", Rennell Island,Bulk Carrier,Exports,6766.7,,,,
2022,12,"Solomon Islands, Seghe", Seghe,Bulk Carrier,Exports,1544.4,,,,
2022,12,"Tonga, Neiafu", Neiafu,General Cargo,Exports,1856.7,,,,
2022,12,"Tonga, Neiafu", Neiafu,General Cargo,Imports,167.4,,,,
2022,12,"Tonga, Neiafu", Neiafu,Tanker,Imports,736.9,,,,
2022,12,"Tonga, Nuku Alofa", Nuku Alofa,Container,Exports,1617.4,,,,
2022,12,"Tonga, Nuku Alofa", Nuku Alofa,Container,Imports,374.5,,,,
2022,12,"Tonga, Nuku Alofa", Nuku Alofa,General Cargo,Exports,2305.5,,,,
2022,12,"Tonga, Nuku Alofa", Nuku Alofa,General Cargo,Imports,6276.8,,,,
2022,12,"Tonga, Nuku Alofa", Nuku Alofa,Tanker,Exports,466.4,,,,
2022,12,"Tonga, Nuku Alofa", Nuku Alofa,Tanker,Imports,450.5,,,,
2022,12,"Tonga, Pangai", Pangai,General Cargo,Exports,1485.3,,,,
2022,12,"Tuvalu, Funafuti Atoll", Funafuti Atoll,Container,Exports,407.9,,,,
2022,12,"Tuvalu, Funafuti Atoll", Funafuti Atoll,General Cargo,Exports,6642.2,,,,
2022,12,"Tuvalu, Funafuti Atoll", Funafuti Atoll,Tanker,Imports,1241.4,,,,
2022,12,"Vanuatu, Luganville", Luganville,Container,Exports,1097,,,,
2022,12,"Vanuatu, Luganville", Luganville,General Cargo,Imports,93.1,,,,
2022,12,"Vanuatu, Port Vila", Port Vila,Container,Exports,2390.9,,,,
2022,12,"Vanuatu, Port Vila", Port Vila,Container,Imports,5737.1,,,,
2022,12,"Vanuatu, Port Vila", Port Vila,General Cargo,Exports,216.9,,,,
2022,12,"Vanuatu, Port Vila", Port Vila,General Cargo,Imports,93.1,,,,
2022,12,"Vanuatu, Port Vila", Port Vila,Tanker,Imports,46849.5,,,,
2023,1,"Fiji, Lautoka Harbor", Lautoka Harbor,Bulk Carrier,Exports,9316,,,,
2023,1,"Fiji, Lautoka Harbor", Lautoka Harbor,Bulk Carrier,Imports,8513.5,,,,
2023,1,"Fiji, Lautoka Harbor", Lautoka Harbor,Container,Exports,16265.4,,,,
2023,1,"Fiji, Lautoka Harbor", Lautoka Harbor,Container,Imports,5295.2,,,,
2023,1,"Fiji, Lautoka Harbor", Lautoka Harbor,General Cargo,Exports,318.6,,,,
2023,1,"Fiji, Lautoka Harbor", Lautoka Harbor,General Cargo,Imports,2909.2,,,,
2023,1,"Fiji, Lautoka Harbor", Lautoka Harbor,Tanker,Exports,5661.8,,,,
2023,1,"Fiji, Lautoka Harbor", Lautoka Harbor,Tanker,Imports,34389.7,,,,
2023,1,"Fiji, Malai", Malai,Bulk Carrier,Imports,2315.9,,,,
2023,1,"Fiji, Malai", Malai,Tanker,Exports,5.1,,,,
2023,1,"Fiji, Malai", Malai,Tanker,Imports,299.5,,,,
2023,1,"Fiji, Suva Harbor", Suva Harbor,Bulk Carrier,Imports,13280.1,,,,
2023,1,"Fiji, Suva Harbor", Suva Harbor,Container,Exports,9452.1,,,,
2023,1,"Fiji, Suva Harbor", Suva Harbor,Container,Imports,12741.2,,,,
2023,1,"Fiji, Suva Harbor", Suva Harbor,General Cargo,Exports,875.9,,,,
2023,1,"Fiji, Suva Harbor", Suva Harbor,General Cargo,Imports,3387.8,,,,
2023,1,"Fiji, Suva Harbor", Suva Harbor,Tanker,Imports,13503.1,,,,
2023,1,"Kiribati, Tarawa Atoll", Tarawa Atoll,Container,Imports,2702.6,,,,
2023,1,"Kiribati, Tarawa Atoll", Tarawa Atoll,General Cargo,Exports,3069.2,,,,
2023,1,"Kiribati, Tarawa Atoll", Tarawa Atoll,Tanker,Imports,1922.8,,,,
2023,1,"Marshall Islands, Ebeye", Ebeye,General Cargo,Exports,272.8,,,,
2023,1,"Marshall Islands, Ebeye", Ebeye,General Cargo,Imports,2092.9,,,,
2023,1,"Marshall Islands, Kwajalein", Kwajalein,General Cargo,Imports,2127.8,,,,
2023,1,"Marshall Islands, Kwajalein", Kwajalein,Tanker,Imports,971.8,,,,
2023,1,"Marshall Islands, Majuro Atoll", Majuro Atoll,Container,Exports,1501.6,,,,
2023,1,"Marshall Islands, Majuro Atoll", Majuro Atoll,Container,Imports,2754.6,,,,
2023,1,"Marshall Islands, Majuro Atoll", Majuro Atoll,General Cargo,Exports,3488.3,,,,
2023,1,"Marshall Islands, Majuro Atoll", Majuro Atoll,General Cargo,Imports,2034.3,,,,
2023,1,"Marshall Islands, Majuro Atoll", Majuro Atoll,Tanker,Imports,417.8,,,,
2023,1,"Micronesia, Colonia", Colonia,Container,Imports,98.6,,,,
2023,1,"Micronesia, Colonia", Colonia,General Cargo,Exports,250,,,,
2023,1,"Micronesia, Colonia", Colonia,Tanker,Imports,621.7,,,,
2023,1,"Micronesia, Lele Harbor", Lele Harbor,Container,Exports,3609.9,,,,
2023,1,"Micronesia, Lele Harbor", Lele Harbor,General Cargo,Imports,1563.6,,,,
2023,1,"Micronesia, Lele Harbor", Lele Harbor,Tanker,Exports,627.6,,,,
2023,1,"Micronesia, Moen", Moen,General Cargo,Exports,334.9,,,,
2023,1,"Micronesia, Moen", Moen,General Cargo,Imports,710.9,,,,
2023,1,"Micronesia, Moen", Moen,Tanker,Imports,1461.4,,,,
2023,1,"Micronesia, Pornpei Harbor", Pornpei Harbor,Container,Exports,868.7,,,,
2023,1,"Micronesia, Pornpei Harbor", Pornpei Harbor,General Cargo,Exports,3785.2,,,,
2023,1,"Micronesia, Pornpei Harbor", Pornpei Harbor,General Cargo,Imports,2671.4,,,,
2023,1,"Nauru, Nauru", Nauru,Bulk Carrier,Exports,45056,,,,
2023,1,"Nauru, Nauru", Nauru,General Cargo,Imports,3856,,,,
2023,1,"Nauru, Nauru", Nauru,Tanker,Imports,2554.8,,,,
2023,1,"Palau, Malakal Harbor", Malakal Harbor,Container,Imports,3667.7,,,,
2023,1,"Palau, Malakal Harbor", Malakal Harbor,General Cargo,Imports,238.1,,,,
2023,1,"Palau, Malakal Harbor", Malakal Harbor,Tanker,Imports,1040.7,,,,
2023,1,"Papua New Guinea, Alotoa", Alotoa,Bulk Carrier,Exports,31904.8,,,,
2023,1,"Papua New Guinea, Alotoa", Alotoa,Container,Exports,701,,,,
2023,1,"Papua New Guinea, Alotoa", Alotoa,Container,Imports,1272.2,,,,
2023,1,"Papua New Guinea, Alotoa", Alotoa,General Cargo,Exports,181.9,,,,
2023,1,"Papua New Guinea, Alotoa", Alotoa,General Cargo,Imports,398.6,,,,
2023,1,"Papua New Guinea, Alotoa", Alotoa,Tanker,Exports,6032.1,,,,
2023,1,"Papua New Guinea, Alotoa", Alotoa,Tanker,Imports,16137.1,,,,
2023,1,"Papua New Guinea, Buka", Buka,Container,Exports,520.7,,,,
2023,1,"Papua New Guinea, Buka", Buka,Container,Imports,380.7,,,,
2023,1,"Papua New Guinea, Buka", Buka,General Cargo,Exports,1248.5,,,,
2023,1,"Papua New Guinea, Daru", Daru,Bulk Carrier,Exports,1680.7,,,,
2023,1,"Papua New Guinea, Daru", Daru,General Cargo,Exports,751.2,,,,
2023,1,"Papua New Guinea, Daru", Daru,General Cargo,Imports,82.3,,,,
2023,1,"Papua New Guinea, Kavieng Harbor", Kavieng Harbor,Bulk Carrier,Exports,31885.6,,,,
2023,1,"Papua New Guinea, Kavieng Harbor", Kavieng Harbor,Container,Imports,1852.5,,,,
2023,1,"Papua New Guinea, Kavieng Harbor", Kavieng Harbor,General Cargo,Exports,1394.1,,,,
2023,1,"Papua New Guinea, Kavieng Harbor", Kavieng Harbor,Tanker,Exports,170.1,,,,
2023,1,"Papua New Guinea, Kavieng Harbor", Kavieng Harbor,Tanker,Imports,791.8,,,,
2023,1,"Papua New Guinea, Kieta", Kieta,Container,Exports,155,,,,
2023,1,"Papua New Guinea, Kieta", Kieta,Container,Imports,1698.2,,,,
2023,1,"Papua New Guinea, Kimbe", Kimbe,Bulk Carrier,Exports,55918,,,,
2023,1,"Papua New Guinea, Kimbe", Kimbe,Bulk Carrier,Imports,508.2,,,,
2023,1,"Papua New Guinea, Kimbe", Kimbe,Container,Exports,2029.7,,,,
2023,1,"Papua New Guinea, Kimbe", Kimbe,Container,Imports,534.5,,,,
2023,1,"Papua New Guinea, Kimbe", Kimbe,General Cargo,Exports,250.7,,,,
2023,1,"Papua New Guinea, Kimbe", Kimbe,Tanker,Exports,44915.1,,,,
2023,1,"Papua New Guinea, Kimbe", Kimbe,Tanker,Imports,1446.2,,,,
2023,1,"Papua New Guinea, Lae", Lae,Bulk Carrier,Imports,19835.9,,,,
2023,1,"Papua New Guinea, Lae", Lae,Container,Exports,16349.8,,,,
2023,1,"Papua New Guinea, Lae", Lae,Container,Imports,59507.8,,,,
2023,1,"Papua New Guinea, Lae", Lae,General Cargo,Exports,11025,,,,
2023,1,"Papua New Guinea, Lae", Lae,General Cargo,Imports,9342.8,,,,
2023,1,"Papua New Guinea, Lae", Lae,Tanker,Imports,7640.8,,,,
2023,1,"Papua New Guinea, Madang", Madang,Container,Exports,3052.3,,,,
2023,1,"Papua New Guinea, Madang", Madang,Container,Imports,263.8,,,,
2023,1,"Papua New Guinea, Madang", Madang,General Cargo,Exports,250.7,,,,
2023,1,"Papua New Guinea, Madang", Madang,General Cargo,Imports,819.8,,,,
2023,1,"Papua New Guinea, Madang", Madang,Tanker,Imports,1045,,,,
2023,1,"Papua New Guinea, Oro Bay", Oro Bay,Bulk Carrier,Exports,8156.4,,,,
2023,1,"Papua New Guinea, Oro Bay", Oro Bay,Container,Exports,192.6,,,,
2023,1,"Papua New Guinea, Oro Bay", Oro Bay,Container,Imports,733,,,,
2023,1,"Papua New Guinea, Oro Bay", Oro Bay,General Cargo,Exports,60.6,,,,
2023,1,"Papua New Guinea, Oro Bay", Oro Bay,Tanker,Exports,7922,,,,
2023,1,"Papua New Guinea, Port Moresby", Port Moresby,Bulk Carrier,Exports,1287,,,,
2023,1,"Papua New Guinea, Port Moresby", Port Moresby,Bulk Carrier,Imports,122.1,,,,
2023,1,"Papua New Guinea, Port Moresby", Port Moresby,Container,Exports,5633.5,,,,
2023,1,"Papua New Guinea, Port Moresby", Port Moresby,Container,Imports,23223.2,,,,
2023,1,"Papua New Guinea, Port Moresby", Port Moresby,General Cargo,Exports,22202.3,,,,
2023,1,"Papua New Guinea, Port Moresby", Port Moresby,General Cargo,Imports,12562.6,,,,
2023,1,"Papua New Guinea, Port Moresby", Port Moresby,Tanker,Exports,172997.6,,,,
2023,1,"Papua New Guinea, Port Moresby", Port Moresby,Tanker,Imports,35996.2,,,,
2023,1,"Papua New Guinea, Put Put", Put Put,General Cargo,Exports,2448.6,,,,
2023,1,"Papua New Guinea, Put Put", Put Put,General Cargo,Imports,2672.8,,,,
2023,1,"Papua New Guinea, Put Put", Put Put,Tanker,Imports,2199.3,,,,
2023,1,"Papua New Guinea, Rabaul", Rabaul,Container,Exports,3670.2,,,,
2023,1,"Papua New Guinea, Rabaul", Rabaul,Container,Imports,2875.2,,,,
2023,1,"Papua New Guinea, Rabaul", Rabaul,General Cargo,Exports,15757.5,,,,
2023,1,"Papua New Guinea, Rabaul", Rabaul,General Cargo,Imports,479.9,,,,
2023,1,"Papua New Guinea, Rabaul", Rabaul,Tanker,Exports,60,,,,
2023,1,"Papua New Guinea, Rabaul", Rabaul,Tanker,Imports,10309,,,,
2023,1,"Papua New Guinea, Vanimo", Vanimo,Bulk Carrier,Exports,8266,,,,
2023,1,"Papua New Guinea, Vanimo", Vanimo,General Cargo,Exports,737.1,,,,
2023,1,"Papua New Guinea, Wewak Harbor", Wewak Harbor,Bulk Carrier,Exports,16543.5,,,,
2023,1,"Papua New Guinea, Wewak Harbor", Wewak Harbor,Container,Exports,261.6,,,,
2023,1,"Papua New Guinea, Wewak Harbor", Wewak Harbor,Container,Imports,523.3,,,,
2023,1,"Papua New Guinea, Wewak Harbor", Wewak Harbor,General Cargo,Exports,3362.2,,,,
2023,1,"Papua New Guinea, Wewak Harbor", Wewak Harbor,General Cargo,Imports,236.9,,,,
2023,1,"Papua New Guinea, Wewak Harbor", Wewak Harbor,Tanker,Exports,891.3,,,,
2023,1,"Papua New Guinea, Wewak Harbor", Wewak Harbor,Tanker,Imports,1699.9,,,,
2023,1,"Samoa, Apia", Apia,Container,Imports,10674.2,,,,
2023,1,"Samoa, Apia", Apia,General Cargo,Exports,79,,,,
2023,1,"Samoa, Apia", Apia,General Cargo,Imports,3573.8,,,,
2023,1,"Samoa, Apia", Apia,Tanker,Imports,1931.3,,,,
2023,1,"Solomon Islands, Honiara", Honiara,Container,Imports,15632.2,,,,
2023,1,"Solomon Islands, Honiara", Honiara,General Cargo,Exports,9183.5,,,,
2023,1,"Solomon Islands, Honiara", Honiara,General Cargo,Imports,317.9,,,,
2023,1,"Solomon Islands, Honiara", Honiara,Tanker,Exports,3900.3,,,,
2023,1,"Solomon Islands, Honiara", Honiara,Tanker,Imports,7066.5,,,,
2023,1,"Solomon Islands, Mbulo", Mbulo,Bulk Carrier,Exports,6089.5,,,,
2023,1,"Solomon Islands, Ndora", Ndora,Bulk Carrier,Exports,8397.3,,,,
2023,1,"Solomon Islands, Ndora", Ndora,General Cargo,Exports,2514.6,,,,
2023,1,"Solomon Islands, Port Noro", Port Noro,Bulk Carrier,Exports,119202.8,,,,
2023,1,"Solomon Islands, Port Noro", Port Noro,Container,Exports,1043.8,,,,
2023,1,"Solomon Islands, Port Noro", Port Noro,Container,Imports,263,,,,
2023,1,"Solomon Islands, Port Noro", Port Noro,General Cargo,Exports,10621.6,,,,
2023,1,"Solomon Islands, Port Noro", Port Noro,General Cargo,Imports,169.6,,,,
2023,1,"Solomon Islands, Port Noro", Port Noro,Tanker,Exports,1879.1,,,,
2023,1,"Solomon Islands, Port Noro", Port Noro,Tanker,Imports,915.3,,,,
2023,1,"Tonga, Neiafu", Neiafu,General Cargo,Exports,557,,,,
2023,1,"Tonga, Neiafu", Neiafu,General Cargo,Imports,721.6,,,,
2023,1,"Tonga, Neiafu", Neiafu,Tanker,Imports,1775.3,,,,
2023,1,"Tonga, Nuku Alofa", Nuku Alofa,Container,Imports,3678.4,,,,
2023,1,"Tonga, Nuku Alofa", Nuku Alofa,General Cargo,Exports,1415.9,,,,
2023,1,"Tonga, Nuku Alofa", Nuku Alofa,General Cargo,Imports,2125,,,,
2023,1,"Tonga, Nuku Alofa", Nuku Alofa,Tanker,Exports,265.5,,,,
2023,1,"Tonga, Nuku Alofa", Nuku Alofa,Tanker,Imports,861.1,,,,
2023,1,"Tonga, Pangai", Pangai,General Cargo,Exports,557,,,,
2023,1,"Tuvalu, Funafuti Atoll", Funafuti Atoll,Container,Exports,203.8,,,,
2023,1,"Tuvalu, Funafuti Atoll", Funafuti Atoll,Tanker,Imports,1526.1,,,,
2023,1,"Vanuatu, Luganville", Luganville,Container,Exports,390.4,,,,
2023,1,"Vanuatu, Luganville", Luganville,Container,Imports,919.9,,,,
2023,1,"Vanuatu, Luganville", Luganville,General Cargo,Imports,1575.6,,,,
2023,1,"Vanuatu, Luganville", Luganville,Tanker,Exports,978.7,,,,
2023,1,"Vanuatu, Port Vila", Port Vila,Container,Exports,772.6,,,,
2023,1,"Vanuatu, Port Vila", Port Vila,Container,Imports,6650.8,,,,
2023,1,"Vanuatu, Port Vila", Port Vila,General Cargo,Imports,4395.1,,,,
2023,1,"Vanuatu, Port Vila", Port Vila,Tanker,Exports,14972.7,,,,
2023,2,"Fiji, Lautoka Harbor", Lautoka Harbor,Bulk Carrier,Exports,929.2,,,,
2023,2,"Fiji, Lautoka Harbor", Lautoka Harbor,Container,Exports,20227.2,,,,
2023,2,"Fiji, Lautoka Harbor", Lautoka Harbor,Container,Imports,6759.4,,,,
2023,2,"Fiji, Lautoka Harbor", Lautoka Harbor,General Cargo,Exports,2085.8,,,,
2023,2,"Fiji, Lautoka Harbor", Lautoka Harbor,General Cargo,Imports,2435.9,,,,
2023,2,"Fiji, Lautoka Harbor", Lautoka Harbor,Tanker,Exports,6358.7,,,,
2023,2,"Fiji, Lautoka Harbor", Lautoka Harbor,Tanker,Imports,12903.9,,,,
2023,2,"Fiji, Malai", Malai,Tanker,Exports,2.5,,,,
2023,2,"Fiji, Malai", Malai,Tanker,Imports,592.5,,,,
2023,2,"Fiji, Suva Harbor", Suva Harbor,Bulk Carrier,Imports,15766.9,,,,
2023,2,"Fiji, Suva Harbor", Suva Harbor,Container,Exports,12145,,,,
2023,2,"Fiji, Suva Harbor", Suva Harbor,Container,Imports,8056.3,,,,
2023,2,"Fiji, Suva Harbor", Suva Harbor,General Cargo,Exports,6686.6,,,,
2023,2,"Fiji, Suva Harbor", Suva Harbor,General Cargo,Imports,9360.7,,,,
2023,2,"Fiji, Suva Harbor", Suva Harbor,Tanker,Imports,8120.2,,,,
2023,2,"Kiribati, Tarawa Atoll", Tarawa Atoll,General Cargo,Imports,1971.1,,,,
2023,2,"Kiribati, Tarawa Atoll", Tarawa Atoll,Tanker,Exports,943.1,,,,
2023,2,"Marshall Islands, Ebeye", Ebeye,General Cargo,Exports,272.8,,,,
2023,2,"Marshall Islands, Ebeye", Ebeye,General Cargo,Imports,946.1,,,,
2023,2,"Marshall Islands, Kwajalein", Kwajalein,General Cargo,Imports,2500.6,,,,
2023,2,"Marshall Islands, Kwajalein", Kwajalein,Tanker,Imports,1137.4,,,,
2023,2,"Marshall Islands, Majuro Atoll", Majuro Atoll,Container,Exports,1067,,,,
2023,2,"Marshall Islands, Majuro Atoll", Majuro Atoll,Container,Imports,307.1,,,,
2023,2,"Marshall Islands, Majuro Atoll", Majuro Atoll,General Cargo,Exports,5151.8,,,,
2023,2,"Marshall Islands, Majuro Atoll", Majuro Atoll,General Cargo,Imports,2786.9,,,,
2023,2,"Micronesia, Colonia", Colonia,Container,Exports,245.4,,,,
2023,2,"Micronesia, Colonia", Colonia,General Cargo,Exports,774.2,,,,
2023,2,"Micronesia, Colonia", Colonia,Tanker,Imports,835.5,,,,
2023,2,"Micronesia, Lele Harbor", Lele Harbor,Container,Exports,591.8,,,,
2023,2,"Micronesia, Lele Harbor", Lele Harbor,General Cargo,Exports,26.3,,,,
2023,2,"Micronesia, Lele Harbor", Lele Harbor,General Cargo,Imports,1490.5,,,,
2023,2,"Micronesia, Moen", Moen,General Cargo,Exports,249.2,,,,
2023,2,"Micronesia, Moen", Moen,General Cargo,Imports,1026,,,,
2023,2,"Micronesia, Moen", Moen,Tanker,Imports,1028.6,,,,
2023,2,"Micronesia, Pornpei Harbor", Pornpei Harbor,Container,Exports,1786.7,,,,
2023,2,"Micronesia, Pornpei Harbor", Pornpei Harbor,Container,Imports,896.8,,,,
2023,2,"Micronesia, Pornpei Harbor", Pornpei Harbor,General Cargo,Imports,1894.6,,,,
2023,2,"Micronesia, Pornpei Harbor", Pornpei Harbor,Tanker,Imports,1242.7,,,,
2023,2,"Nauru, Nauru", Nauru,Bulk Carrier,Exports,30828.5,,,,
2023,2,"Nauru, Nauru", Nauru,Container,Exports,1209.8,,,,
2023,2,"Nauru, Nauru", Nauru,Container,Imports,1980.4,,,,
2023,2,"Palau, Malakal Harbor", Malakal Harbor,Container,Imports,490.3,,,,
2023,2,"Palau, Malakal Harbor", Malakal Harbor,General Cargo,Imports,1057,,,,
2023,2,"Palau, Malakal Harbor", Malakal Harbor,Tanker,Imports,1039.6,,,,
2023,2,"Papua New Guinea, Alotoa", Alotoa,Bulk Carrier,Exports,23737.7,,,,
2023,2,"Papua New Guinea, Alotoa", Alotoa,Container,Exports,1,,,,
2023,2,"Papua New Guinea, Alotoa", Alotoa,Container,Imports,879.3,,,,
2023,2,"Papua New Guinea, Alotoa", Alotoa,General Cargo,Exports,351.8,,,,
2023,2,"Papua New Guinea, Alotoa", Alotoa,General Cargo,Imports,708.3,,,,
2023,2,"Papua New Guinea, Alotoa", Alotoa,Tanker,Imports,957.6,,,,
2023,2,"Papua New Guinea, Buka", Buka,Container,Exports,885.9,,,,
2023,2,"Papua New Guinea, Buka", Buka,Container,Imports,2045.1,,,,
2023,2,"Papua New Guinea, Buka", Buka,General Cargo,Exports,141.5,,,,
2023,2,"Papua New Guinea, Daru", Daru,General Cargo,Exports,4712.9,,,,
2023,2,"Papua New Guinea, Kavieng Harbor", Kavieng Harbor,Bulk Carrier,Exports,16263.4,,,,
2023,2,"Papua New Guinea, Kavieng Harbor", Kavieng Harbor,Container,Imports,2757.7,,,,
2023,2,"Papua New Guinea, Kavieng Harbor", Kavieng Harbor,General Cargo,Exports,5373.1,,,,
2023,2,"Papua New Guinea, Kavieng Harbor", Kavieng Harbor,Tanker,Exports,170.1,,,,
2023,2,"Papua New Guinea, Kieta", Kieta,Container,Exports,190,,,,
2023,2,"Papua New Guinea, Kieta", Kieta,Container,Imports,369.9,,,,
2023,2,"Papua New Guinea, Kieta", Kieta,General Cargo,Exports,70.7,,,,
2023,2,"Papua New Guinea, Kimbe", Kimbe,Bulk Carrier,Exports,12565.8,,,,
2023,2,"Papua New Guinea, Kimbe", Kimbe,Container,Exports,1096.2,,,,
2023,2,"Papua New Guinea, Kimbe", Kimbe,Container,Imports,4270.5,,,,
2023,2,"Papua New Guinea, Kimbe", Kimbe,General Cargo,Exports,355,,,,
2023,2,"Papua New Guinea, Kimbe", Kimbe,General Cargo,Imports,2722,,,,
2023,2,"Papua New Guinea, Kimbe", Kimbe,Tanker,Exports,34264.4,,,,
2023,2,"Papua New Guinea, Lae", Lae,Bulk Carrier,Imports,10349.7,,,,
2023,2,"Papua New Guinea, Lae", Lae,Container,Exports,13471.6,,,,
2023,2,"Papua New Guinea, Lae", Lae,Container,Imports,21167.5,,,,
2023,2,"Papua New Guinea, Lae", Lae,General Cargo,Exports,20742.2,,,,
2023,2,"Papua New Guinea, Lae", Lae,General Cargo,Imports,9071.3,,,,
2023,2,"Papua New Guinea, Lae", Lae,Tanker,Exports,3813,,,,
2023,2,"Papua New Guinea, Lae", Lae,Tanker,Imports,18402.3,,,,
2023,2,"Papua New Guinea, Madang", Madang,Bulk Carrier,Exports,1740.4,,,,
2023,2,"Papua New Guinea, Madang", Madang,Container,Exports,1067.2,,,,
2023,2,"Papua New Guinea, Madang", Madang,Container,Imports,2144.7,,,,
2023,2,"Papua New Guinea, Madang", Madang,General Cargo,Exports,250.7,,,,
2023,2,"Papua New Guinea, Madang", Madang,General Cargo,Imports,3252.8,,,,
2023,2,"Papua New Guinea, Madang", Madang,Tanker,Exports,4137.4,,,,
2023,2,"Papua New Guinea, Oro Bay", Oro Bay,Bulk Carrier,Exports,42883.6,,,,
2023,2,"Papua New Guinea, Oro Bay", Oro Bay,Container,Imports,1505.5,,,,
2023,2,"Papua New Guinea, Oro Bay", Oro Bay,General Cargo,Exports,181.9,,,,
2023,2,"Papua New Guinea, Oro Bay", Oro Bay,General Cargo,Imports,694.2,,,,
2023,2,"Papua New Guinea, Oro Bay", Oro Bay,Tanker,Exports,60,,,,
2023,2,"Papua New Guinea, Port Moresby", Port Moresby,Bulk Carrier,Exports,8966.2,,,,
2023,2,"Papua New Guinea, Port Moresby", Port Moresby,Bulk Carrier,Imports,7393.3,,,,
2023,2,"Papua New Guinea, Port Moresby", Port Moresby,Container,Exports,2351.1,,,,
2023,2,"Papua New Guinea, Port Moresby", Port Moresby,Container,Imports,15894.7,,,,
2023,2,"Papua New Guinea, Port Moresby", Port Moresby,General Cargo,Exports,11520.2,,,,
2023,2,"Papua New Guinea, Port Moresby", Port Moresby,General Cargo,Imports,11726.6,,,,
2023,2,"Papua New Guinea, Port Moresby", Port Moresby,Tanker,Exports,191974.2,,,,
2023,2,"Papua New Guinea, Port Moresby", Port Moresby,Tanker,Imports,31170.7,,,,
2023,2,"Papua New Guinea, Put Put", Put Put,General Cargo,Exports,198,,,,
2023,2,"Papua New Guinea, Put Put", Put Put,General Cargo,Imports,5243.1,,,,
2023,2,"Papua New Guinea, Put Put", Put Put,Tanker,Imports,12466.4,,,,
2023,2,"Papua New Guinea, Rabaul", Rabaul,Bulk Carrier,Exports,36674.1,,,,
2023,2,"Papua New Guinea, Rabaul", Rabaul,Container,Exports,3357.5,,,,
2023,2,"Papua New Guinea, Rabaul", Rabaul,Container,Imports,3268.9,,,,
2023,2,"Papua New Guinea, Rabaul", Rabaul,General Cargo,Exports,15510.1,,,,
2023,2,"Papua New Guinea, Rabaul", Rabaul,General Cargo,Imports,439,,,,
2023,2,"Papua New Guinea, Rabaul", Rabaul,Tanker,Exports,159.2,,,,
2023,2,"Papua New Guinea, Rabaul", Rabaul,Tanker,Imports,2635,,,,
2023,2,"Papua New Guinea, Vanimo", Vanimo,Bulk Carrier,Exports,17499.7,,,,
2023,2,"Papua New Guinea, Vanimo", Vanimo,Bulk Carrier,Imports,639.7,,,,
2023,2,"Papua New Guinea, Vanimo", Vanimo,General Cargo,Exports,412.8,,,,
2023,2,"Papua New Guinea, Wewak Harbor", Wewak Harbor,Bulk Carrier,Imports,196.5,,,,
2023,2,"Papua New Guinea, Wewak Harbor", Wewak Harbor,General Cargo,Exports,1021.2,,,,
2023,2,"Papua New Guinea, Wewak Harbor", Wewak Harbor,General Cargo,Imports,981.9,,,,
2023,2,"Papua New Guinea, Wewak Harbor", Wewak Harbor,Tanker,Exports,170.1,,,,
2023,2,"Samoa, Apia", Apia,Container,Exports,2756.8,,,,
2023,2,"Samoa, Apia", Apia,Container,Imports,12060.3,,,,
2023,2,"Samoa, Apia", Apia,General Cargo,Exports,79,,,,
2023,2,"Samoa, Apia", Apia,General Cargo,Imports,7923.4,,,,
2023,2,"Samoa, Apia", Apia,Tanker,Imports,1981.3,,,,
2023,2,"Solomon Islands, Honiara", Honiara,Bulk Carrier,Exports,5470.2,,,,
2023,2,"Solomon Islands, Honiara", Honiara,Container,Exports,1498.5,,,,
2023,2,"Solomon Islands, Honiara", Honiara,Container,Imports,4439.7,,,,
2023,2,"Solomon Islands, Honiara", Honiara,General Cargo,Exports,2240.3,,,,
2023,2,"Solomon Islands, Honiara", Honiara,General Cargo,Imports,1577.3,,,,
2023,2,"Solomon Islands, Honiara", Honiara,Tanker,Exports,2714,,,,
2023,2,"Solomon Islands, Honiara", Honiara,Tanker,Imports,4941.1,,,,
2023,2,"Solomon Islands, Port Noro", Port Noro,Bulk Carrier,Exports,79412.8,,,,
2023,2,"Solomon Islands, Port Noro", Port Noro,Container,Exports,1320.8,,,,
2023,2,"Solomon Islands, Port Noro", Port Noro,Container,Imports,529.7,,,,
2023,2,"Solomon Islands, Rennell Island", Rennell Island,Bulk Carrier,Exports,2706.3,,,,
2023,2,"Solomon Islands, Ringgi Cove", Ringgi Cove,Bulk Carrier,Exports,17984.8,,,,
2023,2,"Solomon Islands, Seghe", Seghe,Bulk Carrier,Exports,4279.6,,,,
2023,2,"Tonga, Nuku Alofa", Nuku Alofa,Container,Imports,5073,,,,
2023,2,"Tonga, Nuku Alofa", Nuku Alofa,General Cargo,Exports,1040.7,,,,
2023,2,"Tonga, Nuku Alofa", Nuku Alofa,General Cargo,Imports,9248.3,,,,
2023,2,"Tonga, Nuku Alofa", Nuku Alofa,Tanker,Exports,1120.8,,,,
2023,2,"Tonga, Nuku Alofa", Nuku Alofa,Tanker,Imports,557.6,,,,
2023,2,"Tuvalu, Funafuti Atoll", Funafuti Atoll,General Cargo,Exports,2855.4,,,,
2023,2,"Tuvalu, Funafuti Atoll", Funafuti Atoll,General Cargo,Imports,1598.4,,,,
2023,2,"Tuvalu, Funafuti Atoll", Funafuti Atoll,Tanker,Imports,554.5,,,,
2023,2,"Vanuatu, Luganville", Luganville,Container,Exports,781.2,,,,
2023,2,"Vanuatu, Luganville", Luganville,Container,Imports,614.5,,,,
2023,2,"Vanuatu, Luganville", Luganville,General Cargo,Imports,936.9,,,,
2023,2,"Vanuatu, Port Vila", Port Vila,Container,Exports,2642.1,,,,
2023,2,"Vanuatu, Port Vila", Port Vila,Container,Imports,5548.2,,,,
2023,2,"Vanuatu, Port Vila", Port Vila,General Cargo,Imports,1618.1,,,,
2023,2,"Vanuatu, Port Vila", Port Vila,Tanker,Exports,114.8,,,,
2023,3,"Fiji, Lautoka Harbor", Lautoka Harbor,Container,Exports,22509.3,,,,
2023,3,"Fiji, Lautoka Harbor", Lautoka Harbor,Container,Imports,6397.1,,,,
2023,3,"Fiji, Lautoka Harbor", Lautoka Harbor,General Cargo,Imports,3226.6,,,,
2023,3,"Fiji, Lautoka Harbor", Lautoka Harbor,Tanker,Exports,3614.1,,,,
2023,3,"Fiji, Lautoka Harbor", Lautoka Harbor,Tanker,Imports,25534.8,,,,
2023,3,"Fiji, Malai", Malai,Tanker,Exports,2.5,,,,
2023,3,"Fiji, Malai", Malai,Tanker,Imports,133.3,,,,
2023,3,"Fiji, Suva Harbor", Suva Harbor,Container,Exports,16700.2,,,,
2023,3,"Fiji, Suva Harbor", Suva Harbor,Container,Imports,17953.3,,,,
2023,3,"Fiji, Suva Harbor", Suva Harbor,General Cargo,Exports,2142.2,,,,
2023,3,"Fiji, Suva Harbor", Suva Harbor,General Cargo,Imports,2227,,,,
2023,3,"Fiji, Suva Harbor", Suva Harbor,Tanker,Exports,283,,,,
2023,3,"Fiji, Suva Harbor", Suva Harbor,Tanker,Imports,13408.8,,,,
2023,3,"Kiribati, Kiribati", Kiribati,General Cargo,Imports,757.3,,,,
2023,3,"Kiribati, Tarawa Atoll", Tarawa Atoll,Container,Imports,2696.5,,,,
2023,3,"Kiribati, Tarawa Atoll", Tarawa Atoll,General Cargo,Exports,2959,,,,
2023,3,"Kiribati, Tarawa Atoll", Tarawa Atoll,Tanker,Exports,943.1,,,,
2023,3,"Marshall Islands, Ebeye", Ebeye,General Cargo,Imports,4471,,,,
2023,3,"Marshall Islands, Kwajalein", Kwajalein,General Cargo,Imports,2121.2,,,,
2023,3,"Marshall Islands, Majuro Atoll", Majuro Atoll,Container,Exports,0.8,,,,
2023,3,"Marshall Islands, Majuro Atoll", Majuro Atoll,Container,Imports,2138.6,,,,
2023,3,"Marshall Islands, Majuro Atoll", Majuro Atoll,General Cargo,Exports,1024.7,,,,
2023,3,"Marshall Islands, Majuro Atoll", Majuro Atoll,General Cargo,Imports,946.1,,,,
2023,3,"Marshall Islands, Majuro Atoll", Majuro Atoll,Tanker,Imports,4507.2,,,,
2023,3,"Micronesia, Colonia", Colonia,Container,Imports,338,,,,
2023,3,"Micronesia, Colonia", Colonia,General Cargo,Imports,996.4,,,,
2023,3,"Micronesia, Lele Harbor", Lele Harbor,Container,Exports,296.8,,,,
2023,3,"Micronesia, Lele Harbor", Lele Harbor,General Cargo,Imports,1035.1,,,,
2023,3,"Micronesia, Moen", Moen,General Cargo,Exports,1579.2,,,,
2023,3,"Micronesia, Moen", Moen,General Cargo,Imports,1778.7,,,,
2023,3,"Micronesia, Moen", Moen,Tanker,Imports,206.3,,,,
2023,3,"Micronesia, Pornpei Harbor", Pornpei Harbor,Container,Imports,593,,,,
2023,3,"Micronesia, Pornpei Harbor", Pornpei Harbor,General Cargo,Exports,3158.3,,,,
2023,3,"Micronesia, Pornpei Harbor", Pornpei Harbor,General Cargo,Imports,1036.6,,,,
2023,3,"Micronesia, Pornpei Harbor", Pornpei Harbor,Tanker,Imports,3115.8,,,,
2023,3,"Nauru, Nauru", Nauru,Bulk Carrier,Exports,17448.3,,,,
2023,3,"Nauru, Nauru", Nauru,General Cargo,Imports,598.8,,,,
2023,3,"Nauru, Nauru", Nauru,Tanker,Exports,1271.3,,,,
2023,3,"Palau, Malakal Harbor", Malakal Harbor,Container,Imports,2411.7,,,,
2023,3,"Palau, Malakal Harbor", Malakal Harbor,General Cargo,Imports,529.7,,,,
2023,3,"Palau, Malakal Harbor", Malakal Harbor,Tanker,Imports,825.5,,,,
2023,3,"Papua New Guinea, Alotoa", Alotoa,Bulk Carrier,Exports,4705.7,,,,
2023,3,"Papua New Guinea, Alotoa", Alotoa,Container,Exports,187.4,,,,
2023,3,"Papua New Guinea, Alotoa", Alotoa,Container,Imports,938.5,,,,
2023,3,"Papua New Guinea, Alotoa", Alotoa,General Cargo,Exports,408.3,,,,
2023,3,"Papua New Guinea, Alotoa", Alotoa,Tanker,Exports,4186.8,,,,
2023,3,"Papua New Guinea, Buka", Buka,Container,Exports,527.9,,,,
2023,3,"Papua New Guinea, Buka", Buka,General Cargo,Exports,141.5,,,,
2023,3,"Papua New Guinea, Daru", Daru,General Cargo,Exports,77.2,,,,
2023,3,"Papua New Guinea, Kavieng Harbor", Kavieng Harbor,Bulk Carrier,Exports,42046.3,,,,
2023,3,"Papua New Guinea, Kavieng Harbor", Kavieng Harbor,Container,Imports,1992.7,,,,
2023,3,"Papua New Guinea, Kavieng Harbor", Kavieng Harbor,General Cargo,Exports,1111.4,,,,
2023,3,"Papua New Guinea, Kavieng Harbor", Kavieng Harbor,Tanker,Exports,340.2,,,,
2023,3,"Papua New Guinea, Kavieng Harbor", Kavieng Harbor,Tanker,Imports,476.9,,,,
2023,3,"Papua New Guinea, Kieta", Kieta,Container,Exports,190,,,,
2023,3,"Papua New Guinea, Kieta", Kieta,Container,Imports,172.1,,,,
2023,3,"Papua New Guinea, Kieta", Kieta,General Cargo,Exports,70.7,,,,
2023,3,"Papua New Guinea, Kimbe", Kimbe,Bulk Carrier,Exports,16260.1,,,,
2023,3,"Papua New Guinea, Kimbe", Kimbe,Container,Exports,365.2,,,,
2023,3,"Papua New Guinea, Kimbe", Kimbe,Container,Imports,4037.6,,,,
2023,3,"Papua New Guinea, Kimbe", Kimbe,General Cargo,Exports,4125.1,,,,
2023,3,"Papua New Guinea, Kimbe", Kimbe,General Cargo,Imports,1573.3,,,,
2023,3,"Papua New Guinea, Kimbe", Kimbe,Tanker,Exports,11693.1,,,,
2023,3,"Papua New Guinea, Kimbe", Kimbe,Tanker,Imports,798.4,,,,
2023,3,"Papua New Guinea, Lae", Lae,Container,Exports,24157.3,,,,
2023,3,"Papua New Guinea, Lae", Lae,Container,Imports,35191.4,,,,
2023,3,"Papua New Guinea, Lae", Lae,General Cargo,Exports,17414.9,,,,
2023,3,"Papua New Guinea, Lae", Lae,General Cargo,Imports,4651.9,,,,
2023,3,"Papua New Guinea, Lae", Lae,Tanker,Exports,12512.8,,,,
2023,3,"Papua New Guinea, Lae", Lae,Tanker,Imports,15191,,,,
2023,3,"Papua New Guinea, Madang", Madang,Container,Exports,2909.7,,,,
2023,3,"Papua New Guinea, Madang", Madang,Container,Imports,355.4,,,,
2023,3,"Papua New Guinea, Madang", Madang,General Cargo,Exports,220,,,,
2023,3,"Papua New Guinea, Madang", Madang,General Cargo,Imports,813.9,,,,
2023,3,"Papua New Guinea, Madang", Madang,Tanker,Exports,5056.2,,,,
2023,3,"Papua New Guinea, Madang", Madang,Tanker,Imports,1691.3,,,,
2023,3,"Papua New Guinea, Oro Bay", Oro Bay,Bulk Carrier,Exports,18537.4,,,,
2023,3,"Papua New Guinea, Oro Bay", Oro Bay,Container,Imports,1632,,,,
2023,3,"Papua New Guinea, Oro Bay", Oro Bay,General Cargo,Exports,81.9,,,,
2023,3,"Papua New Guinea, Oro Bay", Oro Bay,General Cargo,Imports,589,,,,
2023,3,"Papua New Guinea, Oro Bay", Oro Bay,Tanker,Exports,60,,,,
2023,3,"Papua New Guinea, Port Moresby", Port Moresby,Bulk Carrier,Exports,2621.3,,,,
2023,3,"Papua New Guinea, Port Moresby", Port Moresby,Bulk Carrier,Imports,122.1,,,,
2023,3,"Papua New Guinea, Port Moresby", Port Moresby,Container,Exports,8260.6,,,,
2023,3,"Papua New Guinea, Port Moresby", Port Moresby,Container,Imports,17089.8,,,,
2023,3,"Papua New Guinea, Port Moresby", Port Moresby,General Cargo,Exports,9106.9,,,,
2023,3,"Papua New Guinea, Port Moresby", Port Moresby,General Cargo,Imports,9296.3,,,,
2023,3,"Papua New Guinea, Port Moresby", Port Moresby,Tanker,Exports,230895.3,,,,
2023,3,"Papua New Guinea, Port Moresby", Port Moresby,Tanker,Imports,99448.1,,,,
2023,3,"Papua New Guinea, Put Put", Put Put,General Cargo,Exports,2786,,,,
2023,3,"Papua New Guinea, Put Put", Put Put,General Cargo,Imports,3143.9,,,,
2023,3,"Papua New Guinea, Put Put", Put Put,Tanker,Exports,192.1,,,,
2023,3,"Papua New Guinea, Rabaul", Rabaul,Bulk Carrier,Exports,839,,,,
2023,3,"Papua New Guinea, Rabaul", Rabaul,Container,Exports,3358.9,,,,
2023,3,"Papua New Guinea, Rabaul", Rabaul,Container,Imports,4038.2,,,,
2023,3,"Papua New Guinea, Rabaul", Rabaul,General Cargo,Exports,31546.8,,,,
2023,3,"Papua New Guinea, Rabaul", Rabaul,General Cargo,Imports,155.5,,,,
2023,3,"Papua New Guinea, Rabaul", Rabaul,Tanker,Exports,230.1,,,,
2023,3,"Papua New Guinea, Rabaul", Rabaul,Tanker,Imports,2040.9,,,,
2023,3,"Papua New Guinea, Vanimo", Vanimo,Bulk Carrier,Exports,8511.2,,,,
2023,3,"Papua New Guinea, Vanimo", Vanimo,General Cargo,Exports,387.2,,,,
2023,3,"Papua New Guinea, Vanimo", Vanimo,General Cargo,Imports,118,,,,
2023,3,"Papua New Guinea, Vanimo", Vanimo,Tanker,Imports,909.4,,,,
2023,3,"Papua New Guinea, Wewak Harbor", Wewak Harbor,Bulk Carrier,Exports,20553.1,,,,
2023,3,"Papua New Guinea, Wewak Harbor", Wewak Harbor,Container,Imports,263.8,,,,
2023,3,"Papua New Guinea, Wewak Harbor", Wewak Harbor,General Cargo,Exports,1733.4,,,,
2023,3,"Papua New Guinea, Wewak Harbor", Wewak Harbor,General Cargo,Imports,2126.4,,,,
2023,3,"Papua New Guinea, Wewak Harbor", Wewak Harbor,Tanker,Exports,3173,,,,
2023,3,"Papua New Guinea, Wewak Harbor", Wewak Harbor,Tanker,Imports,280.2,,,,
2023,3,"Samoa, Apia", Apia,Container,Exports,3372.6,,,,
2023,3,"Samoa, Apia", Apia,Container,Imports,11357.7,,,,
2023,3,"Samoa, Apia", Apia,General Cargo,Exports,981.4,,,,
2023,3,"Samoa, Apia", Apia,General Cargo,Imports,5694.3,,,,
2023,3,"Solomon Islands, Honiara", Honiara,Bulk Carrier,Exports,3568.7,,,,
2023,3,"Solomon Islands, Honiara", Honiara,Container,Exports,461.3,,,,
2023,3,"Solomon Islands, Honiara", Honiara,Container,Imports,10839.4,,,,
2023,3,"Solomon Islands, Honiara", Honiara,General Cargo,Exports,2924.6,,,,
2023,3,"Solomon Islands, Honiara", Honiara,General Cargo,Imports,634.2,,,,
2023,3,"Solomon Islands, Honiara", Honiara,Tanker,Imports,4529.5,,,,
2023,3,"Solomon Islands, Mbulo", Mbulo,Bulk Carrier,Exports,13415.5,,,,
2023,3,"Solomon Islands, Ndora", Ndora,Bulk Carrier,Exports,5933.4,,,,
2023,3,"Solomon Islands, Ndora", Ndora,General Cargo,Exports,4155.7,,,,
2023,3,"Solomon Islands, Port Noro", Port Noro,Bulk Carrier,Exports,58055.1,,,,
2023,3,"Solomon Islands, Port Noro", Port Noro,General Cargo,Exports,8311.3,,,,
2023,3,"Solomon Islands, Port Noro", Port Noro,Tanker,Exports,865.1,,,,
2023,3,"Solomon Islands, Ringgi Cove", Ringgi Cove,Bulk Carrier,Exports,17649.6,,,,
2023,3,"Tonga, Neiafu", Neiafu,General Cargo,Exports,928.3,,,,
2023,3,"Tonga, Neiafu", Neiafu,General Cargo,Imports,499.9,,,,
2023,3,"Tonga, Neiafu", Neiafu,Tanker,Imports,288.9,,,,
2023,3,"Tonga, Nuku Alofa", Nuku Alofa,Container,Imports,2966.3,,,,
2023,3,"Tonga, Nuku Alofa", Nuku Alofa,General Cargo,Exports,1391.8,,,,
2023,3,"Tonga, Nuku Alofa", Nuku Alofa,General Cargo,Imports,10708.7,,,,
2023,3,"Tonga, Nuku Alofa", Nuku Alofa,Tanker,Exports,486,,,,
2023,3,"Tonga, Nuku Alofa", Nuku Alofa,Tanker,Imports,1270.8,,,,
2023,3,"Tonga, Pangai", Pangai,General Cargo,Exports,185.7,,,,
2023,3,"Tuvalu, Funafuti Atoll", Funafuti Atoll,General Cargo,Exports,1466.7,,,,
2023,3,"Tuvalu, Funafuti Atoll", Funafuti Atoll,General Cargo,Imports,2387.3,,,,
2023,3,"Vanuatu, Luganville", Luganville,Container,Exports,1609.9,,,,
2023,3,"Vanuatu, Luganville", Luganville,Container,Imports,805.8,,,,
2023,3,"Vanuatu, Luganville", Luganville,General Cargo,Exports,6498.6,,,,
2023,3,"Vanuatu, Luganville", Luganville,Tanker,Imports,492.5,,,,
2023,3,"Vanuatu, Port Vila", Port Vila,Container,Exports,2138.9,,,,
2023,3,"Vanuatu, Port Vila", Port Vila,Container,Imports,2165.2,,,,
2023,3,"Vanuatu, Port Vila", Port Vila,General Cargo,Imports,7143.6,,,,
2023,3,"Vanuatu, Port Vila", Port Vila,Tanker,Exports,1946.1,,,,
2023,3,"Vanuatu, Port Vila", Port Vila,Tanker,Imports,265.8,,,,
2023,4,"Fiji, Lautoka Harbor", Lautoka Harbor,Bulk Carrier,Imports,7342.2,,,,
2023,4,"Fiji, Lautoka Harbor", Lautoka Harbor,Container,Exports,22213.1,,,,
2023,4,"Fiji, Lautoka Harbor", Lautoka Harbor,Container,Imports,4139.2,,,,
2023,4,"Fiji, Lautoka Harbor", Lautoka Harbor,General Cargo,Exports,316.4,,,,
2023,4,"Fiji, Lautoka Harbor", Lautoka Harbor,General Cargo,Imports,2322.7,,,,
2023,4,"Fiji, Lautoka Harbor", Lautoka Harbor,Tanker,Exports,4053.2,,,,
2023,4,"Fiji, Lautoka Harbor", Lautoka Harbor,Tanker,Imports,18544.4,,,,
2023,4,"Fiji, Malai", Malai,Tanker,Exports,578.7,,,,
2023,4,"Fiji, Suva Harbor", Suva Harbor,Container,Exports,18810.7,,,,
2023,4,"Fiji, Suva Harbor", Suva Harbor,Container,Imports,17691.5,,,,
2023,4,"Fiji, Suva Harbor", Suva Harbor,General Cargo,Exports,4146,,,,
2023,4,"Fiji, Suva Harbor", Suva Harbor,General Cargo,Imports,3333.3,,,,
2023,4,"Fiji, Suva Harbor", Suva Harbor,Tanker,Exports,682.9,,,,
2023,4,"Fiji, Suva Harbor", Suva Harbor,Tanker,Imports,15085.6,,,,
2023,4,"Kiribati, Kiribati", Kiribati,Tanker,Exports,5636.4,,,,
2023,4,"Kiribati, Tarawa Atoll", Tarawa Atoll,Container,Imports,3489.3,,,,
2023,4,"Kiribati, Tarawa Atoll", Tarawa Atoll,General Cargo,Exports,3482.6,,,,
2023,4,"Kiribati, Tarawa Atoll", Tarawa Atoll,Tanker,Exports,1930.4,,,,
2023,4,"Marshall Islands, Ebeye", Ebeye,General Cargo,Imports,1519.3,,,,
2023,4,"Marshall Islands, Kwajalein", Kwajalein,General Cargo,Exports,1401.4,,,,
2023,4,"Marshall Islands, Kwajalein", Kwajalein,General Cargo,Imports,466.7,,,,
2023,4,"Marshall Islands, Kwajalein", Kwajalein,Tanker,Imports,485.6,,,,
2023,4,"Marshall Islands, Majuro Atoll", Majuro Atoll,Container,Exports,889.4,,,,
2023,4,"Marshall Islands, Majuro Atoll", Majuro Atoll,Container,Imports,387.3,,,,
2023,4,"Marshall Islands, Majuro Atoll", Majuro Atoll,General Cargo,Imports,3801.4,,,,
2023,4,"Marshall Islands, Majuro Atoll", Majuro Atoll,Tanker,Imports,3928.5,,,,
2023,4,"Micronesia, Colonia", Colonia,Container,Exports,246.8,,,,
2023,4,"Micronesia, Colonia", Colonia,Container,Imports,5.6,,,,
2023,4,"Micronesia, Colonia", Colonia,General Cargo,Imports,491.8,,,,
2023,4,"Micronesia, Colonia", Colonia,Tanker,Imports,209.9,,,,
2023,4,"Micronesia, Lele Harbor", Lele Harbor,Container,Exports,3843.7,,,,
2023,4,"Micronesia, Lele Harbor", Lele Harbor,General Cargo,Exports,3785.2,,,,
2023,4,"Micronesia, Lele Harbor", Lele Harbor,General Cargo,Imports,1195.6,,,,
2023,4,"Micronesia, Lele Harbor", Lele Harbor,Tanker,Imports,414.3,,,,
2023,4,"Micronesia, Moen", Moen,General Cargo,Exports,1579.2,,,,
2023,4,"Micronesia, Moen", Moen,General Cargo,Imports,1236,,,,
2023,4,"Micronesia, Moen", Moen,Tanker,Imports,2084.6,,,,
2023,4,"Micronesia, Pornpei Harbor", Pornpei Harbor,Container,Imports,2667.7,,,,
2023,4,"Micronesia, Pornpei Harbor", Pornpei Harbor,General Cargo,Exports,4271,,,,
2023,4,"Micronesia, Pornpei Harbor", Pornpei Harbor,General Cargo,Imports,2307.6,,,,
2023,4,"Micronesia, Pornpei Harbor", Pornpei Harbor,Tanker,Imports,1856.1,,,,
2023,4,"Nauru, Nauru", Nauru,Container,Imports,2751.2,,,,
2023,4,"Palau, Malakal Harbor", Malakal Harbor,Container,Imports,2199.3,,,,
2023,4,"Palau, Malakal Harbor", Malakal Harbor,General Cargo,Imports,262.5,,,,
2023,4,"Palau, Malakal Harbor", Malakal Harbor,Tanker,Exports,465.9,,,,
2023,4,"Palau, Malakal Harbor", Malakal Harbor,Tanker,Imports,419.3,,,,
2023,4,"Papua New Guinea, Alotoa", Alotoa,Container,Imports,2594.5,,,,
2023,4,"Papua New Guinea, Alotoa", Alotoa,General Cargo,Exports,313.5,,,,
2023,4,"Papua New Guinea, Alotoa", Alotoa,General Cargo,Imports,295.7,,,,
2023,4,"Papua New Guinea, Alotoa", Alotoa,Tanker,Exports,1607.2,,,,
2023,4,"Papua New Guinea, Buka", Buka,Container,Exports,316.7,,,,
2023,4,"Papua New Guinea, Buka", Buka,General Cargo,Exports,205.2,,,,
2023,4,"Papua New Guinea, Daru", Daru,Bulk Carrier,Exports,23022.6,,,,
2023,4,"Papua New Guinea, Daru", Daru,General Cargo,Exports,77.2,,,,
2023,4,"Papua New Guinea, Kavieng Harbor", Kavieng Harbor,Bulk Carrier,Exports,21950.8,,,,
2023,4,"Papua New Guinea, Kavieng Harbor", Kavieng Harbor,Container,Exports,155,,,,
2023,4,"Papua New Guinea, Kavieng Harbor", Kavieng Harbor,Container,Imports,4167.7,,,,
2023,4,"Papua New Guinea, Kavieng Harbor", Kavieng Harbor,Tanker,Exports,170.1,,,,
2023,4,"Papua New Guinea, Kavieng Harbor", Kavieng Harbor,Tanker,Imports,959.6,,,,
2023,4,"Papua New Guinea, Kieta", Kieta,Container,Exports,161.7,,,,
2023,4,"Papua New Guinea, Kieta", Kieta,Container,Imports,1669.6,,,,
2023,4,"Papua New Guinea, Kimbe", Kimbe,Bulk Carrier,Exports,62054.9,,,,
2023,4,"Papua New Guinea, Kimbe", Kimbe,Container,Imports,4265.9,,,,
2023,4,"Papua New Guinea, Kimbe", Kimbe,General Cargo,Exports,3993.6,,,,
2023,4,"Papua New Guinea, Kimbe", Kimbe,General Cargo,Imports,2063.9,,,,
2023,4,"Papua New Guinea, Kimbe", Kimbe,Tanker,Exports,14504.3,,,,
2023,4,"Papua New Guinea, Kimbe", Kimbe,Tanker,Imports,888,,,,
2023,4,"Papua New Guinea, Lae", Lae,Bulk Carrier,Imports,10375.6,,,,
2023,4,"Papua New Guinea, Lae", Lae,Container,Exports,19800.9,,,,
2023,4,"Papua New Guinea, Lae", Lae,Container,Imports,31774.1,,,,
2023,4,"Papua New Guinea, Lae", Lae,General Cargo,Exports,18015.2,,,,
2023,4,"Papua New Guinea, Lae", Lae,General Cargo,Imports,3948,,,,
2023,4,"Papua New Guinea, Lae", Lae,Tanker,Exports,170.1,,,,
2023,4,"Papua New Guinea, Lae", Lae,Tanker,Imports,10397.5,,,,
2023,4,"Papua New Guinea, Madang", Madang,Container,Exports,3742.3,,,,
2023,4,"Papua New Guinea, Madang", Madang,Container,Imports,58.2,,,,
2023,4,"Papua New Guinea, Madang", Madang,General Cargo,Exports,453.3,,,,
2023,4,"Papua New Guinea, Madang", Madang,Tanker,Exports,811.8,,,,
2023,4,"Papua New Guinea, Madang", Madang,Tanker,Imports,3120.2,,,,
2023,4,"Papua New Guinea, Oro Bay", Oro Bay,Bulk Carrier,Exports,3852.7,,,,
2023,4,"Papua New Guinea, Oro Bay", Oro Bay,Container,Exports,161.7,,,,
2023,4,"Papua New Guinea, Oro Bay", Oro Bay,Container,Imports,702.4,,,,
2023,4,"Papua New Guinea, Oro Bay", Oro Bay,General Cargo,Exports,181.9,,,,
2023,4,"Papua New Guinea, Oro Bay", Oro Bay,General Cargo,Imports,197.8,,,,
2023,4,"Papua New Guinea, Oro Bay", Oro Bay,Tanker,Exports,4928.5,,,,
2023,4,"Papua New Guinea, Oro Bay", Oro Bay,Tanker,Imports,641.7,,,,
2023,4,"Papua New Guinea, Port Moresby", Port Moresby,Bulk Carrier,Exports,21251.2,,,,
2023,4,"Papua New Guinea, Port Moresby", Port Moresby,Bulk Carrier,Imports,3940.1,,,,
2023,4,"Papua New Guinea, Port Moresby", Port Moresby,Container,Exports,4070.8,,,,
2023,4,"Papua New Guinea, Port Moresby", Port Moresby,Container,Imports,15584.2,,,,
2023,4,"Papua New Guinea, Port Moresby", Port Moresby,General Cargo,Exports,16620.5,,,,
2023,4,"Papua New Guinea, Port Moresby", Port Moresby,General Cargo,Imports,14937.9,,,,
2023,4,"Papua New Guinea, Port Moresby", Port Moresby,Tanker,Exports,228106.7,,,,
2023,4,"Papua New Guinea, Port Moresby", Port Moresby,Tanker,Imports,36081.3,,,,
2023,4,"Papua New Guinea, Put Put", Put Put,General Cargo,Exports,35.3,,,,
2023,4,"Papua New Guinea, Put Put", Put Put,General Cargo,Imports,4684.6,,,,
2023,4,"Papua New Guinea, Put Put", Put Put,Tanker,Imports,6264,,,,
2023,4,"Papua New Guinea, Rabaul", Rabaul,Bulk Carrier,Exports,8772.2,,,,
2023,4,"Papua New Guinea, Rabaul", Rabaul,Container,Exports,6545.9,,,,
2023,4,"Papua New Guinea, Rabaul", Rabaul,Container,Imports,3944,,,,
2023,4,"Papua New Guinea, Rabaul", Rabaul,General Cargo,Exports,25282.9,,,,
2023,4,"Papua New Guinea, Rabaul", Rabaul,General Cargo,Imports,2697.5,,,,
2023,4,"Papua New Guinea, Rabaul", Rabaul,Tanker,Exports,60,,,,
2023,4,"Papua New Guinea, Rabaul", Rabaul,Tanker,Imports,6297.5,,,,
2023,4,"Papua New Guinea, Vanimo", Vanimo,Bulk Carrier,Exports,714.4,,,,
2023,4,"Papua New Guinea, Vanimo", Vanimo,General Cargo,Exports,119.4,,,,
2023,4,"Papua New Guinea, Vanimo", Vanimo,General Cargo,Imports,473.7,,,,
2023,4,"Papua New Guinea, Wewak Harbor", Wewak Harbor,Bulk Carrier,Exports,2536.3,,,,
2023,4,"Papua New Guinea, Wewak Harbor", Wewak Harbor,General Cargo,Exports,753.8,,,,
2023,4,"Papua New Guinea, Wewak Harbor", Wewak Harbor,General Cargo,Imports,980.3,,,,
2023,4,"Papua New Guinea, Wewak Harbor", Wewak Harbor,Tanker,Exports,340.2,,,,
2023,4,"Samoa, Apia", Apia,Container,Exports,2249.8,,,,
2023,4,"Samoa, Apia", Apia,Container,Imports,11764,,,,
2023,4,"Samoa, Apia", Apia,General Cargo,Exports,26.3,,,,
2023,4,"Samoa, Apia", Apia,General Cargo,Imports,12079.1,,,,
2023,4,"Samoa, Apia", Apia,Tanker,Imports,7104.6,,,,
2023,4,"Solomon Islands, Honiara", Honiara,Bulk Carrier,Exports,2576.4,,,,
2023,4,"Solomon Islands, Honiara", Honiara,Container,Exports,2550.7,,,,
2023,4,"Solomon Islands, Honiara", Honiara,Container,Imports,7982.3,,,,
2023,4,"Solomon Islands, Honiara", Honiara,General Cargo,Exports,2704.1,,,,
2023,4,"Solomon Islands, Honiara", Honiara,General Cargo,Imports,906.7,,,,
2023,4,"Solomon Islands, Honiara", Honiara,Tanker,Imports,8964.3,,,,
2023,4,"Solomon Islands, Port Noro", Port Noro,Bulk Carrier,Exports,14712.7,,,,
2023,4,"Solomon Islands, Port Noro", Port Noro,Container,Imports,3239,,,,
2023,4,"Solomon Islands, Port Noro", Port Noro,Tanker,Imports,2467.9,,,,
2023,4,"Solomon Islands, Ringgi Cove", Ringgi Cove,Bulk Carrier,Exports,6282.4,,,,
2023,4,"Tonga, Neiafu", Neiafu,General Cargo,Exports,1281.3,,,,
2023,4,"Tonga, Neiafu", Neiafu,Tanker,Imports,938.3,,,,
2023,4,"Tonga, Nuku Alofa", Nuku Alofa,Container,Exports,462.4,,,,
2023,4,"Tonga, Nuku Alofa", Nuku Alofa,Container,Imports,1884,,,,
2023,4,"Tonga, Nuku Alofa", Nuku Alofa,General Cargo,Exports,1602.5,,,,
2023,4,"Tonga, Nuku Alofa", Nuku Alofa,General Cargo,Imports,4312.9,,,,
2023,4,"Tonga, Nuku Alofa", Nuku Alofa,Tanker,Exports,588,,,,
2023,4,"Tonga, Nuku Alofa", Nuku Alofa,Tanker,Imports,1003.2,,,,
2023,4,"Tonga, Pangai", Pangai,General Cargo,Exports,1671,,,,
2023,4,"Tuvalu, Funafuti Atoll", Funafuti Atoll,General Cargo,Exports,1047.3,,,,
2023,4,"Tuvalu, Funafuti Atoll", Funafuti Atoll,General Cargo,Imports,1594.8,,,,
2023,4,"Tuvalu, Funafuti Atoll", Funafuti Atoll,Tanker,Imports,969.5,,,,
2023,4,"Vanuatu, Luganville", Luganville,Container,Exports,1408.5,,,,
2023,4,"Vanuatu, Luganville", Luganville,Container,Imports,1233.6,,,,
2023,4,"Vanuatu, Luganville", Luganville,General Cargo,Exports,648.4,,,,
2023,4,"Vanuatu, Luganville", Luganville,General Cargo,Imports,2276,,,,
2023,4,"Vanuatu, Port Vila", Port Vila,Container,Exports,2330.9,,,,
2023,4,"Vanuatu, Port Vila", Port Vila,Container,Imports,2945.7,,,,
2023,4,"Vanuatu, Port Vila", Port Vila,General Cargo,Exports,650.1,,,,
2023,4,"Vanuatu, Port Vila", Port Vila,General Cargo,Imports,648.4,,,,
2023,4,"Vanuatu, Port Vila", Port Vila,Tanker,Imports,606,,,,
2023,5,"Fiji, Lautoka Harbor", Lautoka Harbor,Container,Exports,12223.6,,,,
2023,5,"Fiji, Lautoka Harbor", Lautoka Harbor,Container,Imports,9286.9,,,,
2023,5,"Fiji, Lautoka Harbor", Lautoka Harbor,General Cargo,Imports,1759.5,,,,
2023,5,"Fiji, Lautoka Harbor", Lautoka Harbor,Tanker,Exports,3933.6,,,,
2023,5,"Fiji, Lautoka Harbor", Lautoka Harbor,Tanker,Imports,36665.6,,,,
2023,5,"Fiji, Malai", Malai,Tanker,Exports,369.1,,,,
2023,5,"Fiji, Malai", Malai,Tanker,Imports,2409.6,,,,
2023,5,"Fiji, Suva Harbor", Suva Harbor,Bulk Carrier,Imports,32305.9,,,,
2023,5,"Fiji, Suva Harbor", Suva Harbor,Container,Exports,9691.5,,,,
2023,5,"Fiji, Suva Harbor", Suva Harbor,Container,Imports,16032.7,,,,
2023,5,"Fiji, Suva Harbor", Suva Harbor,General Cargo,Exports,319,,,,
2023,5,"Fiji, Suva Harbor", Suva Harbor,General Cargo,Imports,1740.2,,,,
2023,5,"Fiji, Suva Harbor", Suva Harbor,Tanker,Exports,619,,,,
2023,5,"Fiji, Suva Harbor", Suva Harbor,Tanker,Imports,17571.7,,,,
2023,5,"Kiribati, Kiribati", Kiribati,Container,Imports,1152,,,,
2023,5,"Kiribati, Kiribati", Kiribati,General Cargo,Exports,14107.6,,,,
2023,5,"Kiribati, Kiribati", Kiribati,General Cargo,Imports,555.1,,,,
2023,5,"Kiribati, Kiribati", Kiribati,Tanker,Imports,4229.3,,,,
2023,5,"Kiribati, Tarawa Atoll", Tarawa Atoll,Container,Imports,971.3,,,,
2023,5,"Kiribati, Tarawa Atoll", Tarawa Atoll,General Cargo,Exports,1612.5,,,,
2023,5,"Kiribati, Tarawa Atoll", Tarawa Atoll,General Cargo,Imports,1980.6,,,,
2023,5,"Kiribati, Tarawa Atoll", Tarawa Atoll,Tanker,Exports,943.1,,,,
2023,5,"Kiribati, Tarawa Atoll", Tarawa Atoll,Tanker,Imports,3575.4,,,,
2023,5,"Marshall Islands, Ebeye", Ebeye,General Cargo,Imports,1881.9,,,,
2023,5,"Marshall Islands, Kwajalein", Kwajalein,General Cargo,Imports,1288.6,,,,
2023,5,"Marshall Islands, Majuro Atoll", Majuro Atoll,Container,Exports,901.9,,,,
2023,5,"Marshall Islands, Majuro Atoll", Majuro Atoll,Container,Imports,3533.7,,,,
2023,5,"Marshall Islands, Majuro Atoll", Majuro Atoll,General Cargo,Exports,4799.2,,,,
2023,5,"Marshall Islands, Majuro Atoll", Majuro Atoll,General Cargo,Imports,6175.3,,,,
2023,5,"Marshall Islands, Majuro Atoll", Majuro Atoll,Tanker,Imports,2869.5,,,,
2023,5,"Micronesia, Colonia", Colonia,Container,Imports,98.6,,,,
2023,5,"Micronesia, Colonia", Colonia,General Cargo,Exports,1579.2,,,,
2023,5,"Micronesia, Colonia", Colonia,Tanker,Imports,882.8,,,,
2023,5,"Micronesia, Lele Harbor", Lele Harbor,Container,Exports,1762.6,,,,
2023,5,"Micronesia, Lele Harbor", Lele Harbor,General Cargo,Exports,1837.9,,,,
2023,5,"Micronesia, Lele Harbor", Lele Harbor,General Cargo,Imports,2614.4,,,,
2023,5,"Micronesia, Moen", Moen,General Cargo,Exports,1579.2,,,,
2023,5,"Micronesia, Moen", Moen,General Cargo,Imports,1400,,,,
2023,5,"Micronesia, Moen", Moen,Tanker,Imports,1450.6,,,,
2023,5,"Micronesia, Pornpei Harbor", Pornpei Harbor,Container,Imports,1177.3,,,,
2023,5,"Micronesia, Pornpei Harbor", Pornpei Harbor,General Cargo,Exports,2020.4,,,,
2023,5,"Micronesia, Pornpei Harbor", Pornpei Harbor,General Cargo,Imports,2700.1,,,,
2023,5,"Nauru, Nauru", Nauru,Bulk Carrier,Exports,34894,,,,
2023,5,"Nauru, Nauru", Nauru,Container,Imports,3352.6,,,,
2023,5,"Palau, Malakal Harbor", Malakal Harbor,Container,Imports,2185.7,,,,
2023,5,"Palau, Malakal Harbor", Malakal Harbor,General Cargo,Exports,252.6,,,,
2023,5,"Palau, Malakal Harbor", Malakal Harbor,Tanker,Imports,208.2,,,,
2023,5,"Papua New Guinea, Alotoa", Alotoa,Bulk Carrier,Exports,16605.4,,,,
2023,5,"Papua New Guinea, Alotoa", Alotoa,Container,Imports,2002.8,,,,
2023,5,"Papua New Guinea, Alotoa", Alotoa,Tanker,Exports,13375.6,,,,
2023,5,"Papua New Guinea, Alotoa", Alotoa,Tanker,Imports,1758.8,,,,
2023,5,"Papua New Guinea, Buka", Buka,Container,Exports,155,,,,
2023,5,"Papua New Guinea, Buka", Buka,Container,Imports,1050.9,,,,
2023,5,"Papua New Guinea, Buka", Buka,General Cargo,Exports,1143,,,,
2023,5,"Papua New Guinea, Daru", Daru,Bulk Carrier,Exports,1259.5,,,,
2023,5,"Papua New Guinea, Daru", Daru,General Cargo,Exports,77.2,,,,
2023,5,"Papua New Guinea, Daru", Daru,General Cargo,Imports,164.5,,,,
2023,5,"Papua New Guinea, Kavieng Harbor", Kavieng Harbor,Bulk Carrier,Exports,25270,,,,
2023,5,"Papua New Guinea, Kavieng Harbor", Kavieng Harbor,Container,Imports,1885.5,,,,
2023,5,"Papua New Guinea, Kavieng Harbor", Kavieng Harbor,General Cargo,Exports,776.6,,,,
2023,5,"Papua New Guinea, Kavieng Harbor", Kavieng Harbor,Tanker,Exports,340.2,,,,
2023,5,"Papua New Guinea, Kavieng Harbor", Kavieng Harbor,Tanker,Imports,639.8,,,,
2023,5,"Papua New Guinea, Kieta", Kieta,Container,Exports,156,,,,
2023,5,"Papua New Guinea, Kieta", Kieta,General Cargo,Exports,1101.4,,,,
2023,5,"Papua New Guinea, Kimbe", Kimbe,Bulk Carrier,Exports,15333,,,,
2023,5,"Papua New Guinea, Kimbe", Kimbe,Container,Exports,22.3,,,,
2023,5,"Papua New Guinea, Kimbe", Kimbe,Container,Imports,4872.9,,,,
2023,5,"Papua New Guinea, Kimbe", Kimbe,General Cargo,Exports,10330.1,,,,
2023,5,"Papua New Guinea, Kimbe", Kimbe,General Cargo,Imports,984.2,,,,
2023,5,"Papua New Guinea, Kimbe", Kimbe,Tanker,Exports,21879.3,,,,
2023,5,"Papua New Guinea, Kimbe", Kimbe,Tanker,Imports,874.4,,,,
2023,5,"Papua New Guinea, Lae", Lae,Bulk Carrier,Imports,6930.2,,,,
2023,5,"Papua New Guinea, Lae", Lae,Container,Exports,20194.1,,,,
2023,5,"Papua New Guinea, Lae", Lae,Container,Imports,37647,,,,
2023,5,"Papua New Guinea, Lae", Lae,General Cargo,Exports,12974.2,,,,
2023,5,"Papua New Guinea, Lae", Lae,General Cargo,Imports,5782.9,,,,
2023,5,"Papua New Guinea, Lae", Lae,Tanker,Exports,4498.6,,,,
2023,5,"Papua New Guinea, Lae", Lae,Tanker,Imports,19506.1,,,,
2023,5,"Papua New Guinea, Madang", Madang,Container,Imports,2311.4,,,,
2023,5,"Papua New Guinea, Madang", Madang,General Cargo,Exports,1164.5,,,,
2023,5,"Papua New Guinea, Madang", Madang,General Cargo,Imports,294.8,,,,
2023,5,"Papua New Guinea, Madang", Madang,Tanker,Exports,3790.7,,,,
2023,5,"Papua New Guinea, Oro Bay", Oro Bay,Bulk Carrier,Exports,17069.6,,,,
2023,5,"Papua New Guinea, Oro Bay", Oro Bay,Container,Imports,754.2,,,,
2023,5,"Papua New Guinea, Oro Bay", Oro Bay,Tanker,Imports,2122.4,,,,
2023,5,"Papua New Guinea, Port Moresby", Port Moresby,Bulk Carrier,Exports,2570.9,,,,
2023,5,"Papua New Guinea, Port Moresby", Port Moresby,Bulk Carrier,Imports,13652.1,,,,
2023,5,"Papua New Guinea, Port Moresby", Port Moresby,Container,Exports,4446.3,,,,
2023,5,"Papua New Guinea, Port Moresby", Port Moresby,Container,Imports,17313.9,,,,
2023,5,"Papua New Guinea, Port Moresby", Port Moresby,General Cargo,Exports,18676.7,,,,
2023,5,"Papua New Guinea, Port Moresby", Port Moresby,General Cargo,Imports,13622.1,,,,
2023,5,"Papua New Guinea, Port Moresby", Port Moresby,Tanker,Exports,269118,,,,
2023,5,"Papua New Guinea, Port Moresby", Port Moresby,Tanker,Imports,59411.3,,,,
2023,5,"Papua New Guinea, Put Put", Put Put,General Cargo,Exports,518.2,,,,
2023,5,"Papua New Guinea, Put Put", Put Put,General Cargo,Imports,8411.5,,,,
2023,5,"Papua New Guinea, Put Put", Put Put,Tanker,Exports,636.2,,,,
2023,5,"Papua New Guinea, Rabaul", Rabaul,Container,Exports,2612.9,,,,
2023,5,"Papua New Guinea, Rabaul", Rabaul,Container,Imports,1390.9,,,,
2023,5,"Papua New Guinea, Rabaul", Rabaul,General Cargo,Exports,23958.8,,,,
2023,5,"Papua New Guinea, Rabaul", Rabaul,General Cargo,Imports,656.4,,,,
2023,5,"Papua New Guinea, Rabaul", Rabaul,Tanker,Exports,60,,,,
2023,5,"Papua New Guinea, Rabaul", Rabaul,Tanker,Imports,6421,,,,
2023,5,"Papua New Guinea, Vanimo", Vanimo,Bulk Carrier,Exports,24254.9,,,,
2023,5,"Papua New Guinea, Vanimo", Vanimo,Bulk Carrier,Imports,660.3,,,,
2023,5,"Papua New Guinea, Vanimo", Vanimo,General Cargo,Exports,325,,,,
2023,5,"Papua New Guinea, Vanimo", Vanimo,Tanker,Exports,4596.2,,,,
2023,5,"Papua New Guinea, Wewak Harbor", Wewak Harbor,Bulk Carrier,Exports,3803.7,,,,
2023,5,"Papua New Guinea, Wewak Harbor", Wewak Harbor,Bulk Carrier,Imports,196.5,,,,
2023,5,"Papua New Guinea, Wewak Harbor", Wewak Harbor,General Cargo,Exports,918.5,,,,
2023,5,"Papua New Guinea, Wewak Harbor", Wewak Harbor,General Cargo,Imports,2189,,,,
2023,5,"Papua New Guinea, Wewak Harbor", Wewak Harbor,Tanker,Exports,2152.1,,,,
2023,5,"Papua New Guinea, Wewak Harbor", Wewak Harbor,Tanker,Imports,1090.5,,,,
2023,5,"Samoa, Apia", Apia,Container,Imports,9321.2,,,,
2023,5,"Samoa, Apia", Apia,General Cargo,Imports,6891.1,,,,
2023,5,"Samoa, Apia", Apia,Tanker,Imports,4782.4,,,,
2023,5,"Solomon Islands, Honiara", Honiara,Bulk Carrier,Exports,19334.6,,,,
2023,5,"Solomon Islands, Honiara", Honiara,Bulk Carrier,Imports,6627.7,,,,
2023,5,"Solomon Islands, Honiara", Honiara,Container,Exports,1353.3,,,,
2023,5,"Solomon Islands, Honiara", Honiara,Container,Imports,6522.9,,,,
2023,5,"Solomon Islands, Honiara", Honiara,General Cargo,Exports,2234.2,,,,
2023,5,"Solomon Islands, Honiara", Honiara,General Cargo,Imports,317.9,,,,
2023,5,"Solomon Islands, Honiara", Honiara,Tanker,Exports,1471.7,,,,
2023,5,"Solomon Islands, Honiara", Honiara,Tanker,Imports,14984.1,,,,
2023,5,"Solomon Islands, Ndora", Ndora,Bulk Carrier,Exports,4266,,,,
2023,5,"Solomon Islands, Port Noro", Port Noro,Bulk Carrier,Exports,60372.9,,,,
2023,5,"Solomon Islands, Port Noro", Port Noro,Container,Exports,306.4,,,,
2023,5,"Solomon Islands, Port Noro", Port Noro,Container,Imports,593.9,,,,
2023,5,"Solomon Islands, Port Noro", Port Noro,General Cargo,Exports,6801.9,,,,
2023,5,"Solomon Islands, Port Noro", Port Noro,Tanker,Exports,2074.5,,,,
2023,5,"Tonga, Neiafu", Neiafu,General Cargo,Exports,1114,,,,
2023,5,"Tonga, Neiafu", Neiafu,General Cargo,Imports,138.9,,,,
2023,5,"Tonga, Neiafu", Neiafu,Tanker,Imports,641.7,,,,
2023,5,"Tonga, Nuku Alofa", Nuku Alofa,Container,Exports,921.7,,,,
2023,5,"Tonga, Nuku Alofa", Nuku Alofa,Container,Imports,1863.4,,,,
2023,5,"Tonga, Nuku Alofa", Nuku Alofa,General Cargo,Exports,909.9,,,,
2023,5,"Tonga, Nuku Alofa", Nuku Alofa,General Cargo,Imports,6674.2,,,,
2023,5,"Tonga, Nuku Alofa", Nuku Alofa,Tanker,Exports,637.9,,,,
2023,5,"Tonga, Nuku Alofa", Nuku Alofa,Tanker,Imports,1286,,,,
2023,5,"Tonga, Pangai", Pangai,General Cargo,Exports,742.7,,,,
2023,5,"Tuvalu, Funafuti Atoll", Funafuti Atoll,Container,Imports,600.2,,,,
2023,5,"Tuvalu, Funafuti Atoll", Funafuti Atoll,Tanker,Imports,277.3,,,,
2023,5,"Vanuatu, Luganville", Luganville,Container,Exports,244.3,,,,
2023,5,"Vanuatu, Luganville", Luganville,Container,Imports,2360.5,,,,
2023,5,"Vanuatu, Luganville", Luganville,General Cargo,Imports,2926.7,,,,
2023,5,"Vanuatu, Port Vila", Port Vila,Container,Imports,9939.4,,,,
2023,5,"Vanuatu, Port Vila", Port Vila,General Cargo,Imports,2914.2,,,,
2023,5,"Vanuatu, Port Vila", Port Vila,Tanker,Imports,131.9,,,,
2023,6,"Fiji, Lautoka Harbor", Lautoka Harbor,Container,Exports,23840.7,,,,
2023,6,"Fiji, Lautoka Harbor", Lautoka Harbor,Container,Imports,12144.9,,,,
2023,6,"Fiji, Lautoka Harbor", Lautoka Harbor,General Cargo,Exports,90.3,,,,
2023,6,"Fiji, Lautoka Harbor", Lautoka Harbor,General Cargo,Imports,3266,,,,
2023,6,"Fiji, Lautoka Harbor", Lautoka Harbor,Tanker,Exports,6191.5,,,,
2023,6,"Fiji, Lautoka Harbor", Lautoka Harbor,Tanker,Imports,35762.7,,,,
2023,6,"Fiji, Malai", Malai,Tanker,Imports,2945.2,,,,
2023,6,"Fiji, Suva Harbor", Suva Harbor,Bulk Carrier,Imports,838,,,,
2023,6,"Fiji, Suva Harbor", Suva Harbor,Container,Exports,13027,,,,
2023,6,"Fiji, Suva Harbor", Suva Harbor,Container,Imports,22772.8,,,,
2023,6,"Fiji, Suva Harbor", Suva Harbor,General Cargo,Imports,3569.5,,,,
2023,6,"Fiji, Suva Harbor", Suva Harbor,Tanker,Exports,1850.2,,,,
2023,6,"Fiji, Suva Harbor", Suva Harbor,Tanker,Imports,6053.1,,,,
2023,6,"Kiribati, Kiribati", Kiribati,Container,Imports,1188.8,,,,
2023,6,"Kiribati, Kiribati", Kiribati,General Cargo,Exports,19827.2,,,,
2023,6,"Kiribati, Kiribati", Kiribati,General Cargo,Imports,99.8,,,,
2023,6,"Kiribati, Tarawa Atoll", Tarawa Atoll,Container,Imports,7025.2,,,,
2023,6,"Kiribati, Tarawa Atoll", Tarawa Atoll,General Cargo,Imports,1213.8,,,,
2023,6,"Kiribati, Tarawa Atoll", Tarawa Atoll,Tanker,Imports,340,,,,
2023,6,"Marshall Islands, Ebeye", Ebeye,General Cargo,Imports,856.2,,,,
2023,6,"Marshall Islands, Kwajalein", Kwajalein,General Cargo,Imports,581.5,,,,
2023,6,"Marshall Islands, Kwajalein", Kwajalein,Tanker,Imports,1480.1,,,,
2023,6,"Marshall Islands, Majuro Atoll", Majuro Atoll,Container,Exports,0.8,,,,
2023,6,"Marshall Islands, Majuro Atoll", Majuro Atoll,Container,Imports,1547.1,,,,
2023,6,"Marshall Islands, Majuro Atoll", Majuro Atoll,General Cargo,Exports,17899.9,,,,
2023,6,"Marshall Islands, Majuro Atoll", Majuro Atoll,General Cargo,Imports,3168.7,,,,
2023,6,"Marshall Islands, Majuro Atoll", Majuro Atoll,Tanker,Imports,1633.4,,,,
2023,6,"Micronesia, Colonia", Colonia,Container,Imports,5.6,,,,
2023,6,"Micronesia, Colonia", Colonia,General Cargo,Imports,509.3,,,,
2023,6,"Micronesia, Colonia", Colonia,Tanker,Imports,630.9,,,,
2023,6,"Micronesia, Lele Harbor", Lele Harbor,Container,Exports,1196.8,,,,
2023,6,"Micronesia, Lele Harbor", Lele Harbor,Container,Imports,296.2,,,,
2023,6,"Micronesia, Lele Harbor", Lele Harbor,General Cargo,Exports,26.3,,,,
2023,6,"Micronesia, Lele Harbor", Lele Harbor,General Cargo,Imports,1391.3,,,,
2023,6,"Micronesia, Moen", Moen,General Cargo,Imports,2276.1,,,,
2023,6,"Micronesia, Pornpei Harbor", Pornpei Harbor,Container,Exports,415.5,,,,
2023,6,"Micronesia, Pornpei Harbor", Pornpei Harbor,General Cargo,Exports,771.9,,,,
2023,6,"Micronesia, Pornpei Harbor", Pornpei Harbor,General Cargo,Imports,2986.9,,,,
2023,6,"Micronesia, Pornpei Harbor", Pornpei Harbor,Tanker,Exports,1895.9,,,,
2023,6,"Micronesia, Pornpei Harbor", Pornpei Harbor,Tanker,Imports,2724.2,,,,
2023,6,"Nauru, Nauru", Nauru,Bulk Carrier,Exports,29246.2,,,,
2023,6,"Nauru, Nauru", Nauru,Container,Imports,880.2,,,,
2023,6,"Nauru, Nauru", Nauru,Tanker,Imports,1707.1,,,,
2023,6,"Palau, Malakal Harbor", Malakal Harbor,Container,Imports,1937.1,,,,
2023,6,"Palau, Malakal Harbor", Malakal Harbor,General Cargo,Imports,1039.8,,,,
2023,6,"Palau, Malakal Harbor", Malakal Harbor,Tanker,Imports,2921.1,,,,
2023,6,"Papua New Guinea, Alotoa", Alotoa,Container,Exports,731.5,,,,
2023,6,"Papua New Guinea, Alotoa", Alotoa,Container,Imports,1399.1,,,,
2023,6,"Papua New Guinea, Alotoa", Alotoa,General Cargo,Exports,205.2,,,,
2023,6,"Papua New Guinea, Alotoa", Alotoa,Tanker,Imports,954.4,,,,
2023,6,"Papua New Guinea, Buka", Buka,Container,Exports,161.7,,,,
2023,6,"Papua New Guinea, Buka", Buka,General Cargo,Exports,220,,,,
2023,6,"Papua New Guinea, Daru", Daru,General Cargo,Exports,115.9,,,,
2023,6,"Papua New Guinea, Daru", Daru,General Cargo,Imports,164.5,,,,
2023,6,"Papua New Guinea, Kavieng Harbor", Kavieng Harbor,Bulk Carrier,Exports,19986.7,,,,
2023,6,"Papua New Guinea, Kavieng Harbor", Kavieng Harbor,Container,Imports,2375,,,,
2023,6,"Papua New Guinea, Kavieng Harbor", Kavieng Harbor,General Cargo,Exports,3808.9,,,,
2023,6,"Papua New Guinea, Kavieng Harbor", Kavieng Harbor,Tanker,Exports,60,,,,
2023,6,"Papua New Guinea, Kieta", Kieta,Container,Exports,161.7,,,,
2023,6,"Papua New Guinea, Kimbe", Kimbe,Bulk Carrier,Exports,41041.7,,,,
2023,6,"Papua New Guinea, Kimbe", Kimbe,Container,Exports,213.9,,,,
2023,6,"Papua New Guinea, Kimbe", Kimbe,Container,Imports,3829.8,,,,
2023,6,"Papua New Guinea, Kimbe", Kimbe,General Cargo,Exports,473,,,,
2023,6,"Papua New Guinea, Kimbe", Kimbe,General Cargo,Imports,326.6,,,,
2023,6,"Papua New Guinea, Kimbe", Kimbe,Tanker,Exports,1373,,,,
2023,6,"Papua New Guinea, Kimbe", Kimbe,Tanker,Imports,641.7,,,,
2023,6,"Papua New Guinea, Lae", Lae,Bulk Carrier,Imports,5104.4,,,,
2023,6,"Papua New Guinea, Lae", Lae,Container,Exports,10300.7,,,,
2023,6,"Papua New Guinea, Lae", Lae,Container,Imports,60532.8,,,,
2023,6,"Papua New Guinea, Lae", Lae,General Cargo,Exports,14342.8,,,,
2023,6,"Papua New Guinea, Lae", Lae,General Cargo,Imports,1056.9,,,,
2023,6,"Papua New Guinea, Lae", Lae,Tanker,Exports,1868,,,,
2023,6,"Papua New Guinea, Lae", Lae,Tanker,Imports,10145.5,,,,
2023,6,"Papua New Guinea, Madang", Madang,Bulk Carrier,Exports,4082.9,,,,
2023,6,"Papua New Guinea, Madang", Madang,Container,Exports,1049.3,,,,
2023,6,"Papua New Guinea, Madang", Madang,Container,Imports,899.2,,,,
2023,6,"Papua New Guinea, Madang", Madang,General Cargo,Exports,621.4,,,,
2023,6,"Papua New Guinea, Madang", Madang,General Cargo,Imports,1035.3,,,,
2023,6,"Papua New Guinea, Madang", Madang,Tanker,Exports,60,,,,
2023,6,"Papua New Guinea, Madang", Madang,Tanker,Imports,4646.6,,,,
2023,6,"Papua New Guinea, Oro Bay", Oro Bay,Bulk Carrier,Exports,17645.8,,,,
2023,6,"Papua New Guinea, Oro Bay", Oro Bay,Container,Exports,155,,,,
2023,6,"Papua New Guinea, Oro Bay", Oro Bay,Container,Imports,730.8,,,,
2023,6,"Papua New Guinea, Oro Bay", Oro Bay,General Cargo,Exports,205.2,,,,
2023,6,"Papua New Guinea, Oro Bay", Oro Bay,Tanker,Imports,639.1,,,,
2023,6,"Papua New Guinea, Port Moresby", Port Moresby,Bulk Carrier,Exports,16096.7,,,,
2023,6,"Papua New Guinea, Port Moresby", Port Moresby,Container,Exports,4382,,,,
2023,6,"Papua New Guinea, Port Moresby", Port Moresby,Container,Imports,22080.8,,,,
2023,6,"Papua New Guinea, Port Moresby", Port Moresby,General Cargo,Exports,2271.4,,,,
2023,6,"Papua New Guinea, Port Moresby", Port Moresby,General Cargo,Imports,7230.2,,,,
2023,6,"Papua New Guinea, Port Moresby", Port Moresby,Tanker,Exports,223612,,,,
2023,6,"Papua New Guinea, Port Moresby", Port Moresby,Tanker,Imports,72352.4,,,,
2023,6,"Papua New Guinea, Put Put", Put Put,General Cargo,Exports,174.5,,,,
2023,6,"Papua New Guinea, Put Put", Put Put,General Cargo,Imports,9420.1,,,,
2023,6,"Papua New Guinea, Put Put", Put Put,Tanker,Imports,5898.5,,,,
2023,6,"Papua New Guinea, Rabaul", Rabaul,Container,Exports,783.8,,,,
2023,6,"Papua New Guinea, Rabaul", Rabaul,Container,Imports,6491,,,,
2023,6,"Papua New Guinea, Rabaul", Rabaul,General Cargo,Exports,10121.2,,,,
2023,6,"Papua New Guinea, Rabaul", Rabaul,General Cargo,Imports,694.2,,,,
2023,6,"Papua New Guinea, Rabaul", Rabaul,Tanker,Exports,1758.2,,,,
2023,6,"Papua New Guinea, Rabaul", Rabaul,Tanker,Imports,4011.8,,,,
2023,6,"Papua New Guinea, Vanimo", Vanimo,General Cargo,Exports,247,,,,
2023,6,"Papua New Guinea, Vanimo", Vanimo,Tanker,Exports,2727.8,,,,
2023,6,"Papua New Guinea, Wewak Harbor", Wewak Harbor,Bulk Carrier,Exports,26873.7,,,,
2023,6,"Papua New Guinea, Wewak Harbor", Wewak Harbor,Bulk Carrier,Imports,3685.2,,,,
2023,6,"Papua New Guinea, Wewak Harbor", Wewak Harbor,General Cargo,Exports,1535.7,,,,
2023,6,"Papua New Guinea, Wewak Harbor", Wewak Harbor,General Cargo,Imports,3331,,,,
2023,6,"Papua New Guinea, Wewak Harbor", Wewak Harbor,Tanker,Exports,2766.7,,,,
2023,6,"Papua New Guinea, Wewak Harbor", Wewak Harbor,Tanker,Imports,548.2,,,,
2023,6,"Samoa, Apia", Apia,Container,Exports,2831.7,,,,
2023,6,"Samoa, Apia", Apia,Container,Imports,6201.3,,,,
2023,6,"Samoa, Apia", Apia,General Cargo,Exports,198.7,,,,
2023,6,"Samoa, Apia", Apia,General Cargo,Imports,4614.8,,,,
2023,6,"Samoa, Apia", Apia,Tanker,Imports,5109.9,,,,
2023,6,"Solomon Islands, Honiara", Honiara,Bulk Carrier,Exports,20340.7,,,,
2023,6,"Solomon Islands, Honiara", Honiara,Container,Imports,8897.8,,,,
2023,6,"Solomon Islands, Honiara", Honiara,General Cargo,Exports,1434,,,,
2023,6,"Solomon Islands, Honiara", Honiara,General Cargo,Imports,79,,,,
2023,6,"Solomon Islands, Honiara", Honiara,Tanker,Imports,9966.5,,,,
2023,6,"Solomon Islands, Ndora", Ndora,Bulk Carrier,Exports,15117.2,,,,
2023,6,"Solomon Islands, Ndora", Ndora,General Cargo,Exports,974.7,,,,
2023,6,"Solomon Islands, Port Noro", Port Noro,Bulk Carrier,Exports,30272.5,,,,
2023,6,"Solomon Islands, Port Noro", Port Noro,Container,Exports,2954.5,,,,
2023,6,"Solomon Islands, Port Noro", Port Noro,General Cargo,Exports,3166.9,,,,
2023,6,"Solomon Islands, Port Noro", Port Noro,General Cargo,Imports,1076.7,,,,
2023,6,"Solomon Islands, Port Noro", Port Noro,Tanker,Imports,1088.6,,,,
2023,6,"Solomon Islands, Ringgi Cove", Ringgi Cove,General Cargo,Exports,3636.6,,,,
2023,6,"Solomon Islands, Ringgi Cove", Ringgi Cove,General Cargo,Imports,538.3,,,,
2023,6,"Solomon Islands, Seghe", Seghe,Bulk Carrier,Exports,3948.9,,,,
2023,6,"Tonga, Neiafu", Neiafu,General Cargo,Exports,1114,,,,
2023,6,"Tonga, Neiafu", Neiafu,General Cargo,Imports,138.9,,,,
2023,6,"Tonga, Neiafu", Neiafu,Tanker,Exports,323.8,,,,
2023,6,"Tonga, Neiafu", Neiafu,Tanker,Imports,553.5,,,,
2023,6,"Tonga, Nuku Alofa", Nuku Alofa,Container,Exports,2532.1,,,,
2023,6,"Tonga, Nuku Alofa", Nuku Alofa,Container,Imports,1534.8,,,,
2023,6,"Tonga, Nuku Alofa", Nuku Alofa,General Cargo,Exports,1903.8,,,,
2023,6,"Tonga, Nuku Alofa", Nuku Alofa,General Cargo,Imports,3413.1,,,,
2023,6,"Tonga, Nuku Alofa", Nuku Alofa,Tanker,Exports,323.8,,,,
2023,6,"Tonga, Nuku Alofa", Nuku Alofa,Tanker,Imports,2105.9,,,,
2023,6,"Tonga, Pangai", Pangai,General Cargo,Exports,1856.7,,,,
2023,6,"Tuvalu, Funafuti Atoll", Funafuti Atoll,Container,Imports,403.9,,,,
2023,6,"Tuvalu, Funafuti Atoll", Funafuti Atoll,Tanker,Imports,412.2,,,,
2023,6,"Vanuatu, Luganville", Luganville,Container,Exports,1550.3,,,,
2023,6,"Vanuatu, Luganville", Luganville,Container,Imports,2404,,,,
2023,6,"Vanuatu, Luganville", Luganville,General Cargo,Imports,648.4,,,,
2023,6,"Vanuatu, Luganville", Luganville,Tanker,Imports,1460.1,,,,
2023,6,"Vanuatu, Port Vila", Port Vila,Container,Imports,8312,,,,
2023,6,"Vanuatu, Port Vila", Port Vila,General Cargo,Imports,486.9,,,,
2023,6,"Vanuatu, Port Vila", Port Vila,Tanker,Exports,109.2,,,,
2023,6,"Vanuatu, Port Vila", Port Vila,Tanker,Imports,2461.3,,,,
2023,7,"Fiji, Lautoka Harbor", Lautoka Harbor,Bulk Carrier,Imports,8596.2,,,,
2023,7,"Fiji, Lautoka Harbor", Lautoka Harbor,Container,Exports,19790.6,,,,
2023,7,"Fiji, Lautoka Harbor", Lautoka Harbor,Container,Imports,6050.1,,,,
2023,7,"Fiji, Lautoka Harbor", Lautoka Harbor,General Cargo,Exports,655.6,,,,
2023,7,"Fiji, Lautoka Harbor", Lautoka Harbor,General Cargo,Imports,1518.6,,,,
2023,7,"Fiji, Lautoka Harbor", Lautoka Harbor,Tanker,Exports,5103.6,,,,
2023,7,"Fiji, Lautoka Harbor", Lautoka Harbor,Tanker,Imports,27978.8,,,,
2023,7,"Fiji, Malai", Malai,Tanker,Exports,667.9,,,,
2023,7,"Fiji, Malai", Malai,Tanker,Imports,1303.7,,,,
2023,7,"Fiji, Suva Harbor", Suva Harbor,Bulk Carrier,Imports,13798.1,,,,
2023,7,"Fiji, Suva Harbor", Suva Harbor,Container,Exports,8655.1,,,,
2023,7,"Fiji, Suva Harbor", Suva Harbor,Container,Imports,10964.7,,,,
2023,7,"Fiji, Suva Harbor", Suva Harbor,General Cargo,Exports,600.9,,,,
2023,7,"Fiji, Suva Harbor", Suva Harbor,General Cargo,Imports,3290.4,,,,
2023,7,"Fiji, Suva Harbor", Suva Harbor,Tanker,Exports,3745.6,,,,
2023,7,"Fiji, Suva Harbor", Suva Harbor,Tanker,Imports,14163.1,,,,
2023,7,"Kiribati, Kiribati", Kiribati,General Cargo,Exports,12901.8,,,,
2023,7,"Kiribati, Kiribati", Kiribati,General Cargo,Imports,1110.6,,,,
2023,7,"Kiribati, Tarawa Atoll", Tarawa Atoll,Container,Imports,3230.8,,,,
2023,7,"Kiribati, Tarawa Atoll", Tarawa Atoll,General Cargo,Exports,141.5,,,,
2023,7,"Kiribati, Tarawa Atoll", Tarawa Atoll,General Cargo,Imports,425,,,,
2023,7,"Marshall Islands, Ebeye", Ebeye,General Cargo,Imports,1847.1,,,,
2023,7,"Marshall Islands, Kwajalein", Kwajalein,General Cargo,Exports,1405.4,,,,
2023,7,"Marshall Islands, Kwajalein", Kwajalein,General Cargo,Imports,236.1,,,,
2023,7,"Marshall Islands, Majuro Atoll", Majuro Atoll,Container,Exports,0.8,,,,
2023,7,"Marshall Islands, Majuro Atoll", Majuro Atoll,Container,Imports,1535.2,,,,
2023,7,"Marshall Islands, Majuro Atoll", Majuro Atoll,General Cargo,Exports,15404.1,,,,
2023,7,"Marshall Islands, Majuro Atoll", Majuro Atoll,General Cargo,Imports,2601.4,,,,
2023,7,"Marshall Islands, Majuro Atoll", Majuro Atoll,Tanker,Exports,1957,,,,
2023,7,"Marshall Islands, Majuro Atoll", Majuro Atoll,Tanker,Imports,829.4,,,,
2023,7,"Micronesia, Colonia", Colonia,Container,Exports,970.8,,,,
2023,7,"Micronesia, Colonia", Colonia,Container,Imports,5.6,,,,
2023,7,"Micronesia, Colonia", Colonia,General Cargo,Imports,253.3,,,,
2023,7,"Micronesia, Lele Harbor", Lele Harbor,Container,Exports,593,,,,
2023,7,"Micronesia, Lele Harbor", Lele Harbor,General Cargo,Exports,7570.5,,,,
2023,7,"Micronesia, Lele Harbor", Lele Harbor,General Cargo,Imports,1375.2,,,,
2023,7,"Micronesia, Lele Harbor", Lele Harbor,Tanker,Imports,1041.8,,,,
2023,7,"Micronesia, Moen", Moen,General Cargo,Imports,1523.3,,,,
2023,7,"Micronesia, Moen", Moen,Tanker,Imports,625.6,,,,
2023,7,"Micronesia, Pornpei Harbor", Pornpei Harbor,Container,Exports,595.2,,,,
2023,7,"Micronesia, Pornpei Harbor", Pornpei Harbor,General Cargo,Exports,1579.2,,,,
2023,7,"Micronesia, Pornpei Harbor", Pornpei Harbor,General Cargo,Imports,3089.1,,,,
2023,7,"Micronesia, Pornpei Harbor", Pornpei Harbor,Tanker,Imports,415.8,,,,
2023,7,"Nauru, Nauru", Nauru,Container,Imports,3619.3,,,,
2023,7,"Palau, Malakal Harbor", Malakal Harbor,Container,Imports,1698.5,,,,
2023,7,"Palau, Malakal Harbor", Malakal Harbor,General Cargo,Imports,1389.8,,,,
2023,7,"Papua New Guinea, Alotoa", Alotoa,Bulk Carrier,Exports,12345.1,,,,
2023,7,"Papua New Guinea, Alotoa", Alotoa,Container,Imports,1294.9,,,,
2023,7,"Papua New Guinea, Alotoa", Alotoa,General Cargo,Exports,453.4,,,,
2023,7,"Papua New Guinea, Alotoa", Alotoa,Tanker,Exports,4922.4,,,,
2023,7,"Papua New Guinea, Alotoa", Alotoa,Tanker,Imports,4656.1,,,,
2023,7,"Papua New Guinea, Buka", Buka,Container,Exports,324.4,,,,
2023,7,"Papua New Guinea, Buka", Buka,General Cargo,Exports,410.3,,,,
2023,7,"Papua New Guinea, Daru", Daru,General Cargo,Exports,77.2,,,,
2023,7,"Papua New Guinea, Daru", Daru,General Cargo,Imports,219,,,,
2023,7,"Papua New Guinea, Kavieng Harbor", Kavieng Harbor,Bulk Carrier,Exports,3194.8,,,,
2023,7,"Papua New Guinea, Kavieng Harbor", Kavieng Harbor,Container,Imports,1241.8,,,,
2023,7,"Papua New Guinea, Kavieng Harbor", Kavieng Harbor,General Cargo,Exports,289.3,,,,
2023,7,"Papua New Guinea, Kavieng Harbor", Kavieng Harbor,Tanker,Exports,340.2,,,,
2023,7,"Papua New Guinea, Kieta", Kieta,Container,Exports,1,,,,
2023,7,"Papua New Guinea, Kieta", Kieta,Container,Imports,3397.2,,,,
2023,7,"Papua New Guinea, Kimbe", Kimbe,Bulk Carrier,Exports,11656.4,,,,
2023,7,"Papua New Guinea, Kimbe", Kimbe,Container,Imports,1429.4,,,,
2023,7,"Papua New Guinea, Kimbe", Kimbe,General Cargo,Exports,6522.5,,,,
2023,7,"Papua New Guinea, Kimbe", Kimbe,General Cargo,Imports,395.3,,,,
2023,7,"Papua New Guinea, Kimbe", Kimbe,Tanker,Exports,22002.5,,,,
2023,7,"Papua New Guinea, Kimbe", Kimbe,Tanker,Imports,477.5,,,,
2023,7,"Papua New Guinea, Lae", Lae,Bulk Carrier,Exports,265.4,,,,
2023,7,"Papua New Guinea, Lae", Lae,Bulk Carrier,Imports,4658.2,,,,
2023,7,"Papua New Guinea, Lae", Lae,Container,Exports,16560.8,,,,
2023,7,"Papua New Guinea, Lae", Lae,Container,Imports,42292.4,,,,
2023,7,"Papua New Guinea, Lae", Lae,General Cargo,Exports,14910.1,,,,
2023,7,"Papua New Guinea, Lae", Lae,General Cargo,Imports,11445.6,,,,
2023,7,"Papua New Guinea, Lae", Lae,Tanker,Exports,2274.6,,,,
2023,7,"Papua New Guinea, Lae", Lae,Tanker,Imports,17689.1,,,,
2023,7,"Papua New Guinea, Madang", Madang,Container,Exports,915.8,,,,
2023,7,"Papua New Guinea, Madang", Madang,Container,Imports,3135.7,,,,
2023,7,"Papua New Guinea, Madang", Madang,General Cargo,Exports,318.7,,,,
2023,7,"Papua New Guinea, Madang", Madang,General Cargo,Imports,986.4,,,,
2023,7,"Papua New Guinea, Madang", Madang,Tanker,Exports,477.5,,,,
2023,7,"Papua New Guinea, Madang", Madang,Tanker,Imports,12874.5,,,,
2023,7,"Papua New Guinea, Oro Bay", Oro Bay,Bulk Carrier,Exports,24541.1,,,,
2023,7,"Papua New Guinea, Oro Bay", Oro Bay,Container,Imports,537.7,,,,
2023,7,"Papua New Guinea, Oro Bay", Oro Bay,General Cargo,Imports,890.5,,,,
2023,7,"Papua New Guinea, Oro Bay", Oro Bay,Tanker,Exports,997.3,,,,
2023,7,"Papua New Guinea, Port Moresby", Port Moresby,Bulk Carrier,Exports,20074.2,,,,
2023,7,"Papua New Guinea, Port Moresby", Port Moresby,Bulk Carrier,Imports,5349.1,,,,
2023,7,"Papua New Guinea, Port Moresby", Port Moresby,Container,Exports,2264.5,,,,
2023,7,"Papua New Guinea, Port Moresby", Port Moresby,Container,Imports,22457.4,,,,
2023,7,"Papua New Guinea, Port Moresby", Port Moresby,General Cargo,Exports,1430.3,,,,
2023,7,"Papua New Guinea, Port Moresby", Port Moresby,General Cargo,Imports,10450.4,,,,
2023,7,"Papua New Guinea, Port Moresby", Port Moresby,Tanker,Exports,167865.3,,,,
2023,7,"Papua New Guinea, Port Moresby", Port Moresby,Tanker,Imports,19068.7,,,,
2023,7,"Papua New Guinea, Put Put", Put Put,General Cargo,Exports,1009.4,,,,
2023,7,"Papua New Guinea, Put Put", Put Put,General Cargo,Imports,4170.5,,,,
2023,7,"Papua New Guinea, Put Put", Put Put,Tanker,Exports,371.4,,,,
2023,7,"Papua New Guinea, Put Put", Put Put,Tanker,Imports,5026,,,,
2023,7,"Papua New Guinea, Rabaul", Rabaul,Container,Exports,4708.8,,,,
2023,7,"Papua New Guinea, Rabaul", Rabaul,Container,Imports,5207.5,,,,
2023,7,"Papua New Guinea, Rabaul", Rabaul,General Cargo,Exports,6349.5,,,,
2023,7,"Papua New Guinea, Rabaul", Rabaul,General Cargo,Imports,1559.3,,,,
2023,7,"Papua New Guinea, Rabaul", Rabaul,Tanker,Exports,303.4,,,,
2023,7,"Papua New Guinea, Rabaul", Rabaul,Tanker,Imports,6682.2,,,,
2023,7,"Papua New Guinea, Vanimo", Vanimo,Bulk Carrier,Exports,4557.3,,,,
2023,7,"Papua New Guinea, Vanimo", Vanimo,Bulk Carrier,Imports,360.7,,,,
2023,7,"Papua New Guinea, Vanimo", Vanimo,General Cargo,Exports,720,,,,
2023,7,"Papua New Guinea, Vanimo", Vanimo,General Cargo,Imports,274.2,,,,
2023,7,"Papua New Guinea, Wewak Harbor", Wewak Harbor,Bulk Carrier,Exports,8966.3,,,,
2023,7,"Papua New Guinea, Wewak Harbor", Wewak Harbor,General Cargo,Exports,843.9,,,,
2023,7,"Papua New Guinea, Wewak Harbor", Wewak Harbor,General Cargo,Imports,2807.4,,,,
2023,7,"Papua New Guinea, Wewak Harbor", Wewak Harbor,Tanker,Exports,3044.4,,,,
2023,7,"Samoa, Apia", Apia,Container,Exports,2145.8,,,,
2023,7,"Samoa, Apia", Apia,Container,Imports,12872.9,,,,
2023,7,"Samoa, Apia", Apia,General Cargo,Exports,282.5,,,,
2023,7,"Samoa, Apia", Apia,General Cargo,Imports,5577.2,,,,
2023,7,"Samoa, Apia", Apia,Tanker,Imports,3846.4,,,,
2023,7,"Solomon Islands, Honiara", Honiara,Bulk Carrier,Exports,58788.3,,,,
2023,7,"Solomon Islands, Honiara", Honiara,Container,Imports,16847.9,,,,
2023,7,"Solomon Islands, Honiara", Honiara,General Cargo,Exports,827.3,,,,
2023,7,"Solomon Islands, Honiara", Honiara,General Cargo,Imports,1188.6,,,,
2023,7,"Solomon Islands, Honiara", Honiara,Tanker,Exports,1467.3,,,,
2023,7,"Solomon Islands, Honiara", Honiara,Tanker,Imports,2250.2,,,,
2023,7,"Solomon Islands, Port Noro", Port Noro,Bulk Carrier,Exports,28685.5,,,,
2023,7,"Solomon Islands, Port Noro", Port Noro,Container,Exports,920.1,,,,
2023,7,"Solomon Islands, Port Noro", Port Noro,Container,Imports,874.8,,,,
2023,7,"Solomon Islands, Port Noro", Port Noro,General Cargo,Exports,6923.2,,,,
2023,7,"Solomon Islands, Port Noro", Port Noro,Tanker,Exports,297.5,,,,
2023,7,"Tonga, Neiafu", Neiafu,General Cargo,Exports,1955.3,,,,
2023,7,"Tonga, Neiafu", Neiafu,Tanker,Exports,278,,,,
2023,7,"Tonga, Neiafu", Neiafu,Tanker,Imports,558.6,,,,
2023,7,"Tonga, Nuku Alofa", Nuku Alofa,Container,Exports,1756.4,,,,
2023,7,"Tonga, Nuku Alofa", Nuku Alofa,Container,Imports,3049,,,,
2023,7,"Tonga, Nuku Alofa", Nuku Alofa,General Cargo,Exports,4625.8,,,,
2023,7,"Tonga, Nuku Alofa", Nuku Alofa,General Cargo,Imports,6058.5,,,,
2023,7,"Tonga, Nuku Alofa", Nuku Alofa,Tanker,Exports,278,,,,
2023,7,"Tonga, Nuku Alofa", Nuku Alofa,Tanker,Imports,1819.3,,,,
2023,7,"Tonga, Pangai", Pangai,General Cargo,Exports,1114,,,,
2023,7,"Tuvalu, Funafuti Atoll", Funafuti Atoll,Container,Imports,1163.6,,,,
2023,7,"Tuvalu, Funafuti Atoll", Funafuti Atoll,Tanker,Imports,137.7,,,,
2023,7,"Vanuatu, Luganville", Luganville,Container,Exports,470.7,,,,
2023,7,"Vanuatu, Luganville", Luganville,Container,Imports,499.8,,,,
2023,7,"Vanuatu, Luganville", Luganville,General Cargo,Imports,3100.4,,,,
2023,7,"Vanuatu, Port Vila", Port Vila,Container,Exports,541,,,,
2023,7,"Vanuatu, Port Vila", Port Vila,Container,Imports,5302.2,,,,
2023,7,"Vanuatu, Port Vila", Port Vila,General Cargo,Exports,323.7,,,,
2023,7,"Vanuatu, Port Vila", Port Vila,General Cargo,Imports,650,,,,
2023,7,"Vanuatu, Port Vila", Port Vila,Tanker,Exports,2070.6,,,,
2023,7,"Vanuatu, Port Vila", Port Vila,Tanker,Imports,112.9,,,,
2023,8,"Fiji, Lautoka Harbor", Lautoka Harbor,Bulk Carrier,Exports,18177.8,,,,
2023,8,"Fiji, Lautoka Harbor", Lautoka Harbor,Bulk Carrier,Imports,1311,,,,
2023,8,"Fiji, Lautoka Harbor", Lautoka Harbor,Container,Exports,16869.5,,,,
2023,8,"Fiji, Lautoka Harbor", Lautoka Harbor,Container,Imports,7208.6,,,,
2023,8,"Fiji, Lautoka Harbor", Lautoka Harbor,General Cargo,Exports,170.9,,,,
2023,8,"Fiji, Lautoka Harbor", Lautoka Harbor,General Cargo,Imports,7987.9,,,,
2023,8,"Fiji, Lautoka Harbor", Lautoka Harbor,Tanker,Exports,2951.6,,,,
2023,8,"Fiji, Lautoka Harbor", Lautoka Harbor,Tanker,Imports,36765.3,,,,
2023,8,"Fiji, Malai", Malai,Bulk Carrier,Exports,8109.3,,,,
2023,8,"Fiji, Malai", Malai,Tanker,Exports,112.5,,,,
2023,8,"Fiji, Malai", Malai,Tanker,Imports,1398,,,,
2023,8,"Fiji, Nabouwalu Jetty", Nabouwalu Jetty,Bulk Carrier,Exports,24321.6,,,,
2023,8,"Fiji, Suva Harbor", Suva Harbor,Bulk Carrier,Imports,23954.3,,,,
2023,8,"Fiji, Suva Harbor", Suva Harbor,Container,Exports,13579.6,,,,
2023,8,"Fiji, Suva Harbor", Suva Harbor,Container,Imports,17663.8,,,,
2023,8,"Fiji, Suva Harbor", Suva Harbor,General Cargo,Imports,5753.4,,,,
2023,8,"Fiji, Suva Harbor", Suva Harbor,Tanker,Exports,897.4,,,,
2023,8,"Fiji, Suva Harbor", Suva Harbor,Tanker,Imports,15228.4,,,,
2023,8,"Kiribati, Kiribati", Kiribati,General Cargo,Exports,16752.3,,,,
2023,8,"Kiribati, Kiribati", Kiribati,General Cargo,Imports,287.5,,,,
2023,8,"Kiribati, Kiribati", Kiribati,Tanker,Exports,53.4,,,,
2023,8,"Kiribati, Kiribati", Kiribati,Tanker,Imports,5332.9,,,,
2023,8,"Kiribati, Tarawa Atoll", Tarawa Atoll,Container,Imports,2327.3,,,,
2023,8,"Kiribati, Tarawa Atoll", Tarawa Atoll,General Cargo,Exports,141.5,,,,
2023,8,"Kiribati, Tarawa Atoll", Tarawa Atoll,Tanker,Exports,5636.4,,,,
2023,8,"Marshall Islands, Ebeye", Ebeye,General Cargo,Imports,1421.5,,,,
2023,8,"Marshall Islands, Kwajalein", Kwajalein,General Cargo,Exports,743.2,,,,
2023,8,"Marshall Islands, Kwajalein", Kwajalein,Tanker,Imports,486.9,,,,
2023,8,"Marshall Islands, Majuro Atoll", Majuro Atoll,Container,Exports,1073,,,,
2023,8,"Marshall Islands, Majuro Atoll", Majuro Atoll,Container,Imports,3109.8,,,,
2023,8,"Marshall Islands, Majuro Atoll", Majuro Atoll,General Cargo,Exports,25442.5,,,,
2023,8,"Marshall Islands, Majuro Atoll", Majuro Atoll,General Cargo,Imports,3891.6,,,,
2023,8,"Marshall Islands, Majuro Atoll", Majuro Atoll,Tanker,Imports,3746.3,,,,
2023,8,"Micronesia, Colonia", Colonia,Container,Imports,735.6,,,,
2023,8,"Micronesia, Colonia", Colonia,Tanker,Imports,417.8,,,,
2023,8,"Micronesia, Lele Harbor", Lele Harbor,Container,Exports,2094.5,,,,
2023,8,"Micronesia, Lele Harbor", Lele Harbor,Container,Imports,297.9,,,,
2023,8,"Micronesia, Lele Harbor", Lele Harbor,General Cargo,Imports,1277.8,,,,
2023,8,"Micronesia, Moen", Moen,General Cargo,Exports,5246.5,,,,
2023,8,"Micronesia, Moen", Moen,General Cargo,Imports,607.3,,,,
2023,8,"Micronesia, Moen", Moen,Tanker,Imports,1248.2,,,,
2023,8,"Micronesia, Pornpei Harbor", Pornpei Harbor,Container,Imports,896.5,,,,
2023,8,"Micronesia, Pornpei Harbor", Pornpei Harbor,General Cargo,Exports,2227.8,,,,
2023,8,"Micronesia, Pornpei Harbor", Pornpei Harbor,General Cargo,Imports,1988.8,,,,
2023,8,"Micronesia, Pornpei Harbor", Pornpei Harbor,Tanker,Imports,882.8,,,,
2023,8,"Nauru, Nauru", Nauru,Container,Imports,2224.4,,,,
2023,8,"Nauru, Nauru", Nauru,General Cargo,Exports,10095.8,,,,
2023,8,"Palau, Malakal Harbor", Malakal Harbor,Container,Exports,965.6,,,,
2023,8,"Palau, Malakal Harbor", Malakal Harbor,Container,Imports,2788.3,,,,
2023,8,"Palau, Malakal Harbor", Malakal Harbor,General Cargo,Imports,1098.1,,,,
2023,8,"Palau, Malakal Harbor", Malakal Harbor,Tanker,Imports,1047.9,,,,
2023,8,"Papua New Guinea, Alotoa", Alotoa,Bulk Carrier,Exports,2471.6,,,,
2023,8,"Papua New Guinea, Alotoa", Alotoa,Container,Exports,1,,,,
2023,8,"Papua New Guinea, Alotoa", Alotoa,General Cargo,Exports,2728.6,,,,
2023,8,"Papua New Guinea, Alotoa", Alotoa,Tanker,Imports,1646.8,,,,
2023,8,"Papua New Guinea, Buka", Buka,Container,Exports,161.7,,,,
2023,8,"Papua New Guinea, Buka", Buka,General Cargo,Exports,846.1,,,,
2023,8,"Papua New Guinea, Daru", Daru,Bulk Carrier,Exports,26830.8,,,,
2023,8,"Papua New Guinea, Daru", Daru,General Cargo,Exports,77.2,,,,
2023,8,"Papua New Guinea, Daru", Daru,General Cargo,Imports,164.5,,,,
2023,8,"Papua New Guinea, Kavieng Harbor", Kavieng Harbor,Bulk Carrier,Exports,33835.9,,,,
2023,8,"Papua New Guinea, Kavieng Harbor", Kavieng Harbor,Container,Exports,161.7,,,,
2023,8,"Papua New Guinea, Kavieng Harbor", Kavieng Harbor,Container,Imports,1227.5,,,,
2023,8,"Papua New Guinea, Kavieng Harbor", Kavieng Harbor,Tanker,Imports,317.8,,,,
2023,8,"Papua New Guinea, Kieta", Kieta,Container,Imports,3016.1,,,,
2023,8,"Papua New Guinea, Kimbe", Kimbe,Bulk Carrier,Exports,27086.4,,,,
2023,8,"Papua New Guinea, Kimbe", Kimbe,Container,Exports,675.1,,,,
2023,8,"Papua New Guinea, Kimbe", Kimbe,Container,Imports,1200.3,,,,
2023,8,"Papua New Guinea, Kimbe", Kimbe,General Cargo,Exports,3934,,,,
2023,8,"Papua New Guinea, Kimbe", Kimbe,General Cargo,Imports,1083.2,,,,
2023,8,"Papua New Guinea, Kimbe", Kimbe,Tanker,Exports,11224.6,,,,
2023,8,"Papua New Guinea, Kimbe", Kimbe,Tanker,Imports,1041.7,,,,
2023,8,"Papua New Guinea, Lae", Lae,Container,Exports,20200.9,,,,
2023,8,"Papua New Guinea, Lae", Lae,Container,Imports,41370.6,,,,
2023,8,"Papua New Guinea, Lae", Lae,General Cargo,Exports,12989,,,,
2023,8,"Papua New Guinea, Lae", Lae,General Cargo,Imports,3470.4,,,,
2023,8,"Papua New Guinea, Lae", Lae,Tanker,Exports,9481.4,,,,
2023,8,"Papua New Guinea, Lae", Lae,Tanker,Imports,20507.6,,,,
2023,8,"Papua New Guinea, Madang", Madang,Bulk Carrier,Exports,11750.9,,,,
2023,8,"Papua New Guinea, Madang", Madang,Container,Imports,3813.6,,,,
2023,8,"Papua New Guinea, Madang", Madang,General Cargo,Exports,1968.8,,,,
2023,8,"Papua New Guinea, Madang", Madang,General Cargo,Imports,981.9,,,,
2023,8,"Papua New Guinea, Madang", Madang,Tanker,Exports,481.9,,,,
2023,8,"Papua New Guinea, Madang", Madang,Tanker,Imports,3670.8,,,,
2023,8,"Papua New Guinea, Oro Bay", Oro Bay,Bulk Carrier,Exports,14854.4,,,,
2023,8,"Papua New Guinea, Oro Bay", Oro Bay,Container,Exports,716.7,,,,
2023,8,"Papua New Guinea, Oro Bay", Oro Bay,General Cargo,Exports,198.1,,,,
2023,8,"Papua New Guinea, Oro Bay", Oro Bay,Tanker,Imports,1615.8,,,,
2023,8,"Papua New Guinea, Port Moresby", Port Moresby,Bulk Carrier,Exports,14624.7,,,,
2023,8,"Papua New Guinea, Port Moresby", Port Moresby,Bulk Carrier,Imports,1464.4,,,,
2023,8,"Papua New Guinea, Port Moresby", Port Moresby,Container,Exports,5728,,,,
2023,8,"Papua New Guinea, Port Moresby", Port Moresby,Container,Imports,28966.8,,,,
2023,8,"Papua New Guinea, Port Moresby", Port Moresby,General Cargo,Exports,8931.6,,,,
2023,8,"Papua New Guinea, Port Moresby", Port Moresby,General Cargo,Imports,7020.5,,,,
2023,8,"Papua New Guinea, Port Moresby", Port Moresby,Tanker,Exports,174605,,,,
2023,8,"Papua New Guinea, Port Moresby", Port Moresby,Tanker,Imports,41671.4,,,,
2023,8,"Papua New Guinea, Put Put", Put Put,General Cargo,Exports,36.6,,,,
2023,8,"Papua New Guinea, Put Put", Put Put,General Cargo,Imports,7852.3,,,,
2023,8,"Papua New Guinea, Put Put", Put Put,Tanker,Exports,508.1,,,,
2023,8,"Papua New Guinea, Put Put", Put Put,Tanker,Imports,6264,,,,
2023,8,"Papua New Guinea, Rabaul", Rabaul,Container,Exports,324.4,,,,
2023,8,"Papua New Guinea, Rabaul", Rabaul,Container,Imports,3962.8,,,,
2023,8,"Papua New Guinea, Rabaul", Rabaul,General Cargo,Exports,4753.6,,,,
2023,8,"Papua New Guinea, Rabaul", Rabaul,General Cargo,Imports,660.4,,,,
2023,8,"Papua New Guinea, Rabaul", Rabaul,Tanker,Exports,317.8,,,,
2023,8,"Papua New Guinea, Rabaul", Rabaul,Tanker,Imports,7737.3,,,,
2023,8,"Papua New Guinea, Vanimo", Vanimo,Bulk Carrier,Exports,26872.3,,,,
2023,8,"Papua New Guinea, Vanimo", Vanimo,General Cargo,Exports,2501.5,,,,
2023,8,"Papua New Guinea, Vanimo", Vanimo,General Cargo,Imports,1630.7,,,,
2023,8,"Papua New Guinea, Wewak Harbor", Wewak Harbor,Bulk Carrier,Exports,11743.5,,,,
2023,8,"Papua New Guinea, Wewak Harbor", Wewak Harbor,General Cargo,Exports,2453.1,,,,
2023,8,"Papua New Guinea, Wewak Harbor", Wewak Harbor,General Cargo,Imports,584.7,,,,
2023,8,"Papua New Guinea, Wewak Harbor", Wewak Harbor,Tanker,Exports,2135.4,,,,
2023,8,"Papua New Guinea, Wewak Harbor", Wewak Harbor,Tanker,Imports,546.8,,,,
2023,8,"Samoa, Apia", Apia,Container,Exports,1490.7,,,,
2023,8,"Samoa, Apia", Apia,Container,Imports,10787.1,,,,
2023,8,"Samoa, Apia", Apia,General Cargo,Exports,1453.4,,,,
2023,8,"Samoa, Apia", Apia,General Cargo,Imports,2351.2,,,,
2023,8,"Samoa, Apia", Apia,Tanker,Imports,6264.3,,,,
2023,8,"Solomon Islands, Honiara", Honiara,Bulk Carrier,Exports,22800.7,,,,
2023,8,"Solomon Islands, Honiara", Honiara,Container,Exports,2924.8,,,,
2023,8,"Solomon Islands, Honiara", Honiara,Container,Imports,13724.1,,,,
2023,8,"Solomon Islands, Honiara", Honiara,General Cargo,Exports,1454.9,,,,
2023,8,"Solomon Islands, Honiara", Honiara,Tanker,Imports,11194.3,,,,
2023,8,"Solomon Islands, Ndora", Ndora,Bulk Carrier,Exports,17490.8,,,,
2023,8,"Solomon Islands, Port Noro", Port Noro,Bulk Carrier,Exports,40104.9,,,,
2023,8,"Solomon Islands, Port Noro", Port Noro,Container,Imports,1217.3,,,,
2023,8,"Solomon Islands, Port Noro", Port Noro,General Cargo,Exports,18577.2,,,,
2023,8,"Solomon Islands, Port Noro", Port Noro,General Cargo,Imports,1704.6,,,,
2023,8,"Solomon Islands, Ringgi Cove", Ringgi Cove,Bulk Carrier,Exports,5423.5,,,,
2023,8,"Tonga, Neiafu", Neiafu,General Cargo,Exports,1098.6,,,,
2023,8,"Tonga, Neiafu", Neiafu,Tanker,Imports,2372.7,,,,
2023,8,"Tonga, Nuku Alofa", Nuku Alofa,Container,Exports,4293.3,,,,
2023,8,"Tonga, Nuku Alofa", Nuku Alofa,Container,Imports,3386.5,,,,
2023,8,"Tonga, Nuku Alofa", Nuku Alofa,General Cargo,Exports,1451.6,,,,
2023,8,"Tonga, Nuku Alofa", Nuku Alofa,General Cargo,Imports,5206.6,,,,
2023,8,"Tonga, Nuku Alofa", Nuku Alofa,Tanker,Exports,225.2,,,,
2023,8,"Tonga, Nuku Alofa", Nuku Alofa,Tanker,Imports,1685.6,,,,
2023,8,"Tonga, Pangai", Pangai,General Cargo,Exports,1466.1,,,,
2023,8,"Tuvalu, Funafuti Atoll", Funafuti Atoll,Container,Exports,1390.2,,,,
2023,8,"Vanuatu, Luganville", Luganville,Container,Exports,781.2,,,,
2023,8,"Vanuatu, Luganville", Luganville,Container,Imports,1909.9,,,,
2023,8,"Vanuatu, Luganville", Luganville,General Cargo,Exports,453,,,,
2023,8,"Vanuatu, Luganville", Luganville,Tanker,Imports,1227.2,,,,
2023,8,"Vanuatu, Port Vila", Port Vila,Container,Exports,385.2,,,,
2023,8,"Vanuatu, Port Vila", Port Vila,Container,Imports,5805.7,,,,
2023,8,"Vanuatu, Port Vila", Port Vila,General Cargo,Imports,1952.3,,,,
2023,8,"Vanuatu, Port Vila", Port Vila,Tanker,Exports,1179.3,,,,
2023,8,"Vanuatu, Port Vila", Port Vila,Tanker,Imports,1783.5,,,,
2023,9,"Fiji, Lautoka Harbor", Lautoka Harbor,Container,Exports,9586.9,,,,
2023,9,"Fiji, Lautoka Harbor", Lautoka Harbor,Container,Imports,10344.2,,,,
2023,9,"Fiji, Lautoka Harbor", Lautoka Harbor,General Cargo,Imports,1550.6,,,,
2023,9,"Fiji, Lautoka Harbor", Lautoka Harbor,Tanker,Exports,3033.4,,,,
2023,9,"Fiji, Lautoka Harbor", Lautoka Harbor,Tanker,Imports,40571.5,,,,
2023,9,"Fiji, Malai", Malai,Bulk Carrier,Exports,7196.6,,,,
2023,9,"Fiji, Malai", Malai,Tanker,Exports,111.7,,,,
2023,9,"Fiji, Malai", Malai,Tanker,Imports,1875.2,,,,
2023,9,"Fiji, Suva Harbor", Suva Harbor,Container,Exports,20280.3,,,,
2023,9,"Fiji, Suva Harbor", Suva Harbor,Container,Imports,17239.2,,,,
2023,9,"Fiji, Suva Harbor", Suva Harbor,General Cargo,Exports,775.4,,,,
2023,9,"Fiji, Suva Harbor", Suva Harbor,General Cargo,Imports,1961.5,,,,
2023,9,"Fiji, Suva Harbor", Suva Harbor,Tanker,Exports,1249.7,,,,
2023,9,"Fiji, Suva Harbor", Suva Harbor,Tanker,Imports,10736.3,,,,
2023,9,"Kiribati, Kiribati", Kiribati,General Cargo,Exports,23897,,,,
2023,9,"Kiribati, Kiribati", Kiribati,General Cargo,Imports,692.6,,,,
2023,9,"Kiribati, Kiribati", Kiribati,Tanker,Exports,1125.9,,,,
2023,9,"Kiribati, Tarawa Atoll", Tarawa Atoll,Container,Imports,2320.3,,,,
2023,9,"Kiribati, Tarawa Atoll", Tarawa Atoll,Tanker,Exports,851.8,,,,
2023,9,"Marshall Islands, Ebeye", Ebeye,General Cargo,Imports,1901.8,,,,
2023,9,"Marshall Islands, Kwajalein", Kwajalein,General Cargo,Imports,1172.5,,,,
2023,9,"Marshall Islands, Majuro Atoll", Majuro Atoll,Container,Exports,601.8,,,,
2023,9,"Marshall Islands, Majuro Atoll", Majuro Atoll,Container,Imports,1686.4,,,,
2023,9,"Marshall Islands, Majuro Atoll", Majuro Atoll,General Cargo,Exports,11651.9,,,,
2023,9,"Marshall Islands, Majuro Atoll", Majuro Atoll,General Cargo,Imports,1264.5,,,,
2023,9,"Marshall Islands, Majuro Atoll", Majuro Atoll,Tanker,Imports,4692.1,,,,
2023,9,"Micronesia, Colonia", Colonia,Container,Imports,5.6,,,,
2023,9,"Micronesia, Colonia", Colonia,General Cargo,Exports,1654.4,,,,
2023,9,"Micronesia, Lele Harbor", Lele Harbor,Container,Exports,1012.9,,,,
2023,9,"Micronesia, Lele Harbor", Lele Harbor,General Cargo,Exports,26.3,,,,
2023,9,"Micronesia, Lele Harbor", Lele Harbor,General Cargo,Imports,1030.2,,,,
2023,9,"Micronesia, Moen", Moen,General Cargo,Imports,4467.6,,,,
2023,9,"Micronesia, Moen", Moen,Tanker,Imports,833.9,,,,
2023,9,"Micronesia, Pornpei Harbor", Pornpei Harbor,Container,Exports,769.1,,,,
2023,9,"Micronesia, Pornpei Harbor", Pornpei Harbor,General Cargo,Imports,3110.1,,,,
2023,9,"Micronesia, Pornpei Harbor", Pornpei Harbor,Tanker,Imports,627.6,,,,
2023,9,"Nauru, Nauru", Nauru,Bulk Carrier,Exports,12987.1,,,,
2023,9,"Nauru, Nauru", Nauru,Container,Imports,121.9,,,,
2023,9,"Nauru, Nauru", Nauru,Tanker,Exports,196.8,,,,
2023,9,"Palau, Malakal Harbor", Malakal Harbor,Container,Exports,242.7,,,,
2023,9,"Palau, Malakal Harbor", Malakal Harbor,Container,Imports,2714.6,,,,
2023,9,"Palau, Malakal Harbor", Malakal Harbor,General Cargo,Exports,875.4,,,,
2023,9,"Palau, Malakal Harbor", Malakal Harbor,General Cargo,Imports,264.7,,,,
2023,9,"Palau, Malakal Harbor", Malakal Harbor,Tanker,Imports,2719.1,,,,
2023,9,"Papua New Guinea, Alotoa", Alotoa,Bulk Carrier,Exports,7992.2,,,,
2023,9,"Papua New Guinea, Alotoa", Alotoa,Container,Exports,383.5,,,,
2023,9,"Papua New Guinea, Alotoa", Alotoa,Container,Imports,1320.5,,,,
2023,9,"Papua New Guinea, Alotoa", Alotoa,General Cargo,Exports,1474.3,,,,
2023,9,"Papua New Guinea, Alotoa", Alotoa,Tanker,Exports,9725.2,,,,
2023,9,"Papua New Guinea, Alotoa", Alotoa,Tanker,Imports,641,,,,
2023,9,"Papua New Guinea, Buka", Buka,Container,Exports,161.7,,,,
2023,9,"Papua New Guinea, Buka", Buka,Container,Imports,889,,,,
2023,9,"Papua New Guinea, Buka", Buka,General Cargo,Imports,658.2,,,,
2023,9,"Papua New Guinea, Daru", Daru,General Cargo,Exports,174.8,,,,
2023,9,"Papua New Guinea, Kavieng Harbor", Kavieng Harbor,Bulk Carrier,Exports,17134.2,,,,
2023,9,"Papua New Guinea, Kavieng Harbor", Kavieng Harbor,Container,Imports,2085.9,,,,
2023,9,"Papua New Guinea, Kavieng Harbor", Kavieng Harbor,General Cargo,Exports,36.6,,,,
2023,9,"Papua New Guinea, Kavieng Harbor", Kavieng Harbor,Tanker,Exports,521.6,,,,
2023,9,"Papua New Guinea, Kavieng Harbor", Kavieng Harbor,Tanker,Imports,340.4,,,,
2023,9,"Papua New Guinea, Kieta", Kieta,Container,Exports,162.7,,,,
2023,9,"Papua New Guinea, Kimbe", Kimbe,Bulk Carrier,Exports,35120,,,,
2023,9,"Papua New Guinea, Kimbe", Kimbe,Container,Exports,575.6,,,,
2023,9,"Papua New Guinea, Kimbe", Kimbe,Container,Imports,1185.7,,,,
2023,9,"Papua New Guinea, Kimbe", Kimbe,General Cargo,Exports,14733.1,,,,
2023,9,"Papua New Guinea, Kimbe", Kimbe,General Cargo,Imports,755.5,,,,
2023,9,"Papua New Guinea, Kimbe", Kimbe,Tanker,Exports,16387.3,,,,
2023,9,"Papua New Guinea, Kimbe", Kimbe,Tanker,Imports,3016.5,,,,
2023,9,"Papua New Guinea, Lae", Lae,Bulk Carrier,Imports,6252.6,,,,
2023,9,"Papua New Guinea, Lae", Lae,Container,Exports,14035,,,,
2023,9,"Papua New Guinea, Lae", Lae,Container,Imports,41965.4,,,,
2023,9,"Papua New Guinea, Lae", Lae,General Cargo,Exports,18554,,,,
2023,9,"Papua New Guinea, Lae", Lae,General Cargo,Imports,6923.4,,,,
2023,9,"Papua New Guinea, Lae", Lae,Tanker,Exports,10907.8,,,,
2023,9,"Papua New Guinea, Lae", Lae,Tanker,Imports,12959.8,,,,
2023,9,"Papua New Guinea, Madang", Madang,Container,Imports,4983.9,,,,
2023,9,"Papua New Guinea, Madang", Madang,General Cargo,Exports,5568.3,,,,
2023,9,"Papua New Guinea, Madang", Madang,General Cargo,Imports,76.8,,,,
2023,9,"Papua New Guinea, Madang", Madang,Tanker,Exports,960.6,,,,
2023,9,"Papua New Guinea, Madang", Madang,Tanker,Imports,1919.7,,,,
2023,9,"Papua New Guinea, Oro Bay", Oro Bay,Bulk Carrier,Exports,12498.5,,,,
2023,9,"Papua New Guinea, Oro Bay", Oro Bay,Container,Imports,2612.5,,,,
2023,9,"Papua New Guinea, Oro Bay", Oro Bay,Tanker,Exports,3085.7,,,,
2023,9,"Papua New Guinea, Port Moresby", Port Moresby,Bulk Carrier,Exports,14046.4,,,,
2023,9,"Papua New Guinea, Port Moresby", Port Moresby,Bulk Carrier,Imports,2365.9,,,,
2023,9,"Papua New Guinea, Port Moresby", Port Moresby,Container,Exports,3254.2,,,,
2023,9,"Papua New Guinea, Port Moresby", Port Moresby,Container,Imports,20394.5,,,,
2023,9,"Papua New Guinea, Port Moresby", Port Moresby,General Cargo,Exports,26330.3,,,,
2023,9,"Papua New Guinea, Port Moresby", Port Moresby,General Cargo,Imports,6224.3,,,,
2023,9,"Papua New Guinea, Port Moresby", Port Moresby,Tanker,Exports,168844.1,,,,
2023,9,"Papua New Guinea, Port Moresby", Port Moresby,Tanker,Imports,8621.5,,,,
2023,9,"Papua New Guinea, Put Put", Put Put,General Cargo,Exports,597.9,,,,
2023,9,"Papua New Guinea, Put Put", Put Put,General Cargo,Imports,7088.3,,,,
2023,9,"Papua New Guinea, Put Put", Put Put,Tanker,Exports,264.9,,,,
2023,9,"Papua New Guinea, Rabaul", Rabaul,Container,Exports,1163.4,,,,
2023,9,"Papua New Guinea, Rabaul", Rabaul,Container,Imports,3261.1,,,,
2023,9,"Papua New Guinea, Rabaul", Rabaul,General Cargo,Exports,4602.2,,,,
2023,9,"Papua New Guinea, Rabaul", Rabaul,General Cargo,Imports,658.9,,,,
2023,9,"Papua New Guinea, Rabaul", Rabaul,Tanker,Exports,1092,,,,
2023,9,"Papua New Guinea, Rabaul", Rabaul,Tanker,Imports,5121.6,,,,
2023,9,"Papua New Guinea, Vanimo", Vanimo,Bulk Carrier,Imports,660.2,,,,
2023,9,"Papua New Guinea, Vanimo", Vanimo,General Cargo,Exports,324.3,,,,
2023,9,"Papua New Guinea, Vanimo", Vanimo,Tanker,Exports,4913.3,,,,
2023,9,"Papua New Guinea, Wewak Harbor", Wewak Harbor,Bulk Carrier,Exports,24121.8,,,,
2023,9,"Papua New Guinea, Wewak Harbor", Wewak Harbor,Bulk Carrier,Imports,196.5,,,,
2023,9,"Papua New Guinea, Wewak Harbor", Wewak Harbor,General Cargo,Exports,1107.3,,,,
2023,9,"Papua New Guinea, Wewak Harbor", Wewak Harbor,General Cargo,Imports,3801.8,,,,
2023,9,"Papua New Guinea, Wewak Harbor", Wewak Harbor,Tanker,Exports,2067.5,,,,
2023,9,"Papua New Guinea, Wewak Harbor", Wewak Harbor,Tanker,Imports,543.5,,,,
2023,9,"Samoa, Apia", Apia,Container,Exports,4351.1,,,,
2023,9,"Samoa, Apia", Apia,Container,Imports,18417.4,,,,
2023,9,"Samoa, Apia", Apia,General Cargo,Exports,343.1,,,,
2023,9,"Samoa, Apia", Apia,General Cargo,Imports,4338.9,,,,
2023,9,"Samoa, Apia", Apia,Tanker,Imports,1591.9,,,,
2023,9,"Solomon Islands, Honiara", Honiara,Bulk Carrier,Exports,39441.4,,,,
2023,9,"Solomon Islands, Honiara", Honiara,Container,Exports,2051.5,,,,
2023,9,"Solomon Islands, Honiara", Honiara,Container,Imports,8392.2,,,,
2023,9,"Solomon Islands, Honiara", Honiara,General Cargo,Exports,195.2,,,,
2023,9,"Solomon Islands, Honiara", Honiara,General Cargo,Imports,1601.5,,,,
2023,9,"Solomon Islands, Honiara", Honiara,Tanker,Imports,1524.5,,,,
2023,9,"Solomon Islands, Ndora", Ndora,General Cargo,Exports,5332.9,,,,
2023,9,"Solomon Islands, Port Noro", Port Noro,Bulk Carrier,Exports,21568.2,,,,
2023,9,"Solomon Islands, Port Noro", Port Noro,Container,Exports,154.7,,,,
2023,9,"Solomon Islands, Port Noro", Port Noro,Container,Imports,581,,,,
2023,9,"Solomon Islands, Port Noro", Port Noro,General Cargo,Exports,4340.5,,,,
2023,9,"Solomon Islands, Port Noro", Port Noro,General Cargo,Imports,374,,,,
2023,9,"Solomon Islands, Port Noro", Port Noro,Tanker,Exports,297.5,,,,
2023,9,"Solomon Islands, Rennell Island", Rennell Island,Bulk Carrier,Exports,7036.7,,,,
2023,9,"Tonga, Neiafu", Neiafu,General Cargo,Exports,727.3,,,,
2023,9,"Tonga, Neiafu", Neiafu,General Cargo,Imports,109.8,,,,
2023,9,"Tonga, Neiafu", Neiafu,Tanker,Imports,255.1,,,,
2023,9,"Tonga, Nuku Alofa", Nuku Alofa,Container,Imports,1575.7,,,,
2023,9,"Tonga, Nuku Alofa", Nuku Alofa,General Cargo,Exports,3086.6,,,,
2023,9,"Tonga, Nuku Alofa", Nuku Alofa,General Cargo,Imports,4301,,,,
2023,9,"Tonga, Nuku Alofa", Nuku Alofa,Tanker,Imports,556.9,,,,
2023,9,"Tonga, Pangai", Pangai,General Cargo,Exports,727.3,,,,
2023,9,"Tuvalu, Funafuti Atoll", Funafuti Atoll,Container,Imports,988.5,,,,
2023,9,"Tuvalu, Funafuti Atoll", Funafuti Atoll,Tanker,Imports,554.5,,,,
2023,9,"Vanuatu, Luganville", Luganville,Container,Imports,1385.2,,,,
2023,9,"Vanuatu, Luganville", Luganville,General Cargo,Imports,3852.4,,,,
2023,9,"Vanuatu, Port Vila", Port Vila,Container,Imports,4381.5,,,,
2023,9,"Vanuatu, Port Vila", Port Vila,General Cargo,Imports,2592.4,,,,
2023,9,"Vanuatu, Port Vila", Port Vila,Tanker,Imports,397.7,,,,
2023,10,"Fiji, Lautoka Harbor", Lautoka Harbor,Bulk Carrier,Exports,18176.5,,,,
2023,10,"Fiji, Lautoka Harbor", Lautoka Harbor,Bulk Carrier,Imports,8410,,,,
2023,10,"Fiji, Lautoka Harbor", Lautoka Harbor,Container,Exports,11777.8,,,,
2023,10,"Fiji, Lautoka Harbor", Lautoka Harbor,Container,Imports,10092.4,,,,
2023,10,"Fiji, Lautoka Harbor", Lautoka Harbor,General Cargo,Exports,170.3,,,,
2023,10,"Fiji, Lautoka Harbor", Lautoka Harbor,General Cargo,Imports,1231.4,,,,
2023,10,"Fiji, Lautoka Harbor", Lautoka Harbor,Tanker,Exports,7253,,,,
2023,10,"Fiji, Lautoka Harbor", Lautoka Harbor,Tanker,Imports,34651.6,,,,
2023,10,"Fiji, Malai", Malai,Tanker,Exports,23807,,,,
2023,10,"Fiji, Malai", Malai,Tanker,Imports,225.7,,,,
2023,10,"Fiji, Nabouwalu Jetty", Nabouwalu Jetty,Bulk Carrier,Imports,6652.6,,,,
2023,10,"Fiji, Suva Harbor", Suva Harbor,Bulk Carrier,Imports,15952.8,,,,
2023,10,"Fiji, Suva Harbor", Suva Harbor,Container,Exports,10730.4,,,,
2023,10,"Fiji, Suva Harbor", Suva Harbor,Container,Imports,25067.2,,,,
2023,10,"Fiji, Suva Harbor", Suva Harbor,General Cargo,Imports,8054,,,,
2023,10,"Fiji, Suva Harbor", Suva Harbor,Tanker,Exports,30177.2,,,,
2023,10,"Fiji, Suva Harbor", Suva Harbor,Tanker,Imports,10893.3,,,,
2023,10,"Kiribati, Kiribati", Kiribati,Container,Imports,991.5,,,,
2023,10,"Kiribati, Kiribati", Kiribati,General Cargo,Exports,35015.3,,,,
2023,10,"Kiribati, Kiribati", Kiribati,General Cargo,Imports,694.8,,,,
2023,10,"Kiribati, Kiribati", Kiribati,Tanker,Imports,988.7,,,,
2023,10,"Kiribati, Tarawa Atoll", Tarawa Atoll,Container,Imports,7853.3,,,,
2023,10,"Kiribati, Tarawa Atoll", Tarawa Atoll,General Cargo,Exports,283,,,,
2023,10,"Kiribati, Tarawa Atoll", Tarawa Atoll,General Cargo,Imports,1221.8,,,,
2023,10,"Kiribati, Tarawa Atoll", Tarawa Atoll,Tanker,Exports,2556.4,,,,
2023,10,"Kiribati, Tarawa Atoll", Tarawa Atoll,Tanker,Imports,670.2,,,,
2023,10,"Marshall Islands, Ebeye", Ebeye,General Cargo,Imports,1421.2,,,,
2023,10,"Marshall Islands, Kwajalein", Kwajalein,General Cargo,Exports,783.6,,,,
2023,10,"Marshall Islands, Kwajalein", Kwajalein,Tanker,Imports,2220.7,,,,
2023,10,"Marshall Islands, Majuro Atoll", Majuro Atoll,Container,Exports,905.5,,,,
2023,10,"Marshall Islands, Majuro Atoll", Majuro Atoll,Container,Imports,890.4,,,,
2023,10,"Marshall Islands, Majuro Atoll", Majuro Atoll,General Cargo,Exports,10610.5,,,,
2023,10,"Marshall Islands, Majuro Atoll", Majuro Atoll,General Cargo,Imports,5729.4,,,,
2023,10,"Marshall Islands, Majuro Atoll", Majuro Atoll,Tanker,Imports,1253.3,,,,
2023,10,"Micronesia, Colonia", Colonia,Container,Exports,248.2,,,,
2023,10,"Micronesia, Colonia", Colonia,Container,Imports,5.6,,,,
2023,10,"Micronesia, Colonia", Colonia,General Cargo,Exports,3158.3,,,,
2023,10,"Micronesia, Colonia", Colonia,Tanker,Imports,624.5,,,,
2023,10,"Micronesia, Lele Harbor", Lele Harbor,Container,Exports,2961.4,,,,
2023,10,"Micronesia, Lele Harbor", Lele Harbor,General Cargo,Imports,1283.6,,,,
2023,10,"Micronesia, Lele Harbor", Lele Harbor,Tanker,Imports,837.9,,,,
2023,10,"Micronesia, Moen", Moen,General Cargo,Imports,761.8,,,,
2023,10,"Micronesia, Moen", Moen,Tanker,Imports,207.5,,,,
2023,10,"Micronesia, Pornpei Harbor", Pornpei Harbor,Container,Imports,595.2,,,,
2023,10,"Micronesia, Pornpei Harbor", Pornpei Harbor,General Cargo,Imports,766.9,,,,
2023,10,"Micronesia, Pornpei Harbor", Pornpei Harbor,Tanker,Imports,623.8,,,,
2023,10,"Nauru, Nauru", Nauru,Bulk Carrier,Exports,16209.5,,,,
2023,10,"Nauru, Nauru", Nauru,Container,Imports,2640.7,,,,
2023,10,"Palau, Malakal Harbor", Malakal Harbor,Container,Imports,2717.5,,,,
2023,10,"Palau, Malakal Harbor", Malakal Harbor,General Cargo,Imports,195.6,,,,
2023,10,"Palau, Malakal Harbor", Malakal Harbor,Tanker,Imports,1242.7,,,,
2023,10,"Papua New Guinea, Alotoa", Alotoa,Bulk Carrier,Exports,12151.9,,,,
2023,10,"Papua New Guinea, Alotoa", Alotoa,Container,Exports,162.7,,,,
2023,10,"Papua New Guinea, Alotoa", Alotoa,Container,Imports,4850.2,,,,
2023,10,"Papua New Guinea, Alotoa", Alotoa,General Cargo,Exports,60.6,,,,
2023,10,"Papua New Guinea, Alotoa", Alotoa,Tanker,Exports,170.1,,,,
2023,10,"Papua New Guinea, Alotoa", Alotoa,Tanker,Imports,1752.5,,,,
2023,10,"Papua New Guinea, Buka", Buka,Container,Exports,191.6,,,,
2023,10,"Papua New Guinea, Buka", Buka,General Cargo,Exports,241.7,,,,
2023,10,"Papua New Guinea, Buka", Buka,General Cargo,Imports,491.2,,,,
2023,10,"Papua New Guinea, Daru", Daru,Bulk Carrier,Exports,22226.1,,,,
2023,10,"Papua New Guinea, Daru", Daru,General Cargo,Exports,115.9,,,,
2023,10,"Papua New Guinea, Daru", Daru,General Cargo,Imports,164.5,,,,
2023,10,"Papua New Guinea, Kavieng Harbor", Kavieng Harbor,Bulk Carrier,Exports,12552.3,,,,
2023,10,"Papua New Guinea, Kavieng Harbor", Kavieng Harbor,Container,Imports,3217.5,,,,
2023,10,"Papua New Guinea, Kavieng Harbor", Kavieng Harbor,General Cargo,Exports,249.3,,,,
2023,10,"Papua New Guinea, Kavieng Harbor", Kavieng Harbor,Tanker,Imports,1425.2,,,,
2023,10,"Papua New Guinea, Kieta", Kieta,Container,Imports,1888.5,,,,
2023,10,"Papua New Guinea, Kimbe", Kimbe,Bulk Carrier,Exports,17408.3,,,,
2023,10,"Papua New Guinea, Kimbe", Kimbe,Container,Exports,2392.6,,,,
2023,10,"Papua New Guinea, Kimbe", Kimbe,Container,Imports,1427.6,,,,
2023,10,"Papua New Guinea, Kimbe", Kimbe,General Cargo,Exports,3870.3,,,,
2023,10,"Papua New Guinea, Kimbe", Kimbe,General Cargo,Imports,1403.8,,,,
2023,10,"Papua New Guinea, Kimbe", Kimbe,Tanker,Exports,16558.8,,,,
2023,10,"Papua New Guinea, Kimbe", Kimbe,Tanker,Imports,952.1,,,,
2023,10,"Papua New Guinea, Lae", Lae,Bulk Carrier,Imports,28680.5,,,,
2023,10,"Papua New Guinea, Lae", Lae,Container,Exports,26590,,,,
2023,10,"Papua New Guinea, Lae", Lae,Container,Imports,33330.3,,,,
2023,10,"Papua New Guinea, Lae", Lae,General Cargo,Exports,15419.7,,,,
2023,10,"Papua New Guinea, Lae", Lae,General Cargo,Imports,10601.2,,,,
2023,10,"Papua New Guinea, Lae", Lae,Tanker,Exports,172.4,,,,
2023,10,"Papua New Guinea, Lae", Lae,Tanker,Imports,13285.3,,,,
2023,10,"Papua New Guinea, Madang", Madang,Bulk Carrier,Exports,11250.4,,,,
2023,10,"Papua New Guinea, Madang", Madang,Container,Exports,921,,,,
2023,10,"Papua New Guinea, Madang", Madang,Container,Imports,586.2,,,,
2023,10,"Papua New Guinea, Madang", Madang,General Cargo,Exports,740.5,,,,
2023,10,"Papua New Guinea, Madang", Madang,Tanker,Exports,477.5,,,,
2023,10,"Papua New Guinea, Madang", Madang,Tanker,Imports,6097.1,,,,
2023,10,"Papua New Guinea, Oro Bay", Oro Bay,Bulk Carrier,Exports,20590.1,,,,
2023,10,"Papua New Guinea, Oro Bay", Oro Bay,Container,Exports,473.7,,,,
2023,10,"Papua New Guinea, Oro Bay", Oro Bay,Container,Imports,380.2,,,,
2023,10,"Papua New Guinea, Oro Bay", Oro Bay,Tanker,Exports,2951.5,,,,
2023,10,"Papua New Guinea, Oro Bay", Oro Bay,Tanker,Imports,318.5,,,,
2023,10,"Papua New Guinea, Port Moresby", Port Moresby,Bulk Carrier,Exports,1490.2,,,,
2023,10,"Papua New Guinea, Port Moresby", Port Moresby,Bulk Carrier,Imports,508,,,,
2023,10,"Papua New Guinea, Port Moresby", Port Moresby,Container,Exports,3988.8,,,,
2023,10,"Papua New Guinea, Port Moresby", Port Moresby,Container,Imports,29947.4,,,,
2023,10,"Papua New Guinea, Port Moresby", Port Moresby,General Cargo,Exports,20790.8,,,,
2023,10,"Papua New Guinea, Port Moresby", Port Moresby,General Cargo,Imports,14863.7,,,,
2023,10,"Papua New Guinea, Port Moresby", Port Moresby,Tanker,Exports,246933.3,,,,
2023,10,"Papua New Guinea, Port Moresby", Port Moresby,Tanker,Imports,45306.5,,,,
2023,10,"Papua New Guinea, Put Put", Put Put,General Cargo,Exports,1387.5,,,,
2023,10,"Papua New Guinea, Put Put", Put Put,General Cargo,Imports,3645,,,,
2023,10,"Papua New Guinea, Put Put", Put Put,Tanker,Imports,6264,,,,
2023,10,"Papua New Guinea, Rabaul", Rabaul,Bulk Carrier,Exports,10359.2,,,,
2023,10,"Papua New Guinea, Rabaul", Rabaul,Container,Exports,2651.1,,,,
2023,10,"Papua New Guinea, Rabaul", Rabaul,Container,Imports,717.2,,,,
2023,10,"Papua New Guinea, Rabaul", Rabaul,General Cargo,Exports,543.1,,,,
2023,10,"Papua New Guinea, Rabaul", Rabaul,General Cargo,Imports,328.4,,,,
2023,10,"Papua New Guinea, Rabaul", Rabaul,Tanker,Exports,1107.1,,,,
2023,10,"Papua New Guinea, Rabaul", Rabaul,Tanker,Imports,5272.9,,,,
2023,10,"Papua New Guinea, Vanimo", Vanimo,Bulk Carrier,Exports,12065.5,,,,
2023,10,"Papua New Guinea, Vanimo", Vanimo,General Cargo,Exports,238.5,,,,
2023,10,"Papua New Guinea, Wewak Harbor", Wewak Harbor,Container,Exports,1153.4,,,,
2023,10,"Papua New Guinea, Wewak Harbor", Wewak Harbor,General Cargo,Exports,1455.8,,,,
2023,10,"Papua New Guinea, Wewak Harbor", Wewak Harbor,General Cargo,Imports,2670.2,,,,
2023,10,"Papua New Guinea, Wewak Harbor", Wewak Harbor,Tanker,Imports,1086.3,,,,
2023,10,"Samoa, Apia", Apia,Container,Imports,7983.2,,,,
2023,10,"Samoa, Apia", Apia,General Cargo,Exports,369.4,,,,
2023,10,"Samoa, Apia", Apia,General Cargo,Imports,6339.8,,,,
2023,10,"Samoa, Apia", Apia,Tanker,Imports,696.8,,,,
2023,10,"Solomon Islands, Honiara", Honiara,Bulk Carrier,Exports,16377.5,,,,
2023,10,"Solomon Islands, Honiara", Honiara,Bulk Carrier,Imports,388.1,,,,
2023,10,"Solomon Islands, Honiara", Honiara,Container,Exports,751.4,,,,
2023,10,"Solomon Islands, Honiara", Honiara,Container,Imports,10540.5,,,,
2023,10,"Solomon Islands, Honiara", Honiara,General Cargo,Exports,1434,,,,
2023,10,"Solomon Islands, Honiara", Honiara,General Cargo,Imports,320.3,,,,
2023,10,"Solomon Islands, Honiara", Honiara,Tanker,Imports,16953.7,,,,
2023,10,"Solomon Islands, Port Noro", Port Noro,Bulk Carrier,Exports,43975.2,,,,
2023,10,"Solomon Islands, Port Noro", Port Noro,Container,Exports,1491.3,,,,
2023,10,"Solomon Islands, Port Noro", Port Noro,General Cargo,Imports,1157.8,,,,
2023,10,"Solomon Islands, Port Noro", Port Noro,Tanker,Exports,1545.5,,,,
2023,10,"Tonga, Neiafu", Neiafu,General Cargo,Exports,909.1,,,,
2023,10,"Tonga, Neiafu", Neiafu,General Cargo,Imports,109.8,,,,
2023,10,"Tonga, Neiafu", Neiafu,Tanker,Imports,1842.2,,,,
2023,10,"Tonga, Nuku Alofa", Nuku Alofa,Container,Exports,1756.4,,,,
2023,10,"Tonga, Nuku Alofa", Nuku Alofa,Container,Imports,7672.4,,,,
2023,10,"Tonga, Nuku Alofa", Nuku Alofa,General Cargo,Exports,1904.8,,,,
2023,10,"Tonga, Nuku Alofa", Nuku Alofa,General Cargo,Imports,8964.3,,,,
2023,10,"Tonga, Nuku Alofa", Nuku Alofa,Tanker,Exports,421.7,,,,
2023,10,"Tonga, Nuku Alofa", Nuku Alofa,Tanker,Imports,1553.8,,,,
2023,10,"Tonga, Pangai", Pangai,General Cargo,Exports,1454.6,,,,
2023,10,"Tuvalu, Funafuti Atoll", Funafuti Atoll,Container,Exports,156.7,,,,
2023,10,"Tuvalu, Funafuti Atoll", Funafuti Atoll,General Cargo,Exports,3524.1,,,,
2023,10,"Tuvalu, Funafuti Atoll", Funafuti Atoll,Tanker,Imports,412.2,,,,
2023,10,"Vanuatu, Luganville", Luganville,Container,Exports,117,,,,
2023,10,"Vanuatu, Luganville", Luganville,Container,Imports,2474.2,,,,
2023,10,"Vanuatu, Luganville", Luganville,General Cargo,Imports,518.9,,,,
2023,10,"Vanuatu, Port Vila", Port Vila,Container,Exports,4108,,,,
2023,10,"Vanuatu, Port Vila", Port Vila,Container,Imports,1167.2,,,,
2023,10,"Vanuatu, Port Vila", Port Vila,General Cargo,Imports,2594.2,,,,
2023,10,"Vanuatu, Port Vila", Port Vila,Tanker,Imports,3911,,,,
2023,11,"Fiji, Lautoka Harbor", Lautoka Harbor,Bulk Carrier,Exports,1490.8,,,,
2023,11,"Fiji, Lautoka Harbor", Lautoka Harbor,Bulk Carrier,Imports,15058.3,,,,
2023,11,"Fiji, Lautoka Harbor", Lautoka Harbor,Container,Exports,9411.2,,,,
2023,11,"Fiji, Lautoka Harbor", Lautoka Harbor,Container,Imports,8348.1,,,,
2023,11,"Fiji, Lautoka Harbor", Lautoka Harbor,General Cargo,Exports,3790.6,,,,
2023,11,"Fiji, Lautoka Harbor", Lautoka Harbor,General Cargo,Imports,317.4,,,,
2023,11,"Fiji, Lautoka Harbor", Lautoka Harbor,Tanker,Exports,1957.6,,,,
2023,11,"Fiji, Lautoka Harbor", Lautoka Harbor,Tanker,Imports,34475.1,,,,
2023,11,"Fiji, Malai", Malai,Tanker,Imports,261.5,,,,
2023,11,"Fiji, Suva Harbor", Suva Harbor,Container,Exports,17031.1,,,,
2023,11,"Fiji, Suva Harbor", Suva Harbor,Container,Imports,24383.7,,,,
2023,11,"Fiji, Suva Harbor", Suva Harbor,General Cargo,Exports,247.7,,,,
2023,11,"Fiji, Suva Harbor", Suva Harbor,General Cargo,Imports,8286,,,,
2023,11,"Fiji, Suva Harbor", Suva Harbor,Tanker,Exports,2245.8,,,,
2023,11,"Fiji, Suva Harbor", Suva Harbor,Tanker,Imports,6401.1,,,,
2023,11,"Kiribati, Kiribati", Kiribati,General Cargo,Exports,5348.8,,,,
2023,11,"Kiribati, Kiribati", Kiribati,General Cargo,Imports,640.4,,,,
2023,11,"Kiribati, Kiribati", Kiribati,Tanker,Exports,2211.2,,,,
2023,11,"Kiribati, Kiribati", Kiribati,Tanker,Imports,841.8,,,,
2023,11,"Kiribati, Tarawa Atoll", Tarawa Atoll,Container,Imports,6324.9,,,,
2023,11,"Kiribati, Tarawa Atoll", Tarawa Atoll,General Cargo,Exports,3148,,,,
2023,11,"Kiribati, Tarawa Atoll", Tarawa Atoll,General Cargo,Imports,831.1,,,,
2023,11,"Kiribati, Tarawa Atoll", Tarawa Atoll,Tanker,Exports,5636.4,,,,
2023,11,"Marshall Islands, Ebeye", Ebeye,General Cargo,Exports,273.8,,,,
2023,11,"Marshall Islands, Ebeye", Ebeye,General Cargo,Imports,2092.9,,,,
2023,11,"Marshall Islands, Kwajalein", Kwajalein,General Cargo,Exports,274.1,,,,
2023,11,"Marshall Islands, Kwajalein", Kwajalein,General Cargo,Imports,3988.6,,,,
2023,11,"Marshall Islands, Majuro Atoll", Majuro Atoll,Bulk Carrier,Imports,13931.3,,,,
2023,11,"Marshall Islands, Majuro Atoll", Majuro Atoll,Container,Exports,930.8,,,,
2023,11,"Marshall Islands, Majuro Atoll", Majuro Atoll,Container,Imports,688.4,,,,
2023,11,"Marshall Islands, Majuro Atoll", Majuro Atoll,General Cargo,Exports,6646.1,,,,
2023,11,"Marshall Islands, Majuro Atoll", Majuro Atoll,General Cargo,Imports,3069.5,,,,
2023,11,"Marshall Islands, Majuro Atoll", Majuro Atoll,Tanker,Imports,2751.5,,,,
2023,11,"Micronesia, Colonia", Colonia,Container,Imports,750.1,,,,
2023,11,"Micronesia, Colonia", Colonia,General Cargo,Exports,253.6,,,,
2023,11,"Micronesia, Lele Harbor", Lele Harbor,General Cargo,Exports,26.3,,,,
2023,11,"Micronesia, Lele Harbor", Lele Harbor,General Cargo,Imports,961.3,,,,
2023,11,"Micronesia, Moen", Moen,General Cargo,Exports,1654.4,,,,
2023,11,"Micronesia, Moen", Moen,General Cargo,Imports,2479.4,,,,
2023,11,"Micronesia, Moen", Moen,Tanker,Imports,412.8,,,,
2023,11,"Micronesia, Pornpei Harbor", Pornpei Harbor,Container,Exports,651.6,,,,
2023,11,"Micronesia, Pornpei Harbor", Pornpei Harbor,General Cargo,Exports,1579.2,,,,
2023,11,"Micronesia, Pornpei Harbor", Pornpei Harbor,General Cargo,Imports,792.6,,,,
2023,11,"Micronesia, Pornpei Harbor", Pornpei Harbor,Tanker,Imports,2078,,,,
2023,11,"Nauru, Nauru", Nauru,Bulk Carrier,Exports,48628.6,,,,
2023,11,"Nauru, Nauru", Nauru,Container,Imports,880.2,,,,
2023,11,"Nauru, Nauru", Nauru,Tanker,Exports,2345.7,,,,
2023,11,"Palau, Malakal Harbor", Malakal Harbor,Container,Imports,1957.2,,,,
2023,11,"Palau, Malakal Harbor", Malakal Harbor,General Cargo,Exports,61.1,,,,
2023,11,"Palau, Malakal Harbor", Malakal Harbor,Tanker,Imports,1254.5,,,,
2023,11,"Papua New Guinea, Alotoa", Alotoa,Bulk Carrier,Exports,12308.7,,,,
2023,11,"Papua New Guinea, Alotoa", Alotoa,Container,Imports,1404.6,,,,
2023,11,"Papua New Guinea, Alotoa", Alotoa,General Cargo,Exports,5343.9,,,,
2023,11,"Papua New Guinea, Alotoa", Alotoa,General Cargo,Imports,690.9,,,,
2023,11,"Papua New Guinea, Alotoa", Alotoa,Tanker,Exports,658.5,,,,
2023,11,"Papua New Guinea, Buka", Buka,Container,Imports,356,,,,
2023,11,"Papua New Guinea, Buka", Buka,General Cargo,Exports,680.4,,,,
2023,11,"Papua New Guinea, Daru", Daru,Bulk Carrier,Exports,9026.5,,,,
2023,11,"Papua New Guinea, Daru", Daru,General Cargo,Exports,131.7,,,,
2023,11,"Papua New Guinea, Daru", Daru,General Cargo,Imports,82.3,,,,
2023,11,"Papua New Guinea, Kavieng Harbor", Kavieng Harbor,Bulk Carrier,Exports,25654.3,,,,
2023,11,"Papua New Guinea, Kavieng Harbor", Kavieng Harbor,Container,Imports,1138.7,,,,
2023,11,"Papua New Guinea, Kavieng Harbor", Kavieng Harbor,General Cargo,Exports,1928.1,,,,
2023,11,"Papua New Guinea, Kavieng Harbor", Kavieng Harbor,Tanker,Exports,815.9,,,,
2023,11,"Papua New Guinea, Kieta", Kieta,Container,Exports,1,,,,
2023,11,"Papua New Guinea, Kimbe", Kimbe,Bulk Carrier,Exports,19743.8,,,,
2023,11,"Papua New Guinea, Kimbe", Kimbe,Container,Imports,1088.1,,,,
2023,11,"Papua New Guinea, Kimbe", Kimbe,General Cargo,Exports,99.2,,,,
2023,11,"Papua New Guinea, Kimbe", Kimbe,General Cargo,Imports,1665.5,,,,
2023,11,"Papua New Guinea, Kimbe", Kimbe,Tanker,Exports,11485.9,,,,
2023,11,"Papua New Guinea, Kimbe", Kimbe,Tanker,Imports,12270.3,,,,
2023,11,"Papua New Guinea, Lae", Lae,Container,Exports,15462.6,,,,
2023,11,"Papua New Guinea, Lae", Lae,Container,Imports,47467.4,,,,
2023,11,"Papua New Guinea, Lae", Lae,General Cargo,Exports,22180.5,,,,
2023,11,"Papua New Guinea, Lae", Lae,General Cargo,Imports,9431.8,,,,
2023,11,"Papua New Guinea, Lae", Lae,Tanker,Exports,4625.8,,,,
2023,11,"Papua New Guinea, Lae", Lae,Tanker,Imports,18940,,,,
2023,11,"Papua New Guinea, Madang", Madang,Bulk Carrier,Exports,9571.7,,,,
2023,11,"Papua New Guinea, Madang", Madang,Container,Exports,1457,,,,
2023,11,"Papua New Guinea, Madang", Madang,Container,Imports,2444.6,,,,
2023,11,"Papua New Guinea, Madang", Madang,General Cargo,Exports,6147.4,,,,
2023,11,"Papua New Guinea, Madang", Madang,General Cargo,Imports,1392,,,,
2023,11,"Papua New Guinea, Madang", Madang,Tanker,Exports,1604.1,,,,
2023,11,"Papua New Guinea, Madang", Madang,Tanker,Imports,7681.2,,,,
2023,11,"Papua New Guinea, Oro Bay", Oro Bay,Bulk Carrier,Exports,2503,,,,
2023,11,"Papua New Guinea, Oro Bay", Oro Bay,Container,Imports,761.4,,,,
2023,11,"Papua New Guinea, Oro Bay", Oro Bay,General Cargo,Exports,152.4,,,,
2023,11,"Papua New Guinea, Oro Bay", Oro Bay,General Cargo,Imports,1688.7,,,,
2023,11,"Papua New Guinea, Oro Bay", Oro Bay,Tanker,Exports,1459.4,,,,
2023,11,"Papua New Guinea, Oro Bay", Oro Bay,Tanker,Imports,1121.2,,,,
2023,11,"Papua New Guinea, Port Moresby", Port Moresby,Bulk Carrier,Exports,13699.5,,,,
2023,11,"Papua New Guinea, Port Moresby", Port Moresby,Bulk Carrier,Imports,2365.9,,,,
2023,11,"Papua New Guinea, Port Moresby", Port Moresby,Container,Exports,4379.8,,,,
2023,11,"Papua New Guinea, Port Moresby", Port Moresby,Container,Imports,37370.1,,,,
2023,11,"Papua New Guinea, Port Moresby", Port Moresby,General Cargo,Exports,12513,,,,
2023,11,"Papua New Guinea, Port Moresby", Port Moresby,General Cargo,Imports,7398.2,,,,
2023,11,"Papua New Guinea, Port Moresby", Port Moresby,Tanker,Exports,160852.3,,,,
2023,11,"Papua New Guinea, Port Moresby", Port Moresby,Tanker,Imports,22243.9,,,,
2023,11,"Papua New Guinea, Put Put", Put Put,General Cargo,Exports,146.2,,,,
2023,11,"Papua New Guinea, Put Put", Put Put,General Cargo,Imports,1386.2,,,,
2023,11,"Papua New Guinea, Put Put", Put Put,Tanker,Imports,10281.8,,,,
2023,11,"Papua New Guinea, Rabaul", Rabaul,Bulk Carrier,Exports,25451.9,,,,
2023,11,"Papua New Guinea, Rabaul", Rabaul,Container,Exports,584.7,,,,
2023,11,"Papua New Guinea, Rabaul", Rabaul,Container,Imports,9949.6,,,,
2023,11,"Papua New Guinea, Rabaul", Rabaul,General Cargo,Exports,2483.3,,,,
2023,11,"Papua New Guinea, Rabaul", Rabaul,General Cargo,Imports,3328.7,,,,
2023,11,"Papua New Guinea, Rabaul", Rabaul,Tanker,Exports,3608.6,,,,
2023,11,"Papua New Guinea, Rabaul", Rabaul,Tanker,Imports,9087.6,,,,
2023,11,"Papua New Guinea, Vanimo", Vanimo,Bulk Carrier,Exports,5187.7,,,,
2023,11,"Papua New Guinea, Vanimo", Vanimo,General Cargo,Exports,575,,,,
2023,11,"Papua New Guinea, Vanimo", Vanimo,Tanker,Exports,2399,,,,
2023,11,"Papua New Guinea, Wewak Harbor", Wewak Harbor,Bulk Carrier,Exports,4557.8,,,,
2023,11,"Papua New Guinea, Wewak Harbor", Wewak Harbor,Container,Imports,562.2,,,,
2023,11,"Papua New Guinea, Wewak Harbor", Wewak Harbor,General Cargo,Exports,1310.4,,,,
2023,11,"Papua New Guinea, Wewak Harbor", Wewak Harbor,Tanker,Exports,6039.6,,,,
2023,11,"Samoa, Apia", Apia,Container,Imports,11405.6,,,,
2023,11,"Samoa, Apia", Apia,General Cargo,Exports,1807.7,,,,
2023,11,"Samoa, Apia", Apia,General Cargo,Imports,4712.1,,,,
2023,11,"Samoa, Apia", Apia,Tanker,Exports,143.8,,,,
2023,11,"Samoa, Apia", Apia,Tanker,Imports,490.1,,,,
2023,11,"Solomon Islands, Honiara", Honiara,Bulk Carrier,Exports,20271,,,,
2023,11,"Solomon Islands, Honiara", Honiara,Bulk Carrier,Imports,438.2,,,,
2023,11,"Solomon Islands, Honiara", Honiara,Container,Exports,1068.5,,,,
2023,11,"Solomon Islands, Honiara", Honiara,Container,Imports,8707.8,,,,
2023,11,"Solomon Islands, Honiara", Honiara,General Cargo,Exports,2769.8,,,,
2023,11,"Solomon Islands, Honiara", Honiara,General Cargo,Imports,1997.5,,,,
2023,11,"Solomon Islands, Honiara", Honiara,Tanker,Imports,7995.9,,,,
2023,11,"Solomon Islands, Mbulo", Mbulo,Bulk Carrier,Exports,9548.6,,,,
2023,11,"Solomon Islands, Port Noro", Port Noro,Bulk Carrier,Exports,121019.3,,,,
2023,11,"Solomon Islands, Port Noro", Port Noro,Container,Exports,172.2,,,,
2023,11,"Solomon Islands, Port Noro", Port Noro,General Cargo,Exports,12560.5,,,,
2023,11,"Solomon Islands, Port Noro", Port Noro,Tanker,Imports,1035,,,,
2023,11,"Solomon Islands, Ringgi Cove", Ringgi Cove,General Cargo,Exports,1490,,,,
2023,11,"Solomon Islands, Seghe", Seghe,Bulk Carrier,Exports,12520,,,,
2023,11,"Tonga, Neiafu", Neiafu,General Cargo,Exports,1091,,,,
2023,11,"Tonga, Neiafu", Neiafu,General Cargo,Imports,138.9,,,,
2023,11,"Tonga, Neiafu", Neiafu,Tanker,Imports,414.7,,,,
2023,11,"Tonga, Nuku Alofa", Nuku Alofa,Container,Imports,4642.2,,,,
2023,11,"Tonga, Nuku Alofa", Nuku Alofa,General Cargo,Exports,5012.9,,,,
2023,11,"Tonga, Nuku Alofa", Nuku Alofa,General Cargo,Imports,3074.6,,,,
2023,11,"Tonga, Nuku Alofa", Nuku Alofa,Tanker,Imports,1822.3,,,,
2023,11,"Tonga, Pangai", Pangai,General Cargo,Exports,1454.6,,,,
2023,11,"Tuvalu, Funafuti Atoll", Funafuti Atoll,General Cargo,Exports,18129.6,,,,
2023,11,"Tuvalu, Funafuti Atoll", Funafuti Atoll,Tanker,Imports,413,,,,
2023,11,"Vanuatu, Luganville", Luganville,Container,Exports,1409.3,,,,
2023,11,"Vanuatu, Luganville", Luganville,Container,Imports,996.9,,,,
2023,11,"Vanuatu, Luganville", Luganville,General Cargo,Imports,2791.9,,,,
2023,11,"Vanuatu, Luganville", Luganville,Tanker,Exports,985.4,,,,
2023,11,"Vanuatu, Port Vila", Port Vila,Container,Exports,2773.7,,,,
2023,11,"Vanuatu, Port Vila", Port Vila,Container,Imports,6835.9,,,,
2023,11,"Vanuatu, Port Vila", Port Vila,General Cargo,Exports,322.9,,,,
2023,11,"Vanuatu, Port Vila", Port Vila,General Cargo,Imports,646.1,,,,
2023,11,"Vanuatu, Port Vila", Port Vila,Tanker,Imports,2433.8,,,,
2023,12,"Fiji, Lautoka Harbor", Lautoka Harbor,Bulk Carrier,Exports,15278.4,,,,
2023,12,"Fiji, Lautoka Harbor", Lautoka Harbor,Container,Exports,5420.3,,,,
2023,12,"Fiji, Lautoka Harbor", Lautoka Harbor,Container,Imports,12883.9,,,,
2023,12,"Fiji, Lautoka Harbor", Lautoka Harbor,General Cargo,Exports,316.6,,,,
2023,12,"Fiji, Lautoka Harbor", Lautoka Harbor,General Cargo,Imports,3932.9,,,,
2023,12,"Fiji, Lautoka Harbor", Lautoka Harbor,Tanker,Exports,5741.5,,,,
2023,12,"Fiji, Lautoka Harbor", Lautoka Harbor,Tanker,Imports,22871.3,,,,
2023,12,"Fiji, Malai", Malai,Tanker,Exports,478.1,,,,
2023,12,"Fiji, Malai", Malai,Tanker,Imports,1266.4,,,,
2023,12,"Fiji, Nabouwalu Jetty", Nabouwalu Jetty,Bulk Carrier,Exports,24210.7,,,,
2023,12,"Fiji, Suva Harbor", Suva Harbor,Bulk Carrier,Imports,846.1,,,,
2023,12,"Fiji, Suva Harbor", Suva Harbor,Container,Exports,13739.1,,,,
2023,12,"Fiji, Suva Harbor", Suva Harbor,Container,Imports,16553.7,,,,
2023,12,"Fiji, Suva Harbor", Suva Harbor,General Cargo,Exports,4062.3,,,,
2023,12,"Fiji, Suva Harbor", Suva Harbor,General Cargo,Imports,5554.7,,,,
2023,12,"Fiji, Suva Harbor", Suva Harbor,Tanker,Exports,1710.5,,,,
2023,12,"Fiji, Suva Harbor", Suva Harbor,Tanker,Imports,21265.8,,,,
2023,12,"Kiribati, Kiribati", Kiribati,General Cargo,Exports,12739.8,,,,
2023,12,"Kiribati, Kiribati", Kiribati,Tanker,Exports,500,,,,
2023,12,"Kiribati, Kiribati", Kiribati,Tanker,Imports,139,,,,
2023,12,"Kiribati, Tarawa Atoll", Tarawa Atoll,Container,Imports,3093,,,,
2023,12,"Kiribati, Tarawa Atoll", Tarawa Atoll,General Cargo,Exports,707.4,,,,
2023,12,"Kiribati, Tarawa Atoll", Tarawa Atoll,General Cargo,Imports,4064.8,,,,
2023,12,"Marshall Islands, Ebeye", Ebeye,General Cargo,Exports,179,,,,
2023,12,"Marshall Islands, Ebeye", Ebeye,General Cargo,Imports,1890.3,,,,
2023,12,"Marshall Islands, Kwajalein", Kwajalein,Container,Exports,1531.7,,,,
2023,12,"Marshall Islands, Kwajalein", Kwajalein,General Cargo,Exports,179,,,,
2023,12,"Marshall Islands, Kwajalein", Kwajalein,General Cargo,Imports,1218.4,,,,
2023,12,"Marshall Islands, Majuro Atoll", Majuro Atoll,Container,Exports,1111.5,,,,
2023,12,"Marshall Islands, Majuro Atoll", Majuro Atoll,Container,Imports,1375.3,,,,
2023,12,"Marshall Islands, Majuro Atoll", Majuro Atoll,General Cargo,Exports,9654,,,,
2023,12,"Marshall Islands, Majuro Atoll", Majuro Atoll,General Cargo,Imports,477.3,,,,
2023,12,"Marshall Islands, Majuro Atoll", Majuro Atoll,Tanker,Imports,1191.3,,,,
2023,12,"Micronesia, Colonia", Colonia,Container,Imports,747.4,,,,
2023,12,"Micronesia, Colonia", Colonia,General Cargo,Imports,460.9,,,,
2023,12,"Micronesia, Lele Harbor", Lele Harbor,Container,Exports,1371.7,,,,
2023,12,"Micronesia, Lele Harbor", Lele Harbor,General Cargo,Exports,179,,,,
2023,12,"Micronesia, Lele Harbor", Lele Harbor,General Cargo,Imports,2087.2,,,,
2023,12,"Micronesia, Moen", Moen,General Cargo,Exports,560.1,,,,
2023,12,"Micronesia, Moen", Moen,General Cargo,Imports,1486.4,,,,
2023,12,"Micronesia, Moen", Moen,Tanker,Imports,833.9,,,,
2023,12,"Micronesia, Pornpei Harbor", Pornpei Harbor,Container,Exports,1862.5,,,,
2023,12,"Micronesia, Pornpei Harbor", Pornpei Harbor,Container,Imports,295.5,,,,
2023,12,"Micronesia, Pornpei Harbor", Pornpei Harbor,General Cargo,Exports,4090.2,,,,
2023,12,"Micronesia, Pornpei Harbor", Pornpei Harbor,General Cargo,Imports,10659.7,,,,
2023,12,"Micronesia, Pornpei Harbor", Pornpei Harbor,Tanker,Imports,1046.9,,,,
2023,12,"Nauru, Nauru", Nauru,Container,Imports,2124.1,,,,
2023,12,"Palau, Malakal Harbor", Malakal Harbor,Container,Imports,2432.9,,,,
2023,12,"Palau, Malakal Harbor", Malakal Harbor,General Cargo,Imports,148,,,,
2023,12,"Papua New Guinea, Alotoa", Alotoa,Bulk Carrier,Exports,19571.5,,,,
2023,12,"Papua New Guinea, Alotoa", Alotoa,Container,Imports,1609.8,,,,
2023,12,"Papua New Guinea, Alotoa", Alotoa,General Cargo,Exports,528,,,,
2023,12,"Papua New Guinea, Alotoa", Alotoa,General Cargo,Imports,961.8,,,,
2023,12,"Papua New Guinea, Alotoa", Alotoa,Tanker,Exports,1268.5,,,,
2023,12,"Papua New Guinea, Alotoa", Alotoa,Tanker,Imports,800.1,,,,
2023,12,"Papua New Guinea, Buka", Buka,General Cargo,Exports,1066,,,,
2023,12,"Papua New Guinea, Buka", Buka,General Cargo,Imports,1780.2,,,,
2023,12,"Papua New Guinea, Daru", Daru,General Cargo,Exports,38.6,,,,
2023,12,"Papua New Guinea, Daru", Daru,General Cargo,Imports,216.4,,,,
2023,12,"Papua New Guinea, Kavieng Harbor", Kavieng Harbor,Container,Exports,155,,,,
2023,12,"Papua New Guinea, Kavieng Harbor", Kavieng Harbor,Container,Imports,2695.7,,,,
2023,12,"Papua New Guinea, Kavieng Harbor", Kavieng Harbor,General Cargo,Exports,1532.6,,,,
2023,12,"Papua New Guinea, Kavieng Harbor", Kavieng Harbor,Tanker,Exports,170.1,,,,
2023,12,"Papua New Guinea, Kavieng Harbor", Kavieng Harbor,Tanker,Imports,654.6,,,,
2023,12,"Papua New Guinea, Kieta", Kieta,General Cargo,Exports,13.3,,,,
2023,12,"Papua New Guinea, Kieta", Kieta,General Cargo,Imports,1718.2,,,,
2023,12,"Papua New Guinea, Kimbe", Kimbe,Bulk Carrier,Exports,10573.1,,,,
2023,12,"Papua New Guinea, Kimbe", Kimbe,Container,Exports,155,,,,
2023,12,"Papua New Guinea, Kimbe", Kimbe,Container,Imports,2451.5,,,,
2023,12,"Papua New Guinea, Kimbe", Kimbe,General Cargo,Exports,5711.9,,,,
2023,12,"Papua New Guinea, Kimbe", Kimbe,General Cargo,Imports,2250,,,,
2023,12,"Papua New Guinea, Kimbe", Kimbe,Tanker,Exports,14801.3,,,,
2023,12,"Papua New Guinea, Kimbe", Kimbe,Tanker,Imports,70.4,,,,
2023,12,"Papua New Guinea, Lae", Lae,Bulk Carrier,Imports,34048.2,,,,
2023,12,"Papua New Guinea, Lae", Lae,Container,Exports,16042.5,,,,
2023,12,"Papua New Guinea, Lae", Lae,Container,Imports,41031.1,,,,
2023,12,"Papua New Guinea, Lae", Lae,General Cargo,Exports,22385.7,,,,
2023,12,"Papua New Guinea, Lae", Lae,General Cargo,Imports,11383.9,,,,
2023,12,"Papua New Guinea, Lae", Lae,Tanker,Exports,3489.1,,,,
2023,12,"Papua New Guinea, Lae", Lae,Tanker,Imports,19972.5,,,,
2023,12,"Papua New Guinea, Madang", Madang,Container,Imports,3286.3,,,,
2023,12,"Papua New Guinea, Madang", Madang,General Cargo,Exports,187.5,,,,
2023,12,"Papua New Guinea, Madang", Madang,General Cargo,Imports,1638.7,,,,
2023,12,"Papua New Guinea, Madang", Madang,Tanker,Exports,161.1,,,,
2023,12,"Papua New Guinea, Madang", Madang,Tanker,Imports,1857.5,,,,
2023,12,"Papua New Guinea, Oro Bay", Oro Bay,Bulk Carrier,Exports,14634.1,,,,
2023,12,"Papua New Guinea, Oro Bay", Oro Bay,Bulk Carrier,Imports,2282.2,,,,
2023,12,"Papua New Guinea, Oro Bay", Oro Bay,Container,Exports,155,,,,
2023,12,"Papua New Guinea, Oro Bay", Oro Bay,Container,Imports,2095.9,,,,
2023,12,"Papua New Guinea, Oro Bay", Oro Bay,General Cargo,Imports,497.5,,,,
2023,12,"Papua New Guinea, Oro Bay", Oro Bay,Tanker,Exports,60,,,,
2023,12,"Papua New Guinea, Port Moresby", Port Moresby,Bulk Carrier,Exports,3030.2,,,,
2023,12,"Papua New Guinea, Port Moresby", Port Moresby,Bulk Carrier,Imports,1455.7,,,,
2023,12,"Papua New Guinea, Port Moresby", Port Moresby,Container,Exports,3536.7,,,,
2023,12,"Papua New Guinea, Port Moresby", Port Moresby,Container,Imports,23557.1,,,,
2023,12,"Papua New Guinea, Port Moresby", Port Moresby,General Cargo,Exports,17692.4,,,,
2023,12,"Papua New Guinea, Port Moresby", Port Moresby,General Cargo,Imports,9727.5,,,,
2023,12,"Papua New Guinea, Port Moresby", Port Moresby,Tanker,Exports,230095.3,,,,
2023,12,"Papua New Guinea, Port Moresby", Port Moresby,Tanker,Imports,13813.8,,,,
2023,12,"Papua New Guinea, Put Put", Put Put,General Cargo,Exports,420.8,,,,
2023,12,"Papua New Guinea, Put Put", Put Put,General Cargo,Imports,8712.3,,,,
2023,12,"Papua New Guinea, Put Put", Put Put,Tanker,Exports,264.9,,,,
2023,12,"Papua New Guinea, Put Put", Put Put,Tanker,Imports,6264,,,,
2023,12,"Papua New Guinea, Rabaul", Rabaul,Bulk Carrier,Exports,11215.9,,,,
2023,12,"Papua New Guinea, Rabaul", Rabaul,Container,Exports,2299.4,,,,
2023,12,"Papua New Guinea, Rabaul", Rabaul,Container,Imports,6326.7,,,,
2023,12,"Papua New Guinea, Rabaul", Rabaul,General Cargo,Exports,20112,,,,
2023,12,"Papua New Guinea, Rabaul", Rabaul,General Cargo,Imports,4182.9,,,,
2023,12,"Papua New Guinea, Rabaul", Rabaul,Tanker,Exports,1423.8,,,,
2023,12,"Papua New Guinea, Rabaul", Rabaul,Tanker,Imports,6844.1,,,,
2023,12,"Papua New Guinea, Vanimo", Vanimo,Bulk Carrier,Exports,16941.7,,,,
2023,12,"Papua New Guinea, Vanimo", Vanimo,General Cargo,Exports,252.2,,,,
2023,12,"Papua New Guinea, Vanimo", Vanimo,General Cargo,Imports,592,,,,
2023,12,"Papua New Guinea, Wewak Harbor", Wewak Harbor,Bulk Carrier,Exports,17608.4,,,,
2023,12,"Papua New Guinea, Wewak Harbor", Wewak Harbor,Container,Exports,379,,,,
2023,12,"Papua New Guinea, Wewak Harbor", Wewak Harbor,General Cargo,Exports,1951.4,,,,
2023,12,"Papua New Guinea, Wewak Harbor", Wewak Harbor,General Cargo,Imports,2188.8,,,,
2023,12,"Papua New Guinea, Wewak Harbor", Wewak Harbor,Tanker,Imports,1130.5,,,,
2023,12,"Samoa, Apia", Apia,Container,Exports,590.1,,,,
2023,12,"Samoa, Apia", Apia,Container,Imports,8380.9,,,,
2023,12,"Samoa, Apia", Apia,General Cargo,Exports,31.6,,,,
2023,12,"Samoa, Apia", Apia,General Cargo,Imports,4600.9,,,,
2023,12,"Samoa, Apia", Apia,Tanker,Imports,3140.2,,,,
2023,12,"Solomon Islands, Honiara", Honiara,Bulk Carrier,Exports,33767.1,,,,
2023,12,"Solomon Islands, Honiara", Honiara,Bulk Carrier,Imports,583.8,,,,
2023,12,"Solomon Islands, Honiara", Honiara,Container,Exports,1117.4,,,,
2023,12,"Solomon Islands, Honiara", Honiara,Container,Imports,8571.8,,,,
2023,12,"Solomon Islands, Honiara", Honiara,General Cargo,Exports,1274.4,,,,
2023,12,"Solomon Islands, Honiara", Honiara,General Cargo,Imports,317.9,,,,
2023,12,"Solomon Islands, Honiara", Honiara,Tanker,Imports,7967.6,,,,
2023,12,"Solomon Islands, Ndora", Ndora,Bulk Carrier,Exports,10604.4,,,,
2023,12,"Solomon Islands, Ndora", Ndora,General Cargo,Exports,3316.4,,,,
2023,12,"Solomon Islands, Port Noro", Port Noro,Bulk Carrier,Exports,58463.1,,,,
2023,12,"Solomon Islands, Port Noro", Port Noro,Container,Exports,2967.5,,,,
2023,12,"Solomon Islands, Port Noro", Port Noro,General Cargo,Exports,6297.5,,,,
2023,12,"Solomon Islands, Port Noro", Port Noro,General Cargo,Imports,504.4,,,,
2023,12,"Solomon Islands, Port Noro", Port Noro,Tanker,Exports,1041.6,,,,
2023,12,"Solomon Islands, Rennell Island", Rennell Island,Bulk Carrier,Exports,13341.9,,,,
2023,12,"Solomon Islands, Ringgi Cove", Ringgi Cove,Bulk Carrier,Exports,13736.2,,,,
2023,12,"Tonga, Neiafu", Neiafu,General Cargo,Exports,1454.6,,,,
2023,12,"Tonga, Neiafu", Neiafu,General Cargo,Imports,138.9,,,,
2023,12,"Tonga, Neiafu", Neiafu,Tanker,Exports,1111.6,,,,
2023,12,"Tonga, Neiafu", Neiafu,Tanker,Imports,640.2,,,,
2023,12,"Tonga, Nuku Alofa", Nuku Alofa,Container,Imports,6431.4,,,,
2023,12,"Tonga, Nuku Alofa", Nuku Alofa,General Cargo,Exports,1424.6,,,,
2023,12,"Tonga, Nuku Alofa", Nuku Alofa,General Cargo,Imports,7872.9,,,,
2023,12,"Tonga, Nuku Alofa", Nuku Alofa,Tanker,Exports,323.8,,,,
2023,12,"Tonga, Nuku Alofa", Nuku Alofa,Tanker,Imports,2119.3,,,,
2023,12,"Tonga, Pangai", Pangai,General Cargo,Exports,909.1,,,,
2023,12,"Tuvalu, Funafuti Atoll", Funafuti Atoll,Container,Imports,934.9,,,,
2023,12,"Tuvalu, Funafuti Atoll", Funafuti Atoll,General Cargo,Exports,30488.3,,,,
2023,12,"Vanuatu, Luganville", Luganville,Container,Exports,769.1,,,,
2023,12,"Vanuatu, Luganville", Luganville,Container,Imports,739.4,,,,
2023,12,"Vanuatu, Luganville", Luganville,General Cargo,Imports,2195.8,,,,
2023,12,"Vanuatu, Port Vila", Port Vila,Container,Exports,386.1,,,,
2023,12,"Vanuatu, Port Vila", Port Vila,Container,Imports,4354,,,,
2023,12,"Vanuatu, Port Vila", Port Vila,General Cargo,Exports,1337.2,,,,
2023,12,"Vanuatu, Port Vila", Port Vila,General Cargo,Imports,1614.7,,,,
2023,12,"Vanuatu, Port Vila", Port Vila,Tanker,Exports,226.7,,,,
2023,12,"Vanuatu, Port Vila", Port Vila,Tanker,Imports,2440.9,,,,
2024,1,"Fiji, Lautoka Harbor", Lautoka Harbor,Bulk Carrier,Exports,25514.4,,,,
2024,1,"Fiji, Lautoka Harbor", Lautoka Harbor,Container,Exports,6695.5,,,,
2024,1,"Fiji, Lautoka Harbor", Lautoka Harbor,Container,Imports,13512.6,,,,
2024,1,"Fiji, Lautoka Harbor", Lautoka Harbor,General Cargo,Exports,1067.6,,,,
2024,1,"Fiji, Lautoka Harbor", Lautoka Harbor,General Cargo,Imports,485.8,,,,
2024,1,"Fiji, Lautoka Harbor", Lautoka Harbor,Tanker,Exports,3622.7,,,,
2024,1,"Fiji, Lautoka Harbor", Lautoka Harbor,Tanker,Imports,33125.3,,,,
2024,1,"Fiji, Malai", Malai,Tanker,Exports,58.5,,,,
2024,1,"Fiji, Malai", Malai,Tanker,Imports,859.3,,,,
2024,1,"Fiji, Suva Harbor", Suva Harbor,Bulk Carrier,Imports,32917.4,,,,
2024,1,"Fiji, Suva Harbor", Suva Harbor,Container,Exports,5487.5,,,,
2024,1,"Fiji, Suva Harbor", Suva Harbor,Container,Imports,20245.7,,,,
2024,1,"Fiji, Suva Harbor", Suva Harbor,General Cargo,Exports,4192.2,,,,
2024,1,"Fiji, Suva Harbor", Suva Harbor,General Cargo,Imports,2720.4,,,,
2024,1,"Fiji, Suva Harbor", Suva Harbor,Tanker,Exports,4460,,,,
2024,1,"Fiji, Suva Harbor", Suva Harbor,Tanker,Imports,20139,,,,
2024,1,"Kiribati, Kiribati", Kiribati,General Cargo,Exports,7255.1,,,,
2024,1,"Kiribati, Tarawa Atoll", Tarawa Atoll,Container,Imports,2705.5,,,,
2024,1,"Kiribati, Tarawa Atoll", Tarawa Atoll,General Cargo,Exports,2823.4,,,,
2024,1,"Kiribati, Tarawa Atoll", Tarawa Atoll,Tanker,Exports,768.1,,,,
2024,1,"Marshall Islands, Ebeye", Ebeye,General Cargo,Exports,179,,,,
2024,1,"Marshall Islands, Ebeye", Ebeye,General Cargo,Imports,2504.4,,,,
2024,1,"Marshall Islands, Kwajalein", Kwajalein,General Cargo,Exports,650.7,,,,
2024,1,"Marshall Islands, Kwajalein", Kwajalein,Tanker,Imports,295.2,,,,
2024,1,"Marshall Islands, Majuro Atoll", Majuro Atoll,Container,Exports,1202.9,,,,
2024,1,"Marshall Islands, Majuro Atoll", Majuro Atoll,Container,Imports,2098.6,,,,
2024,1,"Marshall Islands, Majuro Atoll", Majuro Atoll,General Cargo,Exports,20537.2,,,,
2024,1,"Marshall Islands, Majuro Atoll", Majuro Atoll,General Cargo,Imports,2612.3,,,,
2024,1,"Marshall Islands, Majuro Atoll", Majuro Atoll,Tanker,Imports,2764.6,,,,
2024,1,"Micronesia, Colonia", Colonia,Container,Exports,1699,,,,
2024,1,"Micronesia, Colonia", Colonia,Container,Imports,629.9,,,,
2024,1,"Micronesia, Colonia", Colonia,General Cargo,Exports,82.5,,,,
2024,1,"Micronesia, Colonia", Colonia,General Cargo,Imports,257.4,,,,
2024,1,"Micronesia, Colonia", Colonia,Tanker,Imports,618,,,,
2024,1,"Micronesia, Lele Harbor", Lele Harbor,Container,Exports,2975.3,,,,
2024,1,"Micronesia, Lele Harbor", Lele Harbor,Container,Imports,291.7,,,,
2024,1,"Micronesia, Lele Harbor", Lele Harbor,General Cargo,Exports,179,,,,
2024,1,"Micronesia, Lele Harbor", Lele Harbor,General Cargo,Imports,763.3,,,,
2024,1,"Micronesia, Moen", Moen,General Cargo,Imports,1347.8,,,,
2024,1,"Micronesia, Moen", Moen,Tanker,Imports,623.8,,,,
2024,1,"Micronesia, Pornpei Harbor", Pornpei Harbor,Container,Exports,584.1,,,,
2024,1,"Micronesia, Pornpei Harbor", Pornpei Harbor,General Cargo,Exports,3337.4,,,,
2024,1,"Micronesia, Pornpei Harbor", Pornpei Harbor,General Cargo,Imports,1075.9,,,,
2024,1,"Micronesia, Pornpei Harbor", Pornpei Harbor,Tanker,Exports,208.2,,,,
2024,1,"Nauru, Nauru", Nauru,Container,Imports,479.9,,,,
2024,1,"Nauru, Nauru", Nauru,General Cargo,Exports,167.2,,,,
2024,1,"Nauru, Nauru", Nauru,Tanker,Imports,1159.9,,,,
2024,1,"Palau, Malakal Harbor", Malakal Harbor,Container,Imports,4394.6,,,,
2024,1,"Palau, Malakal Harbor", Malakal Harbor,General Cargo,Imports,263.5,,,,
2024,1,"Palau, Malakal Harbor", Malakal Harbor,Tanker,Imports,1242.7,,,,
2024,1,"Papua New Guinea, Alotoa", Alotoa,Bulk Carrier,Exports,9119.5,,,,
2024,1,"Papua New Guinea, Alotoa", Alotoa,Container,Exports,879.8,,,,
2024,1,"Papua New Guinea, Alotoa", Alotoa,Container,Imports,524.8,,,,
2024,1,"Papua New Guinea, Alotoa", Alotoa,Tanker,Exports,6981.4,,,,
2024,1,"Papua New Guinea, Alotoa", Alotoa,Tanker,Imports,1437.7,,,,
2024,1,"Papua New Guinea, Buka", Buka,Container,Exports,1.2,,,,
2024,1,"Papua New Guinea, Buka", Buka,Container,Imports,1692.4,,,,
2024,1,"Papua New Guinea, Buka", Buka,General Cargo,Imports,589,,,,
2024,1,"Papua New Guinea, Daru", Daru,Bulk Carrier,Exports,5413.1,,,,
2024,1,"Papua New Guinea, Daru", Daru,General Cargo,Exports,9.9,,,,
2024,1,"Papua New Guinea, Kavieng Harbor", Kavieng Harbor,Bulk Carrier,Exports,29376.6,,,,
2024,1,"Papua New Guinea, Kavieng Harbor", Kavieng Harbor,Container,Imports,1589.4,,,,
2024,1,"Papua New Guinea, Kavieng Harbor", Kavieng Harbor,General Cargo,Exports,708.9,,,,
2024,1,"Papua New Guinea, Kavieng Harbor", Kavieng Harbor,General Cargo,Imports,572.3,,,,
2024,1,"Papua New Guinea, Kavieng Harbor", Kavieng Harbor,Tanker,Exports,1441.6,,,,
2024,1,"Papua New Guinea, Kavieng Harbor", Kavieng Harbor,Tanker,Imports,821.7,,,,
2024,1,"Papua New Guinea, Kieta", Kieta,Container,Exports,0.8,,,,
2024,1,"Papua New Guinea, Kieta", Kieta,Container,Imports,1557.4,,,,
2024,1,"Papua New Guinea, Kieta", Kieta,General Cargo,Exports,190.8,,,,
2024,1,"Papua New Guinea, Kimbe", Kimbe,Bulk Carrier,Exports,49570.6,,,,
2024,1,"Papua New Guinea, Kimbe", Kimbe,Container,Imports,1918.8,,,,
2024,1,"Papua New Guinea, Kimbe", Kimbe,General Cargo,Exports,8513.6,,,,
2024,1,"Papua New Guinea, Kimbe", Kimbe,General Cargo,Imports,899,,,,
2024,1,"Papua New Guinea, Kimbe", Kimbe,Tanker,Exports,9939.1,,,,
2024,1,"Papua New Guinea, Kimbe", Kimbe,Tanker,Imports,2655.1,,,,
2024,1,"Papua New Guinea, Lae", Lae,Bulk Carrier,Imports,10704.4,,,,
2024,1,"Papua New Guinea, Lae", Lae,Container,Exports,10547.6,,,,
2024,1,"Papua New Guinea, Lae", Lae,Container,Imports,57272.4,,,,
2024,1,"Papua New Guinea, Lae", Lae,General Cargo,Exports,16851,,,,
2024,1,"Papua New Guinea, Lae", Lae,General Cargo,Imports,6029,,,,
2024,1,"Papua New Guinea, Lae", Lae,Tanker,Exports,983.8,,,,
2024,1,"Papua New Guinea, Lae", Lae,Tanker,Imports,6990.1,,,,
2024,1,"Papua New Guinea, Madang", Madang,Container,Exports,2300.9,,,,
2024,1,"Papua New Guinea, Madang", Madang,Container,Imports,3722.2,,,,
2024,1,"Papua New Guinea, Madang", Madang,General Cargo,Exports,46.3,,,,
2024,1,"Papua New Guinea, Madang", Madang,General Cargo,Imports,1550.9,,,,
2024,1,"Papua New Guinea, Madang", Madang,Tanker,Exports,4945.6,,,,
2024,1,"Papua New Guinea, Madang", Madang,Tanker,Imports,238.5,,,,
2024,1,"Papua New Guinea, Oro Bay", Oro Bay,Bulk Carrier,Exports,10546.3,,,,
2024,1,"Papua New Guinea, Oro Bay", Oro Bay,Container,Exports,0.8,,,,
2024,1,"Papua New Guinea, Oro Bay", Oro Bay,Container,Imports,2997.3,,,,
2024,1,"Papua New Guinea, Oro Bay", Oro Bay,General Cargo,Imports,765.8,,,,
2024,1,"Papua New Guinea, Oro Bay", Oro Bay,Tanker,Imports,2616.3,,,,
2024,1,"Papua New Guinea, Port Moresby", Port Moresby,Bulk Carrier,Exports,15672.4,,,,
2024,1,"Papua New Guinea, Port Moresby", Port Moresby,Bulk Carrier,Imports,616.6,,,,
2024,1,"Papua New Guinea, Port Moresby", Port Moresby,Container,Exports,3802.1,,,,
2024,1,"Papua New Guinea, Port Moresby", Port Moresby,Container,Imports,23970.5,,,,
2024,1,"Papua New Guinea, Port Moresby", Port Moresby,General Cargo,Exports,14214.4,,,,
2024,1,"Papua New Guinea, Port Moresby", Port Moresby,General Cargo,Imports,12730.4,,,,
2024,1,"Papua New Guinea, Port Moresby", Port Moresby,Tanker,Exports,204123,,,,
2024,1,"Papua New Guinea, Port Moresby", Port Moresby,Tanker,Imports,40736.3,,,,
2024,1,"Papua New Guinea, Put Put", Put Put,General Cargo,Exports,557.6,,,,
2024,1,"Papua New Guinea, Put Put", Put Put,General Cargo,Imports,2773.5,,,,
2024,1,"Papua New Guinea, Rabaul", Rabaul,Bulk Carrier,Exports,31355.2,,,,
2024,1,"Papua New Guinea, Rabaul", Rabaul,Container,Exports,1618.8,,,,
2024,1,"Papua New Guinea, Rabaul", Rabaul,Container,Imports,3041.7,,,,
2024,1,"Papua New Guinea, Rabaul", Rabaul,General Cargo,Exports,3914.3,,,,
2024,1,"Papua New Guinea, Rabaul", Rabaul,General Cargo,Imports,7401.5,,,,
2024,1,"Papua New Guinea, Rabaul", Rabaul,Tanker,Exports,482.5,,,,
2024,1,"Papua New Guinea, Rabaul", Rabaul,Tanker,Imports,8689.7,,,,
2024,1,"Papua New Guinea, Vanimo", Vanimo,Bulk Carrier,Exports,15971.3,,,,
2024,1,"Papua New Guinea, Vanimo", Vanimo,General Cargo,Exports,471.2,,,,
2024,1,"Papua New Guinea, Vanimo", Vanimo,General Cargo,Imports,234.4,,,,
2024,1,"Papua New Guinea, Wewak Harbor", Wewak Harbor,Bulk Carrier,Exports,9983,,,,
2024,1,"Papua New Guinea, Wewak Harbor", Wewak Harbor,General Cargo,Exports,1296.8,,,,
2024,1,"Papua New Guinea, Wewak Harbor", Wewak Harbor,General Cargo,Imports,1607.9,,,,
2024,1,"Papua New Guinea, Wewak Harbor", Wewak Harbor,Tanker,Exports,885.4,,,,
2024,1,"Papua New Guinea, Wewak Harbor", Wewak Harbor,Tanker,Imports,1002.6,,,,
2024,1,"Samoa, Apia", Apia,Container,Exports,724.8,,,,
2024,1,"Samoa, Apia", Apia,Container,Imports,6270.6,,,,
2024,1,"Samoa, Apia", Apia,General Cargo,Exports,182.2,,,,
2024,1,"Samoa, Apia", Apia,General Cargo,Imports,4223.3,,,,
2024,1,"Samoa, Apia", Apia,Tanker,Imports,5649.6,,,,
2024,1,"Solomon Islands, Honiara", Honiara,Bulk Carrier,Exports,68638.6,,,,
2024,1,"Solomon Islands, Honiara", Honiara,Container,Exports,601.4,,,,
2024,1,"Solomon Islands, Honiara", Honiara,Container,Imports,13447.2,,,,
2024,1,"Solomon Islands, Honiara", Honiara,General Cargo,Exports,4668.9,,,,
2024,1,"Solomon Islands, Honiara", Honiara,General Cargo,Imports,127.4,,,,
2024,1,"Solomon Islands, Honiara", Honiara,Tanker,Exports,139.1,,,,
2024,1,"Solomon Islands, Honiara", Honiara,Tanker,Imports,8920.5,,,,
2024,1,"Solomon Islands, Ndora", Ndora,Bulk Carrier,Exports,14615.3,,,,
2024,1,"Solomon Islands, Port Noro", Port Noro,Bulk Carrier,Exports,69444.5,,,,
2024,1,"Solomon Islands, Port Noro", Port Noro,Container,Exports,1489.2,,,,
2024,1,"Solomon Islands, Port Noro", Port Noro,General Cargo,Exports,22282.3,,,,
2024,1,"Solomon Islands, Ringgi Cove", Ringgi Cove,Bulk Carrier,Exports,2393.6,,,,
2024,1,"Solomon Islands, Ringgi Cove", Ringgi Cove,General Cargo,Exports,3560.7,,,,
2024,1,"Tonga, Neiafu", Neiafu,General Cargo,Exports,166.7,,,,
2024,1,"Tonga, Neiafu", Neiafu,Tanker,Exports,571.6,,,,
2024,1,"Tonga, Neiafu", Neiafu,Tanker,Imports,444.5,,,,
2024,1,"Tonga, Nuku Alofa", Nuku Alofa,Container,Exports,735.2,,,,
2024,1,"Tonga, Nuku Alofa", Nuku Alofa,Container,Imports,5554.5,,,,
2024,1,"Tonga, Nuku Alofa", Nuku Alofa,General Cargo,Imports,3163.4,,,,
2024,1,"Tonga, Nuku Alofa", Nuku Alofa,Tanker,Exports,117,,,,
2024,1,"Tonga, Nuku Alofa", Nuku Alofa,Tanker,Imports,1356,,,,
2024,1,"Tuvalu, Funafuti Atoll", Funafuti Atoll,Container,Exports,723.4,,,,
2024,1,"Tuvalu, Funafuti Atoll", Funafuti Atoll,General Cargo,Exports,20829.4,,,,
2024,1,"Tuvalu, Funafuti Atoll", Funafuti Atoll,General Cargo,Imports,3424.1,,,,
2024,1,"Tuvalu, Funafuti Atoll", Funafuti Atoll,Tanker,Imports,828.5,,,,
2024,1,"Vanuatu, Luganville", Luganville,Container,Exports,507.6,,,,
2024,1,"Vanuatu, Luganville", Luganville,Container,Imports,3309.7,,,,
2024,1,"Vanuatu, Luganville", Luganville,General Cargo,Imports,2599.5,,,,
2024,1,"Vanuatu, Luganville", Luganville,Tanker,Imports,1964.8,,,,
2024,1,"Vanuatu, Port Vila", Port Vila,Container,Imports,7394.6,,,,
2024,1,"Vanuatu, Port Vila", Port Vila,General Cargo,Exports,324,,,,
2024,1,"Vanuatu, Port Vila", Port Vila,General Cargo,Imports,648.6,,,,
2024,1,"Vanuatu, Port Vila", Port Vila,Tanker,Exports,139.9,,,,
2024,1,"Vanuatu, Port Vila", Port Vila,Tanker,Imports,987.5,,,,
2024,2,"Fiji, Lautoka Harbor", Lautoka Harbor,Container,Exports,3767.8,,,,
2024,2,"Fiji, Lautoka Harbor", Lautoka Harbor,Container,Imports,7557,,,,
2024,2,"Fiji, Lautoka Harbor", Lautoka Harbor,General Cargo,Exports,243.2,,,,
2024,2,"Fiji, Lautoka Harbor", Lautoka Harbor,General Cargo,Imports,885.7,,,,
2024,2,"Fiji, Lautoka Harbor", Lautoka Harbor,Tanker,Exports,4432.8,,,,
2024,2,"Fiji, Lautoka Harbor", Lautoka Harbor,Tanker,Imports,13443.2,,,,
2024,2,"Fiji, Malai", Malai,Tanker,Exports,544.2,,,,
2024,2,"Fiji, Malai", Malai,Tanker,Imports,281.8,,,,
2024,2,"Fiji, Suva Harbor", Suva Harbor,Container,Exports,13115.9,,,,
2024,2,"Fiji, Suva Harbor", Suva Harbor,Container,Imports,10510.5,,,,
2024,2,"Fiji, Suva Harbor", Suva Harbor,General Cargo,Exports,3537.9,,,,
2024,2,"Fiji, Suva Harbor", Suva Harbor,General Cargo,Imports,3741.2,,,,
2024,2,"Fiji, Suva Harbor", Suva Harbor,Tanker,Exports,1356.5,,,,
2024,2,"Fiji, Suva Harbor", Suva Harbor,Tanker,Imports,10973.4,,,,
2024,2,"Kiribati, Kiribati", Kiribati,Tanker,Exports,426.7,,,,
2024,2,"Kiribati, Kiribati", Kiribati,Tanker,Imports,2989.1,,,,
2024,2,"Kiribati, Tarawa Atoll", Tarawa Atoll,Container,Imports,775.1,,,,
2024,2,"Kiribati, Tarawa Atoll", Tarawa Atoll,General Cargo,Exports,1191.5,,,,
2024,2,"Kiribati, Tarawa Atoll", Tarawa Atoll,Tanker,Exports,502.2,,,,
2024,2,"Kiribati, Tarawa Atoll", Tarawa Atoll,Tanker,Imports,838.5,,,,
2024,2,"Marshall Islands, Ebeye", Ebeye,General Cargo,Imports,822.2,,,,
2024,2,"Marshall Islands, Kwajalein", Kwajalein,General Cargo,Exports,547.8,,,,
2024,2,"Marshall Islands, Kwajalein", Kwajalein,General Cargo,Imports,871.3,,,,
2024,2,"Marshall Islands, Kwajalein", Kwajalein,Tanker,Imports,1488.5,,,,
2024,2,"Marshall Islands, Majuro Atoll", Majuro Atoll,Bulk Carrier,Imports,570.2,,,,
2024,2,"Marshall Islands, Majuro Atoll", Majuro Atoll,Container,Exports,1318.5,,,,
2024,2,"Marshall Islands, Majuro Atoll", Majuro Atoll,Container,Imports,3587.8,,,,
2024,2,"Marshall Islands, Majuro Atoll", Majuro Atoll,General Cargo,Exports,5876.4,,,,
2024,2,"Marshall Islands, Majuro Atoll", Majuro Atoll,General Cargo,Imports,549.6,,,,
2024,2,"Marshall Islands, Majuro Atoll", Majuro Atoll,Tanker,Imports,208.8,,,,
2024,2,"Micronesia, Colonia", Colonia,Container,Exports,244.2,,,,
2024,2,"Micronesia, Colonia", Colonia,Container,Imports,490.3,,,,
2024,2,"Micronesia, Colonia", Colonia,General Cargo,Imports,397.3,,,,
2024,2,"Micronesia, Lele Harbor", Lele Harbor,Container,Exports,5803.4,,,,
2024,2,"Micronesia, Lele Harbor", Lele Harbor,General Cargo,Exports,373.4,,,,
2024,2,"Micronesia, Lele Harbor", Lele Harbor,General Cargo,Imports,1661.2,,,,
2024,2,"Micronesia, Lele Harbor", Lele Harbor,Tanker,Imports,207,,,,
2024,2,"Micronesia, Moen", Moen,General Cargo,Exports,82.5,,,,
2024,2,"Micronesia, Moen", Moen,General Cargo,Imports,501.2,,,,
2024,2,"Micronesia, Moen", Moen,Tanker,Imports,1455.5,,,,
2024,2,"Micronesia, Pornpei Harbor", Pornpei Harbor,Container,Exports,1131,,,,
2024,2,"Micronesia, Pornpei Harbor", Pornpei Harbor,General Cargo,Exports,1661.7,,,,
2024,2,"Micronesia, Pornpei Harbor", Pornpei Harbor,General Cargo,Imports,748.8,,,,
2024,2,"Micronesia, Pornpei Harbor", Pornpei Harbor,Tanker,Imports,1455.5,,,,
2024,2,"Nauru, Nauru", Nauru,Container,Imports,999.1,,,,
2024,2,"Nauru, Nauru", Nauru,Tanker,Imports,3491.8,,,,
2024,2,"Palau, Malakal Harbor", Malakal Harbor,Container,Imports,3057,,,,
2024,2,"Palau, Malakal Harbor", Malakal Harbor,General Cargo,Exports,1296.5,,,,
2024,2,"Palau, Malakal Harbor", Malakal Harbor,General Cargo,Imports,251.9,,,,
2024,2,"Palau, Malakal Harbor", Malakal Harbor,Tanker,Imports,826.5,,,,
2024,2,"Papua New Guinea, Alotoa", Alotoa,Bulk Carrier,Exports,24770.1,,,,
2024,2,"Papua New Guinea, Alotoa", Alotoa,Container,Exports,373.7,,,,
2024,2,"Papua New Guinea, Alotoa", Alotoa,Container,Imports,1770.7,,,,
2024,2,"Papua New Guinea, Alotoa", Alotoa,General Cargo,Exports,733.7,,,,
2024,2,"Papua New Guinea, Alotoa", Alotoa,General Cargo,Imports,235.2,,,,
2024,2,"Papua New Guinea, Alotoa", Alotoa,Tanker,Imports,730.2,,,,
2024,2,"Papua New Guinea, Buka", Buka,Container,Exports,1.9,,,,
2024,2,"Papua New Guinea, Buka", Buka,General Cargo,Exports,1127.3,,,,
2024,2,"Papua New Guinea, Daru", Daru,Bulk Carrier,Exports,6659.6,,,,
2024,2,"Papua New Guinea, Daru", Daru,General Cargo,Exports,4.9,,,,
2024,2,"Papua New Guinea, Kavieng Harbor", Kavieng Harbor,Bulk Carrier,Exports,35897.8,,,,
2024,2,"Papua New Guinea, Kavieng Harbor", Kavieng Harbor,Container,Exports,0.8,,,,
2024,2,"Papua New Guinea, Kavieng Harbor", Kavieng Harbor,General Cargo,Exports,12007.7,,,,
2024,2,"Papua New Guinea, Kavieng Harbor", Kavieng Harbor,Tanker,Imports,1316.1,,,,
2024,2,"Papua New Guinea, Kieta", Kieta,Container,Imports,1417.6,,,,
2024,2,"Papua New Guinea, Kimbe", Kimbe,Bulk Carrier,Exports,69325.7,,,,
2024,2,"Papua New Guinea, Kimbe", Kimbe,Bulk Carrier,Imports,383.1,,,,
2024,2,"Papua New Guinea, Kimbe", Kimbe,Container,Imports,2844.1,,,,
2024,2,"Papua New Guinea, Kimbe", Kimbe,General Cargo,Exports,5914.6,,,,
2024,2,"Papua New Guinea, Kimbe", Kimbe,General Cargo,Imports,2526.4,,,,
2024,2,"Papua New Guinea, Kimbe", Kimbe,Tanker,Exports,10409.3,,,,
2024,2,"Papua New Guinea, Kimbe", Kimbe,Tanker,Imports,1591.7,,,,
2024,2,"Papua New Guinea, Lae", Lae,Bulk Carrier,Imports,19380.5,,,,
2024,2,"Papua New Guinea, Lae", Lae,Container,Exports,8553.1,,,,
2024,2,"Papua New Guinea, Lae", Lae,Container,Imports,35591.3,,,,
2024,2,"Papua New Guinea, Lae", Lae,General Cargo,Exports,14584.7,,,,
2024,2,"Papua New Guinea, Lae", Lae,General Cargo,Imports,12344.6,,,,
2024,2,"Papua New Guinea, Lae", Lae,Tanker,Exports,9497.6,,,,
2024,2,"Papua New Guinea, Lae", Lae,Tanker,Imports,9261.8,,,,
2024,2,"Papua New Guinea, Madang", Madang,Container,Exports,1698.9,,,,
2024,2,"Papua New Guinea, Madang", Madang,Container,Imports,2226.6,,,,
2024,2,"Papua New Guinea, Madang", Madang,General Cargo,Exports,3827.4,,,,
2024,2,"Papua New Guinea, Madang", Madang,Tanker,Exports,2531.3,,,,
2024,2,"Papua New Guinea, Oro Bay", Oro Bay,Bulk Carrier,Exports,6392.9,,,,
2024,2,"Papua New Guinea, Oro Bay", Oro Bay,Container,Exports,1.2,,,,
2024,2,"Papua New Guinea, Oro Bay", Oro Bay,Container,Imports,709.8,,,,
2024,2,"Papua New Guinea, Oro Bay", Oro Bay,General Cargo,Exports,257.1,,,,
2024,2,"Papua New Guinea, Oro Bay", Oro Bay,General Cargo,Imports,353.8,,,,
2024,2,"Papua New Guinea, Oro Bay", Oro Bay,Tanker,Imports,318.5,,,,
2024,2,"Papua New Guinea, Port Moresby", Port Moresby,Bulk Carrier,Exports,10642.2,,,,
2024,2,"Papua New Guinea, Port Moresby", Port Moresby,Bulk Carrier,Imports,1461.4,,,,
2024,2,"Papua New Guinea, Port Moresby", Port Moresby,Container,Exports,4467.7,,,,
2024,2,"Papua New Guinea, Port Moresby", Port Moresby,Container,Imports,19082.5,,,,
2024,2,"Papua New Guinea, Port Moresby", Port Moresby,General Cargo,Exports,21241.3,,,,
2024,2,"Papua New Guinea, Port Moresby", Port Moresby,General Cargo,Imports,14405.1,,,,
2024,2,"Papua New Guinea, Port Moresby", Port Moresby,Tanker,Exports,148474.4,,,,
2024,2,"Papua New Guinea, Port Moresby", Port Moresby,Tanker,Imports,38823.1,,,,
2024,2,"Papua New Guinea, Put Put", Put Put,General Cargo,Exports,278.7,,,,
2024,2,"Papua New Guinea, Put Put", Put Put,General Cargo,Imports,4039.4,,,,
2024,2,"Papua New Guinea, Put Put", Put Put,Tanker,Exports,264.9,,,,
2024,2,"Papua New Guinea, Put Put", Put Put,Tanker,Imports,7351,,,,
2024,2,"Papua New Guinea, Rabaul", Rabaul,Container,Exports,4435.7,,,,
2024,2,"Papua New Guinea, Rabaul", Rabaul,Container,Imports,1064,,,,
2024,2,"Papua New Guinea, Rabaul", Rabaul,General Cargo,Exports,4202.5,,,,
2024,2,"Papua New Guinea, Rabaul", Rabaul,General Cargo,Imports,3671.9,,,,
2024,2,"Papua New Guinea, Rabaul", Rabaul,Tanker,Exports,6092.8,,,,
2024,2,"Papua New Guinea, Rabaul", Rabaul,Tanker,Imports,1026.3,,,,
2024,2,"Papua New Guinea, Vanimo", Vanimo,Bulk Carrier,Exports,18117,,,,
2024,2,"Papua New Guinea, Vanimo", Vanimo,General Cargo,Imports,238.5,,,,
2024,2,"Papua New Guinea, Vanimo", Vanimo,Tanker,Exports,2907.2,,,,
2024,2,"Papua New Guinea, Wewak Harbor", Wewak Harbor,Bulk Carrier,Exports,7858.3,,,,
2024,2,"Papua New Guinea, Wewak Harbor", Wewak Harbor,General Cargo,Exports,3195.8,,,,
2024,2,"Papua New Guinea, Wewak Harbor", Wewak Harbor,General Cargo,Imports,5147.9,,,,
2024,2,"Papua New Guinea, Wewak Harbor", Wewak Harbor,Tanker,Exports,4407.3,,,,
2024,2,"Papua New Guinea, Wewak Harbor", Wewak Harbor,Tanker,Imports,98,,,,
2024,2,"Samoa, Apia", Apia,Container,Exports,1447.8,,,,
2024,2,"Samoa, Apia", Apia,Container,Imports,7696.7,,,,
2024,2,"Samoa, Apia", Apia,General Cargo,Exports,669.8,,,,
2024,2,"Samoa, Apia", Apia,General Cargo,Imports,1111,,,,
2024,2,"Samoa, Apia", Apia,Tanker,Imports,4509.5,,,,
2024,2,"Solomon Islands, Honiara", Honiara,Bulk Carrier,Exports,45153,,,,
2024,2,"Solomon Islands, Honiara", Honiara,Container,Exports,494,,,,
2024,2,"Solomon Islands, Honiara", Honiara,Container,Imports,7424.9,,,,
2024,2,"Solomon Islands, Honiara", Honiara,General Cargo,Exports,886,,,,
2024,2,"Solomon Islands, Honiara", Honiara,General Cargo,Imports,318.8,,,,
2024,2,"Solomon Islands, Honiara", Honiara,Tanker,Imports,15999.8,,,,
2024,2,"Solomon Islands, Ndora", Ndora,Bulk Carrier,Exports,3602.1,,,,
2024,2,"Solomon Islands, Port Noro", Port Noro,Bulk Carrier,Exports,57034.7,,,,
2024,2,"Solomon Islands, Port Noro", Port Noro,Container,Exports,306.4,,,,
2024,2,"Solomon Islands, Port Noro", Port Noro,General Cargo,Exports,1381.4,,,,
2024,2,"Solomon Islands, Port Noro", Port Noro,Tanker,Exports,343.2,,,,
2024,2,"Tonga, Neiafu", Neiafu,General Cargo,Imports,495,,,,
2024,2,"Tonga, Neiafu", Neiafu,Tanker,Imports,303.4,,,,
2024,2,"Tonga, Nuku Alofa", Nuku Alofa,Container,Exports,769.5,,,,
2024,2,"Tonga, Nuku Alofa", Nuku Alofa,Container,Imports,6343.1,,,,
2024,2,"Tonga, Nuku Alofa", Nuku Alofa,General Cargo,Imports,5297.1,,,,
2024,2,"Tonga, Nuku Alofa", Nuku Alofa,Tanker,Exports,524.7,,,,
2024,2,"Tonga, Nuku Alofa", Nuku Alofa,Tanker,Imports,1568.5,,,,
2024,2,"Tuvalu, Funafuti Atoll", Funafuti Atoll,General Cargo,Exports,12835.6,,,,
2024,2,"Tuvalu, Funafuti Atoll", Funafuti Atoll,Tanker,Imports,867.3,,,,
2024,2,"Vanuatu, Luganville", Luganville,Container,Imports,2210.9,,,,
2024,2,"Vanuatu, Luganville", Luganville,General Cargo,Exports,649.3,,,,
2024,2,"Vanuatu, Luganville", Luganville,General Cargo,Imports,1052.7,,,,
2024,2,"Vanuatu, Port Vila", Port Vila,Container,Imports,4612.5,,,,
2024,2,"Vanuatu, Port Vila", Port Vila,General Cargo,Imports,1367.4,,,,
2024,2,"Vanuatu, Port Vila", Port Vila,Tanker,Imports,228.2,,,,
2024,3,"Fiji, Lautoka Harbor", Lautoka Harbor,Bulk Carrier,Imports,1857.1,,,,
2024,3,"Fiji, Lautoka Harbor", Lautoka Harbor,Container,Exports,8121,,,,
2024,3,"Fiji, Lautoka Harbor", Lautoka Harbor,Container,Imports,8488.4,,,,
2024,3,"Fiji, Lautoka Harbor", Lautoka Harbor,General Cargo,Exports,1829.1,,,,
2024,3,"Fiji, Lautoka Harbor", Lautoka Harbor,General Cargo,Imports,1176.6,,,,
2024,3,"Fiji, Lautoka Harbor", Lautoka Harbor,Tanker,Exports,2354.5,,,,
2024,3,"Fiji, Lautoka Harbor", Lautoka Harbor,Tanker,Imports,26657.5,,,,
2024,3,"Fiji, Malai", Malai,Tanker,Exports,629.1,,,,
2024,3,"Fiji, Suva Harbor", Suva Harbor,Container,Exports,13335.7,,,,
2024,3,"Fiji, Suva Harbor", Suva Harbor,Container,Imports,20332.5,,,,
2024,3,"Fiji, Suva Harbor", Suva Harbor,General Cargo,Exports,1596.5,,,,
2024,3,"Fiji, Suva Harbor", Suva Harbor,General Cargo,Imports,4630,,,,
2024,3,"Fiji, Suva Harbor", Suva Harbor,Tanker,Imports,11601.1,,,,
2024,3,"Kiribati, Kiribati", Kiribati,General Cargo,Imports,151.8,,,,
2024,3,"Kiribati, Kiribati", Kiribati,Tanker,Imports,3818.8,,,,
2024,3,"Kiribati, Tarawa Atoll", Tarawa Atoll,Container,Imports,1543.5,,,,
2024,3,"Kiribati, Tarawa Atoll", Tarawa Atoll,General Cargo,Exports,423.3,,,,
2024,3,"Kiribati, Tarawa Atoll", Tarawa Atoll,General Cargo,Imports,3911.4,,,,
2024,3,"Kiribati, Tarawa Atoll", Tarawa Atoll,Tanker,Imports,561.4,,,,
2024,3,"Marshall Islands, Ebeye", Ebeye,General Cargo,Imports,1901.2,,,,
2024,3,"Marshall Islands, Kwajalein", Kwajalein,General Cargo,Imports,315.1,,,,
2024,3,"Marshall Islands, Kwajalein", Kwajalein,Tanker,Imports,2046.1,,,,
2024,3,"Marshall Islands, Majuro Atoll", Majuro Atoll,Container,Exports,1608.5,,,,
2024,3,"Marshall Islands, Majuro Atoll", Majuro Atoll,Container,Imports,386.9,,,,
2024,3,"Marshall Islands, Majuro Atoll", Majuro Atoll,General Cargo,Exports,2238.7,,,,
2024,3,"Marshall Islands, Majuro Atoll", Majuro Atoll,General Cargo,Imports,2820.8,,,,
2024,3,"Marshall Islands, Majuro Atoll", Majuro Atoll,Tanker,Exports,665.1,,,,
2024,3,"Marshall Islands, Majuro Atoll", Majuro Atoll,Tanker,Imports,2616,,,,
2024,3,"Micronesia, Colonia", Colonia,Container,Exports,33.7,,,,
2024,3,"Micronesia, Colonia", Colonia,Container,Imports,984.5,,,,
2024,3,"Micronesia, Colonia", Colonia,General Cargo,Imports,565.1,,,,
2024,3,"Micronesia, Colonia", Colonia,Tanker,Imports,416.9,,,,
2024,3,"Micronesia, Lele Harbor", Lele Harbor,Container,Imports,295,,,,
2024,3,"Micronesia, Lele Harbor", Lele Harbor,General Cargo,Exports,82.5,,,,
2024,3,"Micronesia, Lele Harbor", Lele Harbor,General Cargo,Imports,1064.6,,,,
2024,3,"Micronesia, Moen", Moen,General Cargo,Imports,2581.3,,,,
2024,3,"Micronesia, Pornpei Harbor", Pornpei Harbor,Container,Exports,915.9,,,,
2024,3,"Micronesia, Pornpei Harbor", Pornpei Harbor,Container,Imports,591.7,,,,
2024,3,"Micronesia, Pornpei Harbor", Pornpei Harbor,General Cargo,Exports,2624.5,,,,
2024,3,"Micronesia, Pornpei Harbor", Pornpei Harbor,General Cargo,Imports,1222.5,,,,
2024,3,"Micronesia, Pornpei Harbor", Pornpei Harbor,Tanker,Imports,207,,,,
2024,3,"Nauru, Nauru", Nauru,Container,Imports,1984.3,,,,
2024,3,"Palau, Malakal Harbor", Malakal Harbor,Container,Imports,1461.2,,,,
2024,3,"Palau, Malakal Harbor", Malakal Harbor,General Cargo,Imports,3413.5,,,,
2024,3,"Palau, Malakal Harbor", Malakal Harbor,Tanker,Imports,831.3,,,,
2024,3,"Papua New Guinea, Alotoa", Alotoa,Bulk Carrier,Exports,3700.8,,,,
2024,3,"Papua New Guinea, Alotoa", Alotoa,Container,Exports,1.2,,,,
2024,3,"Papua New Guinea, Alotoa", Alotoa,General Cargo,Exports,764.5,,,,
2024,3,"Papua New Guinea, Alotoa", Alotoa,General Cargo,Imports,465.9,,,,
2024,3,"Papua New Guinea, Alotoa", Alotoa,Tanker,Exports,58.2,,,,
2024,3,"Papua New Guinea, Alotoa", Alotoa,Tanker,Imports,1748.4,,,,
2024,3,"Papua New Guinea, Buka", Buka,Container,Exports,1.2,,,,
2024,3,"Papua New Guinea, Buka", Buka,General Cargo,Exports,2276.6,,,,
2024,3,"Papua New Guinea, Daru", Daru,Bulk Carrier,Exports,5483,,,,
2024,3,"Papua New Guinea, Daru", Daru,Bulk Carrier,Imports,771.4,,,,
2024,3,"Papua New Guinea, Daru", Daru,General Cargo,Exports,14.8,,,,
2024,3,"Papua New Guinea, Daru", Daru,General Cargo,Imports,399.5,,,,
2024,3,"Papua New Guinea, Kavieng Harbor", Kavieng Harbor,Container,Exports,0.8,,,,
2024,3,"Papua New Guinea, Kavieng Harbor", Kavieng Harbor,General Cargo,Exports,1584.8,,,,
2024,3,"Papua New Guinea, Kavieng Harbor", Kavieng Harbor,General Cargo,Imports,1830.3,,,,
2024,3,"Papua New Guinea, Kavieng Harbor", Kavieng Harbor,Tanker,Exports,1908.4,,,,
2024,3,"Papua New Guinea, Kieta", Kieta,Container,Exports,1.9,,,,
2024,3,"Papua New Guinea, Kieta", Kieta,General Cargo,Exports,872.4,,,,
2024,3,"Papua New Guinea, Kimbe", Kimbe,Bulk Carrier,Exports,13695.4,,,,
2024,3,"Papua New Guinea, Kimbe", Kimbe,Container,Imports,303.1,,,,
2024,3,"Papua New Guinea, Kimbe", Kimbe,General Cargo,Exports,2730.7,,,,
2024,3,"Papua New Guinea, Kimbe", Kimbe,General Cargo,Imports,426.6,,,,
2024,3,"Papua New Guinea, Kimbe", Kimbe,Tanker,Exports,9505.2,,,,
2024,3,"Papua New Guinea, Kimbe", Kimbe,Tanker,Imports,98,,,,
2024,3,"Papua New Guinea, Lae", Lae,Bulk Carrier,Imports,22154.1,,,,
2024,3,"Papua New Guinea, Lae", Lae,Container,Exports,18025,,,,
2024,3,"Papua New Guinea, Lae", Lae,Container,Imports,34580.2,,,,
2024,3,"Papua New Guinea, Lae", Lae,General Cargo,Exports,20082.4,,,,
2024,3,"Papua New Guinea, Lae", Lae,General Cargo,Imports,2724.1,,,,
2024,3,"Papua New Guinea, Lae", Lae,Tanker,Exports,3908.3,,,,
2024,3,"Papua New Guinea, Lae", Lae,Tanker,Imports,18691.7,,,,
2024,3,"Papua New Guinea, Madang", Madang,Bulk Carrier,Exports,961.8,,,,
2024,3,"Papua New Guinea, Madang", Madang,Container,Exports,3441.7,,,,
2024,3,"Papua New Guinea, Madang", Madang,Container,Imports,1163.1,,,,
2024,3,"Papua New Guinea, Madang", Madang,General Cargo,Exports,753,,,,
2024,3,"Papua New Guinea, Madang", Madang,General Cargo,Imports,395,,,,
2024,3,"Papua New Guinea, Madang", Madang,Tanker,Exports,58.2,,,,
2024,3,"Papua New Guinea, Madang", Madang,Tanker,Imports,4717.8,,,,
2024,3,"Papua New Guinea, Oro Bay", Oro Bay,Bulk Carrier,Exports,20261.1,,,,
2024,3,"Papua New Guinea, Oro Bay", Oro Bay,Container,Exports,0.8,,,,
2024,3,"Papua New Guinea, Oro Bay", Oro Bay,General Cargo,Exports,71.1,,,,
2024,3,"Papua New Guinea, Oro Bay", Oro Bay,General Cargo,Imports,1355.9,,,,
2024,3,"Papua New Guinea, Oro Bay", Oro Bay,Tanker,Exports,6491.8,,,,
2024,3,"Papua New Guinea, Port Moresby", Port Moresby,Bulk Carrier,Exports,23210.7,,,,
2024,3,"Papua New Guinea, Port Moresby", Port Moresby,Container,Exports,8642.8,,,,
2024,3,"Papua New Guinea, Port Moresby", Port Moresby,Container,Imports,19025.2,,,,
2024,3,"Papua New Guinea, Port Moresby", Port Moresby,General Cargo,Exports,4261.7,,,,
2024,3,"Papua New Guinea, Port Moresby", Port Moresby,General Cargo,Imports,13421.7,,,,
2024,3,"Papua New Guinea, Port Moresby", Port Moresby,Tanker,Exports,268844.2,,,,
2024,3,"Papua New Guinea, Port Moresby", Port Moresby,Tanker,Imports,29989.8,,,,
2024,3,"Papua New Guinea, Put Put", Put Put,General Cargo,Exports,1710.7,,,,
2024,3,"Papua New Guinea, Put Put", Put Put,General Cargo,Imports,2448.1,,,,
2024,3,"Papua New Guinea, Put Put", Put Put,Tanker,Exports,508.1,,,,
2024,3,"Papua New Guinea, Put Put", Put Put,Tanker,Imports,5892.9,,,,
2024,3,"Papua New Guinea, Rabaul", Rabaul,Bulk Carrier,Exports,20070.4,,,,
2024,3,"Papua New Guinea, Rabaul", Rabaul,Container,Exports,0.8,,,,
2024,3,"Papua New Guinea, Rabaul", Rabaul,Container,Imports,4762.4,,,,
2024,3,"Papua New Guinea, Rabaul", Rabaul,General Cargo,Exports,27053.4,,,,
2024,3,"Papua New Guinea, Rabaul", Rabaul,General Cargo,Imports,1527.4,,,,
2024,3,"Papua New Guinea, Rabaul", Rabaul,Tanker,Exports,195.3,,,,
2024,3,"Papua New Guinea, Rabaul", Rabaul,Tanker,Imports,3495.3,,,,
2024,3,"Papua New Guinea, Vanimo", Vanimo,Bulk Carrier,Exports,3669.8,,,,
2024,3,"Papua New Guinea, Vanimo", Vanimo,Bulk Carrier,Imports,355.3,,,,
2024,3,"Papua New Guinea, Vanimo", Vanimo,General Cargo,Exports,1087.4,,,,
2024,3,"Papua New Guinea, Vanimo", Vanimo,Tanker,Exports,2404.1,,,,
2024,3,"Papua New Guinea, Wewak Harbor", Wewak Harbor,Bulk Carrier,Exports,11108.6,,,,
2024,3,"Papua New Guinea, Wewak Harbor", Wewak Harbor,General Cargo,Exports,2237.4,,,,
2024,3,"Papua New Guinea, Wewak Harbor", Wewak Harbor,General Cargo,Imports,295.3,,,,
2024,3,"Papua New Guinea, Wewak Harbor", Wewak Harbor,Tanker,Exports,3262.7,,,,
2024,3,"Papua New Guinea, Wewak Harbor", Wewak Harbor,Tanker,Imports,361.9,,,,
2024,3,"Samoa, Apia", Apia,Container,Exports,1491.8,,,,
2024,3,"Samoa, Apia", Apia,Container,Imports,6666.6,,,,
2024,3,"Samoa, Apia", Apia,General Cargo,Exports,293.4,,,,
2024,3,"Samoa, Apia", Apia,General Cargo,Imports,2947.7,,,,
2024,3,"Samoa, Apia", Apia,Tanker,Imports,7123.9,,,,
2024,3,"Solomon Islands, Honiara", Honiara,Bulk Carrier,Exports,21620.9,,,,
2024,3,"Solomon Islands, Honiara", Honiara,Container,Exports,3041.2,,,,
2024,3,"Solomon Islands, Honiara", Honiara,Container,Imports,10139.3,,,,
2024,3,"Solomon Islands, Honiara", Honiara,General Cargo,Exports,12317.6,,,,
2024,3,"Solomon Islands, Honiara", Honiara,General Cargo,Imports,1161.8,,,,
2024,3,"Solomon Islands, Honiara", Honiara,Tanker,Exports,6364,,,,
2024,3,"Solomon Islands, Honiara", Honiara,Tanker,Imports,7865.5,,,,
2024,3,"Solomon Islands, Ndora", Ndora,Bulk Carrier,Exports,8361.7,,,,
2024,3,"Solomon Islands, Port Noro", Port Noro,Bulk Carrier,Exports,61932,,,,
2024,3,"Solomon Islands, Port Noro", Port Noro,Container,Exports,3062,,,,
2024,3,"Solomon Islands, Port Noro", Port Noro,General Cargo,Exports,4662.9,,,,
2024,3,"Solomon Islands, Port Noro", Port Noro,General Cargo,Imports,204.9,,,,
2024,3,"Solomon Islands, Rennell Island", Rennell Island,Bulk Carrier,Exports,119.3,,,,
2024,3,"Solomon Islands, Ringgi Cove", Ringgi Cove,Bulk Carrier,Exports,8317.5,,,,
2024,3,"Solomon Islands, Seghe", Seghe,Bulk Carrier,Exports,238.5,,,,
2024,3,"Tonga, Neiafu", Neiafu,General Cargo,Exports,166.7,,,,
2024,3,"Tonga, Neiafu", Neiafu,Tanker,Imports,1261.8,,,,
2024,3,"Tonga, Nuku Alofa", Nuku Alofa,Container,Exports,255.6,,,,
2024,3,"Tonga, Nuku Alofa", Nuku Alofa,Container,Imports,11204,,,,
2024,3,"Tonga, Nuku Alofa", Nuku Alofa,General Cargo,Exports,336.1,,,,
2024,3,"Tonga, Nuku Alofa", Nuku Alofa,General Cargo,Imports,5285.3,,,,
2024,3,"Tonga, Nuku Alofa", Nuku Alofa,Tanker,Exports,58.5,,,,
2024,3,"Tonga, Nuku Alofa", Nuku Alofa,Tanker,Imports,1140.6,,,,
2024,3,"Tuvalu, Funafuti Atoll", Funafuti Atoll,Container,Exports,723.4,,,,
2024,3,"Tuvalu, Funafuti Atoll", Funafuti Atoll,General Cargo,Exports,3865.5,,,,
2024,3,"Tuvalu, Funafuti Atoll", Funafuti Atoll,General Cargo,Imports,889.1,,,,
2024,3,"Tuvalu, Funafuti Atoll", Funafuti Atoll,Tanker,Imports,830.2,,,,
2024,3,"Vanuatu, Luganville", Luganville,Container,Imports,8100.5,,,,
2024,3,"Vanuatu, Luganville", Luganville,General Cargo,Imports,2152.8,,,,
2024,3,"Vanuatu, Port Vila", Port Vila,Container,Exports,4240.2,,,,
2024,3,"Vanuatu, Port Vila", Port Vila,Container,Imports,5120.2,,,,
2024,3,"Vanuatu, Port Vila", Port Vila,General Cargo,Exports,163.1,,,,
2024,3,"Vanuatu, Port Vila", Port Vila,General Cargo,Imports,2508.8,,,,
2024,3,"Vanuatu, Port Vila", Port Vila,Tanker,Imports,4082.4,,,,
2024,4,"Fiji, Lautoka Harbor", Lautoka Harbor,Bulk Carrier,Exports,5780.6,,,,
2024,4,"Fiji, Lautoka Harbor", Lautoka Harbor,Bulk Carrier,Imports,10293.6,,,,
2024,4,"Fiji, Lautoka Harbor", Lautoka Harbor,Container,Exports,13964.6,,,,
2024,4,"Fiji, Lautoka Harbor", Lautoka Harbor,Container,Imports,13105.6,,,,
2024,4,"Fiji, Lautoka Harbor", Lautoka Harbor,General Cargo,Exports,655.5,,,,
2024,4,"Fiji, Lautoka Harbor", Lautoka Harbor,General Cargo,Imports,1578.1,,,,
2024,4,"Fiji, Lautoka Harbor", Lautoka Harbor,Tanker,Exports,7930.4,,,,
2024,4,"Fiji, Lautoka Harbor", Lautoka Harbor,Tanker,Imports,36900.5,,,,
2024,4,"Fiji, Malai", Malai,Bulk Carrier,Exports,4785.1,,,,
2024,4,"Fiji, Malai", Malai,Tanker,Exports,603.4,,,,
2024,4,"Fiji, Malai", Malai,Tanker,Imports,1119.7,,,,
2024,4,"Fiji, Suva Harbor", Suva Harbor,Bulk Carrier,Imports,22425.8,,,,
2024,4,"Fiji, Suva Harbor", Suva Harbor,Container,Exports,4855,,,,
2024,4,"Fiji, Suva Harbor", Suva Harbor,Container,Imports,22989.7,,,,
2024,4,"Fiji, Suva Harbor", Suva Harbor,General Cargo,Exports,3534.9,,,,
2024,4,"Fiji, Suva Harbor", Suva Harbor,General Cargo,Imports,5407.7,,,,
2024,4,"Fiji, Suva Harbor", Suva Harbor,Tanker,Exports,856.3,,,,
2024,4,"Fiji, Suva Harbor", Suva Harbor,Tanker,Imports,13097.6,,,,
2024,4,"Kiribati, Kiribati", Kiribati,General Cargo,Exports,2886.4,,,,
2024,4,"Kiribati, Kiribati", Kiribati,General Cargo,Imports,3173.8,,,,
2024,4,"Kiribati, Kiribati", Kiribati,Tanker,Exports,76.5,,,,
2024,4,"Kiribati, Kiribati", Kiribati,Tanker,Imports,141.9,,,,
2024,4,"Kiribati, Tarawa Atoll", Tarawa Atoll,Container,Imports,2315.2,,,,
2024,4,"Kiribati, Tarawa Atoll", Tarawa Atoll,General Cargo,Exports,1472.8,,,,
2024,4,"Kiribati, Tarawa Atoll", Tarawa Atoll,General Cargo,Imports,1714.5,,,,
2024,4,"Kiribati, Tarawa Atoll", Tarawa Atoll,Tanker,Exports,4103.1,,,,
2024,4,"Marshall Islands, Ebeye", Ebeye,General Cargo,Imports,1280.5,,,,
2024,4,"Marshall Islands, Kwajalein", Kwajalein,General Cargo,Exports,1095.7,,,,
2024,4,"Marshall Islands, Kwajalein", Kwajalein,General Cargo,Imports,2819.2,,,,
2024,4,"Marshall Islands, Majuro Atoll", Majuro Atoll,Container,Exports,2132.1,,,,
2024,4,"Marshall Islands, Majuro Atoll", Majuro Atoll,Container,Imports,775.1,,,,
2024,4,"Marshall Islands, Majuro Atoll", Majuro Atoll,General Cargo,Exports,1732.9,,,,
2024,4,"Marshall Islands, Majuro Atoll", Majuro Atoll,General Cargo,Imports,1044.5,,,,
2024,4,"Marshall Islands, Majuro Atoll", Majuro Atoll,Tanker,Imports,2742.3,,,,
2024,4,"Micronesia, Colonia", Colonia,Container,Exports,33.7,,,,
2024,4,"Micronesia, Colonia", Colonia,Container,Imports,384.1,,,,
2024,4,"Micronesia, Colonia", Colonia,General Cargo,Exports,1285.2,,,,
2024,4,"Micronesia, Colonia", Colonia,Tanker,Imports,419.3,,,,
2024,4,"Micronesia, Lele Harbor", Lele Harbor,Container,Exports,2097,,,,
2024,4,"Micronesia, Lele Harbor", Lele Harbor,General Cargo,Imports,1021.3,,,,
2024,4,"Micronesia, Lele Harbor", Lele Harbor,Tanker,Imports,413.8,,,,
2024,4,"Micronesia, Moen", Moen,General Cargo,Exports,3241.5,,,,
2024,4,"Micronesia, Moen", Moen,General Cargo,Imports,1660,,,,
2024,4,"Micronesia, Moen", Moen,Tanker,Imports,414.3,,,,
2024,4,"Micronesia, Pornpei Harbor", Pornpei Harbor,Container,Imports,1201.1,,,,
2024,4,"Micronesia, Pornpei Harbor", Pornpei Harbor,General Cargo,Exports,5058.3,,,,
2024,4,"Micronesia, Pornpei Harbor", Pornpei Harbor,General Cargo,Imports,2364.3,,,,
2024,4,"Micronesia, Pornpei Harbor", Pornpei Harbor,Tanker,Imports,619.8,,,,
2024,4,"Nauru, Nauru", Nauru,Bulk Carrier,Exports,18149.1,,,,
2024,4,"Nauru, Nauru", Nauru,General Cargo,Imports,2857.3,,,,
2024,4,"Palau, Malakal Harbor", Malakal Harbor,Container,Imports,2929.4,,,,
2024,4,"Palau, Malakal Harbor", Malakal Harbor,General Cargo,Exports,315.8,,,,
2024,4,"Papua New Guinea, Alotoa", Alotoa,Bulk Carrier,Exports,6659.6,,,,
2024,4,"Papua New Guinea, Alotoa", Alotoa,Container,Exports,1.9,,,,
2024,4,"Papua New Guinea, Alotoa", Alotoa,General Cargo,Exports,5543.3,,,,
2024,4,"Papua New Guinea, Alotoa", Alotoa,Tanker,Exports,3908.3,,,,
2024,4,"Papua New Guinea, Alotoa", Alotoa,Tanker,Imports,1280.8,,,,
2024,4,"Papua New Guinea, Buka", Buka,General Cargo,Exports,539.4,,,,
2024,4,"Papua New Guinea, Buka", Buka,General Cargo,Imports,1873.3,,,,
2024,4,"Papua New Guinea, Daru", Daru,Bulk Carrier,Exports,21489,,,,
2024,4,"Papua New Guinea, Daru", Daru,General Cargo,Exports,9.9,,,,
2024,4,"Papua New Guinea, Kavieng Harbor", Kavieng Harbor,Bulk Carrier,Exports,19390.5,,,,
2024,4,"Papua New Guinea, Kavieng Harbor", Kavieng Harbor,Container,Exports,0.8,,,,
2024,4,"Papua New Guinea, Kavieng Harbor", Kavieng Harbor,Container,Imports,1301.4,,,,
2024,4,"Papua New Guinea, Kavieng Harbor", Kavieng Harbor,General Cargo,Exports,177.2,,,,
2024,4,"Papua New Guinea, Kavieng Harbor", Kavieng Harbor,Tanker,Imports,2422.3,,,,
2024,4,"Papua New Guinea, Kieta", Kieta,General Cargo,Imports,1145.4,,,,
2024,4,"Papua New Guinea, Kimbe", Kimbe,Bulk Carrier,Exports,25354.4,,,,
2024,4,"Papua New Guinea, Kimbe", Kimbe,Container,Imports,11436.6,,,,
2024,4,"Papua New Guinea, Kimbe", Kimbe,General Cargo,Exports,7931.5,,,,
2024,4,"Papua New Guinea, Kimbe", Kimbe,Tanker,Exports,26948,,,,
2024,4,"Papua New Guinea, Kimbe", Kimbe,Tanker,Imports,854.6,,,,
2024,4,"Papua New Guinea, Lae", Lae,Bulk Carrier,Imports,17387.6,,,,
2024,4,"Papua New Guinea, Lae", Lae,Container,Exports,16492.6,,,,
2024,4,"Papua New Guinea, Lae", Lae,Container,Imports,36875.6,,,,
2024,4,"Papua New Guinea, Lae", Lae,General Cargo,Exports,29655,,,,
2024,4,"Papua New Guinea, Lae", Lae,General Cargo,Imports,10052.6,,,,
2024,4,"Papua New Guinea, Lae", Lae,Tanker,Exports,3161.5,,,,
2024,4,"Papua New Guinea, Lae", Lae,Tanker,Imports,14924,,,,
2024,4,"Papua New Guinea, Madang", Madang,Bulk Carrier,Exports,4196.6,,,,
2024,4,"Papua New Guinea, Madang", Madang,Container,Imports,5910.8,,,,
2024,4,"Papua New Guinea, Madang", Madang,General Cargo,Exports,1497.9,,,,
2024,4,"Papua New Guinea, Madang", Madang,General Cargo,Imports,2279.9,,,,
2024,4,"Papua New Guinea, Madang", Madang,Tanker,Exports,6000.1,,,,
2024,4,"Papua New Guinea, Madang", Madang,Tanker,Imports,347.7,,,,
2024,4,"Papua New Guinea, Oro Bay", Oro Bay,Bulk Carrier,Exports,5722.5,,,,
2024,4,"Papua New Guinea, Oro Bay", Oro Bay,Container,Imports,4137.8,,,,
2024,4,"Papua New Guinea, Oro Bay", Oro Bay,General Cargo,Exports,308.4,,,,
2024,4,"Papua New Guinea, Oro Bay", Oro Bay,General Cargo,Imports,380.6,,,,
2024,4,"Papua New Guinea, Oro Bay", Oro Bay,Tanker,Exports,58.2,,,,
2024,4,"Papua New Guinea, Oro Bay", Oro Bay,Tanker,Imports,3453.4,,,,
2024,4,"Papua New Guinea, Port Moresby", Port Moresby,Bulk Carrier,Exports,2593.1,,,,
2024,4,"Papua New Guinea, Port Moresby", Port Moresby,Bulk Carrier,Imports,59.7,,,,
2024,4,"Papua New Guinea, Port Moresby", Port Moresby,Container,Exports,3204.1,,,,
2024,4,"Papua New Guinea, Port Moresby", Port Moresby,Container,Imports,23262.8,,,,
2024,4,"Papua New Guinea, Port Moresby", Port Moresby,General Cargo,Exports,18195.5,,,,
2024,4,"Papua New Guinea, Port Moresby", Port Moresby,General Cargo,Imports,18852.7,,,,
2024,4,"Papua New Guinea, Port Moresby", Port Moresby,Tanker,Exports,188183.3,,,,
2024,4,"Papua New Guinea, Port Moresby", Port Moresby,Tanker,Imports,36084.1,,,,
2024,4,"Papua New Guinea, Put Put", Put Put,General Cargo,Exports,699,,,,
2024,4,"Papua New Guinea, Put Put", Put Put,General Cargo,Imports,3381,,,,
2024,4,"Papua New Guinea, Put Put", Put Put,Tanker,Exports,877.3,,,,
2024,4,"Papua New Guinea, Rabaul", Rabaul,Bulk Carrier,Exports,1577.9,,,,
2024,4,"Papua New Guinea, Rabaul", Rabaul,Container,Exports,431.2,,,,
2024,4,"Papua New Guinea, Rabaul", Rabaul,Container,Imports,3044.1,,,,
2024,4,"Papua New Guinea, Rabaul", Rabaul,General Cargo,Exports,13571.4,,,,
2024,4,"Papua New Guinea, Rabaul", Rabaul,General Cargo,Imports,2043.4,,,,
2024,4,"Papua New Guinea, Rabaul", Rabaul,Tanker,Exports,7224,,,,
2024,4,"Papua New Guinea, Rabaul", Rabaul,Tanker,Imports,9384.7,,,,
2024,4,"Papua New Guinea, Vanimo", Vanimo,Bulk Carrier,Exports,4116.5,,,,
2024,4,"Papua New Guinea, Vanimo", Vanimo,General Cargo,Exports,1670.6,,,,
2024,4,"Papua New Guinea, Vanimo", Vanimo,General Cargo,Imports,3916.9,,,,
2024,4,"Papua New Guinea, Wewak Harbor", Wewak Harbor,Bulk Carrier,Exports,17301.2,,,,
2024,4,"Papua New Guinea, Wewak Harbor", Wewak Harbor,General Cargo,Exports,2172.1,,,,
2024,4,"Papua New Guinea, Wewak Harbor", Wewak Harbor,General Cargo,Imports,3149.7,,,,
2024,4,"Papua New Guinea, Wewak Harbor", Wewak Harbor,Tanker,Imports,195.9,,,,
2024,4,"Samoa, Apia", Apia,Container,Imports,16280,,,,
2024,4,"Samoa, Apia", Apia,General Cargo,Exports,1569,,,,
2024,4,"Samoa, Apia", Apia,General Cargo,Imports,1706.1,,,,
2024,4,"Samoa, Apia", Apia,Tanker,Exports,144.2,,,,
2024,4,"Samoa, Apia", Apia,Tanker,Imports,2561.7,,,,
2024,4,"Solomon Islands, Honiara", Honiara,Bulk Carrier,Exports,50870.1,,,,
2024,4,"Solomon Islands, Honiara", Honiara,Container,Exports,1578,,,,
2024,4,"Solomon Islands, Honiara", Honiara,Container,Imports,1297.2,,,,
2024,4,"Solomon Islands, Honiara", Honiara,General Cargo,Exports,2686.9,,,,
2024,4,"Solomon Islands, Honiara", Honiara,Tanker,Imports,7480.9,,,,
2024,4,"Solomon Islands, Ndora", Ndora,General Cargo,Exports,2380.2,,,,
2024,4,"Solomon Islands, Port Noro", Port Noro,Bulk Carrier,Exports,23101.3,,,,
2024,4,"Solomon Islands, Port Noro", Port Noro,Bulk Carrier,Imports,1525.4,,,,
2024,4,"Solomon Islands, Port Noro", Port Noro,Container,Exports,437.5,,,,
2024,4,"Solomon Islands, Port Noro", Port Noro,General Cargo,Exports,2380.2,,,,
2024,4,"Solomon Islands, Port Noro", Port Noro,Tanker,Imports,868.6,,,,
2024,4,"Tonga, Neiafu", Neiafu,General Cargo,Imports,334.2,,,,
2024,4,"Tonga, Neiafu", Neiafu,Tanker,Imports,163.7,,,,
2024,4,"Tonga, Nuku Alofa", Nuku Alofa,Container,Imports,8595.2,,,,
2024,4,"Tonga, Nuku Alofa", Nuku Alofa,General Cargo,Imports,4306.2,,,,
2024,4,"Tonga, Nuku Alofa", Nuku Alofa,Tanker,Exports,324,,,,
2024,4,"Tonga, Nuku Alofa", Nuku Alofa,Tanker,Imports,560.2,,,,
2024,4,"Tuvalu, Funafuti Atoll", Funafuti Atoll,Container,Imports,594.9,,,,
2024,4,"Tuvalu, Funafuti Atoll", Funafuti Atoll,General Cargo,Exports,4782.5,,,,
2024,4,"Tuvalu, Funafuti Atoll", Funafuti Atoll,General Cargo,Imports,437.8,,,,
2024,4,"Vanuatu, Luganville", Luganville,Container,Exports,2322,,,,
2024,4,"Vanuatu, Luganville", Luganville,Container,Imports,305.2,,,,
2024,4,"Vanuatu, Luganville", Luganville,General Cargo,Imports,2455.4,,,,
2024,4,"Vanuatu, Luganville", Luganville,Tanker,Imports,3434.5,,,,
2024,4,"Vanuatu, Port Vila", Port Vila,Container,Exports,2310.4,,,,
2024,4,"Vanuatu, Port Vila", Port Vila,Container,Imports,3493.5,,,,
2024,4,"Vanuatu, Port Vila", Port Vila,General Cargo,Imports,2076.4,,,,
2024,4,"Vanuatu, Port Vila", Port Vila,Tanker,Imports,5551.6,,,,
2024,5,"Fiji, Lautoka Harbor", Lautoka Harbor,Container,Exports,17420.8,,,,
2024,5,"Fiji, Lautoka Harbor", Lautoka Harbor,Container,Imports,7022.4,,,,
2024,5,"Fiji, Lautoka Harbor", Lautoka Harbor,General Cargo,Exports,1488.7,,,,
2024,5,"Fiji, Lautoka Harbor", Lautoka Harbor,General Cargo,Imports,4195.7,,,,
2024,5,"Fiji, Lautoka Harbor", Lautoka Harbor,Tanker,Exports,1588.9,,,,
2024,5,"Fiji, Lautoka Harbor", Lautoka Harbor,Tanker,Imports,23791.6,,,,
2024,5,"Fiji, Malai", Malai,Tanker,Exports,392.2,,,,
2024,5,"Fiji, Suva Harbor", Suva Harbor,Bulk Carrier,Imports,17804.2,,,,
2024,5,"Fiji, Suva Harbor", Suva Harbor,Container,Exports,5593.7,,,,
2024,5,"Fiji, Suva Harbor", Suva Harbor,Container,Imports,16678.5,,,,
2024,5,"Fiji, Suva Harbor", Suva Harbor,General Cargo,Exports,9546,,,,
2024,5,"Fiji, Suva Harbor", Suva Harbor,General Cargo,Imports,2750.5,,,,
2024,5,"Fiji, Suva Harbor", Suva Harbor,Tanker,Exports,1124.4,,,,
2024,5,"Fiji, Suva Harbor", Suva Harbor,Tanker,Imports,8118.8,,,,
2024,5,"Kiribati, Kiribati", Kiribati,General Cargo,Exports,146,,,,
2024,5,"Kiribati, Tarawa Atoll", Tarawa Atoll,Container,Imports,2830.3,,,,
2024,5,"Kiribati, Tarawa Atoll", Tarawa Atoll,General Cargo,Exports,524.8,,,,
2024,5,"Kiribati, Tarawa Atoll", Tarawa Atoll,General Cargo,Imports,6286,,,,
2024,5,"Kiribati, Tarawa Atoll", Tarawa Atoll,Tanker,Exports,1342.7,,,,
2024,5,"Marshall Islands, Ebeye", Ebeye,General Cargo,Imports,275,,,,
2024,5,"Marshall Islands, Kwajalein", Kwajalein,General Cargo,Imports,549.1,,,,
2024,5,"Marshall Islands, Majuro Atoll", Majuro Atoll,Container,Exports,2149.8,,,,
2024,5,"Marshall Islands, Majuro Atoll", Majuro Atoll,Container,Imports,1157,,,,
2024,5,"Marshall Islands, Majuro Atoll", Majuro Atoll,General Cargo,Exports,972.7,,,,
2024,5,"Marshall Islands, Majuro Atoll", Majuro Atoll,General Cargo,Imports,4379.8,,,,
2024,5,"Marshall Islands, Majuro Atoll", Majuro Atoll,Tanker,Imports,6452.8,,,,
2024,5,"Micronesia, Colonia", Colonia,Container,Exports,33.7,,,,
2024,5,"Micronesia, Colonia", Colonia,Container,Imports,384.1,,,,
2024,5,"Micronesia, Colonia", Colonia,General Cargo,Exports,75.2,,,,
2024,5,"Micronesia, Colonia", Colonia,General Cargo,Imports,252.9,,,,
2024,5,"Micronesia, Lele Harbor", Lele Harbor,Container,Exports,1214.6,,,,
2024,5,"Micronesia, Lele Harbor", Lele Harbor,General Cargo,Imports,2041.2,,,,
2024,5,"Micronesia, Moen", Moen,General Cargo,Exports,1832.1,,,,
2024,5,"Micronesia, Moen", Moen,General Cargo,Imports,515.8,,,,
2024,5,"Micronesia, Moen", Moen,Tanker,Imports,827.5,,,,
2024,5,"Micronesia, Pornpei Harbor", Pornpei Harbor,Container,Exports,1490.9,,,,
2024,5,"Micronesia, Pornpei Harbor", Pornpei Harbor,General Cargo,Exports,3188.4,,,,
2024,5,"Micronesia, Pornpei Harbor", Pornpei Harbor,General Cargo,Imports,1390.6,,,,
2024,5,"Micronesia, Pornpei Harbor", Pornpei Harbor,Tanker,Imports,874.5,,,,
2024,5,"Nauru, Nauru", Nauru,Bulk Carrier,Exports,16995.7,,,,
2024,5,"Nauru, Nauru", Nauru,General Cargo,Imports,1334.8,,,,
2024,5,"Palau, Malakal Harbor", Malakal Harbor,Container,Imports,5265.4,,,,
2024,5,"Palau, Malakal Harbor", Malakal Harbor,General Cargo,Exports,342.9,,,,
2024,5,"Palau, Malakal Harbor", Malakal Harbor,Tanker,Exports,956.6,,,,
2024,5,"Palau, Malakal Harbor", Malakal Harbor,Tanker,Imports,1461.4,,,,
2024,5,"Papua New Guinea, Alotoa", Alotoa,Bulk Carrier,Exports,15905.8,,,,
2024,5,"Papua New Guinea, Alotoa", Alotoa,General Cargo,Exports,11086.6,,,,
2024,5,"Papua New Guinea, Alotoa", Alotoa,General Cargo,Imports,2354.1,,,,
2024,5,"Papua New Guinea, Alotoa", Alotoa,Tanker,Exports,5387.4,,,,
2024,5,"Papua New Guinea, Alotoa", Alotoa,Tanker,Imports,241.2,,,,
2024,5,"Papua New Guinea, Buka", Buka,Container,Imports,1503.2,,,,
2024,5,"Papua New Guinea, Buka", Buka,General Cargo,Exports,539.4,,,,
2024,5,"Papua New Guinea, Buka", Buka,General Cargo,Imports,298.7,,,,
2024,5,"Papua New Guinea, Daru", Daru,Bulk Carrier,Exports,10508.7,,,,
2024,5,"Papua New Guinea, Daru", Daru,General Cargo,Exports,9.9,,,,
2024,5,"Papua New Guinea, Kavieng Harbor", Kavieng Harbor,Container,Imports,2228.2,,,,
2024,5,"Papua New Guinea, Kavieng Harbor", Kavieng Harbor,General Cargo,Exports,16132.7,,,,
2024,5,"Papua New Guinea, Kavieng Harbor", Kavieng Harbor,Tanker,Exports,1442.8,,,,
2024,5,"Papua New Guinea, Kavieng Harbor", Kavieng Harbor,Tanker,Imports,1025.2,,,,
2024,5,"Papua New Guinea, Kieta", Kieta,Container,Exports,748.9,,,,
2024,5,"Papua New Guinea, Kieta", Kieta,Container,Imports,2053.2,,,,
2024,5,"Papua New Guinea, Kimbe", Kimbe,Bulk Carrier,Exports,22366.4,,,,
2024,5,"Papua New Guinea, Kimbe", Kimbe,Container,Imports,1072.7,,,,
2024,5,"Papua New Guinea, Kimbe", Kimbe,General Cargo,Exports,5615.9,,,,
2024,5,"Papua New Guinea, Kimbe", Kimbe,Tanker,Exports,14997.6,,,,
2024,5,"Papua New Guinea, Kimbe", Kimbe,Tanker,Imports,1502.6,,,,
2024,5,"Papua New Guinea, Lae", Lae,Bulk Carrier,Imports,14115.9,,,,
2024,5,"Papua New Guinea, Lae", Lae,Container,Exports,11434.5,,,,
2024,5,"Papua New Guinea, Lae", Lae,Container,Imports,45469.3,,,,
2024,5,"Papua New Guinea, Lae", Lae,General Cargo,Exports,19905.8,,,,
2024,5,"Papua New Guinea, Lae", Lae,General Cargo,Imports,12810.3,,,,
2024,5,"Papua New Guinea, Lae", Lae,Tanker,Exports,202.7,,,,
2024,5,"Papua New Guinea, Lae", Lae,Tanker,Imports,23183.4,,,,
2024,5,"Papua New Guinea, Madang", Madang,Container,Exports,917.3,,,,
2024,5,"Papua New Guinea, Madang", Madang,Container,Imports,2739,,,,
2024,5,"Papua New Guinea, Madang", Madang,General Cargo,Exports,1296.5,,,,
2024,5,"Papua New Guinea, Madang", Madang,Tanker,Exports,16975.7,,,,
2024,5,"Papua New Guinea, Madang", Madang,Tanker,Imports,6593.7,,,,
2024,5,"Papua New Guinea, Oro Bay", Oro Bay,Bulk Carrier,Exports,16774,,,,
2024,5,"Papua New Guinea, Oro Bay", Oro Bay,Container,Exports,0.8,,,,
2024,5,"Papua New Guinea, Oro Bay", Oro Bay,Container,Imports,1323.3,,,,
2024,5,"Papua New Guinea, Oro Bay", Oro Bay,General Cargo,Exports,476.6,,,,
2024,5,"Papua New Guinea, Oro Bay", Oro Bay,Tanker,Imports,1438.6,,,,
2024,5,"Papua New Guinea, Port Moresby", Port Moresby,Bulk Carrier,Exports,367.4,,,,
2024,5,"Papua New Guinea, Port Moresby", Port Moresby,Container,Exports,4638.8,,,,
2024,5,"Papua New Guinea, Port Moresby", Port Moresby,Container,Imports,34801.9,,,,
2024,5,"Papua New Guinea, Port Moresby", Port Moresby,General Cargo,Exports,22779.5,,,,
2024,5,"Papua New Guinea, Port Moresby", Port Moresby,General Cargo,Imports,13108,,,,
2024,5,"Papua New Guinea, Port Moresby", Port Moresby,Tanker,Exports,227540.6,,,,
2024,5,"Papua New Guinea, Port Moresby", Port Moresby,Tanker,Imports,23005.2,,,,
2024,5,"Papua New Guinea, Put Put", Put Put,General Cargo,Exports,701.2,,,,
2024,5,"Papua New Guinea, Put Put", Put Put,General Cargo,Imports,6005.4,,,,
2024,5,"Papua New Guinea, Put Put", Put Put,Tanker,Imports,4795,,,,
2024,5,"Papua New Guinea, Rabaul", Rabaul,Container,Exports,2208.1,,,,
2024,5,"Papua New Guinea, Rabaul", Rabaul,Container,Imports,3039.9,,,,
2024,5,"Papua New Guinea, Rabaul", Rabaul,General Cargo,Exports,27399.3,,,,
2024,5,"Papua New Guinea, Rabaul", Rabaul,General Cargo,Imports,4793.6,,,,
2024,5,"Papua New Guinea, Rabaul", Rabaul,Tanker,Exports,225.2,,,,
2024,5,"Papua New Guinea, Rabaul", Rabaul,Tanker,Imports,4606.9,,,,
2024,5,"Papua New Guinea, Vanimo", Vanimo,Bulk Carrier,Exports,18921,,,,
2024,5,"Papua New Guinea, Vanimo", Vanimo,General Cargo,Exports,257.1,,,,
2024,5,"Papua New Guinea, Vanimo", Vanimo,General Cargo,Imports,238.5,,,,
2024,5,"Papua New Guinea, Vanimo", Vanimo,Tanker,Exports,3653.1,,,,
2024,5,"Papua New Guinea, Wewak Harbor", Wewak Harbor,Bulk Carrier,Exports,1303.3,,,,
2024,5,"Papua New Guinea, Wewak Harbor", Wewak Harbor,General Cargo,Exports,1184.8,,,,
2024,5,"Papua New Guinea, Wewak Harbor", Wewak Harbor,General Cargo,Imports,2498.2,,,,
2024,5,"Papua New Guinea, Wewak Harbor", Wewak Harbor,Tanker,Exports,206.9,,,,
2024,5,"Papua New Guinea, Wewak Harbor", Wewak Harbor,Tanker,Imports,2360.5,,,,
2024,5,"Samoa, Apia", Apia,Container,Exports,353.8,,,,
2024,5,"Samoa, Apia", Apia,Container,Imports,17502,,,,
2024,5,"Samoa, Apia", Apia,General Cargo,Exports,379.8,,,,
2024,5,"Samoa, Apia", Apia,General Cargo,Imports,2956.7,,,,
2024,5,"Samoa, Apia", Apia,Tanker,Imports,3846.6,,,,
2024,5,"Solomon Islands, Honiara", Honiara,Bulk Carrier,Exports,117374.2,,,,
2024,5,"Solomon Islands, Honiara", Honiara,Container,Exports,731.9,,,,
2024,5,"Solomon Islands, Honiara", Honiara,Container,Imports,8965.4,,,,
2024,5,"Solomon Islands, Honiara", Honiara,General Cargo,Exports,1339.9,,,,
2024,5,"Solomon Islands, Honiara", Honiara,General Cargo,Imports,5558.6,,,,
2024,5,"Solomon Islands, Honiara", Honiara,Tanker,Exports,1118.2,,,,
2024,5,"Solomon Islands, Honiara", Honiara,Tanker,Imports,21874.1,,,,
2024,5,"Solomon Islands, Ndora", Ndora,General Cargo,Exports,18496.6,,,,
2024,5,"Solomon Islands, Port Noro", Port Noro,Bulk Carrier,Exports,39865.3,,,,
2024,5,"Solomon Islands, Port Noro", Port Noro,Container,Exports,3293.8,,,,
2024,5,"Solomon Islands, Port Noro", Port Noro,General Cargo,Exports,3169.1,,,,
2024,5,"Solomon Islands, Port Noro", Port Noro,Tanker,Imports,2070,,,,
2024,5,"Solomon Islands, Ringgi Cove", Ringgi Cove,Bulk Carrier,Exports,5901.9,,,,
2024,5,"Tonga, Neiafu", Neiafu,General Cargo,Imports,495,,,,
2024,5,"Tonga, Neiafu", Neiafu,Tanker,Imports,447,,,,
2024,5,"Tonga, Nuku Alofa", Nuku Alofa,Container,Exports,353.3,,,,
2024,5,"Tonga, Nuku Alofa", Nuku Alofa,Container,Imports,5753.6,,,,
2024,5,"Tonga, Nuku Alofa", Nuku Alofa,General Cargo,Imports,6703,,,,
2024,5,"Tonga, Nuku Alofa", Nuku Alofa,Tanker,Exports,198.3,,,,
2024,5,"Tonga, Nuku Alofa", Nuku Alofa,Tanker,Imports,1130.4,,,,
2024,5,"Tuvalu, Funafuti Atoll", Funafuti Atoll,General Cargo,Exports,330.2,,,,
2024,5,"Tuvalu, Funafuti Atoll", Funafuti Atoll,General Cargo,Imports,3287.8,,,,
2024,5,"Tuvalu, Funafuti Atoll", Funafuti Atoll,Tanker,Imports,526.6,,,,
2024,5,"Vanuatu, Luganville", Luganville,Container,Imports,1389.5,,,,
2024,5,"Vanuatu, Luganville", Luganville,General Cargo,Imports,1847.3,,,,
2024,5,"Vanuatu, Port Vila", Port Vila,Container,Exports,770.9,,,,
2024,5,"Vanuatu, Port Vila", Port Vila,Container,Imports,5181.1,,,,
2024,5,"Vanuatu, Port Vila", Port Vila,General Cargo,Exports,326.3,,,,
2024,5,"Vanuatu, Port Vila", Port Vila,General Cargo,Imports,2292.2,,,,
2024,5,"Vanuatu, Port Vila", Port Vila,Tanker,Imports,145.1,,,,
2024,6,"Fiji, Lautoka Harbor", Lautoka Harbor,Bulk Carrier,Exports,31081.6,,,,
2024,6,"Fiji, Lautoka Harbor", Lautoka Harbor,Container,Exports,14039.9,,,,
2024,6,"Fiji, Lautoka Harbor", Lautoka Harbor,Container,Imports,5550.8,,,,
2024,6,"Fiji, Lautoka Harbor", Lautoka Harbor,General Cargo,Exports,370,,,,
2024,6,"Fiji, Lautoka Harbor", Lautoka Harbor,General Cargo,Imports,6385.6,,,,
2024,6,"Fiji, Lautoka Harbor", Lautoka Harbor,Tanker,Exports,853.9,,,,
2024,6,"Fiji, Lautoka Harbor", Lautoka Harbor,Tanker,Imports,23442.8,,,,
2024,6,"Fiji, Malai", Malai,Tanker,Exports,347.7,,,,
2024,6,"Fiji, Malai", Malai,Tanker,Imports,4056.6,,,,
2024,6,"Fiji, Nabouwalu Jetty", Nabouwalu Jetty,Bulk Carrier,Exports,14054.7,,,,
2024,6,"Fiji, Suva Harbor", Suva Harbor,Container,Exports,9574.4,,,,
2024,6,"Fiji, Suva Harbor", Suva Harbor,Container,Imports,16101.9,,,,
2024,6,"Fiji, Suva Harbor", Suva Harbor,General Cargo,Exports,3166.4,,,,
2024,6,"Fiji, Suva Harbor", Suva Harbor,General Cargo,Imports,3480.1,,,,
2024,6,"Fiji, Suva Harbor", Suva Harbor,Tanker,Exports,347.7,,,,
2024,6,"Fiji, Suva Harbor", Suva Harbor,Tanker,Imports,8400.7,,,,
2024,6,"Kiribati, Kiribati", Kiribati,General Cargo,Exports,4133.8,,,,
2024,6,"Kiribati, Kiribati", Kiribati,Tanker,Exports,931.5,,,,
2024,6,"Kiribati, Tarawa Atoll", Tarawa Atoll,Container,Imports,3936,,,,
2024,6,"Kiribati, Tarawa Atoll", Tarawa Atoll,General Cargo,Exports,140.4,,,,
2024,6,"Kiribati, Tarawa Atoll", Tarawa Atoll,General Cargo,Imports,300.5,,,,
2024,6,"Kiribati, Tarawa Atoll", Tarawa Atoll,Tanker,Exports,768.1,,,,
2024,6,"Marshall Islands, Ebeye", Ebeye,General Cargo,Exports,237,,,,
2024,6,"Marshall Islands, Ebeye", Ebeye,General Cargo,Imports,1633.1,,,,
2024,6,"Marshall Islands, Kwajalein", Kwajalein,General Cargo,Imports,3772.5,,,,
2024,6,"Marshall Islands, Majuro Atoll", Majuro Atoll,Container,Exports,2915.1,,,,
2024,6,"Marshall Islands, Majuro Atoll", Majuro Atoll,Container,Imports,1468,,,,
2024,6,"Marshall Islands, Majuro Atoll", Majuro Atoll,General Cargo,Exports,300.4,,,,
2024,6,"Marshall Islands, Majuro Atoll", Majuro Atoll,General Cargo,Imports,4382.9,,,,
2024,6,"Marshall Islands, Majuro Atoll", Majuro Atoll,Tanker,Imports,3658,,,,
2024,6,"Micronesia, Colonia", Colonia,Container,Exports,33.7,,,,
2024,6,"Micronesia, Colonia", Colonia,Container,Imports,745.8,,,,
2024,6,"Micronesia, Lele Harbor", Lele Harbor,Container,Exports,601.4,,,,
2024,6,"Micronesia, Lele Harbor", Lele Harbor,General Cargo,Exports,373.4,,,,
2024,6,"Micronesia, Lele Harbor", Lele Harbor,General Cargo,Imports,654.7,,,,
2024,6,"Micronesia, Moen", Moen,General Cargo,Imports,451.1,,,,
2024,6,"Micronesia, Pornpei Harbor", Pornpei Harbor,Container,Exports,1202,,,,
2024,6,"Micronesia, Pornpei Harbor", Pornpei Harbor,General Cargo,Exports,1632.5,,,,
2024,6,"Micronesia, Pornpei Harbor", Pornpei Harbor,General Cargo,Imports,1526.8,,,,
2024,6,"Micronesia, Pornpei Harbor", Pornpei Harbor,Tanker,Imports,653,,,,
2024,6,"Nauru, Nauru", Nauru,General Cargo,Imports,2090.8,,,,
2024,6,"Nauru, Nauru", Nauru,Tanker,Exports,1376.5,,,,
2024,6,"Palau, Malakal Harbor", Malakal Harbor,Container,Imports,3519.4,,,,
2024,6,"Palau, Malakal Harbor", Malakal Harbor,General Cargo,Exports,1943.5,,,,
2024,6,"Palau, Malakal Harbor", Malakal Harbor,General Cargo,Imports,1226.3,,,,
2024,6,"Palau, Malakal Harbor", Malakal Harbor,Tanker,Imports,2411.7,,,,
2024,6,"Papua New Guinea, Alotoa", Alotoa,Bulk Carrier,Exports,9861.7,,,,
2024,6,"Papua New Guinea, Alotoa", Alotoa,Container,Exports,355.7,,,,
2024,6,"Papua New Guinea, Alotoa", Alotoa,General Cargo,Exports,5667.8,,,,
2024,6,"Papua New Guinea, Alotoa", Alotoa,General Cargo,Imports,1745.2,,,,
2024,6,"Papua New Guinea, Alotoa", Alotoa,Tanker,Exports,58.2,,,,
2024,6,"Papua New Guinea, Alotoa", Alotoa,Tanker,Imports,98,,,,
2024,6,"Papua New Guinea, Buka", Buka,Container,Exports,0.8,,,,
2024,6,"Papua New Guinea, Buka", Buka,General Cargo,Exports,834.5,,,,
2024,6,"Papua New Guinea, Buka", Buka,General Cargo,Imports,298.7,,,,
2024,6,"Papua New Guinea, Daru", Daru,Bulk Carrier,Exports,7723.4,,,,
2024,6,"Papua New Guinea, Daru", Daru,General Cargo,Exports,9.9,,,,
2024,6,"Papua New Guinea, Kavieng Harbor", Kavieng Harbor,Container,Imports,1692.6,,,,
2024,6,"Papua New Guinea, Kavieng Harbor", Kavieng Harbor,General Cargo,Exports,7874.4,,,,
2024,6,"Papua New Guinea, Kavieng Harbor", Kavieng Harbor,General Cargo,Imports,952.3,,,,
2024,6,"Papua New Guinea, Kavieng Harbor", Kavieng Harbor,Tanker,Imports,1623.7,,,,
2024,6,"Papua New Guinea, Kieta", Kieta,Container,Exports,0.8,,,,
2024,6,"Papua New Guinea, Kieta", Kieta,General Cargo,Exports,254.1,,,,
2024,6,"Papua New Guinea, Kieta", Kieta,General Cargo,Imports,1382.8,,,,
2024,6,"Papua New Guinea, Kimbe", Kimbe,Bulk Carrier,Exports,19861,,,,
2024,6,"Papua New Guinea, Kimbe", Kimbe,General Cargo,Exports,5765.1,,,,
2024,6,"Papua New Guinea, Kimbe", Kimbe,General Cargo,Imports,598.4,,,,
2024,6,"Papua New Guinea, Kimbe", Kimbe,Tanker,Exports,24770.1,,,,
2024,6,"Papua New Guinea, Kimbe", Kimbe,Tanker,Imports,1362.4,,,,
2024,6,"Papua New Guinea, Lae", Lae,Container,Exports,20299.8,,,,
2024,6,"Papua New Guinea, Lae", Lae,Container,Imports,40478.8,,,,
2024,6,"Papua New Guinea, Lae", Lae,General Cargo,Exports,14103.8,,,,
2024,6,"Papua New Guinea, Lae", Lae,General Cargo,Imports,4833,,,,
2024,6,"Papua New Guinea, Lae", Lae,Tanker,Exports,28917.3,,,,
2024,6,"Papua New Guinea, Lae", Lae,Tanker,Imports,16971.5,,,,
2024,6,"Papua New Guinea, Madang", Madang,Container,Exports,3715.1,,,,
2024,6,"Papua New Guinea, Madang", Madang,Container,Imports,1801.1,,,,
2024,6,"Papua New Guinea, Madang", Madang,General Cargo,Exports,471.4,,,,
2024,6,"Papua New Guinea, Madang", Madang,General Cargo,Imports,1107.5,,,,
2024,6,"Papua New Guinea, Madang", Madang,Tanker,Imports,3079,,,,
2024,6,"Papua New Guinea, Oro Bay", Oro Bay,Bulk Carrier,Exports,1948.1,,,,
2024,6,"Papua New Guinea, Oro Bay", Oro Bay,Container,Exports,551.7,,,,
2024,6,"Papua New Guinea, Oro Bay", Oro Bay,Container,Imports,2035,,,,
2024,6,"Papua New Guinea, Oro Bay", Oro Bay,General Cargo,Imports,353.8,,,,
2024,6,"Papua New Guinea, Oro Bay", Oro Bay,Tanker,Exports,24770.1,,,,
2024,6,"Papua New Guinea, Port Moresby", Port Moresby,Bulk Carrier,Exports,24798.1,,,,
2024,6,"Papua New Guinea, Port Moresby", Port Moresby,Container,Exports,3320,,,,
2024,6,"Papua New Guinea, Port Moresby", Port Moresby,Container,Imports,27965.5,,,,
2024,6,"Papua New Guinea, Port Moresby", Port Moresby,General Cargo,Exports,5511.7,,,,
2024,6,"Papua New Guinea, Port Moresby", Port Moresby,General Cargo,Imports,12216,,,,
2024,6,"Papua New Guinea, Port Moresby", Port Moresby,Tanker,Exports,231866.6,,,,
2024,6,"Papua New Guinea, Port Moresby", Port Moresby,Tanker,Imports,17968.5,,,,
2024,6,"Papua New Guinea, Put Put", Put Put,General Cargo,Exports,734.8,,,,
2024,6,"Papua New Guinea, Put Put", Put Put,General Cargo,Imports,3140.8,,,,
2024,6,"Papua New Guinea, Put Put", Put Put,Tanker,Exports,264.9,,,,
2024,6,"Papua New Guinea, Put Put", Put Put,Tanker,Imports,5166.1,,,,
2024,6,"Papua New Guinea, Rabaul", Rabaul,Container,Exports,1838.6,,,,
2024,6,"Papua New Guinea, Rabaul", Rabaul,Container,Imports,2897,,,,
2024,6,"Papua New Guinea, Rabaul", Rabaul,General Cargo,Exports,44504.6,,,,
2024,6,"Papua New Guinea, Rabaul", Rabaul,General Cargo,Imports,5813.7,,,,
2024,6,"Papua New Guinea, Rabaul", Rabaul,Tanker,Exports,1880.1,,,,
2024,6,"Papua New Guinea, Rabaul", Rabaul,Tanker,Imports,8061.3,,,,
2024,6,"Papua New Guinea, Vanimo", Vanimo,Bulk Carrier,Exports,25860.6,,,,
2024,6,"Papua New Guinea, Vanimo", Vanimo,General Cargo,Exports,1039.7,,,,
2024,6,"Papua New Guinea, Vanimo", Vanimo,General Cargo,Imports,473.7,,,,
2024,6,"Papua New Guinea, Wewak Harbor", Wewak Harbor,Bulk Carrier,Exports,7298.5,,,,
2024,6,"Papua New Guinea, Wewak Harbor", Wewak Harbor,Bulk Carrier,Imports,1083.6,,,,
2024,6,"Papua New Guinea, Wewak Harbor", Wewak Harbor,General Cargo,Exports,3113.8,,,,
2024,6,"Papua New Guinea, Wewak Harbor", Wewak Harbor,General Cargo,Imports,2638.5,,,,
2024,6,"Papua New Guinea, Wewak Harbor", Wewak Harbor,Tanker,Exports,2837.8,,,,
2024,6,"Papua New Guinea, Wewak Harbor", Wewak Harbor,Tanker,Imports,476.2,,,,
2024,6,"Samoa, Apia", Apia,Container,Exports,1171.1,,,,
2024,6,"Samoa, Apia", Apia,Container,Imports,7258.7,,,,
2024,6,"Samoa, Apia", Apia,General Cargo,Exports,839.1,,,,
2024,6,"Samoa, Apia", Apia,General Cargo,Imports,726.4,,,,
2024,6,"Samoa, Apia", Apia,Tanker,Exports,487.9,,,,
2024,6,"Samoa, Apia", Apia,Tanker,Imports,341.6,,,,
2024,6,"Solomon Islands, Honiara", Honiara,Bulk Carrier,Exports,72211.1,,,,
2024,6,"Solomon Islands, Honiara", Honiara,Container,Exports,2059,,,,
2024,6,"Solomon Islands, Honiara", Honiara,Container,Imports,5049.2,,,,
2024,6,"Solomon Islands, Honiara", Honiara,General Cargo,Exports,20464,,,,
2024,6,"Solomon Islands, Honiara", Honiara,General Cargo,Imports,38.5,,,,
2024,6,"Solomon Islands, Honiara", Honiara,Tanker,Exports,279,,,,
2024,6,"Solomon Islands, Honiara", Honiara,Tanker,Imports,10464.3,,,,
2024,6,"Solomon Islands, Ndora", Ndora,Bulk Carrier,Exports,509.4,,,,
2024,6,"Solomon Islands, Port Noro", Port Noro,Bulk Carrier,Exports,50598.2,,,,
2024,6,"Solomon Islands, Port Noro", Port Noro,Container,Exports,1167.2,,,,
2024,6,"Solomon Islands, Port Noro", Port Noro,General Cargo,Exports,8134.5,,,,
2024,6,"Solomon Islands, Port Noro", Port Noro,Tanker,Exports,371.3,,,,
2024,6,"Solomon Islands, Port Noro", Port Noro,Tanker,Imports,347,,,,
2024,6,"Solomon Islands, Ringgi Cove", Ringgi Cove,General Cargo,Exports,3560.7,,,,
2024,6,"Tonga, Neiafu", Neiafu,General Cargo,Imports,167.6,,,,
2024,6,"Tonga, Neiafu", Neiafu,Tanker,Imports,838.3,,,,
2024,6,"Tonga, Nuku Alofa", Nuku Alofa,Container,Exports,403.2,,,,
2024,6,"Tonga, Nuku Alofa", Nuku Alofa,Container,Imports,3641.5,,,,
2024,6,"Tonga, Nuku Alofa", Nuku Alofa,General Cargo,Exports,673.5,,,,
2024,6,"Tonga, Nuku Alofa", Nuku Alofa,General Cargo,Imports,6977.3,,,,
2024,6,"Tonga, Nuku Alofa", Nuku Alofa,Tanker,Exports,524.7,,,,
2024,6,"Tonga, Nuku Alofa", Nuku Alofa,Tanker,Imports,976.3,,,,
2024,6,"Tuvalu, Funafuti Atoll", Funafuti Atoll,Container,Imports,401.5,,,,
2024,6,"Tuvalu, Funafuti Atoll", Funafuti Atoll,General Cargo,Exports,660.3,,,,
2024,6,"Tuvalu, Funafuti Atoll", Funafuti Atoll,General Cargo,Imports,385.8,,,,
2024,6,"Tuvalu, Funafuti Atoll", Funafuti Atoll,Tanker,Exports,132,,,,
2024,6,"Vanuatu, Luganville", Luganville,Container,Exports,1846.9,,,,
2024,6,"Vanuatu, Luganville", Luganville,Container,Imports,1223,,,,
2024,6,"Vanuatu, Luganville", Luganville,General Cargo,Exports,1185.5,,,,
2024,6,"Vanuatu, Luganville", Luganville,General Cargo,Imports,2810.7,,,,
2024,6,"Vanuatu, Luganville", Luganville,Tanker,Imports,4508.6,,,,
2024,6,"Vanuatu, Port Vila", Port Vila,Container,Exports,344.8,,,,
2024,6,"Vanuatu, Port Vila", Port Vila,Container,Imports,5589.5,,,,
2024,6,"Vanuatu, Port Vila", Port Vila,General Cargo,Imports,2528.9,,,,
2024,6,"Vanuatu, Port Vila", Port Vila,Tanker,Imports,3563.6,,,,
2024,7,"Fiji, Lautoka Harbor", Lautoka Harbor,Container,Exports,9596.6,,,,
2024,7,"Fiji, Lautoka Harbor", Lautoka Harbor,Container,Imports,7536.5,,,,
2024,7,"Fiji, Lautoka Harbor", Lautoka Harbor,General Cargo,Exports,2251.3,,,,
2024,7,"Fiji, Lautoka Harbor", Lautoka Harbor,General Cargo,Imports,1838,,,,
2024,7,"Fiji, Lautoka Harbor", Lautoka Harbor,Tanker,Exports,6563.9,,,,
2024,7,"Fiji, Lautoka Harbor", Lautoka Harbor,Tanker,Imports,23231.1,,,,
2024,7,"Fiji, Malai", Malai,Tanker,Exports,753.9,,,,
2024,7,"Fiji, Malai", Malai,Tanker,Imports,732.8,,,,
2024,7,"Fiji, Suva Harbor", Suva Harbor,Container,Exports,10401.7,,,,
2024,7,"Fiji, Suva Harbor", Suva Harbor,Container,Imports,15695.7,,,,
2024,7,"Fiji, Suva Harbor", Suva Harbor,General Cargo,Exports,1053.5,,,,
2024,7,"Fiji, Suva Harbor", Suva Harbor,General Cargo,Imports,24417.3,,,,
2024,7,"Fiji, Suva Harbor", Suva Harbor,Tanker,Exports,835.6,,,,
2024,7,"Fiji, Suva Harbor", Suva Harbor,Tanker,Imports,16657.3,,,,
2024,7,"Kiribati, Kiribati", Kiribati,General Cargo,Exports,5046.2,,,,
2024,7,"Kiribati, Kiribati", Kiribati,Tanker,Exports,1996.2,,,,
2024,7,"Kiribati, Kiribati", Kiribati,Tanker,Imports,561.4,,,,
2024,7,"Kiribati, Tarawa Atoll", Tarawa Atoll,Container,Imports,2194.2,,,,
2024,7,"Kiribati, Tarawa Atoll", Tarawa Atoll,General Cargo,Exports,563.7,,,,
2024,7,"Kiribati, Tarawa Atoll", Tarawa Atoll,General Cargo,Imports,207.3,,,,
2024,7,"Kiribati, Tarawa Atoll", Tarawa Atoll,Tanker,Imports,1008.9,,,,
2024,7,"Marshall Islands, Ebeye", Ebeye,General Cargo,Imports,1678.3,,,,
2024,7,"Marshall Islands, Kwajalein", Kwajalein,General Cargo,Imports,1489.7,,,,
2024,7,"Marshall Islands, Kwajalein", Kwajalein,Tanker,Imports,2552.7,,,,
2024,7,"Marshall Islands, Majuro Atoll", Majuro Atoll,Container,Exports,1234.2,,,,
2024,7,"Marshall Islands, Majuro Atoll", Majuro Atoll,Container,Imports,466,,,,
2024,7,"Marshall Islands, Majuro Atoll", Majuro Atoll,General Cargo,Exports,349.1,,,,
2024,7,"Marshall Islands, Majuro Atoll", Majuro Atoll,General Cargo,Imports,3061.6,,,,
2024,7,"Marshall Islands, Majuro Atoll", Majuro Atoll,Tanker,Exports,207.9,,,,
2024,7,"Micronesia, Colonia", Colonia,Container,Exports,244.2,,,,
2024,7,"Micronesia, Colonia", Colonia,Container,Imports,870,,,,
2024,7,"Micronesia, Colonia", Colonia,General Cargo,Exports,2830.9,,,,
2024,7,"Micronesia, Colonia", Colonia,Tanker,Imports,1040.7,,,,
2024,7,"Micronesia, Lele Harbor", Lele Harbor,Container,Exports,302.5,,,,
2024,7,"Micronesia, Lele Harbor", Lele Harbor,Container,Imports,294.3,,,,
2024,7,"Micronesia, Lele Harbor", Lele Harbor,General Cargo,Imports,1540.1,,,,
2024,7,"Micronesia, Lele Harbor", Lele Harbor,Tanker,Imports,519.6,,,,
2024,7,"Micronesia, Moen", Moen,General Cargo,Exports,334.9,,,,
2024,7,"Micronesia, Moen", Moen,General Cargo,Imports,544,,,,
2024,7,"Micronesia, Moen", Moen,Tanker,Exports,209.2,,,,
2024,7,"Micronesia, Pornpei Harbor", Pornpei Harbor,Container,Exports,606.4,,,,
2024,7,"Micronesia, Pornpei Harbor", Pornpei Harbor,Container,Imports,586.7,,,,
2024,7,"Micronesia, Pornpei Harbor", Pornpei Harbor,General Cargo,Imports,2064,,,,
2024,7,"Micronesia, Pornpei Harbor", Pornpei Harbor,Tanker,Imports,1460,,,,
2024,7,"Palau, Malakal Harbor", Malakal Harbor,Container,Imports,1721.3,,,,
2024,7,"Palau, Malakal Harbor", Malakal Harbor,General Cargo,Exports,1678.4,,,,
2024,7,"Palau, Malakal Harbor", Malakal Harbor,Tanker,Imports,836.3,,,,
2024,7,"Papua New Guinea, Alotoa", Alotoa,Container,Imports,662.5,,,,
2024,7,"Papua New Guinea, Alotoa", Alotoa,General Cargo,Exports,12427,,,,
2024,7,"Papua New Guinea, Alotoa", Alotoa,General Cargo,Imports,1174.3,,,,
2024,7,"Papua New Guinea, Alotoa", Alotoa,Tanker,Exports,116.4,,,,
2024,7,"Papua New Guinea, Alotoa", Alotoa,Tanker,Imports,1078.5,,,,
2024,7,"Papua New Guinea, Buka", Buka,General Cargo,Exports,1175.7,,,,
2024,7,"Papua New Guinea, Daru", Daru,General Cargo,Exports,9.9,,,,
2024,7,"Papua New Guinea, Kavieng Harbor", Kavieng Harbor,Container,Imports,561.2,,,,
2024,7,"Papua New Guinea, Kavieng Harbor", Kavieng Harbor,General Cargo,Exports,6243,,,,
2024,7,"Papua New Guinea, Kieta", Kieta,General Cargo,Exports,96.9,,,,
2024,7,"Papua New Guinea, Kimbe", Kimbe,Bulk Carrier,Exports,19825.1,,,,
2024,7,"Papua New Guinea, Kimbe", Kimbe,Container,Imports,8848.1,,,,
2024,7,"Papua New Guinea, Kimbe", Kimbe,General Cargo,Exports,189.7,,,,
2024,7,"Papua New Guinea, Kimbe", Kimbe,General Cargo,Imports,1294.1,,,,
2024,7,"Papua New Guinea, Kimbe", Kimbe,Tanker,Exports,22989.7,,,,
2024,7,"Papua New Guinea, Kimbe", Kimbe,Tanker,Imports,725,,,,
2024,7,"Papua New Guinea, Lae", Lae,Bulk Carrier,Imports,30804.8,,,,
2024,7,"Papua New Guinea, Lae", Lae,Container,Exports,21792.4,,,,
2024,7,"Papua New Guinea, Lae", Lae,Container,Imports,45092.7,,,,
2024,7,"Papua New Guinea, Lae", Lae,General Cargo,Exports,14035.1,,,,
2024,7,"Papua New Guinea, Lae", Lae,General Cargo,Imports,3264.1,,,,
2024,7,"Papua New Guinea, Lae", Lae,Tanker,Exports,2896.7,,,,
2024,7,"Papua New Guinea, Lae", Lae,Tanker,Imports,3811.9,,,,
2024,7,"Papua New Guinea, Madang", Madang,Bulk Carrier,Exports,8138.2,,,,
2024,7,"Papua New Guinea, Madang", Madang,Container,Exports,0.8,,,,
2024,7,"Papua New Guinea, Madang", Madang,Container,Imports,7197.3,,,,
2024,7,"Papua New Guinea, Madang", Madang,General Cargo,Exports,12,,,,
2024,7,"Papua New Guinea, Madang", Madang,Tanker,Exports,58.2,,,,
2024,7,"Papua New Guinea, Madang", Madang,Tanker,Imports,7663.3,,,,
2024,7,"Papua New Guinea, Oro Bay", Oro Bay,Bulk Carrier,Exports,17231.9,,,,
2024,7,"Papua New Guinea, Oro Bay", Oro Bay,Container,Exports,0.8,,,,
2024,7,"Papua New Guinea, Oro Bay", Oro Bay,Container,Imports,2480.2,,,,
2024,7,"Papua New Guinea, Oro Bay", Oro Bay,General Cargo,Exports,530.9,,,,
2024,7,"Papua New Guinea, Oro Bay", Oro Bay,Tanker,Imports,477.5,,,,
2024,7,"Papua New Guinea, Port Moresby", Port Moresby,Bulk Carrier,Exports,2381.2,,,,
2024,7,"Papua New Guinea, Port Moresby", Port Moresby,Bulk Carrier,Imports,3462.5,,,,
2024,7,"Papua New Guinea, Port Moresby", Port Moresby,Container,Exports,4141.2,,,,
2024,7,"Papua New Guinea, Port Moresby", Port Moresby,Container,Imports,20445.6,,,,
2024,7,"Papua New Guinea, Port Moresby", Port Moresby,General Cargo,Exports,19240.7,,,,
2024,7,"Papua New Guinea, Port Moresby", Port Moresby,General Cargo,Imports,13230.7,,,,
2024,7,"Papua New Guinea, Port Moresby", Port Moresby,Tanker,Exports,164758.6,,,,
2024,7,"Papua New Guinea, Port Moresby", Port Moresby,Tanker,Imports,18517,,,,
2024,7,"Papua New Guinea, Put Put", Put Put,General Cargo,Exports,1641.6,,,,
2024,7,"Papua New Guinea, Put Put", Put Put,General Cargo,Imports,1056.9,,,,
2024,7,"Papua New Guinea, Put Put", Put Put,Tanker,Exports,508.1,,,,
2024,7,"Papua New Guinea, Rabaul", Rabaul,Container,Exports,1995.7,,,,
2024,7,"Papua New Guinea, Rabaul", Rabaul,Container,Imports,2118.6,,,,
2024,7,"Papua New Guinea, Rabaul", Rabaul,General Cargo,Exports,10560.1,,,,
2024,7,"Papua New Guinea, Rabaul", Rabaul,Tanker,Exports,6451.2,,,,
2024,7,"Papua New Guinea, Rabaul", Rabaul,Tanker,Imports,10912.8,,,,
2024,7,"Papua New Guinea, Vanimo", Vanimo,Bulk Carrier,Exports,29407.5,,,,
2024,7,"Papua New Guinea, Vanimo", Vanimo,Bulk Carrier,Imports,1429.8,,,,
2024,7,"Papua New Guinea, Vanimo", Vanimo,General Cargo,Imports,2111.6,,,,
2024,7,"Papua New Guinea, Wewak Harbor", Wewak Harbor,Container,Exports,1.5,,,,
2024,7,"Papua New Guinea, Wewak Harbor", Wewak Harbor,Container,Imports,3190.2,,,,
2024,7,"Papua New Guinea, Wewak Harbor", Wewak Harbor,General Cargo,Exports,2416.3,,,,
2024,7,"Papua New Guinea, Wewak Harbor", Wewak Harbor,Tanker,Imports,1018.4,,,,
2024,7,"Samoa, Apia", Apia,Container,Exports,2371.6,,,,
2024,7,"Samoa, Apia", Apia,Container,Imports,10979.2,,,,
2024,7,"Samoa, Apia", Apia,General Cargo,Exports,114,,,,
2024,7,"Samoa, Apia", Apia,General Cargo,Imports,2960.1,,,,
2024,7,"Samoa, Apia", Apia,Tanker,Imports,564.3,,,,
2024,7,"Solomon Islands, Honiara", Honiara,Bulk Carrier,Exports,8108.8,,,,
2024,7,"Solomon Islands, Honiara", Honiara,Bulk Carrier,Imports,1144.9,,,,
2024,7,"Solomon Islands, Honiara", Honiara,Container,Exports,304,,,,
2024,7,"Solomon Islands, Honiara", Honiara,Container,Imports,10665.5,,,,
2024,7,"Solomon Islands, Honiara", Honiara,General Cargo,Exports,13215.1,,,,
2024,7,"Solomon Islands, Honiara", Honiara,Tanker,Imports,20945.4,,,,
2024,7,"Solomon Islands, Port Noro", Port Noro,Bulk Carrier,Exports,53998.5,,,,
2024,7,"Solomon Islands, Port Noro", Port Noro,Container,Exports,1150.4,,,,
2024,7,"Solomon Islands, Port Noro", Port Noro,Container,Imports,263.8,,,,
2024,7,"Solomon Islands, Port Noro", Port Noro,General Cargo,Exports,15225.1,,,,
2024,7,"Solomon Islands, Port Noro", Port Noro,General Cargo,Imports,1569.3,,,,
2024,7,"Tonga, Neiafu", Neiafu,General Cargo,Imports,495,,,,
2024,7,"Tonga, Neiafu", Neiafu,Tanker,Exports,138.8,,,,
2024,7,"Tonga, Nuku Alofa", Nuku Alofa,Container,Imports,7544.6,,,,
2024,7,"Tonga, Nuku Alofa", Nuku Alofa,General Cargo,Imports,3285.7,,,,
2024,7,"Tonga, Nuku Alofa", Nuku Alofa,Tanker,Imports,2663.8,,,,
2024,7,"Tuvalu, Funafuti Atoll", Funafuti Atoll,Container,Imports,806,,,,
2024,7,"Tuvalu, Funafuti Atoll", Funafuti Atoll,General Cargo,Exports,1009.5,,,,
2024,7,"Tuvalu, Funafuti Atoll", Funafuti Atoll,Tanker,Imports,553.5,,,,
2024,7,"Vanuatu, Luganville", Luganville,Container,Imports,4127.1,,,,
2024,7,"Vanuatu, Luganville", Luganville,General Cargo,Imports,1698.8,,,,
2024,7,"Vanuatu, Port Vila", Port Vila,Bulk Carrier,Imports,871.7,,,,
2024,7,"Vanuatu, Port Vila", Port Vila,Container,Imports,9623.8,,,,
2024,7,"Vanuatu, Port Vila", Port Vila,General Cargo,Exports,372,,,,
2024,7,"Vanuatu, Port Vila", Port Vila,General Cargo,Imports,650.7,,,,
2024,7,"Vanuatu, Port Vila", Port Vila,Tanker,Imports,2727.1,,,,
2024,8,"Fiji, Lautoka Harbor", Lautoka Harbor,Bulk Carrier,Exports,14065.2,,,,
2024,8,"Fiji, Lautoka Harbor", Lautoka Harbor,Bulk Carrier,Imports,7480.2,,,,
2024,8,"Fiji, Lautoka Harbor", Lautoka Harbor,Container,Exports,13676.6,,,,
2024,8,"Fiji, Lautoka Harbor", Lautoka Harbor,Container,Imports,13503.5,,,,
2024,8,"Fiji, Lautoka Harbor", Lautoka Harbor,General Cargo,Imports,865.9,,,,
2024,8,"Fiji, Lautoka Harbor", Lautoka Harbor,Tanker,Exports,14569.5,,,,
2024,8,"Fiji, Lautoka Harbor", Lautoka Harbor,Tanker,Imports,23993.6,,,,
2024,8,"Fiji, Malai", Malai,Bulk Carrier,Imports,1494.4,,,,
2024,8,"Fiji, Malai", Malai,Tanker,Exports,11794.4,,,,
2024,8,"Fiji, Malai", Malai,Tanker,Imports,754.3,,,,
2024,8,"Fiji, Port of Savusavu Bay", Port of Savusavu Bay,General Cargo,Exports,262.9,,,,
2024,8,"Fiji, Suva Harbor", Suva Harbor,Bulk Carrier,Imports,15922.4,,,,
2024,8,"Fiji, Suva Harbor", Suva Harbor,Container,Exports,22177.6,,,,
2024,8,"Fiji, Suva Harbor", Suva Harbor,Container,Imports,27986.5,,,,
2024,8,"Fiji, Suva Harbor", Suva Harbor,General Cargo,Exports,6452.5,,,,
2024,8,"Fiji, Suva Harbor", Suva Harbor,General Cargo,Imports,3148.4,,,,
2024,8,"Fiji, Suva Harbor", Suva Harbor,Tanker,Exports,421.3,,,,
2024,8,"Fiji, Suva Harbor", Suva Harbor,Tanker,Imports,8690.8,,,,
2024,8,"Kiribati, Kiribati", Kiribati,General Cargo,Exports,4668.5,,,,
2024,8,"Kiribati, Tarawa Atoll", Tarawa Atoll,Container,Imports,9068.3,,,,
2024,8,"Kiribati, Tarawa Atoll", Tarawa Atoll,General Cargo,Exports,664,,,,
2024,8,"Marshall Islands, Ebeye", Ebeye,General Cargo,Exports,108,,,,
2024,8,"Marshall Islands, Ebeye", Ebeye,General Cargo,Imports,917,,,,
2024,8,"Marshall Islands, Kwajalein", Kwajalein,General Cargo,Imports,3892.6,,,,
2024,8,"Marshall Islands, Kwajalein", Kwajalein,Tanker,Imports,1188.3,,,,
2024,8,"Marshall Islands, Majuro Atoll", Majuro Atoll,Container,Exports,2018.1,,,,
2024,8,"Marshall Islands, Majuro Atoll", Majuro Atoll,Container,Imports,2074.4,,,,
2024,8,"Marshall Islands, Majuro Atoll", Majuro Atoll,General Cargo,Exports,4971.8,,,,
2024,8,"Marshall Islands, Majuro Atoll", Majuro Atoll,General Cargo,Imports,3987,,,,
2024,8,"Marshall Islands, Majuro Atoll", Majuro Atoll,Tanker,Imports,2021.9,,,,
2024,8,"Micronesia, Colonia", Colonia,Container,Exports,33.7,,,,
2024,8,"Micronesia, Colonia", Colonia,Container,Imports,493.2,,,,
2024,8,"Micronesia, Colonia", Colonia,General Cargo,Imports,962.4,,,,
2024,8,"Micronesia, Lele Harbor", Lele Harbor,Container,Exports,668.5,,,,
2024,8,"Micronesia, Lele Harbor", Lele Harbor,General Cargo,Imports,410.7,,,,
2024,8,"Micronesia, Moen", Moen,General Cargo,Exports,82.5,,,,
2024,8,"Micronesia, Moen", Moen,General Cargo,Imports,1276.3,,,,
2024,8,"Micronesia, Moen", Moen,Tanker,Exports,208.6,,,,
2024,8,"Micronesia, Pornpei Harbor", Pornpei Harbor,Container,Exports,3813.9,,,,
2024,8,"Micronesia, Pornpei Harbor", Pornpei Harbor,General Cargo,Exports,2147.5,,,,
2024,8,"Micronesia, Pornpei Harbor", Pornpei Harbor,General Cargo,Imports,1530.1,,,,
2024,8,"Micronesia, Pornpei Harbor", Pornpei Harbor,Tanker,Imports,519.6,,,,
2024,8,"Nauru, Nauru", Nauru,Tanker,Imports,2218.9,,,,
2024,8,"Palau, Malakal Harbor", Malakal Harbor,Container,Imports,4354.7,,,,
2024,8,"Palau, Malakal Harbor", Malakal Harbor,General Cargo,Imports,263.2,,,,
2024,8,"Palau, Malakal Harbor", Malakal Harbor,Tanker,Exports,791.6,,,,
2024,8,"Papua New Guinea, Alotoa", Alotoa,Bulk Carrier,Exports,7477.6,,,,
2024,8,"Papua New Guinea, Alotoa", Alotoa,Container,Exports,706.5,,,,
2024,8,"Papua New Guinea, Alotoa", Alotoa,Container,Imports,3337.6,,,,
2024,8,"Papua New Guinea, Alotoa", Alotoa,General Cargo,Exports,10651.7,,,,
2024,8,"Papua New Guinea, Alotoa", Alotoa,Tanker,Exports,2467.6,,,,
2024,8,"Papua New Guinea, Alotoa", Alotoa,Tanker,Imports,195.9,,,,
2024,8,"Papua New Guinea, Buka", Buka,Container,Exports,0.8,,,,
2024,8,"Papua New Guinea, Buka", Buka,General Cargo,Exports,1634.4,,,,
2024,8,"Papua New Guinea, Buka", Buka,General Cargo,Imports,1060.2,,,,
2024,8,"Papua New Guinea, Daru", Daru,Bulk Carrier,Exports,8874.7,,,,
2024,8,"Papua New Guinea, Daru", Daru,General Cargo,Exports,9.9,,,,
2024,8,"Papua New Guinea, Daru", Daru,General Cargo,Imports,153.9,,,,
2024,8,"Papua New Guinea, Kavieng Harbor", Kavieng Harbor,Bulk Carrier,Exports,18126.2,,,,
2024,8,"Papua New Guinea, Kavieng Harbor", Kavieng Harbor,Container,Imports,4294.5,,,,
2024,8,"Papua New Guinea, Kavieng Harbor", Kavieng Harbor,General Cargo,Exports,11154.5,,,,
2024,8,"Papua New Guinea, Kavieng Harbor", Kavieng Harbor,Tanker,Exports,897.4,,,,
2024,8,"Papua New Guinea, Kavieng Harbor", Kavieng Harbor,Tanker,Imports,258,,,,
2024,8,"Papua New Guinea, Kieta", Kieta,Container,Exports,0.8,,,,
2024,8,"Papua New Guinea, Kimbe", Kimbe,Bulk Carrier,Exports,13937.2,,,,
2024,8,"Papua New Guinea, Kimbe", Kimbe,Container,Imports,1072.7,,,,
2024,8,"Papua New Guinea, Kimbe", Kimbe,General Cargo,Exports,8911,,,,
2024,8,"Papua New Guinea, Kimbe", Kimbe,Tanker,Exports,3852,,,,
2024,8,"Papua New Guinea, Kimbe", Kimbe,Tanker,Imports,641.7,,,,
2024,8,"Papua New Guinea, Lae", Lae,Bulk Carrier,Imports,5121.6,,,,
2024,8,"Papua New Guinea, Lae", Lae,Container,Exports,18924.1,,,,
2024,8,"Papua New Guinea, Lae", Lae,Container,Imports,35229.8,,,,
2024,8,"Papua New Guinea, Lae", Lae,General Cargo,Exports,7237.8,,,,
2024,8,"Papua New Guinea, Lae", Lae,General Cargo,Imports,5200.7,,,,
2024,8,"Papua New Guinea, Lae", Lae,Tanker,Exports,5457.1,,,,
2024,8,"Papua New Guinea, Lae", Lae,Tanker,Imports,15826.4,,,,
2024,8,"Papua New Guinea, Madang", Madang,Container,Exports,2694.2,,,,
2024,8,"Papua New Guinea, Madang", Madang,Container,Imports,2427.6,,,,
2024,8,"Papua New Guinea, Madang", Madang,General Cargo,Exports,1431.3,,,,
2024,8,"Papua New Guinea, Madang", Madang,Tanker,Exports,964.9,,,,
2024,8,"Papua New Guinea, Oro Bay", Oro Bay,Bulk Carrier,Exports,30188,,,,
2024,8,"Papua New Guinea, Oro Bay", Oro Bay,Container,Exports,0.8,,,,
2024,8,"Papua New Guinea, Oro Bay", Oro Bay,Container,Imports,1416.8,,,,
2024,8,"Papua New Guinea, Oro Bay", Oro Bay,General Cargo,Imports,1141.9,,,,
2024,8,"Papua New Guinea, Oro Bay", Oro Bay,Tanker,Exports,3273.2,,,,
2024,8,"Papua New Guinea, Oro Bay", Oro Bay,Tanker,Imports,51.4,,,,
2024,8,"Papua New Guinea, Port Moresby", Port Moresby,Bulk Carrier,Exports,22906.2,,,,
2024,8,"Papua New Guinea, Port Moresby", Port Moresby,Bulk Carrier,Imports,8644.2,,,,
2024,8,"Papua New Guinea, Port Moresby", Port Moresby,Container,Exports,1399.5,,,,
2024,8,"Papua New Guinea, Port Moresby", Port Moresby,Container,Imports,33192.1,,,,
2024,8,"Papua New Guinea, Port Moresby", Port Moresby,General Cargo,Exports,10542.6,,,,
2024,8,"Papua New Guinea, Port Moresby", Port Moresby,General Cargo,Imports,9628.5,,,,
2024,8,"Papua New Guinea, Port Moresby", Port Moresby,Tanker,Exports,219811.2,,,,
2024,8,"Papua New Guinea, Port Moresby", Port Moresby,Tanker,Imports,23925.2,,,,
2024,8,"Papua New Guinea, Put Put", Put Put,General Cargo,Exports,696.6,,,,
2024,8,"Papua New Guinea, Put Put", Put Put,Tanker,Exports,264.9,,,,
2024,8,"Papua New Guinea, Put Put", Put Put,Tanker,Imports,3304,,,,
2024,8,"Papua New Guinea, Rabaul", Rabaul,Bulk Carrier,Exports,2253.8,,,,
2024,8,"Papua New Guinea, Rabaul", Rabaul,Container,Exports,769.4,,,,
2024,8,"Papua New Guinea, Rabaul", Rabaul,Container,Imports,2671.1,,,,
2024,8,"Papua New Guinea, Rabaul", Rabaul,General Cargo,Exports,12006.7,,,,
2024,8,"Papua New Guinea, Rabaul", Rabaul,General Cargo,Imports,1035.8,,,,
2024,8,"Papua New Guinea, Rabaul", Rabaul,Tanker,Exports,1445.7,,,,
2024,8,"Papua New Guinea, Rabaul", Rabaul,Tanker,Imports,9604.4,,,,
2024,8,"Papua New Guinea, Vanimo", Vanimo,General Cargo,Imports,1180.2,,,,
2024,8,"Papua New Guinea, Wewak Harbor", Wewak Harbor,Bulk Carrier,Exports,7203.9,,,,
2024,8,"Papua New Guinea, Wewak Harbor", Wewak Harbor,Container,Exports,0.8,,,,
2024,8,"Papua New Guinea, Wewak Harbor", Wewak Harbor,Container,Imports,746,,,,
2024,8,"Papua New Guinea, Wewak Harbor", Wewak Harbor,General Cargo,Exports,1110,,,,
2024,8,"Papua New Guinea, Wewak Harbor", Wewak Harbor,General Cargo,Imports,4452.6,,,,
2024,8,"Papua New Guinea, Wewak Harbor", Wewak Harbor,Tanker,Imports,51.4,,,,
2024,8,"Samoa, Apia", Apia,Container,Exports,1412.3,,,,
2024,8,"Samoa, Apia", Apia,Container,Imports,10657.9,,,,
2024,8,"Samoa, Apia", Apia,General Cargo,Exports,934.6,,,,
2024,8,"Samoa, Apia", Apia,General Cargo,Imports,1833.6,,,,
2024,8,"Samoa, Apia", Apia,Tanker,Imports,6623.9,,,,
2024,8,"Solomon Islands, Honiara", Honiara,Bulk Carrier,Exports,39036.9,,,,
2024,8,"Solomon Islands, Honiara", Honiara,Container,Exports,600.8,,,,
2024,8,"Solomon Islands, Honiara", Honiara,Container,Imports,11792.9,,,,
2024,8,"Solomon Islands, Honiara", Honiara,General Cargo,Exports,5189.6,,,,
2024,8,"Solomon Islands, Honiara", Honiara,General Cargo,Imports,3662.7,,,,
2024,8,"Solomon Islands, Honiara", Honiara,Tanker,Imports,7554,,,,
2024,8,"Solomon Islands, Ndora", Ndora,Bulk Carrier,Exports,2103.7,,,,
2024,8,"Solomon Islands, Ndora", Ndora,General Cargo,Exports,4482.4,,,,
2024,8,"Solomon Islands, Port Noro", Port Noro,Bulk Carrier,Exports,72998.7,,,,
2024,8,"Solomon Islands, Port Noro", Port Noro,Bulk Carrier,Imports,771.5,,,,
2024,8,"Solomon Islands, Port Noro", Port Noro,Container,Exports,2375.1,,,,
2024,8,"Solomon Islands, Port Noro", Port Noro,General Cargo,Exports,1151.6,,,,
2024,8,"Solomon Islands, Port Noro", Port Noro,General Cargo,Imports,712.3,,,,
2024,8,"Solomon Islands, Port Noro", Port Noro,Tanker,Exports,544.5,,,,
2024,8,"Solomon Islands, Ringgi Cove", Ringgi Cove,Bulk Carrier,Exports,15249.7,,,,
2024,8,"Solomon Islands, Seghe", Seghe,Bulk Carrier,Exports,16387,,,,
2024,8,"Tonga, Neiafu", Neiafu,General Cargo,Imports,495,,,,
2024,8,"Tonga, Neiafu", Neiafu,Tanker,Exports,251.4,,,,
2024,8,"Tonga, Neiafu", Neiafu,Tanker,Imports,284.2,,,,
2024,8,"Tonga, Nuku Alofa", Nuku Alofa,Container,Imports,2262.8,,,,
2024,8,"Tonga, Nuku Alofa", Nuku Alofa,General Cargo,Exports,669.4,,,,
2024,8,"Tonga, Nuku Alofa", Nuku Alofa,General Cargo,Imports,7560.4,,,,
2024,8,"Tonga, Nuku Alofa", Nuku Alofa,Tanker,Exports,1250.9,,,,
2024,8,"Tonga, Nuku Alofa", Nuku Alofa,Tanker,Imports,602,,,,
2024,8,"Tuvalu, Funafuti Atoll", Funafuti Atoll,General Cargo,Exports,495.3,,,,
2024,8,"Tuvalu, Funafuti Atoll", Funafuti Atoll,General Cargo,Imports,2376.6,,,,
2024,8,"Vanuatu, Luganville", Luganville,Container,Exports,154.1,,,,
2024,8,"Vanuatu, Luganville", Luganville,Container,Imports,3204.8,,,,
2024,8,"Vanuatu, Luganville", Luganville,General Cargo,Imports,35.1,,,,
2024,8,"Vanuatu, Luganville", Luganville,Tanker,Imports,1493,,,,
2024,8,"Vanuatu, Port Vila", Port Vila,Container,Exports,1919.3,,,,
2024,8,"Vanuatu, Port Vila", Port Vila,Container,Imports,4352,,,,
2024,8,"Vanuatu, Port Vila", Port Vila,General Cargo,Exports,208.8,,,,
2024,8,"Vanuatu, Port Vila", Port Vila,General Cargo,Imports,648.6,,,,
2024,8,"Vanuatu, Port Vila", Port Vila,Tanker,Imports,1609.6,,,,
2024,9,"Fiji, Lautoka Harbor", Lautoka Harbor,Bulk Carrier,Exports,9074.5,,,,
2024,9,"Fiji, Lautoka Harbor", Lautoka Harbor,Container,Exports,18100.8,,,,
2024,9,"Fiji, Lautoka Harbor", Lautoka Harbor,Container,Imports,17505.7,,,,
2024,9,"Fiji, Lautoka Harbor", Lautoka Harbor,General Cargo,Exports,5149.2,,,,
2024,9,"Fiji, Lautoka Harbor", Lautoka Harbor,General Cargo,Imports,1655.3,,,,
2024,9,"Fiji, Lautoka Harbor", Lautoka Harbor,Tanker,Exports,7511.6,,,,
2024,9,"Fiji, Lautoka Harbor", Lautoka Harbor,Tanker,Imports,29818.2,,,,
2024,9,"Fiji, Malai", Malai,Bulk Carrier,Exports,7972.5,,,,
2024,9,"Fiji, Malai", Malai,Tanker,Exports,420.4,,,,
2024,9,"Fiji, Malai", Malai,Tanker,Imports,522.6,,,,
2024,9,"Fiji, Suva Harbor", Suva Harbor,Bulk Carrier,Imports,15035.6,,,,
2024,9,"Fiji, Suva Harbor", Suva Harbor,Container,Exports,14050.8,,,,
2024,9,"Fiji, Suva Harbor", Suva Harbor,Container,Imports,26338.3,,,,
2024,9,"Fiji, Suva Harbor", Suva Harbor,General Cargo,Exports,6909.9,,,,
2024,9,"Fiji, Suva Harbor", Suva Harbor,General Cargo,Imports,6676.8,,,,
2024,9,"Fiji, Suva Harbor", Suva Harbor,Tanker,Exports,347.7,,,,
2024,9,"Fiji, Suva Harbor", Suva Harbor,Tanker,Imports,20048.3,,,,
2024,9,"Kiribati, Kiribati", Kiribati,Container,Imports,800.9,,,,
2024,9,"Kiribati, Kiribati", Kiribati,General Cargo,Exports,2010.9,,,,
2024,9,"Kiribati, Tarawa Atoll", Tarawa Atoll,Container,Exports,807.9,,,,
2024,9,"Kiribati, Tarawa Atoll", Tarawa Atoll,Container,Imports,800.9,,,,
2024,9,"Kiribati, Tarawa Atoll", Tarawa Atoll,General Cargo,Exports,705.2,,,,
2024,9,"Kiribati, Tarawa Atoll", Tarawa Atoll,General Cargo,Imports,301.6,,,,
2024,9,"Marshall Islands, Ebeye", Ebeye,General Cargo,Exports,108,,,,
2024,9,"Marshall Islands, Ebeye", Ebeye,General Cargo,Imports,932.5,,,,
2024,9,"Marshall Islands, Kwajalein", Kwajalein,General Cargo,Imports,1463.7,,,,
2024,9,"Marshall Islands, Kwajalein", Kwajalein,Tanker,Imports,507.2,,,,
2024,9,"Marshall Islands, Majuro Atoll", Majuro Atoll,Container,Exports,2664.9,,,,
2024,9,"Marshall Islands, Majuro Atoll", Majuro Atoll,General Cargo,Exports,1556.7,,,,
2024,9,"Marshall Islands, Majuro Atoll", Majuro Atoll,General Cargo,Imports,1466.1,,,,
2024,9,"Marshall Islands, Majuro Atoll", Majuro Atoll,Tanker,Imports,4451.1,,,,
2024,9,"Micronesia, Colonia", Colonia,Container,Imports,495.9,,,,
2024,9,"Micronesia, Colonia", Colonia,General Cargo,Imports,1027.5,,,,
2024,9,"Micronesia, Colonia", Colonia,Tanker,Imports,628.1,,,,
2024,9,"Micronesia, Lele Harbor", Lele Harbor,Container,Exports,2477.1,,,,
2024,9,"Micronesia, Lele Harbor", Lele Harbor,General Cargo,Exports,1016.4,,,,
2024,9,"Micronesia, Lele Harbor", Lele Harbor,General Cargo,Imports,1012,,,,
2024,9,"Micronesia, Moen", Moen,General Cargo,Exports,3178.9,,,,
2024,9,"Micronesia, Moen", Moen,General Cargo,Imports,2533.9,,,,
2024,9,"Micronesia, Moen", Moen,Tanker,Imports,207.9,,,,
2024,9,"Micronesia, Pornpei Harbor", Pornpei Harbor,Container,Exports,2405.5,,,,
2024,9,"Micronesia, Pornpei Harbor", Pornpei Harbor,General Cargo,Exports,1599.8,,,,
2024,9,"Micronesia, Pornpei Harbor", Pornpei Harbor,General Cargo,Imports,497.1,,,,
2024,9,"Micronesia, Pornpei Harbor", Pornpei Harbor,Tanker,Imports,1036.2,,,,
2024,9,"Nauru, Nauru", Nauru,Bulk Carrier,Exports,32441.4,,,,
2024,9,"Nauru, Nauru", Nauru,Container,Exports,891.8,,,,
2024,9,"Palau, Malakal Harbor", Malakal Harbor,Container,Imports,2208.2,,,,
2024,9,"Palau, Malakal Harbor", Malakal Harbor,General Cargo,Imports,264.1,,,,
2024,9,"Palau, Malakal Harbor", Malakal Harbor,Tanker,Imports,1671,,,,
2024,9,"Papua New Guinea, Alotoa", Alotoa,Bulk Carrier,Exports,4748.5,,,,
2024,9,"Papua New Guinea, Alotoa", Alotoa,Container,Exports,0.8,,,,
2024,9,"Papua New Guinea, Alotoa", Alotoa,Container,Imports,572.4,,,,
2024,9,"Papua New Guinea, Alotoa", Alotoa,General Cargo,Exports,445.1,,,,
2024,9,"Papua New Guinea, Alotoa", Alotoa,General Cargo,Imports,1512.5,,,,
2024,9,"Papua New Guinea, Alotoa", Alotoa,Tanker,Imports,1422.3,,,,
2024,9,"Papua New Guinea, Buka", Buka,Container,Imports,382.4,,,,
2024,9,"Papua New Guinea, Buka", Buka,General Cargo,Exports,830.3,,,,
2024,9,"Papua New Guinea, Daru", Daru,Bulk Carrier,Exports,6659.6,,,,
2024,9,"Papua New Guinea, Daru", Daru,General Cargo,Exports,79,,,,
2024,9,"Papua New Guinea, Daru", Daru,General Cargo,Imports,463.1,,,,
2024,9,"Papua New Guinea, Kavieng Harbor", Kavieng Harbor,Bulk Carrier,Exports,10261.2,,,,
2024,9,"Papua New Guinea, Kavieng Harbor", Kavieng Harbor,Container,Exports,0.8,,,,
2024,9,"Papua New Guinea, Kavieng Harbor", Kavieng Harbor,General Cargo,Exports,46.9,,,,
2024,9,"Papua New Guinea, Kieta", Kieta,General Cargo,Exports,290.9,,,,
2024,9,"Papua New Guinea, Kimbe", Kimbe,Bulk Carrier,Exports,38494.7,,,,
2024,9,"Papua New Guinea, Kimbe", Kimbe,Container,Exports,356.7,,,,
2024,9,"Papua New Guinea, Kimbe", Kimbe,Container,Imports,2597.7,,,,
2024,9,"Papua New Guinea, Kimbe", Kimbe,General Cargo,Exports,727.9,,,,
2024,9,"Papua New Guinea, Kimbe", Kimbe,Tanker,Exports,17761.2,,,,
2024,9,"Papua New Guinea, Kimbe", Kimbe,Tanker,Imports,1911.7,,,,
2024,9,"Papua New Guinea, Lae", Lae,Bulk Carrier,Imports,17539.9,,,,
2024,9,"Papua New Guinea, Lae", Lae,Container,Exports,32420.4,,,,
2024,9,"Papua New Guinea, Lae", Lae,Container,Imports,41326.3,,,,
2024,9,"Papua New Guinea, Lae", Lae,General Cargo,Exports,9721.2,,,,
2024,9,"Papua New Guinea, Lae", Lae,General Cargo,Imports,10581.5,,,,
2024,9,"Papua New Guinea, Lae", Lae,Tanker,Exports,27253.8,,,,
2024,9,"Papua New Guinea, Lae", Lae,Tanker,Imports,6345.3,,,,
2024,9,"Papua New Guinea, Madang", Madang,Bulk Carrier,Exports,8819.4,,,,
2024,9,"Papua New Guinea, Madang", Madang,Container,Exports,306.4,,,,
2024,9,"Papua New Guinea, Madang", Madang,Container,Imports,2727.4,,,,
2024,9,"Papua New Guinea, Madang", Madang,General Cargo,Exports,1128.1,,,,
2024,9,"Papua New Guinea, Madang", Madang,Tanker,Exports,6625.7,,,,
2024,9,"Papua New Guinea, Madang", Madang,Tanker,Imports,8397.3,,,,
2024,9,"Papua New Guinea, Oro Bay", Oro Bay,Bulk Carrier,Exports,1199.4,,,,
2024,9,"Papua New Guinea, Oro Bay", Oro Bay,Container,Imports,3517.1,,,,
2024,9,"Papua New Guinea, Oro Bay", Oro Bay,General Cargo,Exports,379.5,,,,
2024,9,"Papua New Guinea, Oro Bay", Oro Bay,Tanker,Imports,316.1,,,,
2024,9,"Papua New Guinea, Port Moresby", Port Moresby,Bulk Carrier,Exports,14374.8,,,,
2024,9,"Papua New Guinea, Port Moresby", Port Moresby,Bulk Carrier,Imports,3616.4,,,,
2024,9,"Papua New Guinea, Port Moresby", Port Moresby,Container,Exports,3379.3,,,,
2024,9,"Papua New Guinea, Port Moresby", Port Moresby,Container,Imports,24109.5,,,,
2024,9,"Papua New Guinea, Port Moresby", Port Moresby,General Cargo,Exports,14031.4,,,,
2024,9,"Papua New Guinea, Port Moresby", Port Moresby,General Cargo,Imports,11975.9,,,,
2024,9,"Papua New Guinea, Port Moresby", Port Moresby,Tanker,Exports,162309.5,,,,
2024,9,"Papua New Guinea, Port Moresby", Port Moresby,Tanker,Imports,28226.1,,,,
2024,9,"Papua New Guinea, Put Put", Put Put,General Cargo,Imports,11783.6,,,,
2024,9,"Papua New Guinea, Put Put", Put Put,Tanker,Imports,9374.9,,,,
2024,9,"Papua New Guinea, Rabaul", Rabaul,Bulk Carrier,Exports,12220.2,,,,
2024,9,"Papua New Guinea, Rabaul", Rabaul,Container,Exports,2399.6,,,,
2024,9,"Papua New Guinea, Rabaul", Rabaul,Container,Imports,3762.5,,,,
2024,9,"Papua New Guinea, Rabaul", Rabaul,General Cargo,Exports,13003,,,,
2024,9,"Papua New Guinea, Rabaul", Rabaul,General Cargo,Imports,1647.7,,,,
2024,9,"Papua New Guinea, Rabaul", Rabaul,Tanker,Exports,1539.1,,,,
2024,9,"Papua New Guinea, Rabaul", Rabaul,Tanker,Imports,2002.1,,,,
2024,9,"Papua New Guinea, Vanimo", Vanimo,Bulk Carrier,Exports,21799.6,,,,
2024,9,"Papua New Guinea, Vanimo", Vanimo,General Cargo,Imports,117.4,,,,
2024,9,"Papua New Guinea, Wewak Harbor", Wewak Harbor,Bulk Carrier,Exports,27231.6,,,,
2024,9,"Papua New Guinea, Wewak Harbor", Wewak Harbor,General Cargo,Exports,586.3,,,,
2024,9,"Papua New Guinea, Wewak Harbor", Wewak Harbor,Tanker,Exports,236.6,,,,
2024,9,"Papua New Guinea, Wewak Harbor", Wewak Harbor,Tanker,Imports,362,,,,
2024,9,"Samoa, Apia", Apia,Container,Exports,352.3,,,,
2024,9,"Samoa, Apia", Apia,Container,Imports,4422.2,,,,
2024,9,"Samoa, Apia", Apia,General Cargo,Exports,177.2,,,,
2024,9,"Samoa, Apia", Apia,General Cargo,Imports,4291.6,,,,
2024,9,"Samoa, Apia", Apia,Tanker,Exports,1948.7,,,,
2024,9,"Samoa, Apia", Apia,Tanker,Imports,421.1,,,,
2024,9,"Solomon Islands, Honiara", Honiara,Container,Exports,490.4,,,,
2024,9,"Solomon Islands, Honiara", Honiara,Container,Imports,10155.9,,,,
2024,9,"Solomon Islands, Honiara", Honiara,General Cargo,Exports,20094.3,,,,
2024,9,"Solomon Islands, Honiara", Honiara,Tanker,Imports,4523.6,,,,
2024,9,"Solomon Islands, Port Noro", Port Noro,Bulk Carrier,Exports,18747,,,,
2024,9,"Solomon Islands, Port Noro", Port Noro,Container,Imports,2360.6,,,,
2024,9,"Solomon Islands, Seghe", Seghe,Bulk Carrier,Exports,7239.3,,,,
2024,9,"Tonga, Neiafu", Neiafu,General Cargo,Imports,167,,,,
2024,9,"Tonga, Nuku Alofa", Nuku Alofa,Container,Imports,8020.1,,,,
2024,9,"Tonga, Nuku Alofa", Nuku Alofa,General Cargo,Imports,6365.5,,,,
2024,9,"Tonga, Nuku Alofa", Nuku Alofa,Tanker,Exports,58.5,,,,
2024,9,"Tonga, Nuku Alofa", Nuku Alofa,Tanker,Imports,878,,,,
2024,9,"Tuvalu, Funafuti Atoll", Funafuti Atoll,General Cargo,Exports,660.3,,,,
2024,9,"Tuvalu, Funafuti Atoll", Funafuti Atoll,Tanker,Imports,2059.6,,,,
2024,9,"Vanuatu, Luganville", Luganville,Bulk Carrier,Imports,11966,,,,
2024,9,"Vanuatu, Luganville", Luganville,Container,Imports,2048.9,,,,
2024,9,"Vanuatu, Luganville", Luganville,General Cargo,Imports,2306.9,,,,
2024,9,"Vanuatu, Port Vila", Port Vila,Container,Exports,1521,,,,
2024,9,"Vanuatu, Port Vila", Port Vila,Container,Imports,3701.5,,,,
2024,9,"Vanuatu, Port Vila", Port Vila,General Cargo,Exports,325.6,,,,
2024,9,"Vanuatu, Port Vila", Port Vila,General Cargo,Imports,2917,,,,
2024,9,"Vanuatu, Port Vila", Port Vila,Tanker,Exports,2944.4,,,,
2024,9,"Vanuatu, Port Vila", Port Vila,Tanker,Imports,139.4,,,,
2024,10,"Fiji, Lautoka Harbor", Lautoka Harbor,Bulk Carrier,Exports,22123.6,,,,
2024,10,"Fiji, Lautoka Harbor", Lautoka Harbor,Container,Exports,8468.1,,,,
2024,10,"Fiji, Lautoka Harbor", Lautoka Harbor,Container,Imports,18470.1,,,,
2024,10,"Fiji, Lautoka Harbor", Lautoka Harbor,General Cargo,Exports,281.2,,,,
2024,10,"Fiji, Lautoka Harbor", Lautoka Harbor,General Cargo,Imports,2546.5,,,,
2024,10,"Fiji, Lautoka Harbor", Lautoka Harbor,Tanker,Exports,4104.9,,,,
2024,10,"Fiji, Lautoka Harbor", Lautoka Harbor,Tanker,Imports,37264.7,,,,
2024,10,"Fiji, Malai", Malai,Bulk Carrier,Exports,14550.8,,,,
2024,10,"Fiji, Malai", Malai,Tanker,Exports,988.2,,,,
2024,10,"Fiji, Malai", Malai,Tanker,Imports,397.5,,,,
2024,10,"Fiji, Nabouwalu Jetty", Nabouwalu Jetty,Bulk Carrier,Imports,3370.1,,,,
2024,10,"Fiji, Port of Savusavu Bay", Port of Savusavu Bay,General Cargo,Exports,713.6,,,,
2024,10,"Fiji, Port of Savusavu Bay", Port of Savusavu Bay,General Cargo,Imports,863.1,,,,
2024,10,"Fiji, Suva Harbor", Suva Harbor,Container,Exports,10674.6,,,,
2024,10,"Fiji, Suva Harbor", Suva Harbor,Container,Imports,26013.5,,,,
2024,10,"Fiji, Suva Harbor", Suva Harbor,General Cargo,Exports,10996.8,,,,
2024,10,"Fiji, Suva Harbor", Suva Harbor,General Cargo,Imports,4430.6,,,,
2024,10,"Fiji, Suva Harbor", Suva Harbor,Tanker,Exports,685.8,,,,
2024,10,"Fiji, Suva Harbor", Suva Harbor,Tanker,Imports,11228,,,,
2024,10,"Kiribati, Kiribati", Kiribati,General Cargo,Exports,11274.3,,,,
2024,10,"Kiribati, Kiribati", Kiribati,General Cargo,Imports,919.3,,,,
2024,10,"Kiribati, Kiribati", Kiribati,Tanker,Imports,563.8,,,,
2024,10,"Kiribati, Tarawa Atoll", Tarawa Atoll,Container,Imports,2629.1,,,,
2024,10,"Kiribati, Tarawa Atoll", Tarawa Atoll,General Cargo,Exports,563.7,,,,
2024,10,"Kiribati, Tarawa Atoll", Tarawa Atoll,General Cargo,Imports,4433.5,,,,
2024,10,"Kiribati, Tarawa Atoll", Tarawa Atoll,Tanker,Exports,1536.3,,,,
2024,10,"Marshall Islands, Ebeye", Ebeye,General Cargo,Imports,706.7,,,,
2024,10,"Marshall Islands, Kwajalein", Kwajalein,Container,Imports,757.7,,,,
2024,10,"Marshall Islands, Kwajalein", Kwajalein,General Cargo,Exports,235,,,,
2024,10,"Marshall Islands, Majuro Atoll", Majuro Atoll,Container,Imports,839.4,,,,
2024,10,"Marshall Islands, Majuro Atoll", Majuro Atoll,General Cargo,Exports,241.8,,,,
2024,10,"Marshall Islands, Majuro Atoll", Majuro Atoll,General Cargo,Imports,2731.7,,,,
2024,10,"Marshall Islands, Majuro Atoll", Majuro Atoll,Tanker,Imports,3489.3,,,,
2024,10,"Micronesia, Colonia", Colonia,Container,Imports,1223.2,,,,
2024,10,"Micronesia, Colonia", Colonia,General Cargo,Exports,314.8,,,,
2024,10,"Micronesia, Lele Harbor", Lele Harbor,Container,Imports,903.1,,,,
2024,10,"Micronesia, Lele Harbor", Lele Harbor,General Cargo,Imports,1928.1,,,,
2024,10,"Micronesia, Lele Harbor", Lele Harbor,Tanker,Imports,830.4,,,,
2024,10,"Micronesia, Moen", Moen,General Cargo,Exports,569.1,,,,
2024,10,"Micronesia, Moen", Moen,General Cargo,Imports,770.1,,,,
2024,10,"Micronesia, Moen", Moen,Tanker,Imports,417.8,,,,
2024,10,"Micronesia, Pornpei Harbor", Pornpei Harbor,Container,Imports,1197,,,,
2024,10,"Micronesia, Pornpei Harbor", Pornpei Harbor,General Cargo,Exports,2386.1,,,,
2024,10,"Micronesia, Pornpei Harbor", Pornpei Harbor,General Cargo,Imports,565.1,,,,
2024,10,"Micronesia, Pornpei Harbor", Pornpei Harbor,Tanker,Exports,831.2,,,,
2024,10,"Nauru, Nauru", Nauru,Bulk Carrier,Exports,17112.2,,,,
2024,10,"Nauru, Nauru", Nauru,General Cargo,Imports,2279,,,,
2024,10,"Palau, Malakal Harbor", Malakal Harbor,Container,Imports,3174.7,,,,
2024,10,"Palau, Malakal Harbor", Malakal Harbor,General Cargo,Exports,1666,,,,
2024,10,"Papua New Guinea, Alotoa", Alotoa,Bulk Carrier,Exports,13348.6,,,,
2024,10,"Papua New Guinea, Alotoa", Alotoa,Container,Exports,354.3,,,,
2024,10,"Papua New Guinea, Alotoa", Alotoa,Container,Imports,2147.7,,,,
2024,10,"Papua New Guinea, Alotoa", Alotoa,General Cargo,Exports,7487.2,,,,
2024,10,"Papua New Guinea, Alotoa", Alotoa,General Cargo,Imports,916.8,,,,
2024,10,"Papua New Guinea, Alotoa", Alotoa,Tanker,Imports,1460.9,,,,
2024,10,"Papua New Guinea, Buka", Buka,Container,Imports,2732.7,,,,
2024,10,"Papua New Guinea, Buka", Buka,General Cargo,Exports,916.7,,,,
2024,10,"Papua New Guinea, Daru", Daru,General Cargo,Exports,75.2,,,,
2024,10,"Papua New Guinea, Daru", Daru,General Cargo,Imports,102.8,,,,
2024,10,"Papua New Guinea, Kavieng Harbor", Kavieng Harbor,Bulk Carrier,Exports,22505.3,,,,
2024,10,"Papua New Guinea, Kavieng Harbor", Kavieng Harbor,Container,Imports,2365.8,,,,
2024,10,"Papua New Guinea, Kavieng Harbor", Kavieng Harbor,General Cargo,Exports,2636.8,,,,
2024,10,"Papua New Guinea, Kavieng Harbor", Kavieng Harbor,Tanker,Exports,58.2,,,,
2024,10,"Papua New Guinea, Kieta", Kieta,Container,Imports,2273.7,,,,
2024,10,"Papua New Guinea, Kimbe", Kimbe,Bulk Carrier,Exports,7495.9,,,,
2024,10,"Papua New Guinea, Kimbe", Kimbe,Bulk Carrier,Imports,5715.2,,,,
2024,10,"Papua New Guinea, Kimbe", Kimbe,Container,Exports,3353.3,,,,
2024,10,"Papua New Guinea, Kimbe", Kimbe,Container,Imports,4239.6,,,,
2024,10,"Papua New Guinea, Kimbe", Kimbe,General Cargo,Exports,2666.2,,,,
2024,10,"Papua New Guinea, Kimbe", Kimbe,General Cargo,Imports,2605.9,,,,
2024,10,"Papua New Guinea, Kimbe", Kimbe,Tanker,Exports,11575.3,,,,
2024,10,"Papua New Guinea, Kimbe", Kimbe,Tanker,Imports,1843.6,,,,
2024,10,"Papua New Guinea, Lae", Lae,Bulk Carrier,Exports,4314.5,,,,
2024,10,"Papua New Guinea, Lae", Lae,Container,Exports,21916.7,,,,
2024,10,"Papua New Guinea, Lae", Lae,Container,Imports,46645.1,,,,
2024,10,"Papua New Guinea, Lae", Lae,General Cargo,Exports,9637.1,,,,
2024,10,"Papua New Guinea, Lae", Lae,General Cargo,Imports,4982.9,,,,
2024,10,"Papua New Guinea, Lae", Lae,Tanker,Exports,997,,,,
2024,10,"Papua New Guinea, Lae", Lae,Tanker,Imports,18955.7,,,,
2024,10,"Papua New Guinea, Madang", Madang,Bulk Carrier,Exports,7822.8,,,,
2024,10,"Papua New Guinea, Madang", Madang,Bulk Carrier,Imports,2372.2,,,,
2024,10,"Papua New Guinea, Madang", Madang,Container,Exports,351.4,,,,
2024,10,"Papua New Guinea, Madang", Madang,Container,Imports,3761.9,,,,
2024,10,"Papua New Guinea, Madang", Madang,General Cargo,Exports,581.8,,,,
2024,10,"Papua New Guinea, Madang", Madang,Tanker,Exports,7093.6,,,,
2024,10,"Papua New Guinea, Madang", Madang,Tanker,Imports,714.6,,,,
2024,10,"Papua New Guinea, Oro Bay", Oro Bay,Bulk Carrier,Exports,29324.9,,,,
2024,10,"Papua New Guinea, Oro Bay", Oro Bay,Container,Imports,3499.8,,,,
2024,10,"Papua New Guinea, Oro Bay", Oro Bay,Tanker,Exports,7099.2,,,,
2024,10,"Papua New Guinea, Port Moresby", Port Moresby,Bulk Carrier,Exports,2008.5,,,,
2024,10,"Papua New Guinea, Port Moresby", Port Moresby,Bulk Carrier,Imports,5427.9,,,,
2024,10,"Papua New Guinea, Port Moresby", Port Moresby,Container,Exports,5392.9,,,,
2024,10,"Papua New Guinea, Port Moresby", Port Moresby,Container,Imports,40002.8,,,,
2024,10,"Papua New Guinea, Port Moresby", Port Moresby,General Cargo,Exports,5362.6,,,,
2024,10,"Papua New Guinea, Port Moresby", Port Moresby,General Cargo,Imports,14626.7,,,,
2024,10,"Papua New Guinea, Port Moresby", Port Moresby,Tanker,Exports,176866.6,,,,
2024,10,"Papua New Guinea, Port Moresby", Port Moresby,Tanker,Imports,19450.7,,,,
2024,10,"Papua New Guinea, Put Put", Put Put,General Cargo,Exports,626.3,,,,
2024,10,"Papua New Guinea, Put Put", Put Put,General Cargo,Imports,3105.9,,,,
2024,10,"Papua New Guinea, Put Put", Put Put,Tanker,Exports,264.9,,,,
2024,10,"Papua New Guinea, Put Put", Put Put,Tanker,Imports,6264,,,,
2024,10,"Papua New Guinea, Rabaul", Rabaul,Bulk Carrier,Exports,31167.9,,,,
2024,10,"Papua New Guinea, Rabaul", Rabaul,Container,Exports,1894.7,,,,
2024,10,"Papua New Guinea, Rabaul", Rabaul,Container,Imports,2683.4,,,,
2024,10,"Papua New Guinea, Rabaul", Rabaul,General Cargo,Exports,12721.3,,,,
2024,10,"Papua New Guinea, Rabaul", Rabaul,General Cargo,Imports,4485.3,,,,
2024,10,"Papua New Guinea, Rabaul", Rabaul,Tanker,Exports,2623.3,,,,
2024,10,"Papua New Guinea, Rabaul", Rabaul,Tanker,Imports,7043.6,,,,
2024,10,"Papua New Guinea, Vanimo", Vanimo,Bulk Carrier,Exports,18993.3,,,,
2024,10,"Papua New Guinea, Vanimo", Vanimo,Tanker,Imports,900,,,,
2024,10,"Papua New Guinea, Wewak Harbor", Wewak Harbor,Bulk Carrier,Exports,9584.9,,,,
2024,10,"Papua New Guinea, Wewak Harbor", Wewak Harbor,General Cargo,Exports,784.7,,,,
2024,10,"Papua New Guinea, Wewak Harbor", Wewak Harbor,Tanker,Exports,876,,,,
2024,10,"Papua New Guinea, Wewak Harbor", Wewak Harbor,Tanker,Imports,2400.1,,,,
2024,10,"Samoa, Apia", Apia,Container,Exports,2392.7,,,,
2024,10,"Samoa, Apia", Apia,Container,Imports,10632,,,,
2024,10,"Samoa, Apia", Apia,General Cargo,Exports,172.8,,,,
2024,10,"Samoa, Apia", Apia,General Cargo,Imports,8629.7,,,,
2024,10,"Samoa, Apia", Apia,Tanker,Imports,495.1,,,,
2024,10,"Solomon Islands, Honiara", Honiara,Bulk Carrier,Exports,44153.1,,,,
2024,10,"Solomon Islands, Honiara", Honiara,Bulk Carrier,Imports,4197.1,,,,
2024,10,"Solomon Islands, Honiara", Honiara,Container,Exports,1144.4,,,,
2024,10,"Solomon Islands, Honiara", Honiara,Container,Imports,6760.1,,,,
2024,10,"Solomon Islands, Honiara", Honiara,General Cargo,Exports,21301,,,,
2024,10,"Solomon Islands, Honiara", Honiara,General Cargo,Imports,1501.4,,,,
2024,10,"Solomon Islands, Honiara", Honiara,Tanker,Imports,12806.6,,,,
2024,10,"Solomon Islands, Ndora", Ndora,Bulk Carrier,Exports,12814.7,,,,
2024,10,"Solomon Islands, Ndora", Ndora,General Cargo,Exports,3634.5,,,,
2024,10,"Solomon Islands, Port Noro", Port Noro,Bulk Carrier,Exports,60536.9,,,,
2024,10,"Solomon Islands, Port Noro", Port Noro,Container,Exports,2529.4,,,,
2024,10,"Solomon Islands, Port Noro", Port Noro,General Cargo,Exports,9501.1,,,,
2024,10,"Solomon Islands, Port Noro", Port Noro,Tanker,Exports,371.3,,,,
2024,10,"Solomon Islands, Port Noro", Port Noro,Tanker,Imports,1035.9,,,,
2024,10,"Solomon Islands, Ringgi Cove", Ringgi Cove,General Cargo,Exports,2231.9,,,,
2024,10,"Tonga, Neiafu", Neiafu,General Cargo,Imports,167,,,,
2024,10,"Tonga, Neiafu", Neiafu,Tanker,Exports,534,,,,
2024,10,"Tonga, Nuku Alofa", Nuku Alofa,Container,Imports,3621,,,,
2024,10,"Tonga, Nuku Alofa", Nuku Alofa,General Cargo,Exports,358.7,,,,
2024,10,"Tonga, Nuku Alofa", Nuku Alofa,General Cargo,Imports,8219.3,,,,
2024,10,"Tonga, Nuku Alofa", Nuku Alofa,Tanker,Exports,112.1,,,,
2024,10,"Tonga, Nuku Alofa", Nuku Alofa,Tanker,Imports,2407.4,,,,
2024,10,"Tuvalu, Funafuti Atoll", Funafuti Atoll,Container,Exports,921.3,,,,
2024,10,"Tuvalu, Funafuti Atoll", Funafuti Atoll,General Cargo,Exports,604.8,,,,
2024,10,"Tuvalu, Funafuti Atoll", Funafuti Atoll,General Cargo,Imports,192,,,,
2024,10,"Tuvalu, Funafuti Atoll", Funafuti Atoll,Tanker,Imports,552.4,,,,
2024,10,"Vanuatu, Luganville", Luganville,Container,Exports,250.6,,,,
2024,10,"Vanuatu, Luganville", Luganville,Container,Imports,1219.1,,,,
2024,10,"Vanuatu, Luganville", Luganville,General Cargo,Exports,208.8,,,,
2024,10,"Vanuatu, Luganville", Luganville,General Cargo,Imports,1570.6,,,,
2024,10,"Vanuatu, Luganville", Luganville,Tanker,Imports,2503.3,,,,
2024,10,"Vanuatu, Port Vila", Port Vila,Container,Exports,772.6,,,,
2024,10,"Vanuatu, Port Vila", Port Vila,Container,Imports,9168.1,,,,
2024,10,"Vanuatu, Port Vila", Port Vila,General Cargo,Exports,687.1,,,,
2024,10,"Vanuatu, Port Vila", Port Vila,General Cargo,Imports,1167.7,,,,
2024,10,"Vanuatu, Port Vila", Port Vila,Tanker,Exports,279.8,,,,
2024,10,"Vanuatu, Port Vila", Port Vila,Tanker,Imports,1091.4,,,,
2024,11,"Fiji, Lautoka Harbor", Lautoka Harbor,Bulk Carrier,Exports,12915.4,,,,
2024,11,"Fiji, Lautoka Harbor", Lautoka Harbor,Bulk Carrier,Imports,8043.2,,,,
2024,11,"Fiji, Lautoka Harbor", Lautoka Harbor,Container,Exports,11876.8,,,,
2024,11,"Fiji, Lautoka Harbor", Lautoka Harbor,Container,Imports,11215.9,,,,
2024,11,"Fiji, Lautoka Harbor", Lautoka Harbor,General Cargo,Exports,1691.7,,,,
2024,11,"Fiji, Lautoka Harbor", Lautoka Harbor,General Cargo,Imports,490.7,,,,
2024,11,"Fiji, Lautoka Harbor", Lautoka Harbor,Tanker,Exports,5818.3,,,,
2024,11,"Fiji, Lautoka Harbor", Lautoka Harbor,Tanker,Imports,39564.8,,,,
2024,11,"Fiji, Malai", Malai,Tanker,Exports,469.9,,,,
2024,11,"Fiji, Malai", Malai,Tanker,Imports,474.4,,,,
2024,11,"Fiji, Port of Savusavu Bay", Port of Savusavu Bay,General Cargo,Exports,3508.9,,,,
2024,11,"Fiji, Suva Harbor", Suva Harbor,Bulk Carrier,Imports,33661.5,,,,
2024,11,"Fiji, Suva Harbor", Suva Harbor,Container,Exports,6033.7,,,,
2024,11,"Fiji, Suva Harbor", Suva Harbor,Container,Imports,20233.6,,,,
2024,11,"Fiji, Suva Harbor", Suva Harbor,General Cargo,Exports,10634.8,,,,
2024,11,"Fiji, Suva Harbor", Suva Harbor,General Cargo,Imports,3389,,,,
2024,11,"Fiji, Suva Harbor", Suva Harbor,Tanker,Exports,1683.1,,,,
2024,11,"Fiji, Suva Harbor", Suva Harbor,Tanker,Imports,21775.5,,,,
2024,11,"Kiribati, Kiribati", Kiribati,General Cargo,Exports,11536.8,,,,
2024,11,"Kiribati, Kiribati", Kiribati,Tanker,Exports,1560.2,,,,
2024,11,"Kiribati, Tarawa Atoll", Tarawa Atoll,Container,Imports,3685.9,,,,
2024,11,"Kiribati, Tarawa Atoll", Tarawa Atoll,General Cargo,Exports,1373.1,,,,
2024,11,"Kiribati, Tarawa Atoll", Tarawa Atoll,General Cargo,Imports,2940.5,,,,
2024,11,"Kiribati, Tarawa Atoll", Tarawa Atoll,Tanker,Exports,508.3,,,,
2024,11,"Marshall Islands, Ebeye", Ebeye,General Cargo,Imports,2329.9,,,,
2024,11,"Marshall Islands, Kwajalein", Kwajalein,Container,Imports,378.8,,,,
2024,11,"Marshall Islands, Kwajalein", Kwajalein,General Cargo,Exports,234.5,,,,
2024,11,"Marshall Islands, Majuro Atoll", Majuro Atoll,Container,Exports,1224.6,,,,
2024,11,"Marshall Islands, Majuro Atoll", Majuro Atoll,Container,Imports,266.4,,,,
2024,11,"Marshall Islands, Majuro Atoll", Majuro Atoll,General Cargo,Exports,8107.1,,,,
2024,11,"Marshall Islands, Majuro Atoll", Majuro Atoll,General Cargo,Imports,4010,,,,
2024,11,"Marshall Islands, Majuro Atoll", Majuro Atoll,Tanker,Imports,833,,,,
2024,11,"Micronesia, Colonia", Colonia,Container,Imports,492.9,,,,
2024,11,"Micronesia, Colonia", Colonia,General Cargo,Imports,256.7,,,,
2024,11,"Micronesia, Lele Harbor", Lele Harbor,Container,Exports,1802.2,,,,
2024,11,"Micronesia, Lele Harbor", Lele Harbor,General Cargo,Imports,767.5,,,,
2024,11,"Micronesia, Moen", Moen,General Cargo,Imports,1773.5,,,,
2024,11,"Micronesia, Moen", Moen,Tanker,Imports,1045.9,,,,
2024,11,"Micronesia, Pornpei Harbor", Pornpei Harbor,Container,Imports,490,,,,
2024,11,"Micronesia, Pornpei Harbor", Pornpei Harbor,General Cargo,Exports,1871.6,,,,
2024,11,"Micronesia, Pornpei Harbor", Pornpei Harbor,General Cargo,Imports,1007.9,,,,
2024,11,"Micronesia, Pornpei Harbor", Pornpei Harbor,Tanker,Imports,1245.5,,,,
2024,11,"Nauru, Nauru", Nauru,Container,Exports,891.8,,,,
2024,11,"Nauru, Nauru", Nauru,Tanker,Imports,2524.5,,,,
2024,11,"Palau, Malakal Harbor", Malakal Harbor,Container,Imports,4867.3,,,,
2024,11,"Palau, Malakal Harbor", Malakal Harbor,General Cargo,Imports,61.1,,,,
2024,11,"Papua New Guinea, Alotoa", Alotoa,Bulk Carrier,Exports,14410.2,,,,
2024,11,"Papua New Guinea, Alotoa", Alotoa,Container,Exports,187.7,,,,
2024,11,"Papua New Guinea, Alotoa", Alotoa,Container,Imports,3769.2,,,,
2024,11,"Papua New Guinea, Alotoa", Alotoa,General Cargo,Exports,1189.6,,,,
2024,11,"Papua New Guinea, Alotoa", Alotoa,General Cargo,Imports,352.1,,,,
2024,11,"Papua New Guinea, Buka", Buka,Container,Exports,257.6,,,,
2024,11,"Papua New Guinea, Buka", Buka,Container,Imports,946.7,,,,
2024,11,"Papua New Guinea, Buka", Buka,General Cargo,Exports,2183.9,,,,
2024,11,"Papua New Guinea, Daru", Daru,General Cargo,Exports,107.3,,,,
2024,11,"Papua New Guinea, Kavieng Harbor", Kavieng Harbor,Bulk Carrier,Exports,2730.8,,,,
2024,11,"Papua New Guinea, Kavieng Harbor", Kavieng Harbor,Container,Exports,257.6,,,,
2024,11,"Papua New Guinea, Kavieng Harbor", Kavieng Harbor,Container,Imports,1755.6,,,,
2024,11,"Papua New Guinea, Kavieng Harbor", Kavieng Harbor,General Cargo,Exports,1596.6,,,,
2024,11,"Papua New Guinea, Kavieng Harbor", Kavieng Harbor,Tanker,Imports,1272.4,,,,
2024,11,"Papua New Guinea, Kieta", Kieta,Container,Exports,1.2,,,,
2024,11,"Papua New Guinea, Kieta", Kieta,Container,Imports,2623.6,,,,
2024,11,"Papua New Guinea, Kimbe", Kimbe,Bulk Carrier,Exports,46634.3,,,,
2024,11,"Papua New Guinea, Kimbe", Kimbe,General Cargo,Exports,718.4,,,,
2024,11,"Papua New Guinea, Kimbe", Kimbe,Tanker,Exports,16160.4,,,,
2024,11,"Papua New Guinea, Kimbe", Kimbe,Tanker,Imports,794,,,,
2024,11,"Papua New Guinea, Lae", Lae,Bulk Carrier,Imports,34022.1,,,,
2024,11,"Papua New Guinea, Lae", Lae,Container,Exports,17249.8,,,,
2024,11,"Papua New Guinea, Lae", Lae,Container,Imports,41040.8,,,,
2024,11,"Papua New Guinea, Lae", Lae,General Cargo,Exports,7585.7,,,,
2024,11,"Papua New Guinea, Lae", Lae,General Cargo,Imports,11791.7,,,,
2024,11,"Papua New Guinea, Lae", Lae,Tanker,Exports,5177,,,,
2024,11,"Papua New Guinea, Lae", Lae,Tanker,Imports,17833.1,,,,
2024,11,"Papua New Guinea, Madang", Madang,Bulk Carrier,Exports,789.7,,,,
2024,11,"Papua New Guinea, Madang", Madang,Container,Exports,312,,,,
2024,11,"Papua New Guinea, Madang", Madang,Container,Imports,2593.2,,,,
2024,11,"Papua New Guinea, Madang", Madang,General Cargo,Exports,3325.1,,,,
2024,11,"Papua New Guinea, Madang", Madang,General Cargo,Imports,403.9,,,,
2024,11,"Papua New Guinea, Madang", Madang,Tanker,Exports,2744.6,,,,
2024,11,"Papua New Guinea, Oro Bay", Oro Bay,Bulk Carrier,Exports,24061.3,,,,
2024,11,"Papua New Guinea, Oro Bay", Oro Bay,Container,Imports,5041.1,,,,
2024,11,"Papua New Guinea, Oro Bay", Oro Bay,General Cargo,Exports,3861.3,,,,
2024,11,"Papua New Guinea, Oro Bay", Oro Bay,General Cargo,Imports,3237.7,,,,
2024,11,"Papua New Guinea, Oro Bay", Oro Bay,Tanker,Exports,322.3,,,,
2024,11,"Papua New Guinea, Oro Bay", Oro Bay,Tanker,Imports,74.4,,,,
2024,11,"Papua New Guinea, Port Moresby", Port Moresby,Bulk Carrier,Exports,16902.3,,,,
2024,11,"Papua New Guinea, Port Moresby", Port Moresby,Bulk Carrier,Imports,4533.6,,,,
2024,11,"Papua New Guinea, Port Moresby", Port Moresby,Container,Exports,4710.1,,,,
2024,11,"Papua New Guinea, Port Moresby", Port Moresby,Container,Imports,37848.8,,,,
2024,11,"Papua New Guinea, Port Moresby", Port Moresby,General Cargo,Exports,11868.6,,,,
2024,11,"Papua New Guinea, Port Moresby", Port Moresby,General Cargo,Imports,9584.4,,,,
2024,11,"Papua New Guinea, Port Moresby", Port Moresby,Tanker,Exports,177947.4,,,,
2024,11,"Papua New Guinea, Port Moresby", Port Moresby,Tanker,Imports,8198.8,,,,
2024,11,"Papua New Guinea, Put Put", Put Put,General Cargo,Exports,86.7,,,,
2024,11,"Papua New Guinea, Put Put", Put Put,General Cargo,Imports,14165.4,,,,
2024,11,"Papua New Guinea, Put Put", Put Put,Tanker,Imports,6622.8,,,,
2024,11,"Papua New Guinea, Rabaul", Rabaul,Bulk Carrier,Exports,3503.5,,,,
2024,11,"Papua New Guinea, Rabaul", Rabaul,Container,Exports,2314.8,,,,
2024,11,"Papua New Guinea, Rabaul", Rabaul,Container,Imports,6174.7,,,,
2024,11,"Papua New Guinea, Rabaul", Rabaul,General Cargo,Exports,11321.9,,,,
2024,11,"Papua New Guinea, Rabaul", Rabaul,General Cargo,Imports,1038,,,,
2024,11,"Papua New Guinea, Rabaul", Rabaul,Tanker,Exports,58.2,,,,
2024,11,"Papua New Guinea, Rabaul", Rabaul,Tanker,Imports,10646,,,,
2024,11,"Papua New Guinea, Vanimo", Vanimo,Bulk Carrier,Exports,20484,,,,
2024,11,"Papua New Guinea, Vanimo", Vanimo,General Cargo,Exports,92.6,,,,
2024,11,"Papua New Guinea, Vanimo", Vanimo,General Cargo,Imports,1985.2,,,,
2024,11,"Papua New Guinea, Wewak Harbor", Wewak Harbor,Bulk Carrier,Exports,16567.2,,,,
2024,11,"Papua New Guinea, Wewak Harbor", Wewak Harbor,General Cargo,Exports,1476.1,,,,
2024,11,"Papua New Guinea, Wewak Harbor", Wewak Harbor,Tanker,Imports,2405.3,,,,
2024,11,"Samoa, Apia", Apia,Container,Exports,1698.6,,,,
2024,11,"Samoa, Apia", Apia,Container,Imports,10704.6,,,,
2024,11,"Samoa, Apia", Apia,General Cargo,Exports,723.9,,,,
2024,11,"Samoa, Apia", Apia,General Cargo,Imports,2979.2,,,,
2024,11,"Samoa, Apia", Apia,Tanker,Exports,557.9,,,,
2024,11,"Samoa, Apia", Apia,Tanker,Imports,5027,,,,
2024,11,"Solomon Islands, Honiara", Honiara,Bulk Carrier,Exports,44470.6,,,,
2024,11,"Solomon Islands, Honiara", Honiara,Container,Exports,698,,,,
2024,11,"Solomon Islands, Honiara", Honiara,Container,Imports,12606,,,,
2024,11,"Solomon Islands, Honiara", Honiara,General Cargo,Exports,23842.6,,,,
2024,11,"Solomon Islands, Honiara", Honiara,General Cargo,Imports,8373.5,,,,
2024,11,"Solomon Islands, Honiara", Honiara,Tanker,Exports,485.8,,,,
2024,11,"Solomon Islands, Honiara", Honiara,Tanker,Imports,18234.3,,,,
2024,11,"Solomon Islands, Port Noro", Port Noro,Bulk Carrier,Exports,62507.1,,,,
2024,11,"Solomon Islands, Port Noro", Port Noro,Container,Exports,397.5,,,,
2024,11,"Solomon Islands, Port Noro", Port Noro,Tanker,Imports,347,,,,
2024,11,"Solomon Islands, Ringgi Cove", Ringgi Cove,Bulk Carrier,Exports,7584.5,,,,
2024,11,"Tonga, Neiafu", Neiafu,Tanker,Exports,170.5,,,,
2024,11,"Tonga, Neiafu", Neiafu,Tanker,Imports,419.2,,,,
2024,11,"Tonga, Nuku Alofa", Nuku Alofa,Container,Exports,2241.6,,,,
2024,11,"Tonga, Nuku Alofa", Nuku Alofa,Container,Imports,5251.7,,,,
2024,11,"Tonga, Nuku Alofa", Nuku Alofa,General Cargo,Exports,337.3,,,,
2024,11,"Tonga, Nuku Alofa", Nuku Alofa,General Cargo,Imports,6285.4,,,,
2024,11,"Tonga, Nuku Alofa", Nuku Alofa,Tanker,Exports,971.3,,,,
2024,11,"Tonga, Nuku Alofa", Nuku Alofa,Tanker,Imports,1728.4,,,,
2024,11,"Tuvalu, Funafuti Atoll", Funafuti Atoll,General Cargo,Exports,944.8,,,,
2024,11,"Tuvalu, Funafuti Atoll", Funafuti Atoll,General Cargo,Imports,593.7,,,,
2024,11,"Tuvalu, Funafuti Atoll", Funafuti Atoll,Tanker,Imports,692.5,,,,
2024,11,"Vanuatu, Luganville", Luganville,Container,Imports,3935.7,,,,
2024,11,"Vanuatu, Luganville", Luganville,General Cargo,Imports,1303.8,,,,
2024,11,"Vanuatu, Port Vila", Port Vila,Container,Exports,1162,,,,
2024,11,"Vanuatu, Port Vila", Port Vila,Container,Imports,11995.4,,,,
2024,11,"Vanuatu, Port Vila", Port Vila,General Cargo,Exports,326.3,,,,
2024,11,"Vanuatu, Port Vila", Port Vila,General Cargo,Imports,1133.9,,,,
2024,12,"Fiji, Lautoka Harbor", Lautoka Harbor,Bulk Carrier,Imports,15637.7,,,,
2024,12,"Fiji, Lautoka Harbor", Lautoka Harbor,Container,Exports,9362.4,,,,
2024,12,"Fiji, Lautoka Harbor", Lautoka Harbor,Container,Imports,11171.8,,,,
2024,12,"Fiji, Lautoka Harbor", Lautoka Harbor,General Cargo,Imports,846.3,,,,
2024,12,"Fiji, Lautoka Harbor", Lautoka Harbor,Tanker,Exports,10940.7,,,,
2024,12,"Fiji, Lautoka Harbor", Lautoka Harbor,Tanker,Imports,21422.9,,,,
2024,12,"Fiji, Malai", Malai,Tanker,Exports,834.1,,,,
2024,12,"Fiji, Malai", Malai,Tanker,Imports,498.4,,,,
2024,12,"Fiji, Nabouwalu Jetty", Nabouwalu Jetty,Bulk Carrier,Exports,16897.9,,,,
2024,12,"Fiji, Suva Harbor", Suva Harbor,Bulk Carrier,Imports,12499.1,,,,
2024,12,"Fiji, Suva Harbor", Suva Harbor,Container,Exports,10114.2,,,,
2024,12,"Fiji, Suva Harbor", Suva Harbor,Container,Imports,25410.1,,,,
2024,12,"Fiji, Suva Harbor", Suva Harbor,General Cargo,Exports,317.8,,,,
2024,12,"Fiji, Suva Harbor", Suva Harbor,General Cargo,Imports,4825.7,,,,
2024,12,"Fiji, Suva Harbor", Suva Harbor,Tanker,Exports,347.7,,,,
2024,12,"Fiji, Suva Harbor", Suva Harbor,Tanker,Imports,12978.5,,,,
2024,12,"Kiribati, Kiribati", Kiribati,General Cargo,Exports,844.2,,,,
2024,12,"Kiribati, Kiribati", Kiribati,General Cargo,Imports,1344.1,,,,
2024,12,"Kiribati, Kiribati", Kiribati,Tanker,Imports,707.3,,,,
2024,12,"Kiribati, Tarawa Atoll", Tarawa Atoll,Container,Imports,3952,,,,
2024,12,"Kiribati, Tarawa Atoll", Tarawa Atoll,General Cargo,Exports,704.1,,,,
2024,12,"Kiribati, Tarawa Atoll", Tarawa Atoll,General Cargo,Imports,386.2,,,,
2024,12,"Marshall Islands, Ebeye", Ebeye,General Cargo,Imports,1528.2,,,,
2024,12,"Marshall Islands, Kwajalein", Kwajalein,Container,Imports,378.8,,,,
2024,12,"Marshall Islands, Kwajalein", Kwajalein,Tanker,Imports,808.2,,,,
2024,12,"Marshall Islands, Majuro Atoll", Majuro Atoll,Container,Exports,2066.9,,,,
2024,12,"Marshall Islands, Majuro Atoll", Majuro Atoll,General Cargo,Exports,9656.9,,,,
2024,12,"Marshall Islands, Majuro Atoll", Majuro Atoll,General Cargo,Imports,550.2,,,,
2024,12,"Marshall Islands, Majuro Atoll", Majuro Atoll,Tanker,Exports,2574.1,,,,
2024,12,"Marshall Islands, Majuro Atoll", Majuro Atoll,Tanker,Imports,618.8,,,,
2024,12,"Micronesia, Colonia", Colonia,Container,Exports,494.1,,,,
2024,12,"Micronesia, Colonia", Colonia,Container,Imports,244.7,,,,
2024,12,"Micronesia, Colonia", Colonia,General Cargo,Imports,259,,,,
2024,12,"Micronesia, Colonia", Colonia,Tanker,Imports,209,,,,
2024,12,"Micronesia, Lele Harbor", Lele Harbor,General Cargo,Exports,313.1,,,,
2024,12,"Micronesia, Lele Harbor", Lele Harbor,General Cargo,Imports,1771,,,,
2024,12,"Micronesia, Moen", Moen,General Cargo,Exports,82.5,,,,
2024,12,"Micronesia, Moen", Moen,General Cargo,Imports,1597.9,,,,
2024,12,"Micronesia, Moen", Moen,Tanker,Imports,830.4,,,,
2024,12,"Micronesia, Pornpei Harbor", Pornpei Harbor,Container,Imports,2600.7,,,,
2024,12,"Micronesia, Pornpei Harbor", Pornpei Harbor,General Cargo,Exports,2201.6,,,,
2024,12,"Micronesia, Pornpei Harbor", Pornpei Harbor,General Cargo,Imports,2049.1,,,,
2024,12,"Micronesia, Pornpei Harbor", Pornpei Harbor,Tanker,Imports,413.8,,,,
2024,12,"Nauru, Nauru", Nauru,Tanker,Imports,2387.8,,,,
2024,12,"Palau, Malakal Harbor", Malakal Harbor,Container,Imports,2444.2,,,,
2024,12,"Palau, Malakal Harbor", Malakal Harbor,General Cargo,Exports,875.4,,,,
2024,12,"Palau, Malakal Harbor", Malakal Harbor,Tanker,Exports,1281.6,,,,
2024,12,"Palau, Malakal Harbor", Malakal Harbor,Tanker,Imports,2295.3,,,,
2024,12,"Papua New Guinea, Alotoa", Alotoa,Bulk Carrier,Exports,17846.9,,,,
2024,12,"Papua New Guinea, Alotoa", Alotoa,Container,Exports,1.2,,,,
2024,12,"Papua New Guinea, Alotoa", Alotoa,Container,Imports,2139.7,,,,
2024,12,"Papua New Guinea, Alotoa", Alotoa,General Cargo,Exports,460.7,,,,
2024,12,"Papua New Guinea, Alotoa", Alotoa,General Cargo,Imports,590.4,,,,
2024,12,"Papua New Guinea, Alotoa", Alotoa,Tanker,Exports,6504.4,,,,
2024,12,"Papua New Guinea, Alotoa", Alotoa,Tanker,Imports,98,,,,
2024,12,"Papua New Guinea, Buka", Buka,Container,Imports,2014.3,,,,
2024,12,"Papua New Guinea, Buka", Buka,General Cargo,Exports,1317.5,,,,
2024,12,"Papua New Guinea, Daru", Daru,General Cargo,Exports,9.9,,,,
2024,12,"Papua New Guinea, Daru", Daru,General Cargo,Imports,25.6,,,,
2024,12,"Papua New Guinea, Kavieng Harbor", Kavieng Harbor,Bulk Carrier,Exports,37123.8,,,,
2024,12,"Papua New Guinea, Kavieng Harbor", Kavieng Harbor,Container,Exports,383.5,,,,
2024,12,"Papua New Guinea, Kavieng Harbor", Kavieng Harbor,Container,Imports,1238.2,,,,
2024,12,"Papua New Guinea, Kavieng Harbor", Kavieng Harbor,General Cargo,Exports,671.1,,,,
2024,12,"Papua New Guinea, Kavieng Harbor", Kavieng Harbor,Tanker,Imports,1620.6,,,,
2024,12,"Papua New Guinea, Kieta", Kieta,Container,Exports,0.8,,,,
2024,12,"Papua New Guinea, Kieta", Kieta,Container,Imports,352.9,,,,
2024,12,"Papua New Guinea, Kimbe", Kimbe,Bulk Carrier,Exports,32386.7,,,,
2024,12,"Papua New Guinea, Kimbe", Kimbe,Container,Imports,1367.3,,,,
2024,12,"Papua New Guinea, Kimbe", Kimbe,General Cargo,Exports,13694.3,,,,
2024,12,"Papua New Guinea, Kimbe", Kimbe,General Cargo,Imports,2305.5,,,,
2024,12,"Papua New Guinea, Kimbe", Kimbe,Tanker,Exports,27160,,,,
2024,12,"Papua New Guinea, Kimbe", Kimbe,Tanker,Imports,574.3,,,,
2024,12,"Papua New Guinea, Lae", Lae,Container,Exports,26505.5,,,,
2024,12,"Papua New Guinea, Lae", Lae,Container,Imports,45961.5,,,,
2024,12,"Papua New Guinea, Lae", Lae,General Cargo,Exports,13991.4,,,,
2024,12,"Papua New Guinea, Lae", Lae,General Cargo,Imports,25467.9,,,,
2024,12,"Papua New Guinea, Lae", Lae,Tanker,Exports,1145.4,,,,
2024,12,"Papua New Guinea, Lae", Lae,Tanker,Imports,9910.4,,,,
2024,12,"Papua New Guinea, Madang", Madang,Bulk Carrier,Exports,2368,,,,
2024,12,"Papua New Guinea, Madang", Madang,Container,Exports,1410.9,,,,
2024,12,"Papua New Guinea, Madang", Madang,Container,Imports,2246.8,,,,
2024,12,"Papua New Guinea, Madang", Madang,General Cargo,Exports,1699.3,,,,
2024,12,"Papua New Guinea, Madang", Madang,Tanker,Exports,2442.6,,,,
2024,12,"Papua New Guinea, Oro Bay", Oro Bay,Bulk Carrier,Exports,14039.9,,,,
2024,12,"Papua New Guinea, Oro Bay", Oro Bay,Container,Exports,257.6,,,,
2024,12,"Papua New Guinea, Oro Bay", Oro Bay,Container,Imports,563.2,,,,
2024,12,"Papua New Guinea, Oro Bay", Oro Bay,General Cargo,Exports,179.1,,,,
2024,12,"Papua New Guinea, Oro Bay", Oro Bay,Tanker,Exports,1532.5,,,,
2024,12,"Papua New Guinea, Port Moresby", Port Moresby,Bulk Carrier,Exports,11018.9,,,,
2024,12,"Papua New Guinea, Port Moresby", Port Moresby,Bulk Carrier,Imports,6699.2,,,,
2024,12,"Papua New Guinea, Port Moresby", Port Moresby,Container,Exports,4935.5,,,,
2024,12,"Papua New Guinea, Port Moresby", Port Moresby,Container,Imports,14590.5,,,,
2024,12,"Papua New Guinea, Port Moresby", Port Moresby,General Cargo,Exports,15102,,,,
2024,12,"Papua New Guinea, Port Moresby", Port Moresby,General Cargo,Imports,13015.5,,,,
2024,12,"Papua New Guinea, Port Moresby", Port Moresby,Tanker,Exports,209447.4,,,,
2024,12,"Papua New Guinea, Port Moresby", Port Moresby,Tanker,Imports,22904.3,,,,
2024,12,"Papua New Guinea, Put Put", Put Put,General Cargo,Exports,802.4,,,,
2024,12,"Papua New Guinea, Put Put", Put Put,Tanker,Imports,6419.8,,,,
2024,12,"Papua New Guinea, Rabaul", Rabaul,Bulk Carrier,Exports,14141.7,,,,
2024,12,"Papua New Guinea, Rabaul", Rabaul,Container,Exports,1549.1,,,,
2024,12,"Papua New Guinea, Rabaul", Rabaul,Container,Imports,4579.6,,,,
2024,12,"Papua New Guinea, Rabaul", Rabaul,General Cargo,Exports,12019.1,,,,
2024,12,"Papua New Guinea, Rabaul", Rabaul,General Cargo,Imports,4795.7,,,,
2024,12,"Papua New Guinea, Rabaul", Rabaul,Tanker,Exports,1754.5,,,,
2024,12,"Papua New Guinea, Rabaul", Rabaul,Tanker,Imports,2946.4,,,,
2024,12,"Papua New Guinea, Vanimo", Vanimo,Bulk Carrier,Exports,21367.6,,,,
2024,12,"Papua New Guinea, Vanimo", Vanimo,General Cargo,Exports,1113.9,,,,
2024,12,"Papua New Guinea, Vanimo", Vanimo,General Cargo,Imports,236.3,,,,
2024,12,"Papua New Guinea, Vanimo", Vanimo,Tanker,Exports,1632.3,,,,
2024,12,"Papua New Guinea, Wewak Harbor", Wewak Harbor,Bulk Carrier,Exports,25265.7,,,,
2024,12,"Papua New Guinea, Wewak Harbor", Wewak Harbor,General Cargo,Exports,2854.7,,,,
2024,12,"Papua New Guinea, Wewak Harbor", Wewak Harbor,General Cargo,Imports,3000.3,,,,
2024,12,"Papua New Guinea, Wewak Harbor", Wewak Harbor,Tanker,Exports,4009.7,,,,
2024,12,"Samoa, Apia", Apia,Container,Exports,364.3,,,,
2024,12,"Samoa, Apia", Apia,Container,Imports,9027.5,,,,
2024,12,"Samoa, Apia", Apia,General Cargo,Exports,226.5,,,,
2024,12,"Samoa, Apia", Apia,General Cargo,Imports,1954.4,,,,
2024,12,"Samoa, Apia", Apia,Tanker,Imports,2040.5,,,,
2024,12,"Solomon Islands, Honiara", Honiara,Bulk Carrier,Exports,50696.6,,,,
2024,12,"Solomon Islands, Honiara", Honiara,Bulk Carrier,Imports,1908.8,,,,
2024,12,"Solomon Islands, Honiara", Honiara,Container,Exports,301.5,,,,
2024,12,"Solomon Islands, Honiara", Honiara,Container,Imports,9248,,,,
2024,12,"Solomon Islands, Honiara", Honiara,General Cargo,Exports,17457.5,,,,
2024,12,"Solomon Islands, Honiara", Honiara,General Cargo,Imports,957.5,,,,
2024,12,"Solomon Islands, Honiara", Honiara,Tanker,Imports,12377.3,,,,
2024,12,"Solomon Islands, Ndora", Ndora,Bulk Carrier,Exports,3975.1,,,,
2024,12,"Solomon Islands, Ndora", Ndora,General Cargo,Exports,5632.3,,,,
2024,12,"Solomon Islands, Port Noro", Port Noro,Bulk Carrier,Exports,85331.8,,,,
2024,12,"Solomon Islands, Port Noro", Port Noro,Container,Imports,1451.3,,,,
2024,12,"Solomon Islands, Port Noro", Port Noro,Tanker,Exports,371.3,,,,
2024,12,"Solomon Islands, Ringgi Cove", Ringgi Cove,Bulk Carrier,Exports,17838.7,,,,
2024,12,"Tonga, Neiafu", Neiafu,General Cargo,Exports,336.1,,,,
2024,12,"Tonga, Neiafu", Neiafu,Tanker,Imports,139.3,,,,
2024,12,"Tonga, Nuku Alofa", Nuku Alofa,Container,Exports,914,,,,
2024,12,"Tonga, Nuku Alofa", Nuku Alofa,Container,Imports,9305.8,,,,
2024,12,"Tonga, Nuku Alofa", Nuku Alofa,General Cargo,Exports,1006,,,,
2024,12,"Tonga, Nuku Alofa", Nuku Alofa,General Cargo,Imports,5330.7,,,,
2024,12,"Tonga, Nuku Alofa", Nuku Alofa,Tanker,Exports,620,,,,
2024,12,"Tonga, Nuku Alofa", Nuku Alofa,Tanker,Imports,1768.4,,,,
2024,12,"Tuvalu, Funafuti Atoll", Funafuti Atoll,Container,Exports,525.4,,,,
2024,12,"Tuvalu, Funafuti Atoll", Funafuti Atoll,General Cargo,Exports,2804.5,,,,
2024,12,"Tuvalu, Funafuti Atoll", Funafuti Atoll,General Cargo,Imports,153.5,,,,
2024,12,"Tuvalu, Funafuti Atoll", Funafuti Atoll,Tanker,Imports,554.5,,,,
2024,12,"Vanuatu, Luganville", Luganville,Container,Imports,2405.1,,,,
2024,12,"Vanuatu, Luganville", Luganville,General Cargo,Imports,703.4,,,,
2024,12,"Vanuatu, Port Vila", Port Vila,Container,Exports,349.8,,,,
2024,12,"Vanuatu, Port Vila", Port Vila,Container,Imports,10444.5,,,,
2024,12,"Vanuatu, Port Vila", Port Vila,General Cargo,Imports,1089.7,,,,
2024,12,"Vanuatu, Port Vila", Port Vila,Tanker,Imports,1480.9,,,,
2025,1,"Fiji, Lautoka Harbor", Lautoka Harbor,Container,Exports,7542.4,,,,
2025,1,"Fiji, Lautoka Harbor", Lautoka Harbor,Container,Imports,7472.3,,,,
2025,1,"Fiji, Lautoka Harbor", Lautoka Harbor,General Cargo,Exports,35.2,,,,
2025,1,"Fiji, Lautoka Harbor", Lautoka Harbor,General Cargo,Imports,2535.9,,,,
2025,1,"Fiji, Lautoka Harbor", Lautoka Harbor,Tanker,Exports,2615,,,,
2025,1,"Fiji, Lautoka Harbor", Lautoka Harbor,Tanker,Imports,37648.3,,,,
2025,1,"Fiji, Malai", Malai,Tanker,Exports,11913.8,,,,
2025,1,"Fiji, Malai", Malai,Tanker,Imports,528.2,,,,
2025,1,"Fiji, Port of Savusavu Bay", Port of Savusavu Bay,General Cargo,Exports,3256.1,,,,
2025,1,"Fiji, Suva Harbor", Suva Harbor,Container,Exports,20229.9,,,,
2025,1,"Fiji, Suva Harbor", Suva Harbor,Container,Imports,23628.7,,,,
2025,1,"Fiji, Suva Harbor", Suva Harbor,General Cargo,Exports,1304.3,,,,
2025,1,"Fiji, Suva Harbor", Suva Harbor,General Cargo,Imports,2928.6,,,,
2025,1,"Fiji, Suva Harbor", Suva Harbor,Tanker,Exports,294.4,,,,
2025,1,"Fiji, Suva Harbor", Suva Harbor,Tanker,Imports,17597,,,,
2025,1,"Kiribati, Kiribati", Kiribati,General Cargo,Exports,1149.4,,,,
2025,1,"Kiribati, Kiribati", Kiribati,Tanker,Exports,823.6,,,,
2025,1,"Kiribati, Kiribati", Kiribati,Tanker,Imports,1299.2,,,,
2025,1,"Kiribati, Tarawa Atoll", Tarawa Atoll,Container,Imports,4218.4,,,,
2025,1,"Kiribati, Tarawa Atoll", Tarawa Atoll,General Cargo,Exports,1162.7,,,,
2025,1,"Marshall Islands, Ebeye", Ebeye,General Cargo,Imports,1055.6,,,,
2025,1,"Marshall Islands, Kwajalein", Kwajalein,Container,Imports,1099.7,,,,
2025,1,"Marshall Islands, Kwajalein", Kwajalein,General Cargo,Exports,1228.4,,,,
2025,1,"Marshall Islands, Kwajalein", Kwajalein,Tanker,Imports,647,,,,
2025,1,"Marshall Islands, Majuro Atoll", Majuro Atoll,Container,Exports,266.8,,,,
2025,1,"Marshall Islands, Majuro Atoll", Majuro Atoll,Container,Imports,2133.6,,,,
2025,1,"Marshall Islands, Majuro Atoll", Majuro Atoll,General Cargo,Exports,5791.9,,,,
2025,1,"Marshall Islands, Majuro Atoll", Majuro Atoll,General Cargo,Imports,1689.3,,,,
2025,1,"Marshall Islands, Majuro Atoll", Majuro Atoll,Tanker,Imports,3544.4,,,,
2025,1,"Micronesia, Colonia", Colonia,Container,Exports,494.1,,,,
2025,1,"Micronesia, Colonia", Colonia,Container,Imports,488.4,,,,
2025,1,"Micronesia, Colonia", Colonia,General Cargo,Imports,490.8,,,,
2025,1,"Micronesia, Lele Harbor", Lele Harbor,Container,Exports,596.3,,,,
2025,1,"Micronesia, Lele Harbor", Lele Harbor,Container,Imports,1497.3,,,,
2025,1,"Micronesia, Lele Harbor", Lele Harbor,General Cargo,Exports,292.7,,,,
2025,1,"Micronesia, Lele Harbor", Lele Harbor,General Cargo,Imports,1258.8,,,,
2025,1,"Micronesia, Moen", Moen,General Cargo,Exports,743.7,,,,
2025,1,"Micronesia, Moen", Moen,General Cargo,Imports,1014.9,,,,
2025,1,"Micronesia, Moen", Moen,Tanker,Imports,415.6,,,,
2025,1,"Micronesia, Pornpei Harbor", Pornpei Harbor,Container,Exports,595.2,,,,
2025,1,"Micronesia, Pornpei Harbor", Pornpei Harbor,Container,Imports,1166.8,,,,
2025,1,"Micronesia, Pornpei Harbor", Pornpei Harbor,General Cargo,Exports,3406.3,,,,
2025,1,"Micronesia, Pornpei Harbor", Pornpei Harbor,General Cargo,Imports,1011.9,,,,
2025,1,"Micronesia, Pornpei Harbor", Pornpei Harbor,Tanker,Imports,1044.9,,,,
2025,1,"Nauru, Nauru", Nauru,Container,Exports,1143.7,,,,
2025,1,"Nauru, Nauru", Nauru,General Cargo,Exports,9155.6,,,,
2025,1,"Palau, Malakal Harbor", Malakal Harbor,Container,Imports,1636.2,,,,
2025,1,"Palau, Malakal Harbor", Malakal Harbor,General Cargo,Imports,1009.9,,,,
2025,1,"Papua New Guinea, Alotoa", Alotoa,Container,Exports,854.5,,,,
2025,1,"Papua New Guinea, Alotoa", Alotoa,Container,Imports,2870,,,,
2025,1,"Papua New Guinea, Alotoa", Alotoa,Tanker,Exports,322.3,,,,
2025,1,"Papua New Guinea, Alotoa", Alotoa,Tanker,Imports,2115.7,,,,
2025,1,"Papua New Guinea, Buka", Buka,Container,Exports,57.7,,,,
2025,1,"Papua New Guinea, Buka", Buka,Container,Imports,1314,,,,
2025,1,"Papua New Guinea, Buka", Buka,General Cargo,Exports,363.3,,,,
2025,1,"Papua New Guinea, Daru", Daru,General Cargo,Imports,22.8,,,,
2025,1,"Papua New Guinea, Kavieng Harbor", Kavieng Harbor,Bulk Carrier,Exports,13428.9,,,,
2025,1,"Papua New Guinea, Kavieng Harbor", Kavieng Harbor,Container,Imports,2302.7,,,,
2025,1,"Papua New Guinea, Kavieng Harbor", Kavieng Harbor,General Cargo,Exports,2214.3,,,,
2025,1,"Papua New Guinea, Kavieng Harbor", Kavieng Harbor,Tanker,Imports,1079.2,,,,
2025,1,"Papua New Guinea, Kieta", Kieta,Container,Exports,186.7,,,,
2025,1,"Papua New Guinea, Kieta", Kieta,Container,Imports,742.9,,,,
2025,1,"Papua New Guinea, Kimbe", Kimbe,Bulk Carrier,Exports,25614.7,,,,
2025,1,"Papua New Guinea, Kimbe", Kimbe,Container,Imports,1671.6,,,,
2025,1,"Papua New Guinea, Kimbe", Kimbe,General Cargo,Exports,565.8,,,,
2025,1,"Papua New Guinea, Kimbe", Kimbe,General Cargo,Imports,341.5,,,,
2025,1,"Papua New Guinea, Kimbe", Kimbe,Tanker,Exports,5429.5,,,,
2025,1,"Papua New Guinea, Kimbe", Kimbe,Tanker,Imports,540,,,,
2025,1,"Papua New Guinea, Lae", Lae,Bulk Carrier,Imports,13581.6,,,,
2025,1,"Papua New Guinea, Lae", Lae,Container,Exports,20374.1,,,,
2025,1,"Papua New Guinea, Lae", Lae,Container,Imports,47153.1,,,,
2025,1,"Papua New Guinea, Lae", Lae,General Cargo,Exports,11587.9,,,,
2025,1,"Papua New Guinea, Lae", Lae,General Cargo,Imports,9045.9,,,,
2025,1,"Papua New Guinea, Lae", Lae,Tanker,Exports,6098.6,,,,
2025,1,"Papua New Guinea, Lae", Lae,Tanker,Imports,19656.2,,,,
2025,1,"Papua New Guinea, Madang", Madang,Bulk Carrier,Exports,9245.5,,,,
2025,1,"Papua New Guinea, Madang", Madang,Container,Exports,1616.3,,,,
2025,1,"Papua New Guinea, Madang", Madang,Container,Imports,2791.8,,,,
2025,1,"Papua New Guinea, Madang", Madang,General Cargo,Exports,993.4,,,,
2025,1,"Papua New Guinea, Madang", Madang,General Cargo,Imports,435.3,,,,
2025,1,"Papua New Guinea, Madang", Madang,Tanker,Exports,2981.3,,,,
2025,1,"Papua New Guinea, Oro Bay", Oro Bay,Bulk Carrier,Exports,7623.7,,,,
2025,1,"Papua New Guinea, Oro Bay", Oro Bay,Container,Exports,1331.8,,,,
2025,1,"Papua New Guinea, Oro Bay", Oro Bay,Container,Imports,68.5,,,,
2025,1,"Papua New Guinea, Oro Bay", Oro Bay,General Cargo,Exports,1260.9,,,,
2025,1,"Papua New Guinea, Oro Bay", Oro Bay,Tanker,Exports,388,,,,
2025,1,"Papua New Guinea, Port Moresby", Port Moresby,Bulk Carrier,Exports,25851.2,,,,
2025,1,"Papua New Guinea, Port Moresby", Port Moresby,Bulk Carrier,Imports,4555.9,,,,
2025,1,"Papua New Guinea, Port Moresby", Port Moresby,Container,Exports,6793.2,,,,
2025,1,"Papua New Guinea, Port Moresby", Port Moresby,Container,Imports,31033.3,,,,
2025,1,"Papua New Guinea, Port Moresby", Port Moresby,General Cargo,Exports,15113.6,,,,
2025,1,"Papua New Guinea, Port Moresby", Port Moresby,General Cargo,Imports,11876.1,,,,
2025,1,"Papua New Guinea, Port Moresby", Port Moresby,Tanker,Exports,219487.5,,,,
2025,1,"Papua New Guinea, Port Moresby", Port Moresby,Tanker,Imports,22423.3,,,,
2025,1,"Papua New Guinea, Put Put", Put Put,General Cargo,Exports,2645.6,,,,
2025,1,"Papua New Guinea, Put Put", Put Put,General Cargo,Imports,7632.6,,,,
2025,1,"Papua New Guinea, Put Put", Put Put,Tanker,Imports,12874.2,,,,
2025,1,"Papua New Guinea, Rabaul", Rabaul,Bulk Carrier,Exports,6310.4,,,,
2025,1,"Papua New Guinea, Rabaul", Rabaul,Container,Exports,5041.3,,,,
2025,1,"Papua New Guinea, Rabaul", Rabaul,Container,Imports,2912.8,,,,
2025,1,"Papua New Guinea, Rabaul", Rabaul,General Cargo,Exports,32625.6,,,,
2025,1,"Papua New Guinea, Rabaul", Rabaul,General Cargo,Imports,1500.3,,,,
2025,1,"Papua New Guinea, Rabaul", Rabaul,Tanker,Exports,3698.4,,,,
2025,1,"Papua New Guinea, Rabaul", Rabaul,Tanker,Imports,3650.4,,,,
2025,1,"Papua New Guinea, Vanimo", Vanimo,Bulk Carrier,Exports,29070.3,,,,
2025,1,"Papua New Guinea, Vanimo", Vanimo,General Cargo,Exports,117.7,,,,
2025,1,"Papua New Guinea, Vanimo", Vanimo,Tanker,Exports,3103.5,,,,
2025,1,"Papua New Guinea, Wewak Harbor", Wewak Harbor,Bulk Carrier,Exports,17615,,,,
2025,1,"Papua New Guinea, Wewak Harbor", Wewak Harbor,General Cargo,Exports,1556,,,,
2025,1,"Papua New Guinea, Wewak Harbor", Wewak Harbor,General Cargo,Imports,2148.3,,,,
2025,1,"Papua New Guinea, Wewak Harbor", Wewak Harbor,Tanker,Exports,2582.7,,,,
2025,1,"Papua New Guinea, Wewak Harbor", Wewak Harbor,Tanker,Imports,1544.9,,,,
2025,1,"Samoa, Apia", Apia,Container,Exports,2715.2,,,,
2025,1,"Samoa, Apia", Apia,Container,Imports,16138.9,,,,
2025,1,"Samoa, Apia", Apia,General Cargo,Exports,674.1,,,,
2025,1,"Samoa, Apia", Apia,General Cargo,Imports,4260.7,,,,
2025,1,"Samoa, Apia", Apia,Tanker,Imports,1159.6,,,,
2025,1,"Solomon Islands, Honiara", Honiara,Bulk Carrier,Exports,19012.6,,,,
2025,1,"Solomon Islands, Honiara", Honiara,Bulk Carrier,Imports,7308.7,,,,
2025,1,"Solomon Islands, Honiara", Honiara,Container,Exports,902.9,,,,
2025,1,"Solomon Islands, Honiara", Honiara,Container,Imports,12648.1,,,,
2025,1,"Solomon Islands, Honiara", Honiara,General Cargo,Exports,12069.6,,,,
2025,1,"Solomon Islands, Honiara", Honiara,General Cargo,Imports,888.5,,,,
2025,1,"Solomon Islands, Honiara", Honiara,Tanker,Imports,5864.5,,,,
2025,1,"Solomon Islands, Lughughi Port", Lughughi Port,Bulk Carrier,Exports,12420.2,,,,
2025,1,"Solomon Islands, Mbulo", Mbulo,Bulk Carrier,Exports,7411.3,,,,
2025,1,"Solomon Islands, Ndora", Ndora,Bulk Carrier,Exports,6920.2,,,,
2025,1,"Solomon Islands, Port Noro", Port Noro,Bulk Carrier,Exports,137669.6,,,,
2025,1,"Solomon Islands, Port Noro", Port Noro,Bulk Carrier,Imports,1590,,,,
2025,1,"Solomon Islands, Port Noro", Port Noro,Container,Exports,264.7,,,,
2025,1,"Solomon Islands, Port Noro", Port Noro,Container,Imports,263.4,,,,
2025,1,"Solomon Islands, Port Noro", Port Noro,General Cargo,Exports,2788,,,,
2025,1,"Solomon Islands, Port Noro", Port Noro,General Cargo,Imports,4285.1,,,,
2025,1,"Solomon Islands, Port Noro", Port Noro,Tanker,Imports,862.7,,,,
2025,1,"Solomon Islands, Seghe", Seghe,Bulk Carrier,Exports,15130.8,,,,
2025,1,"Solomon Islands, Seghe", Seghe,Tanker,Imports,5618.5,,,,
2025,1,"Tonga, Neiafu", Neiafu,General Cargo,Imports,912.3,,,,
2025,1,"Tonga, Neiafu", Neiafu,Tanker,Exports,114.2,,,,
2025,1,"Tonga, Neiafu", Neiafu,Tanker,Imports,907.6,,,,
2025,1,"Tonga, Nuku Alofa", Nuku Alofa,Container,Exports,1101,,,,
2025,1,"Tonga, Nuku Alofa", Nuku Alofa,Container,Imports,6044.2,,,,
2025,1,"Tonga, Nuku Alofa", Nuku Alofa,General Cargo,Imports,4870.6,,,,
2025,1,"Tonga, Nuku Alofa", Nuku Alofa,Tanker,Exports,0.4,,,,
2025,1,"Tonga, Nuku Alofa", Nuku Alofa,Tanker,Imports,2348.6,,,,
2025,1,"Tuvalu, Funafuti Atoll", Funafuti Atoll,General Cargo,Exports,1429.2,,,,
2025,1,"Tuvalu, Funafuti Atoll", Funafuti Atoll,General Cargo,Imports,167.1,,,,
2025,1,"Vanuatu, Luganville", Luganville,Container,Exports,517.7,,,,
2025,1,"Vanuatu, Luganville", Luganville,Container,Imports,3298.5,,,,
2025,1,"Vanuatu, Luganville", Luganville,General Cargo,Imports,3077.6,,,,
2025,1,"Vanuatu, Luganville", Luganville,Tanker,Imports,2000.9,,,,
2025,1,"Vanuatu, Port Vila", Port Vila,Container,Imports,8970.5,,,,
2025,1,"Vanuatu, Port Vila", Port Vila,General Cargo,Imports,4157.5,,,,
2025,1,"Vanuatu, Port Vila", Port Vila,Tanker,Imports,6223.4,,,,
2025,2,"Fiji, Lautoka Harbor", Lautoka Harbor,Bulk Carrier,Exports,3918.5,,,,
2025,2,"Fiji, Lautoka Harbor", Lautoka Harbor,Container,Exports,11648,,,,
2025,2,"Fiji, Lautoka Harbor", Lautoka Harbor,Container,Imports,7368.9,,,,
2025,2,"Fiji, Lautoka Harbor", Lautoka Harbor,General Cargo,Exports,169.3,,,,
2025,2,"Fiji, Lautoka Harbor", Lautoka Harbor,General Cargo,Imports,2620.4,,,,
2025,2,"Fiji, Lautoka Harbor", Lautoka Harbor,Tanker,Exports,3951.9,,,,
2025,2,"Fiji, Lautoka Harbor", Lautoka Harbor,Tanker,Imports,30548.9,,,,
2025,2,"Fiji, Malai", Malai,Tanker,Exports,321.5,,,,
2025,2,"Fiji, Malai", Malai,Tanker,Imports,592,,,,
2025,2,"Fiji, Nabouwalu Jetty", Nabouwalu Jetty,Bulk Carrier,Exports,11857.6,,,,
2025,2,"Fiji, Suva Harbor", Suva Harbor,Container,Exports,1580.1,,,,
2025,2,"Fiji, Suva Harbor", Suva Harbor,Container,Imports,18886.7,,,,
2025,2,"Fiji, Suva Harbor", Suva Harbor,General Cargo,Exports,5839.7,,,,
2025,2,"Fiji, Suva Harbor", Suva Harbor,General Cargo,Imports,5042.2,,,,
2025,2,"Fiji, Suva Harbor", Suva Harbor,Tanker,Exports,450.3,,,,
2025,2,"Fiji, Suva Harbor", Suva Harbor,Tanker,Imports,11223.7,,,,
2025,2,"Kiribati, Kiribati", Kiribati,General Cargo,Exports,1941.6,,,,
2025,2,"Kiribati, Tarawa Atoll", Tarawa Atoll,General Cargo,Exports,1429.8,,,,
2025,2,"Kiribati, Tarawa Atoll", Tarawa Atoll,Tanker,Imports,504.9,,,,
2025,2,"Marshall Islands, Ebeye", Ebeye,General Cargo,Imports,1411.6,,,,
2025,2,"Marshall Islands, Kwajalein", Kwajalein,Container,Imports,572.6,,,,
2025,2,"Marshall Islands, Majuro Atoll", Majuro Atoll,Container,Imports,1331.6,,,,
2025,2,"Marshall Islands, Majuro Atoll", Majuro Atoll,General Cargo,Exports,3984.9,,,,
2025,2,"Marshall Islands, Majuro Atoll", Majuro Atoll,General Cargo,Imports,981.3,,,,
2025,2,"Marshall Islands, Majuro Atoll", Majuro Atoll,Tanker,Exports,466,,,,
2025,2,"Marshall Islands, Majuro Atoll", Majuro Atoll,Tanker,Imports,412.8,,,,
2025,2,"Micronesia, Colonia", Colonia,Container,Exports,238.2,,,,
2025,2,"Micronesia, Colonia", Colonia,Container,Imports,246.4,,,,
2025,2,"Micronesia, Colonia", Colonia,General Cargo,Exports,1835.5,,,,
2025,2,"Micronesia, Lele Harbor", Lele Harbor,Container,Exports,2371.2,,,,
2025,2,"Micronesia, Lele Harbor", Lele Harbor,Container,Imports,888.5,,,,
2025,2,"Micronesia, Lele Harbor", Lele Harbor,General Cargo,Imports,973.6,,,,
2025,2,"Micronesia, Lele Harbor", Lele Harbor,Tanker,Imports,206.8,,,,
2025,2,"Micronesia, Moen", Moen,General Cargo,Exports,2322.9,,,,
2025,2,"Micronesia, Moen", Moen,General Cargo,Imports,762.3,,,,
2025,2,"Micronesia, Moen", Moen,Tanker,Imports,698.3,,,,
2025,2,"Micronesia, Pornpei Harbor", Pornpei Harbor,Container,Exports,596.7,,,,
2025,2,"Micronesia, Pornpei Harbor", Pornpei Harbor,General Cargo,Imports,1767.7,,,,
2025,2,"Micronesia, Pornpei Harbor", Pornpei Harbor,Tanker,Imports,1662.5,,,,
2025,2,"Palau, Malakal Harbor", Malakal Harbor,Container,Exports,958.7,,,,
2025,2,"Palau, Malakal Harbor", Malakal Harbor,Container,Imports,740.5,,,,
2025,2,"Palau, Malakal Harbor", Malakal Harbor,General Cargo,Imports,528.5,,,,
2025,2,"Palau, Malakal Harbor", Malakal Harbor,Tanker,Imports,417.8,,,,
2025,2,"Papua New Guinea, Alotoa", Alotoa,Bulk Carrier,Exports,9217.1,,,,
2025,2,"Papua New Guinea, Alotoa", Alotoa,Container,Exports,175.2,,,,
2025,2,"Papua New Guinea, Alotoa", Alotoa,General Cargo,Exports,3432.9,,,,
2025,2,"Papua New Guinea, Alotoa", Alotoa,General Cargo,Imports,1242.3,,,,
2025,2,"Papua New Guinea, Alotoa", Alotoa,Tanker,Exports,23126.4,,,,
2025,2,"Papua New Guinea, Buka", Buka,Container,Exports,303.9,,,,
2025,2,"Papua New Guinea, Buka", Buka,Container,Imports,1870.3,,,,
2025,2,"Papua New Guinea, Buka", Buka,General Cargo,Exports,1664.2,,,,
2025,2,"Papua New Guinea, Daru", Daru,Bulk Carrier,Exports,12297,,,,
2025,2,"Papua New Guinea, Daru", Daru,General Cargo,Imports,459.8,,,,
2025,2,"Papua New Guinea, Kavieng Harbor", Kavieng Harbor,Bulk Carrier,Exports,30649.7,,,,
2025,2,"Papua New Guinea, Kavieng Harbor", Kavieng Harbor,Container,Imports,2818.3,,,,
2025,2,"Papua New Guinea, Kavieng Harbor", Kavieng Harbor,General Cargo,Exports,611.4,,,,
2025,2,"Papua New Guinea, Kavieng Harbor", Kavieng Harbor,General Cargo,Imports,291.5,,,,
2025,2,"Papua New Guinea, Kavieng Harbor", Kavieng Harbor,Tanker,Exports,388,,,,
2025,2,"Papua New Guinea, Kieta", Kieta,Container,Exports,115.4,,,,
2025,2,"Papua New Guinea, Kieta", Kieta,General Cargo,Exports,625.2,,,,
2025,2,"Papua New Guinea, Kimbe", Kimbe,Bulk Carrier,Exports,29595.3,,,,
2025,2,"Papua New Guinea, Kimbe", Kimbe,Bulk Carrier,Imports,3112.9,,,,
2025,2,"Papua New Guinea, Kimbe", Kimbe,Container,Imports,355.3,,,,
2025,2,"Papua New Guinea, Kimbe", Kimbe,General Cargo,Exports,6274.6,,,,
2025,2,"Papua New Guinea, Kimbe", Kimbe,General Cargo,Imports,693.4,,,,
2025,2,"Papua New Guinea, Kimbe", Kimbe,Tanker,Exports,1440.1,,,,
2025,2,"Papua New Guinea, Kimbe", Kimbe,Tanker,Imports,901.2,,,,
2025,2,"Papua New Guinea, Lae", Lae,Container,Exports,20958.9,,,,
2025,2,"Papua New Guinea, Lae", Lae,Container,Imports,20546.2,,,,
2025,2,"Papua New Guinea, Lae", Lae,General Cargo,Exports,9656.2,,,,
2025,2,"Papua New Guinea, Lae", Lae,General Cargo,Imports,10116.4,,,,
2025,2,"Papua New Guinea, Lae", Lae,Tanker,Imports,22338.7,,,,
2025,2,"Papua New Guinea, Madang", Madang,Container,Exports,2881,,,,
2025,2,"Papua New Guinea, Madang", Madang,Container,Imports,2918.4,,,,
2025,2,"Papua New Guinea, Madang", Madang,General Cargo,Exports,875.3,,,,
2025,2,"Papua New Guinea, Madang", Madang,General Cargo,Imports,731.4,,,,
2025,2,"Papua New Guinea, Madang", Madang,Tanker,Exports,2485.2,,,,
2025,2,"Papua New Guinea, Oro Bay", Oro Bay,General Cargo,Exports,4006.7,,,,
2025,2,"Papua New Guinea, Oro Bay", Oro Bay,Tanker,Exports,9715.2,,,,
2025,2,"Papua New Guinea, Port Moresby", Port Moresby,Bulk Carrier,Exports,9003.2,,,,
2025,2,"Papua New Guinea, Port Moresby", Port Moresby,Bulk Carrier,Imports,10719.5,,,,
2025,2,"Papua New Guinea, Port Moresby", Port Moresby,Container,Exports,1243.1,,,,
2025,2,"Papua New Guinea, Port Moresby", Port Moresby,Container,Imports,22593.5,,,,
2025,2,"Papua New Guinea, Port Moresby", Port Moresby,General Cargo,Exports,14683.1,,,,
2025,2,"Papua New Guinea, Port Moresby", Port Moresby,General Cargo,Imports,5774,,,,
2025,2,"Papua New Guinea, Port Moresby", Port Moresby,Tanker,Exports,201850.6,,,,
2025,2,"Papua New Guinea, Port Moresby", Port Moresby,Tanker,Imports,34537.4,,,,
2025,2,"Papua New Guinea, Put Put", Put Put,General Cargo,Exports,1780.5,,,,
2025,2,"Papua New Guinea, Put Put", Put Put,General Cargo,Imports,823.2,,,,
2025,2,"Papua New Guinea, Put Put", Put Put,Tanker,Exports,1438.7,,,,
2025,2,"Papua New Guinea, Rabaul", Rabaul,Container,Exports,4779.6,,,,
2025,2,"Papua New Guinea, Rabaul", Rabaul,Container,Imports,2075.8,,,,
2025,2,"Papua New Guinea, Rabaul", Rabaul,General Cargo,Exports,32319.4,,,,
2025,2,"Papua New Guinea, Rabaul", Rabaul,General Cargo,Imports,1183.9,,,,
2025,2,"Papua New Guinea, Rabaul", Rabaul,Tanker,Exports,36.9,,,,
2025,2,"Papua New Guinea, Rabaul", Rabaul,Tanker,Imports,4629.9,,,,
2025,2,"Papua New Guinea, Vanimo", Vanimo,General Cargo,Exports,383.2,,,,
2025,2,"Papua New Guinea, Wewak Harbor", Wewak Harbor,General Cargo,Exports,1196.1,,,,
2025,2,"Papua New Guinea, Wewak Harbor", Wewak Harbor,General Cargo,Imports,827.3,,,,
2025,2,"Papua New Guinea, Wewak Harbor", Wewak Harbor,Tanker,Imports,358.7,,,,
2025,2,"Samoa, Apia", Apia,Container,Exports,4395.3,,,,
2025,2,"Samoa, Apia", Apia,Container,Imports,10361.9,,,,
2025,2,"Samoa, Apia", Apia,General Cargo,Exports,337.7,,,,
2025,2,"Samoa, Apia", Apia,General Cargo,Imports,5612.7,,,,
2025,2,"Samoa, Apia", Apia,Tanker,Imports,699.4,,,,
2025,2,"Solomon Islands, Honiara", Honiara,Bulk Carrier,Exports,4424.9,,,,
2025,2,"Solomon Islands, Honiara", Honiara,Container,Exports,1505.6,,,,
2025,2,"Solomon Islands, Honiara", Honiara,Container,Imports,8251.7,,,,
2025,2,"Solomon Islands, Honiara", Honiara,General Cargo,Exports,34859.4,,,,
2025,2,"Solomon Islands, Honiara", Honiara,General Cargo,Imports,466.6,,,,
2025,2,"Solomon Islands, Honiara", Honiara,Tanker,Imports,11193.3,,,,
2025,2,"Solomon Islands, Lughughi Port", Lughughi Port,Bulk Carrier,Exports,57913.3,,,,
2025,2,"Solomon Islands, Port Noro", Port Noro,Bulk Carrier,Exports,9410.9,,,,
2025,2,"Solomon Islands, Port Noro", Port Noro,Container,Exports,581.9,,,,
2025,2,"Solomon Islands, Port Noro", Port Noro,General Cargo,Exports,3622.8,,,,
2025,2,"Solomon Islands, Port Noro", Port Noro,General Cargo,Imports,4337.7,,,,
2025,2,"Solomon Islands, Rennell Island", Rennell Island,Bulk Carrier,Exports,50617.1,,,,
2025,2,"Solomon Islands, Ringgi Cove", Ringgi Cove,Bulk Carrier,Exports,8003.5,,,,
2025,2,"Tonga, Neiafu", Neiafu,Tanker,Imports,353,,,,
2025,2,"Tonga, Nuku Alofa", Nuku Alofa,Container,Imports,9114.1,,,,
2025,2,"Tonga, Nuku Alofa", Nuku Alofa,General Cargo,Exports,3690,,,,
2025,2,"Tonga, Nuku Alofa", Nuku Alofa,General Cargo,Imports,1998.1,,,,
2025,2,"Tonga, Nuku Alofa", Nuku Alofa,Tanker,Exports,407.7,,,,
2025,2,"Tonga, Nuku Alofa", Nuku Alofa,Tanker,Imports,645,,,,
2025,2,"Tuvalu, Funafuti Atoll", Funafuti Atoll,Container,Exports,131.1,,,,
2025,2,"Tuvalu, Funafuti Atoll", Funafuti Atoll,General Cargo,Exports,1870.5,,,,
2025,2,"Tuvalu, Funafuti Atoll", Funafuti Atoll,General Cargo,Imports,571.2,,,,
2025,2,"Tuvalu, Funafuti Atoll", Funafuti Atoll,Tanker,Exports,138.2,,,,
2025,2,"Vanuatu, Luganville", Luganville,Container,Imports,1284.5,,,,
2025,2,"Vanuatu, Luganville", Luganville,General Cargo,Imports,589.6,,,,
2025,2,"Vanuatu, Port Vila", Port Vila,Container,Imports,8527.9,,,,
2025,2,"Vanuatu, Port Vila", Port Vila,Tanker,Imports,3602,,,,
2025,3,"Fiji, Lautoka Harbor", Lautoka Harbor,Container,Exports,8059.7,,,,
2025,3,"Fiji, Lautoka Harbor", Lautoka Harbor,Container,Imports,9381.6,,,,
2025,3,"Fiji, Lautoka Harbor", Lautoka Harbor,General Cargo,Exports,2379.7,,,,
2025,3,"Fiji, Lautoka Harbor", Lautoka Harbor,General Cargo,Imports,3159.1,,,,
2025,3,"Fiji, Lautoka Harbor", Lautoka Harbor,Tanker,Exports,15177.4,,,,
2025,3,"Fiji, Lautoka Harbor", Lautoka Harbor,Tanker,Imports,19900.7,,,,
2025,3,"Fiji, Malai", Malai,Tanker,Exports,292.7,,,,
2025,3,"Fiji, Malai", Malai,Tanker,Imports,567.5,,,,
2025,3,"Fiji, Port of Savusavu Bay", Port of Savusavu Bay,General Cargo,Imports,952.7,,,,
2025,3,"Fiji, Suva Harbor", Suva Harbor,Bulk Carrier,Imports,11815.3,,,,
2025,3,"Fiji, Suva Harbor", Suva Harbor,Container,Exports,9159.8,,,,
2025,3,"Fiji, Suva Harbor", Suva Harbor,Container,Imports,21919.4,,,,
2025,3,"Fiji, Suva Harbor", Suva Harbor,General Cargo,Exports,4106.9,,,,
2025,3,"Fiji, Suva Harbor", Suva Harbor,General Cargo,Imports,5511.6,,,,
2025,3,"Fiji, Suva Harbor", Suva Harbor,Tanker,Imports,7651.4,,,,
2025,3,"Kiribati, Tarawa Atoll", Tarawa Atoll,Container,Imports,2375,,,,
2025,3,"Kiribati, Tarawa Atoll", Tarawa Atoll,General Cargo,Exports,283,,,,
2025,3,"Kiribati, Tarawa Atoll", Tarawa Atoll,General Cargo,Imports,766.6,,,,
2025,3,"Marshall Islands, Ebeye", Ebeye,Bulk Carrier,Exports,3284.2,,,,
2025,3,"Marshall Islands, Ebeye", Ebeye,General Cargo,Exports,108,,,,
2025,3,"Marshall Islands, Ebeye", Ebeye,General Cargo,Imports,1304.8,,,,
2025,3,"Marshall Islands, Kwajalein", Kwajalein,Container,Imports,1338.9,,,,
2025,3,"Marshall Islands, Kwajalein", Kwajalein,General Cargo,Imports,977.6,,,,
2025,3,"Marshall Islands, Kwajalein", Kwajalein,Tanker,Exports,60.4,,,,
2025,3,"Marshall Islands, Kwajalein", Kwajalein,Tanker,Imports,318.2,,,,
2025,3,"Marshall Islands, Majuro Atoll", Majuro Atoll,Container,Imports,1187.7,,,,
2025,3,"Marshall Islands, Majuro Atoll", Majuro Atoll,General Cargo,Exports,5255.2,,,,
2025,3,"Marshall Islands, Majuro Atoll", Majuro Atoll,General Cargo,Imports,474.6,,,,
2025,3,"Marshall Islands, Majuro Atoll", Majuro Atoll,Tanker,Imports,1226.9,,,,
2025,3,"Micronesia, Colonia", Colonia,Container,Imports,251.3,,,,
2025,3,"Micronesia, Colonia", Colonia,General Cargo,Exports,1579.2,,,,
2025,3,"Micronesia, Colonia", Colonia,General Cargo,Imports,256,,,,
2025,3,"Micronesia, Colonia", Colonia,Tanker,Exports,628.7,,,,
2025,3,"Micronesia, Lele Harbor", Lele Harbor,Container,Exports,302,,,,
2025,3,"Micronesia, Lele Harbor", Lele Harbor,General Cargo,Exports,292.7,,,,
2025,3,"Micronesia, Lele Harbor", Lele Harbor,General Cargo,Imports,1243.7,,,,
2025,3,"Micronesia, Moen", Moen,General Cargo,Exports,2322.9,,,,
2025,3,"Micronesia, Moen", Moen,General Cargo,Imports,1016.5,,,,
2025,3,"Micronesia, Moen", Moen,Tanker,Imports,625.1,,,,
2025,3,"Micronesia, Pornpei Harbor", Pornpei Harbor,Container,Exports,1081,,,,
2025,3,"Micronesia, Pornpei Harbor", Pornpei Harbor,Container,Imports,302,,,,
2025,3,"Micronesia, Pornpei Harbor", Pornpei Harbor,General Cargo,Exports,3503.7,,,,
2025,3,"Micronesia, Pornpei Harbor", Pornpei Harbor,General Cargo,Imports,3571.1,,,,
2025,3,"Micronesia, Pornpei Harbor", Pornpei Harbor,Tanker,Imports,1464.5,,,,
2025,3,"Palau, Malakal Harbor", Malakal Harbor,Container,Imports,2446.8,,,,
2025,3,"Palau, Malakal Harbor", Malakal Harbor,General Cargo,Exports,254.4,,,,
2025,3,"Palau, Malakal Harbor", Malakal Harbor,General Cargo,Imports,789.5,,,,
2025,3,"Palau, Malakal Harbor", Malakal Harbor,Tanker,Imports,1862.9,,,,
2025,3,"Papua New Guinea, Alotoa", Alotoa,Container,Exports,1227.5,,,,
2025,3,"Papua New Guinea, Alotoa", Alotoa,General Cargo,Exports,19.7,,,,
2025,3,"Papua New Guinea, Alotoa", Alotoa,General Cargo,Imports,789.1,,,,
2025,3,"Papua New Guinea, Alotoa", Alotoa,Tanker,Exports,110.6,,,,
2025,3,"Papua New Guinea, Buka", Buka,Container,Exports,303.9,,,,
2025,3,"Papua New Guinea, Buka", Buka,Container,Imports,3370,,,,
2025,3,"Papua New Guinea, Daru", Daru,General Cargo,Imports,22.8,,,,
2025,3,"Papua New Guinea, Kavieng Harbor", Kavieng Harbor,Bulk Carrier,Exports,7537,,,,
2025,3,"Papua New Guinea, Kavieng Harbor", Kavieng Harbor,Container,Imports,3352.8,,,,
2025,3,"Papua New Guinea, Kavieng Harbor", Kavieng Harbor,General Cargo,Exports,674.1,,,,
2025,3,"Papua New Guinea, Kavieng Harbor", Kavieng Harbor,Tanker,Exports,102.5,,,,
2025,3,"Papua New Guinea, Kavieng Harbor", Kavieng Harbor,Tanker,Imports,1808.2,,,,
2025,3,"Papua New Guinea, Kieta", Kieta,Container,Exports,185.5,,,,
2025,3,"Papua New Guinea, Kieta", Kieta,Container,Imports,1309.2,,,,
2025,3,"Papua New Guinea, Kimbe", Kimbe,Bulk Carrier,Exports,11716.7,,,,
2025,3,"Papua New Guinea, Kimbe", Kimbe,Container,Exports,1393.3,,,,
2025,3,"Papua New Guinea, Kimbe", Kimbe,Container,Imports,299.2,,,,
2025,3,"Papua New Guinea, Kimbe", Kimbe,General Cargo,Exports,4512.5,,,,
2025,3,"Papua New Guinea, Kimbe", Kimbe,Tanker,Exports,39005.5,,,,
2025,3,"Papua New Guinea, Lae", Lae,Bulk Carrier,Imports,12243.1,,,,
2025,3,"Papua New Guinea, Lae", Lae,Container,Exports,26506.5,,,,
2025,3,"Papua New Guinea, Lae", Lae,Container,Imports,33283.7,,,,
2025,3,"Papua New Guinea, Lae", Lae,General Cargo,Exports,18594.4,,,,
2025,3,"Papua New Guinea, Lae", Lae,General Cargo,Imports,20190.6,,,,
2025,3,"Papua New Guinea, Lae", Lae,Tanker,Exports,3996.9,,,,
2025,3,"Papua New Guinea, Lae", Lae,Tanker,Imports,20615.5,,,,
2025,3,"Papua New Guinea, Madang", Madang,Bulk Carrier,Exports,5412.1,,,,
2025,3,"Papua New Guinea, Madang", Madang,Bulk Carrier,Imports,2716.6,,,,
2025,3,"Papua New Guinea, Madang", Madang,Container,Exports,2297.9,,,,
2025,3,"Papua New Guinea, Madang", Madang,Container,Imports,914.1,,,,
2025,3,"Papua New Guinea, Madang", Madang,General Cargo,Exports,2489.8,,,,
2025,3,"Papua New Guinea, Madang", Madang,Tanker,Exports,16763.8,,,,
2025,3,"Papua New Guinea, Madang", Madang,Tanker,Imports,5274.8,,,,
2025,3,"Papua New Guinea, Oro Bay", Oro Bay,Bulk Carrier,Exports,19126.8,,,,
2025,3,"Papua New Guinea, Oro Bay", Oro Bay,Container,Imports,3525.8,,,,
2025,3,"Papua New Guinea, Oro Bay", Oro Bay,General Cargo,Exports,445.3,,,,
2025,3,"Papua New Guinea, Oro Bay", Oro Bay,General Cargo,Imports,1914.3,,,,
2025,3,"Papua New Guinea, Oro Bay", Oro Bay,Tanker,Exports,65.7,,,,
2025,3,"Papua New Guinea, Port Moresby", Port Moresby,Bulk Carrier,Exports,14410.6,,,,
2025,3,"Papua New Guinea, Port Moresby", Port Moresby,Bulk Carrier,Imports,59.5,,,,
2025,3,"Papua New Guinea, Port Moresby", Port Moresby,Container,Exports,5189.2,,,,
2025,3,"Papua New Guinea, Port Moresby", Port Moresby,Container,Imports,24974.2,,,,
2025,3,"Papua New Guinea, Port Moresby", Port Moresby,General Cargo,Exports,13327.7,,,,
2025,3,"Papua New Guinea, Port Moresby", Port Moresby,General Cargo,Imports,19784.4,,,,
2025,3,"Papua New Guinea, Port Moresby", Port Moresby,Tanker,Exports,181028,,,,
2025,3,"Papua New Guinea, Port Moresby", Port Moresby,Tanker,Imports,20913.5,,,,
2025,3,"Papua New Guinea, Put Put", Put Put,General Cargo,Exports,1605.4,,,,
2025,3,"Papua New Guinea, Put Put", Put Put,General Cargo,Imports,2547.3,,,,
2025,3,"Papua New Guinea, Put Put", Put Put,Tanker,Exports,1438.7,,,,
2025,3,"Papua New Guinea, Put Put", Put Put,Tanker,Imports,6264,,,,
2025,3,"Papua New Guinea, Rabaul", Rabaul,Container,Exports,787.3,,,,
2025,3,"Papua New Guinea, Rabaul", Rabaul,Container,Imports,3822.7,,,,
2025,3,"Papua New Guinea, Rabaul", Rabaul,General Cargo,Exports,10010.2,,,,
2025,3,"Papua New Guinea, Rabaul", Rabaul,General Cargo,Imports,2452.3,,,,
2025,3,"Papua New Guinea, Rabaul", Rabaul,Tanker,Exports,339,,,,
2025,3,"Papua New Guinea, Rabaul", Rabaul,Tanker,Imports,1881.4,,,,
2025,3,"Papua New Guinea, Vanimo", Vanimo,Bulk Carrier,Exports,13775.7,,,,
2025,3,"Papua New Guinea, Vanimo", Vanimo,General Cargo,Exports,391.6,,,,
2025,3,"Papua New Guinea, Vanimo", Vanimo,General Cargo,Imports,237.4,,,,
2025,3,"Papua New Guinea, Vanimo", Vanimo,Tanker,Exports,1087.4,,,,
2025,3,"Papua New Guinea, Wewak Harbor", Wewak Harbor,General Cargo,Exports,19298.1,,,,
2025,3,"Papua New Guinea, Wewak Harbor", Wewak Harbor,General Cargo,Imports,4441.6,,,,
2025,3,"Papua New Guinea, Wewak Harbor", Wewak Harbor,Tanker,Exports,2755.5,,,,
2025,3,"Papua New Guinea, Wewak Harbor", Wewak Harbor,Tanker,Imports,1082.1,,,,
2025,3,"Samoa, Apia", Apia,Container,Exports,2189.1,,,,
2025,3,"Samoa, Apia", Apia,Container,Imports,11315,,,,
2025,3,"Samoa, Apia", Apia,General Cargo,Imports,2125.4,,,,
2025,3,"Samoa, Apia", Apia,Tanker,Exports,562.8,,,,
2025,3,"Samoa, Apia", Apia,Tanker,Imports,4964.2,,,,
2025,3,"Solomon Islands, Honiara", Honiara,Bulk Carrier,Exports,8786.3,,,,
2025,3,"Solomon Islands, Honiara", Honiara,Bulk Carrier,Imports,2289.2,,,,
2025,3,"Solomon Islands, Honiara", Honiara,Container,Exports,1350.3,,,,
2025,3,"Solomon Islands, Honiara", Honiara,Container,Imports,4973.5,,,,
2025,3,"Solomon Islands, Honiara", Honiara,General Cargo,Exports,1990.1,,,,
2025,3,"Solomon Islands, Honiara", Honiara,General Cargo,Imports,10886.3,,,,
2025,3,"Solomon Islands, Honiara", Honiara,Tanker,Exports,1622.9,,,,
2025,3,"Solomon Islands, Honiara", Honiara,Tanker,Imports,7272.3,,,,
2025,3,"Solomon Islands, Lughughi Port", Lughughi Port,Bulk Carrier,Exports,60760.5,,,,
2025,3,"Solomon Islands, Ndora", Ndora,Bulk Carrier,Exports,4424.9,,,,
2025,3,"Solomon Islands, Ndora", Ndora,General Cargo,Exports,3622.8,,,,
2025,3,"Solomon Islands, Port Noro", Port Noro,Bulk Carrier,Exports,43978.4,,,,
2025,3,"Solomon Islands, Port Noro", Port Noro,Container,Exports,889.1,,,,
2025,3,"Solomon Islands, Port Noro", Port Noro,General Cargo,Exports,7512,,,,
2025,3,"Solomon Islands, Port Noro", Port Noro,General Cargo,Imports,1732.1,,,,
2025,3,"Solomon Islands, Port Noro", Port Noro,Tanker,Exports,371.3,,,,
2025,3,"Solomon Islands, Rennell Island", Rennell Island,General Cargo,Imports,4285.1,,,,
2025,3,"Solomon Islands, Ringgi Cove", Ringgi Cove,General Cargo,Exports,518,,,,
2025,3,"Tonga, Neiafu", Neiafu,General Cargo,Imports,953.6,,,,
2025,3,"Tonga, Neiafu", Neiafu,Tanker,Exports,277.8,,,,
2025,3,"Tonga, Neiafu", Neiafu,Tanker,Imports,112.1,,,,
2025,3,"Tonga, Nuku Alofa", Nuku Alofa,Container,Imports,11115.3,,,,
2025,3,"Tonga, Nuku Alofa", Nuku Alofa,General Cargo,Exports,333.6,,,,
2025,3,"Tonga, Nuku Alofa", Nuku Alofa,General Cargo,Imports,5966.7,,,,
2025,3,"Tonga, Nuku Alofa", Nuku Alofa,Tanker,Exports,292.7,,,,
2025,3,"Tonga, Nuku Alofa", Nuku Alofa,Tanker,Imports,1643.3,,,,
2025,3,"Tuvalu, Funafuti Atoll", Funafuti Atoll,Container,Imports,1244.5,,,,
2025,3,"Tuvalu, Funafuti Atoll", Funafuti Atoll,General Cargo,Exports,6606.4,,,,
2025,3,"Tuvalu, Funafuti Atoll", Funafuti Atoll,Tanker,Imports,554.5,,,,
2025,3,"Vanuatu, Luganville", Luganville,Container,Imports,1306.8,,,,
2025,3,"Vanuatu, Luganville", Luganville,General Cargo,Imports,1095.9,,,,
2025,3,"Vanuatu, Luganville", Luganville,Tanker,Imports,2008.9,,,,
2025,3,"Vanuatu, Port Vila", Port Vila,Container,Imports,4345.3,,,,
2025,3,"Vanuatu, Port Vila", Port Vila,General Cargo,Imports,1464.1,,,,
2025,3,"Vanuatu, Port Vila", Port Vila,Tanker,Imports,2470.1,,,,
2025,4,"Fiji, Lautoka Harbor", Lautoka Harbor,Bulk Carrier,Exports,25079.3,,,,
2025,4,"Fiji, Lautoka Harbor", Lautoka Harbor,Bulk Carrier,Imports,3055.7,,,,
2025,4,"Fiji, Lautoka Harbor", Lautoka Harbor,Container,Exports,11404.3,,,,
2025,4,"Fiji, Lautoka Harbor", Lautoka Harbor,Container,Imports,6154.4,,,,
2025,4,"Fiji, Lautoka Harbor", Lautoka Harbor,General Cargo,Exports,190.1,,,,
2025,4,"Fiji, Lautoka Harbor", Lautoka Harbor,General Cargo,Imports,5150.9,,,,
2025,4,"Fiji, Lautoka Harbor", Lautoka Harbor,Tanker,Exports,4331,,,,
2025,4,"Fiji, Lautoka Harbor", Lautoka Harbor,Tanker,Imports,30888.2,,,,
2025,4,"Fiji, Malai", Malai,Tanker,Exports,292.7,,,,
2025,4,"Fiji, Malai", Malai,Tanker,Imports,1582.1,,,,
2025,4,"Fiji, Port of Savusavu Bay", Port of Savusavu Bay,General Cargo,Imports,419.8,,,,
2025,4,"Fiji, Suva Harbor", Suva Harbor,Bulk Carrier,Exports,392.8,,,,
2025,4,"Fiji, Suva Harbor", Suva Harbor,Container,Exports,2077.6,,,,
2025,4,"Fiji, Suva Harbor", Suva Harbor,Container,Imports,25857.1,,,,
2025,4,"Fiji, Suva Harbor", Suva Harbor,General Cargo,Exports,5336.4,,,,
2025,4,"Fiji, Suva Harbor", Suva Harbor,General Cargo,Imports,3732.9,,,,
2025,4,"Fiji, Suva Harbor", Suva Harbor,Tanker,Exports,1246.1,,,,
2025,4,"Fiji, Suva Harbor", Suva Harbor,Tanker,Imports,7891.1,,,,
2025,4,"Kiribati, Kiribati", Kiribati,General Cargo,Exports,793.7,,,,
2025,4,"Kiribati, Tarawa Atoll", Tarawa Atoll,Container,Imports,3957.8,,,,
2025,4,"Kiribati, Tarawa Atoll", Tarawa Atoll,General Cargo,Exports,141.5,,,,
2025,4,"Kiribati, Tarawa Atoll", Tarawa Atoll,General Cargo,Imports,1088.8,,,,
2025,4,"Marshall Islands, Ebeye", Ebeye,General Cargo,Imports,1570.8,,,,
2025,4,"Marshall Islands, Kwajalein", Kwajalein,Container,Imports,1534.8,,,,
2025,4,"Marshall Islands, Kwajalein", Kwajalein,General Cargo,Imports,236.1,,,,
2025,4,"Marshall Islands, Majuro Atoll", Majuro Atoll,Container,Exports,2039.9,,,,
2025,4,"Marshall Islands, Majuro Atoll", Majuro Atoll,Container,Imports,2779.4,,,,
2025,4,"Marshall Islands, Majuro Atoll", Majuro Atoll,General Cargo,Exports,7591.6,,,,
2025,4,"Marshall Islands, Majuro Atoll", Majuro Atoll,General Cargo,Imports,3348.1,,,,
2025,4,"Marshall Islands, Majuro Atoll", Majuro Atoll,Tanker,Imports,625.1,,,,
2025,4,"Micronesia, Colonia", Colonia,Container,Imports,247.4,,,,
2025,4,"Micronesia, Colonia", Colonia,General Cargo,Exports,318.6,,,,
2025,4,"Micronesia, Lele Harbor", Lele Harbor,Container,Exports,1213.5,,,,
2025,4,"Micronesia, Lele Harbor", Lele Harbor,General Cargo,Exports,1579.2,,,,
2025,4,"Micronesia, Lele Harbor", Lele Harbor,General Cargo,Imports,761.2,,,,
2025,4,"Micronesia, Lele Harbor", Lele Harbor,Tanker,Imports,1461.4,,,,
2025,4,"Micronesia, Moen", Moen,General Cargo,Exports,991.6,,,,
2025,4,"Micronesia, Moen", Moen,General Cargo,Imports,1978.7,,,,
2025,4,"Micronesia, Moen", Moen,Tanker,Imports,207.9,,,,
2025,4,"Micronesia, Pornpei Harbor", Pornpei Harbor,Container,Exports,1033.5,,,,
2025,4,"Micronesia, Pornpei Harbor", Pornpei Harbor,General Cargo,Exports,3694.5,,,,
2025,4,"Micronesia, Pornpei Harbor", Pornpei Harbor,General Cargo,Imports,1265.7,,,,
2025,4,"Micronesia, Pornpei Harbor", Pornpei Harbor,Tanker,Imports,415.6,,,,
2025,4,"Nauru, Nauru", Nauru,Bulk Carrier,Exports,14324.8,,,,
2025,4,"Nauru, Nauru", Nauru,Container,Exports,126.8,,,,
2025,4,"Palau, Malakal Harbor", Malakal Harbor,Container,Imports,736.8,,,,
2025,4,"Palau, Malakal Harbor", Malakal Harbor,General Cargo,Imports,528.5,,,,
2025,4,"Palau, Malakal Harbor", Malakal Harbor,Tanker,Exports,1281.6,,,,
2025,4,"Palau, Malakal Harbor", Malakal Harbor,Tanker,Imports,1260.2,,,,
2025,4,"Papua New Guinea, Alotoa", Alotoa,Bulk Carrier,Exports,12627.8,,,,
2025,4,"Papua New Guinea, Alotoa", Alotoa,Container,Exports,87.6,,,,
2025,4,"Papua New Guinea, Alotoa", Alotoa,Container,Imports,2430.6,,,,
2025,4,"Papua New Guinea, Alotoa", Alotoa,General Cargo,Exports,4787.5,,,,
2025,4,"Papua New Guinea, Alotoa", Alotoa,General Cargo,Imports,1982.7,,,,
2025,4,"Papua New Guinea, Alotoa", Alotoa,Tanker,Exports,5469.2,,,,
2025,4,"Papua New Guinea, Alotoa", Alotoa,Tanker,Imports,5201,,,,
2025,4,"Papua New Guinea, Buka", Buka,Container,Exports,520.7,,,,
2025,4,"Papua New Guinea, Buka", Buka,Container,Imports,1496.2,,,,
2025,4,"Papua New Guinea, Buka", Buka,General Cargo,Exports,170.4,,,,
2025,4,"Papua New Guinea, Daru", Daru,General Cargo,Imports,217.7,,,,
2025,4,"Papua New Guinea, Kavieng Harbor", Kavieng Harbor,Bulk Carrier,Exports,24828.6,,,,
2025,4,"Papua New Guinea, Kavieng Harbor", Kavieng Harbor,Container,Exports,37795.7,,,,
2025,4,"Papua New Guinea, Kavieng Harbor", Kavieng Harbor,Container,Imports,350.3,,,,
2025,4,"Papua New Guinea, Kavieng Harbor", Kavieng Harbor,General Cargo,Exports,6453.9,,,,
2025,4,"Papua New Guinea, Kieta", Kieta,Container,Exports,616.6,,,,
2025,4,"Papua New Guinea, Kieta", Kieta,Container,Imports,186.7,,,,
2025,4,"Papua New Guinea, Kimbe", Kimbe,Bulk Carrier,Exports,43173.8,,,,
2025,4,"Papua New Guinea, Kimbe", Kimbe,Container,Exports,881.4,,,,
2025,4,"Papua New Guinea, Kimbe", Kimbe,General Cargo,Exports,12858.4,,,,
2025,4,"Papua New Guinea, Kimbe", Kimbe,Tanker,Exports,4312.1,,,,
2025,4,"Papua New Guinea, Kimbe", Kimbe,Tanker,Imports,1321.2,,,,
2025,4,"Papua New Guinea, Lae", Lae,Container,Exports,17304.1,,,,
2025,4,"Papua New Guinea, Lae", Lae,Container,Imports,40836,,,,
2025,4,"Papua New Guinea, Lae", Lae,General Cargo,Exports,12358.9,,,,
2025,4,"Papua New Guinea, Lae", Lae,General Cargo,Imports,14113.5,,,,
2025,4,"Papua New Guinea, Lae", Lae,Tanker,Exports,4422.2,,,,
2025,4,"Papua New Guinea, Lae", Lae,Tanker,Imports,8431.9,,,,
2025,4,"Papua New Guinea, Madang", Madang,Container,Exports,1874.9,,,,
2025,4,"Papua New Guinea, Madang", Madang,Container,Imports,1712.1,,,,
2025,4,"Papua New Guinea, Madang", Madang,General Cargo,Exports,1005.4,,,,
2025,4,"Papua New Guinea, Madang", Madang,Tanker,Exports,21376.3,,,,
2025,4,"Papua New Guinea, Oro Bay", Oro Bay,Bulk Carrier,Exports,15336.8,,,,
2025,4,"Papua New Guinea, Oro Bay", Oro Bay,Container,Imports,2138.7,,,,
2025,4,"Papua New Guinea, Oro Bay", Oro Bay,General Cargo,Imports,2698.5,,,,
2025,4,"Papua New Guinea, Oro Bay", Oro Bay,Tanker,Exports,847.1,,,,
2025,4,"Papua New Guinea, Oro Bay", Oro Bay,Tanker,Imports,237.3,,,,
2025,4,"Papua New Guinea, Port Moresby", Port Moresby,Bulk Carrier,Exports,3839.8,,,,
2025,4,"Papua New Guinea, Port Moresby", Port Moresby,Bulk Carrier,Imports,10902.5,,,,
2025,4,"Papua New Guinea, Port Moresby", Port Moresby,Container,Exports,4019.1,,,,
2025,4,"Papua New Guinea, Port Moresby", Port Moresby,Container,Imports,23823.5,,,,
2025,4,"Papua New Guinea, Port Moresby", Port Moresby,General Cargo,Exports,16516,,,,
2025,4,"Papua New Guinea, Port Moresby", Port Moresby,General Cargo,Imports,12481.9,,,,
2025,4,"Papua New Guinea, Port Moresby", Port Moresby,Tanker,Exports,220625.9,,,,
2025,4,"Papua New Guinea, Port Moresby", Port Moresby,Tanker,Imports,22719.7,,,,
2025,4,"Papua New Guinea, Put Put", Put Put,General Cargo,Exports,2127.9,,,,
2025,4,"Papua New Guinea, Put Put", Put Put,Tanker,Imports,10108.6,,,,
2025,4,"Papua New Guinea, Rabaul", Rabaul,Container,Exports,2180.4,,,,
2025,4,"Papua New Guinea, Rabaul", Rabaul,Container,Imports,4598.2,,,,
2025,4,"Papua New Guinea, Rabaul", Rabaul,General Cargo,Exports,12252.5,,,,
2025,4,"Papua New Guinea, Rabaul", Rabaul,General Cargo,Imports,117.6,,,,
2025,4,"Papua New Guinea, Rabaul", Rabaul,Tanker,Exports,685.7,,,,
2025,4,"Papua New Guinea, Rabaul", Rabaul,Tanker,Imports,10574.5,,,,
2025,4,"Papua New Guinea, Vanimo", Vanimo,General Cargo,Exports,109.5,,,,
2025,4,"Papua New Guinea, Vanimo", Vanimo,General Cargo,Imports,1694.1,,,,
2025,4,"Papua New Guinea, Vanimo", Vanimo,Tanker,Exports,4946,,,,
2025,4,"Papua New Guinea, Wewak Harbor", Wewak Harbor,Bulk Carrier,Exports,14474.7,,,,
2025,4,"Papua New Guinea, Wewak Harbor", Wewak Harbor,General Cargo,Exports,3465.7,,,,
2025,4,"Papua New Guinea, Wewak Harbor", Wewak Harbor,General Cargo,Imports,3674,,,,
2025,4,"Papua New Guinea, Wewak Harbor", Wewak Harbor,Tanker,Exports,4393.1,,,,
2025,4,"Papua New Guinea, Wewak Harbor", Wewak Harbor,Tanker,Imports,538.4,,,,
2025,4,"Samoa, Apia", Apia,Container,Exports,8636.4,,,,
2025,4,"Samoa, Apia", Apia,Container,Imports,8013.5,,,,
2025,4,"Samoa, Apia", Apia,General Cargo,Exports,15.6,,,,
2025,4,"Samoa, Apia", Apia,General Cargo,Imports,4493.7,,,,
2025,4,"Samoa, Apia", Apia,Tanker,Imports,3299.4,,,,
2025,4,"Solomon Islands, Honiara", Honiara,Bulk Carrier,Exports,13975.1,,,,
2025,4,"Solomon Islands, Honiara", Honiara,Container,Imports,9867.5,,,,
2025,4,"Solomon Islands, Honiara", Honiara,General Cargo,Exports,2443.2,,,,
2025,4,"Solomon Islands, Honiara", Honiara,General Cargo,Imports,3039.5,,,,
2025,4,"Solomon Islands, Honiara", Honiara,Tanker,Exports,620,,,,
2025,4,"Solomon Islands, Honiara", Honiara,Tanker,Imports,17201.6,,,,
2025,4,"Solomon Islands, Ndora", Ndora,Bulk Carrier,Exports,7458.1,,,,
2025,4,"Solomon Islands, Port Noro", Port Noro,Bulk Carrier,Exports,20072.2,,,,
2025,4,"Solomon Islands, Port Noro", Port Noro,Container,Exports,1227.5,,,,
2025,4,"Solomon Islands, Port Noro", Port Noro,Tanker,Exports,692.6,,,,
2025,4,"Solomon Islands, Port Noro", Port Noro,Tanker,Imports,1039.8,,,,
2025,4,"Solomon Islands, Ringgi Cove", Ringgi Cove,Bulk Carrier,Exports,6955.2,,,,
2025,4,"Tonga, Neiafu", Neiafu,General Cargo,Exports,166.1,,,,
2025,4,"Tonga, Neiafu", Neiafu,Tanker,Imports,138.8,,,,
2025,4,"Tonga, Nuku Alofa", Nuku Alofa,Container,Imports,5157.7,,,,
2025,4,"Tonga, Nuku Alofa", Nuku Alofa,General Cargo,Exports,625.2,,,,
2025,4,"Tonga, Nuku Alofa", Nuku Alofa,General Cargo,Imports,2831.6,,,,
2025,4,"Tonga, Nuku Alofa", Nuku Alofa,Tanker,Exports,744.2,,,,
2025,4,"Tonga, Nuku Alofa", Nuku Alofa,Tanker,Imports,1950.6,,,,
2025,4,"Tuvalu, Funafuti Atoll", Funafuti Atoll,Container,Exports,131.1,,,,
2025,4,"Tuvalu, Funafuti Atoll", Funafuti Atoll,General Cargo,Exports,3461.8,,,,
2025,4,"Tuvalu, Funafuti Atoll", Funafuti Atoll,Tanker,Imports,276.7,,,,
2025,4,"Vanuatu, Luganville", Luganville,Container,Imports,3088.1,,,,
2025,4,"Vanuatu, Luganville", Luganville,General Cargo,Imports,2025.3,,,,
2025,4,"Vanuatu, Port Vila", Port Vila,Container,Imports,4493.7,,,,
2025,4,"Vanuatu, Port Vila", Port Vila,General Cargo,Imports,5450.3,,,,
2025,4,"Vanuatu, Port Vila", Port Vila,Tanker,Exports,620,,,,
2025,4,"Vanuatu, Port Vila", Port Vila,Tanker,Imports,996.4,,,,
2025,5,"Fiji, Lautoka Harbor", Lautoka Harbor,Bulk Carrier,Imports,3052.5,,,,
2025,5,"Fiji, Lautoka Harbor", Lautoka Harbor,Container,Exports,8894.7,,,,
2025,5,"Fiji, Lautoka Harbor", Lautoka Harbor,Container,Imports,12323.6,,,,
2025,5,"Fiji, Lautoka Harbor", Lautoka Harbor,General Cargo,Exports,738.7,,,,
2025,5,"Fiji, Lautoka Harbor", Lautoka Harbor,General Cargo,Imports,2286.2,,,,
2025,5,"Fiji, Lautoka Harbor", Lautoka Harbor,Tanker,Exports,4822.5,,,,
2025,5,"Fiji, Lautoka Harbor", Lautoka Harbor,Tanker,Imports,38243.9,,,,
2025,5,"Fiji, Malai", Malai,Tanker,Exports,459.9,,,,
2025,5,"Fiji, Malai", Malai,Tanker,Imports,1157.6,,,,
2025,5,"Fiji, Port of Savusavu Bay", Port of Savusavu Bay,General Cargo,Imports,173.8,,,,
2025,5,"Fiji, Suva Harbor", Suva Harbor,Bulk Carrier,Imports,37953.3,,,,
2025,5,"Fiji, Suva Harbor", Suva Harbor,Container,Exports,8586.7,,,,
2025,5,"Fiji, Suva Harbor", Suva Harbor,Container,Imports,34635.8,,,,
2025,5,"Fiji, Suva Harbor", Suva Harbor,General Cargo,Exports,1787.9,,,,
2025,5,"Fiji, Suva Harbor", Suva Harbor,General Cargo,Imports,3936.6,,,,
2025,5,"Fiji, Suva Harbor", Suva Harbor,Tanker,Imports,9248.7,,,,
2025,5,"Kiribati, Kiribati", Kiribati,General Cargo,Imports,2106.3,,,,
2025,5,"Kiribati, Kiribati", Kiribati,Tanker,Exports,284.3,,,,
2025,5,"Kiribati, Kiribati", Kiribati,Tanker,Imports,503.6,,,,
2025,5,"Kiribati, Tarawa Atoll", Tarawa Atoll,Container,Imports,3934,,,,
2025,5,"Kiribati, Tarawa Atoll", Tarawa Atoll,General Cargo,Exports,283,,,,
2025,5,"Kiribati, Tarawa Atoll", Tarawa Atoll,General Cargo,Imports,1607.6,,,,
2025,5,"Kiribati, Tarawa Atoll", Tarawa Atoll,Tanker,Imports,504.9,,,,
2025,5,"Marshall Islands, Ebeye", Ebeye,General Cargo,Exports,216,,,,
2025,5,"Marshall Islands, Ebeye", Ebeye,General Cargo,Imports,1327.3,,,,
2025,5,"Marshall Islands, Kwajalein", Kwajalein,Container,Imports,2052,,,,
2025,5,"Marshall Islands, Kwajalein", Kwajalein,Tanker,Imports,810.3,,,,
2025,5,"Marshall Islands, Majuro Atoll", Majuro Atoll,Container,Exports,309,,,,
2025,5,"Marshall Islands, Majuro Atoll", Majuro Atoll,Container,Imports,2034.9,,,,
2025,5,"Marshall Islands, Majuro Atoll", Majuro Atoll,General Cargo,Exports,11603.5,,,,
2025,5,"Marshall Islands, Majuro Atoll", Majuro Atoll,General Cargo,Imports,1919.5,,,,
2025,5,"Marshall Islands, Majuro Atoll", Majuro Atoll,Tanker,Exports,412.2,,,,
2025,5,"Micronesia, Colonia", Colonia,Container,Imports,248.8,,,,
2025,5,"Micronesia, Colonia", Colonia,General Cargo,Imports,2247.1,,,,
2025,5,"Micronesia, Colonia", Colonia,Tanker,Imports,417.8,,,,
2025,5,"Micronesia, Lele Harbor", Lele Harbor,Container,Exports,881,,,,
2025,5,"Micronesia, Lele Harbor", Lele Harbor,Container,Imports,302,,,,
2025,5,"Micronesia, Lele Harbor", Lele Harbor,General Cargo,Exports,981.7,,,,
2025,5,"Micronesia, Lele Harbor", Lele Harbor,General Cargo,Imports,1512,,,,
2025,5,"Micronesia, Lele Harbor", Lele Harbor,Tanker,Imports,1546.9,,,,
2025,5,"Micronesia, Moen", Moen,General Cargo,Imports,2294.2,,,,
2025,5,"Micronesia, Moen", Moen,Tanker,Imports,1035,,,,
2025,5,"Micronesia, Pornpei Harbor", Pornpei Harbor,Container,Exports,1232,,,,
2025,5,"Micronesia, Pornpei Harbor", Pornpei Harbor,General Cargo,Exports,5079,,,,
2025,5,"Micronesia, Pornpei Harbor", Pornpei Harbor,General Cargo,Imports,1011.9,,,,
2025,5,"Micronesia, Pornpei Harbor", Pornpei Harbor,Tanker,Imports,1447.2,,,,
2025,5,"Nauru, Nauru", Nauru,Bulk Carrier,Exports,35769,,,,
2025,5,"Palau, Malakal Harbor", Malakal Harbor,Container,Imports,1917.2,,,,
2025,5,"Palau, Malakal Harbor", Malakal Harbor,General Cargo,Exports,342.9,,,,
2025,5,"Palau, Malakal Harbor", Malakal Harbor,Tanker,Imports,1040.7,,,,
2025,5,"Papua New Guinea, Alotoa", Alotoa,Container,Exports,87.6,,,,
2025,5,"Papua New Guinea, Alotoa", Alotoa,Container,Imports,2985.4,,,,
2025,5,"Papua New Guinea, Alotoa", Alotoa,General Cargo,Imports,4414.6,,,,
2025,5,"Papua New Guinea, Alotoa", Alotoa,Tanker,Imports,3444.9,,,,
2025,5,"Papua New Guinea, Buka", Buka,Container,Exports,370,,,,
2025,5,"Papua New Guinea, Buka", Buka,Container,Imports,1696.4,,,,
2025,5,"Papua New Guinea, Buka", Buka,General Cargo,Exports,1152.9,,,,
2025,5,"Papua New Guinea, Daru", Daru,General Cargo,Exports,30.9,,,,
2025,5,"Papua New Guinea, Daru", Daru,General Cargo,Imports,217,,,,
2025,5,"Papua New Guinea, Kavieng Harbor", Kavieng Harbor,Bulk Carrier,Exports,3811.9,,,,
2025,5,"Papua New Guinea, Kavieng Harbor", Kavieng Harbor,Container,Imports,3361.2,,,,
2025,5,"Papua New Guinea, Kavieng Harbor", Kavieng Harbor,General Cargo,Exports,1065.5,,,,
2025,5,"Papua New Guinea, Kavieng Harbor", Kavieng Harbor,General Cargo,Imports,156.4,,,,
2025,5,"Papua New Guinea, Kavieng Harbor", Kavieng Harbor,Tanker,Exports,131.3,,,,
2025,5,"Papua New Guinea, Kieta", Kieta,Container,Imports,1499,,,,
2025,5,"Papua New Guinea, Kieta", Kieta,General Cargo,Exports,2190.3,,,,
2025,5,"Papua New Guinea, Kimbe", Kimbe,Bulk Carrier,Exports,18480.9,,,,
2025,5,"Papua New Guinea, Kimbe", Kimbe,Container,Imports,1509.6,,,,
2025,5,"Papua New Guinea, Kimbe", Kimbe,General Cargo,Exports,446.5,,,,
2025,5,"Papua New Guinea, Kimbe", Kimbe,General Cargo,Imports,598.4,,,,
2025,5,"Papua New Guinea, Kimbe", Kimbe,Tanker,Exports,25390.8,,,,
2025,5,"Papua New Guinea, Lae", Lae,Bulk Carrier,Imports,22628.7,,,,
2025,5,"Papua New Guinea, Lae", Lae,Container,Exports,31780.5,,,,
2025,5,"Papua New Guinea, Lae", Lae,Container,Imports,41866.1,,,,
2025,5,"Papua New Guinea, Lae", Lae,General Cargo,Exports,16455.2,,,,
2025,5,"Papua New Guinea, Lae", Lae,General Cargo,Imports,11049.5,,,,
2025,5,"Papua New Guinea, Lae", Lae,Tanker,Exports,1653.8,,,,
2025,5,"Papua New Guinea, Lae", Lae,Tanker,Imports,14752.5,,,,
2025,5,"Papua New Guinea, Madang", Madang,Container,Exports,2131.3,,,,
2025,5,"Papua New Guinea, Madang", Madang,Container,Imports,874.8,,,,
2025,5,"Papua New Guinea, Madang", Madang,General Cargo,Exports,335.7,,,,
2025,5,"Papua New Guinea, Madang", Madang,General Cargo,Imports,1580.9,,,,
2025,5,"Papua New Guinea, Madang", Madang,Tanker,Exports,7388.7,,,,
2025,5,"Papua New Guinea, Madang", Madang,Tanker,Imports,4468.6,,,,
2025,5,"Papua New Guinea, Oro Bay", Oro Bay,Bulk Carrier,Exports,4622.8,,,,
2025,5,"Papua New Guinea, Oro Bay", Oro Bay,General Cargo,Exports,425.6,,,,
2025,5,"Papua New Guinea, Oro Bay", Oro Bay,Tanker,Imports,474.2,,,,
2025,5,"Papua New Guinea, Port Moresby", Port Moresby,Bulk Carrier,Exports,367.8,,,,
2025,5,"Papua New Guinea, Port Moresby", Port Moresby,Bulk Carrier,Imports,2172.7,,,,
2025,5,"Papua New Guinea, Port Moresby", Port Moresby,Container,Exports,9222.1,,,,
2025,5,"Papua New Guinea, Port Moresby", Port Moresby,Container,Imports,20107.4,,,,
2025,5,"Papua New Guinea, Port Moresby", Port Moresby,General Cargo,Exports,21603.7,,,,
2025,5,"Papua New Guinea, Port Moresby", Port Moresby,General Cargo,Imports,9334.1,,,,
2025,5,"Papua New Guinea, Port Moresby", Port Moresby,Tanker,Exports,259718.2,,,,
2025,5,"Papua New Guinea, Port Moresby", Port Moresby,Tanker,Imports,35000,,,,
2025,5,"Papua New Guinea, Put Put", Put Put,General Cargo,Exports,1412.1,,,,
2025,5,"Papua New Guinea, Put Put", Put Put,General Cargo,Imports,1218.5,,,,
2025,5,"Papua New Guinea, Put Put", Put Put,Tanker,Imports,8256.2,,,,
2025,5,"Papua New Guinea, Rabaul", Rabaul,Bulk Carrier,Exports,9373.1,,,,
2025,5,"Papua New Guinea, Rabaul", Rabaul,Container,Exports,2235.9,,,,
2025,5,"Papua New Guinea, Rabaul", Rabaul,Container,Imports,6817.7,,,,
2025,5,"Papua New Guinea, Rabaul", Rabaul,General Cargo,Exports,10162.5,,,,
2025,5,"Papua New Guinea, Rabaul", Rabaul,General Cargo,Imports,1465.2,,,,
2025,5,"Papua New Guinea, Rabaul", Rabaul,Tanker,Imports,986.1,,,,
2025,5,"Papua New Guinea, Vanimo", Vanimo,Bulk Carrier,Exports,3698.6,,,,
2025,5,"Papua New Guinea, Vanimo", Vanimo,General Cargo,Exports,104.6,,,,
2025,5,"Papua New Guinea, Wewak Harbor", Wewak Harbor,Bulk Carrier,Exports,16495.3,,,,
2025,5,"Papua New Guinea, Wewak Harbor", Wewak Harbor,General Cargo,Exports,971.7,,,,
2025,5,"Papua New Guinea, Wewak Harbor", Wewak Harbor,General Cargo,Imports,1838.2,,,,
2025,5,"Papua New Guinea, Wewak Harbor", Wewak Harbor,Tanker,Exports,65.7,,,,
2025,5,"Papua New Guinea, Wewak Harbor", Wewak Harbor,Tanker,Imports,2143.9,,,,
2025,5,"Samoa, Apia", Apia,Container,Exports,2955.8,,,,
2025,5,"Samoa, Apia", Apia,Container,Imports,5430.7,,,,
2025,5,"Samoa, Apia", Apia,General Cargo,Exports,15.6,,,,
2025,5,"Samoa, Apia", Apia,General Cargo,Imports,2654,,,,
2025,5,"Samoa, Apia", Apia,Tanker,Exports,1.9,,,,
2025,5,"Samoa, Apia", Apia,Tanker,Imports,1715.1,,,,
2025,5,"Solomon Islands, Honiara", Honiara,Bulk Carrier,Exports,66044.1,,,,
2025,5,"Solomon Islands, Honiara", Honiara,Container,Exports,3895.2,,,,
2025,5,"Solomon Islands, Honiara", Honiara,Container,Imports,5078.5,,,,
2025,5,"Solomon Islands, Honiara", Honiara,General Cargo,Exports,6749.6,,,,
2025,5,"Solomon Islands, Honiara", Honiara,General Cargo,Imports,15522.4,,,,
2025,5,"Solomon Islands, Honiara", Honiara,Tanker,Exports,1006.5,,,,
2025,5,"Solomon Islands, Honiara", Honiara,Tanker,Imports,13864.8,,,,
2025,5,"Solomon Islands, Ndora", Ndora,Bulk Carrier,Exports,2577.2,,,,
2025,5,"Solomon Islands, Port Noro", Port Noro,Bulk Carrier,Exports,54059.4,,,,
2025,5,"Solomon Islands, Port Noro", Port Noro,Container,Exports,1195.4,,,,
2025,5,"Solomon Islands, Port Noro", Port Noro,Tanker,Exports,343.2,,,,
2025,5,"Solomon Islands, Rennell Island", Rennell Island,General Cargo,Exports,2481.5,,,,
2025,5,"Solomon Islands, Ringgi Cove", Ringgi Cove,Bulk Carrier,Exports,10080.2,,,,
2025,5,"Solomon Islands, Seghe", Seghe,Bulk Carrier,Exports,10080.2,,,,
2025,5,"Tonga, Neiafu", Neiafu,General Cargo,Imports,167.6,,,,
2025,5,"Tonga, Neiafu", Neiafu,Tanker,Imports,1515,,,,
2025,5,"Tonga, Nuku Alofa", Nuku Alofa,Container,Imports,9322.5,,,,
2025,5,"Tonga, Nuku Alofa", Nuku Alofa,General Cargo,Exports,284.9,,,,
2025,5,"Tonga, Nuku Alofa", Nuku Alofa,General Cargo,Imports,4445,,,,
2025,5,"Tonga, Nuku Alofa", Nuku Alofa,Tanker,Exports,1955.3,,,,
2025,5,"Tonga, Nuku Alofa", Nuku Alofa,Tanker,Imports,406,,,,
2025,5,"Tonga, Pangai", Pangai,General Cargo,Exports,113.8,,,,
2025,5,"Tuvalu, Funafuti Atoll", Funafuti Atoll,General Cargo,Exports,705.1,,,,
2025,5,"Tuvalu, Funafuti Atoll", Funafuti Atoll,General Cargo,Imports,140.4,,,,
2025,5,"Vanuatu, Luganville", Luganville,Container,Imports,4855.9,,,,
2025,5,"Vanuatu, Luganville", Luganville,General Cargo,Imports,650.5,,,,
2025,5,"Vanuatu, Luganville", Luganville,Tanker,Imports,2507.6,,,,
2025,5,"Vanuatu, Port Vila", Port Vila,Bulk Carrier,Imports,3886.8,,,,
2025,5,"Vanuatu, Port Vila", Port Vila,Container,Imports,6620.3,,,,
2025,5,"Vanuatu, Port Vila", Port Vila,General Cargo,Imports,6014.1,,,,
2025,5,"Vanuatu, Port Vila", Port Vila,Tanker,Exports,620,,,,
2025,5,"Vanuatu, Port Vila", Port Vila,Tanker,Imports,1976.9,,,,
,,,,,,,,,,
,,,,,,,,,,
,,,,,,,,,,
,,,,,,,,,,
,,,,,,,,,,
,,,,,,,,,,
,,,,,,,,,,
,,,,,,,,,,
,,,,,,,,,,
,,,,,,,,,,
,,,,,,,,,,
,,,,,,,,,,
,,,,,,,,,,
,,,,,,,,,,
,,,,,,,,,,
,,,,,,,,,,
,,,,,,,,,,
,,,,,,,,,,
,,,,,,,,,,
,,,,,,,,,,
,,,,,,,,,,
,,,,,,,,,,
,,,,,,,,,,
,,,,,,,,,,
,,,,,,,,,,
,,,,,,,,,,
,,,,,,,,,,
,,,,,,,,,,
,,,,,,,,,,
,,,,,,,,,,
,,,,,,,,,,
,,,,,,,,,,
,,,,,,,,,,
,,,,,,,,,,
,,,,,,,,,,
,,,,,,,,,,
,,,,,,,,,,
,,,,,,,,,,
,,,,,,,,,,
,,,,,,,,,,
,,,,,,,,,,
,,,,,,,,,,
,,,,,,,,,,
,,,,,,,,,,
,,,,,,,,,,
,,,,,,,,,,
,,,,,,,,,,
,,,,,,,,,,
,,,,,,,,,,
,,,,,,,,,,
,,,,,,,,,,
,,,,,,,,,,
,,,,,,,,,,
,,,,,,,,,,
,,,,,,,,,,
,,,,,,,,,,
,,,,,,,,,,
,,,,,,,,,,
,,,,,,,,,,
,,,,,,,,,,
,,,,,,,,,,
,,,,,,,,,,
,,,,,,,,,,
,,,,,,,,,,
,,,,,,,,,,
,,,,,,,,,,
,,,,,,,,,,
,,,,,,,,,,
,,,,,,,,,,
,,,,,,,,,,
,,,,,,,,,,
,,,,,,,,,,
,,,,,,,,,,
,,,,,,,,,,
,,,,,,,,,,
,,,,,,,,,,
,,,,,,,,,,
,,,,,,,,,,
,,,,,,,,,,
,,,,,,,,,,
,,,,,,,,,,
,,,,,,,,,,
,,,,,,,,,,
,,,,,,,,,,
,,,,,,,,,,
,,,,,,,,,,
,,,,,,,,,,
,,,,,,,,,,
,,,,,,,,,,
,,,,,,,,,,
,,,,,,,,,,
,,,,,,,,,,
,,,,,,,,,,
,,,,,,,,,,
,,,,,,,,,,
,,,,,,,,,,
,,,,,,,,,,
,,,,,,,,,,
,,,,,,,,,,
,,,,,,,,,,
,,,,,,,,,,
,,,,,,,,,,
,,,,,,,,,,
,,,,,,,,,,
,,,,,,,,,,
,,,,,,,,,,
,,,,,,,,,,
,,,,,,,,,,
,,,,,,,,,,
,,,,,,,,,,
,,,,,,,,,,
,,,,,,,,,,
,,,,,,,,,,
,,,,,,,,,,
,,,,,,,,,,
,,,,,,,,,,
,,,,,,,,,,
,,,,,,,,,,
,,,,,,,,,,
,,,,,,,,,,
,,,,,,,,,,
,,,,,,,,,,
,,,,,,,,,,
,,,,,,,,,,
,,,,,,,,,,
,,,,,,,,,,
,,,,,,,,,,
,,,,,,,,,,
,,,,,,,,,,
,,,,,,,,,,
,,,,,,,,,,
,,,,,,,,,,
,,,,,,,,,,
,,,,,,,,,,
,,,,,,,,,,
,,,,,,,,,,
,,,,,,,,,,
,,,,,,,,,,
,,,,,,,,,,
,,,,,,,,,,
,,,,,,,,,,
,,,,,,,,,,
,,,,,,,,,,
,,,,,,,,,,
,,,,,,,,,,
,,,,,,,,,,
,,,,,,,,,,
,,,,,,,,,,
,,,,,,,,,,
,,,,,,,,,,
,,,,,,,,,,
,,,,,,,,,,
,,,,,,,,,,
,,,,,,,,,,
,,,,,,,,,,
,,,,,,,,,,
,,,,,,,,,,
,,,,,,,,,,
,,,,,,,,,,
,,,,,,,,,,
,,,,,,,,,,
,,,,,,,,,,
,,,,,,,,,,
,,,,,,,,,,
,,,,,,,,,,
,,,,,,,,,,
,,,,,,,,,,
,,,,,,,,,,
,,,,,,,,,,
,,,,,,,,,,
,,,,,,,,,,
,,,,,,,,,,
,,,,,,,,,,
,,,,,,,,,,
,,,,,,,,,,
,,,,,,,,,,
,,,,,,,,,,
,,,,,,,,,,
,,,,,,,,,,
,,,,,,,,,,
,,,,,,,,,,
,,,,,,,,,,
,,,,,,,,,,
,,,,,,,,,,
,,,,,,,,,,
,,,,,,,,,,
,,,,,,,,,,
,,,,,,,,,,
,,,,,,,,,,
,,,,,,,,,,
,,,,,,,,,,
,,,,,,,,,,
,,,,,,,,,,
,,,,,,,,,,
,,,,,,,,,,
,,,,,,,,,,
,,,,,,,,,,
,,,,,,,,,,
,,,,,,,,,,
,,,,,,,,,,
,,,,,,,,,,
,,,,,,,,,,
,,,,,,,,,,
,,,,,,,,,,
,,,,,,,,,,
,,,,,,,,,,
,,,,,,,,,,
,,,,,,,,,,
,,,,,,,,,,
,,,,,,,,,,
,,,,,,,,,,
,,,,,,,,,,
,,,,,,,,,,
,,,,,,,,,,
,,,,,,,,,,
,,,,,,,,,,
,,,,,,,,,,
,,,,,,,,,,
,,,,,,,,,,
,,,,,,,,,,
,,,,,,,,,,
,,,,,,,,,,
,,,,,,,,,,
,,,,,,,,,,
,,,,,,,,,,
,,,,,,,,,,
,,,,,,,,,,
,,,,,,,,,,
,,,,,,,,,,
,,,,,,,,,,
,,,,,,,,,,
,,,,,,,,,,
,,,,,,,,,,
,,,,,,,,,,
,,,,,,,,,,
,,,,,,,,,,
,,,,,,,,,,
,,,,,,,,,,
,,,,,,,,,,
,,,,,,,,,,
,,,,,,,,,,
,,,,,,,,,,
,,,,,,,,,,
,,,,,,,,,,
,,,,,,,,,,
,,,,,,,,,,
,,,,,,,,,,
,,,,,,,,,,
,,,,,,,,,,
,,,,,,,,,,
,,,,,,,,,,
,,,,,,,,,,
,,,,,,,,,,
,,,,,,,,,,
,,,,,,,,,,
,,,,,,,,,,
,,,,,,,,,,
,,,,,,,,,,
,,,,,,,,,,
,,,,,,,,,,
,,,,,,,,,,
,,,,,,,,,,
,,,,,,,,,,
,,,,,,,,,,
,,,,,,,,,,
,,,,,,,,,,
,,,,,,,,,,
,,,,,,,,,,
,,,,,,,,,,
,,,,,,,,,,
,,,,,,,,,,
,,,,,,,,,,
,,,,,,,,,,
,,,,,,,,,,
,,,,,,,,,,
,,,,,,,,,,
,,,,,,,,,,
,,,,,,,,,,
,,,,,,,,,,
,,,,,,,,,,
,,,,,,,,,,
,,,,,,,,,,
,,,,,,,,,,
,,,,,,,,,,
,,,,,,,,,,
,,,,,,,,,,
,,,,,,,,,,
,,,,,,,,,,
,,,,,,,,,,
,,,,,,,,,,
,,,,,,,,,,
,,,,,,,,,,
,,,,,,,,,,
,,,,,,,,,,
,,,,,,,,,,
,,,,,,,,,,
,,,,,,,,,,
,,,,,,,,,,
,,,,,,,,,,
,,,,,,,,,,
,,,,,,,,,,
,,,,,,,,,,
,,,,,,,,,,
,,,,,,,,,,
,,,,,,,,,,
,,,,,,,,,,
,,,,,,,,,,
,,,,,,,,,,
,,,,,,,,,,
,,,,,,,,,,
,,,,,,,,,,
,,,,,,,,,,
,,,,,,,,,,
,,,,,,,,,,
,,,,,,,,,,
,,,,,,,,,,
,,,,,,,,,,
,,,,,,,,,,
,,,,,,,,,,
,,,,,,,,,,
,,,,,,,,,,
,,,,,,,,,,
,,,,,,,,,,
,,,,,,,,,,
,,,,,,,,,,
,,,,,,,,,,
,,,,,,,,,,
,,,,,,,,,,
,,,,,,,,,,
,,,,,,,,,,
,,,,,,,,,,
,,,,,,,,,,
,,,,,,,,,,
,,,,,,,,,,
,,,,,,,,,,
,,,,,,,,,,
,,,,,,,,,,
,,,,,,,,,,
,,,,,,,,,,
,,,,,,,,,,
,,,,,,,,,,
,,,,,,,,,,
,,,,,,,,,,
,,,,,,,,,,
,,,,,,,,,,
,,,,,,,,,,
,,,,,,,,,,
,,,,,,,,,,
,,,,,,,,,,
,,,,,,,,,,
,,,,,,,,,,
,,,,,,,,,,
,,,,,,,,,,
,,,,,,,,,,
,,,,,,,,,,
,,,,,,,,,,
,,,,,,,,,,
,,,,,,,,,,
,,,,,,,,,,
,,,,,,,,,,
,,,,,,,,,,
,,,,,,,,,,
,,,,,,,,,,
,,,,,,,,,,
,,,,,,,,,,
,,,,,,,,,,
,,,,,,,,,,
,,,,,,,,,,
,,,,,,,,,,
,,,,,,,,,,
,,,,,,,,,,
,,,,,,,,,,
,,,,,,,,,,
,,,,,,,,,,
,,,,,,,,,,
,,,,,,,,,,
,,,,,,,,,,
,,,,,,,,,,
,,,,,,,,,,
,,,,,,,,,,
,,,,,,,,,,
,,,,,,,,,,
,,,,,,,,,,
,,,,,,,,,,
,,,,,,,,,,
,,,,,,,,,,
,,,,,,,,,,
,,,,,,,,,,
,,,,,,,,,,
,,,,,,,,,,
,,,,,,,,,,
,,,,,,,,,,
,,,,,,,,,,
,,,,,,,,,,
,,,,,,,,,,
,,,,,,,,,,
,,,,,,,,,,
,,,,,,,,,,
,,,,,,,,,,
,,,,,,,,,,
,,,,,,,,,,
,,,,,,,,,,
,,,,,,,,,,
,,,,,,,,,,
,,,,,,,,,,
,,,,,,,,,,
,,,,,,,,,,
,,,,,,,,,,
,,,,,,,,,,
,,,,,,,,,,
,,,,,,,,,,
,,,,,,,,,,
,,,,,,,,,,
,,,,,,,,,,
,,,,,,,,,,
,,,,,,,,,,
,,,,,,,,,,
,,,,,,,,,,
,,,,,,,,,,
,,,,,,,,,,
,,,,,,,,,,
,,,,,,,,,,
,,,,,,,,,,
,,,,,,,,,,
,,,,,,,,,,
,,,,,,,,,,
,,,,,,,,,,
,,,,,,,,,,
,,,,,,,,,,
,,,,,,,,,,
,,,,,,,,,,
,,,,,,,,,,
,,,,,,,,,,
,,,,,,,,,,
,,,,,,,,,,
,,,,,,,,,,
,,,,,,,,,,
,,,,,,,,,,
,,,,,,,,,,
,,,,,,,,,,
,,,,,,,,,,
,,,,,,,,,,
,,,,,,,,,,
,,,,,,,,,,
,,,,,,,,,,
,,,,,,,,,,
,,,,,,,,,,
,,,,,,,,,,
,,,,,,,,,,
,,,,,,,,,,
,,,,,,,,,,
,,,,,,,,,,
,,,,,,,,,,
,,,,,,,,,,
,,,,,,,,,,
,,,,,,,,,,
,,,,,,,,,,
,,,,,,,,,,
,,,,,,,,,,
,,,,,,,,,,
,,,,,,,,,,
,,,,,,,,,,
,,,,,,,,,,
,,,,,,,,,,
,,,,,,,,,,
,,,,,,,,,,
,,,,,,,,,,
,,,,,,,,,,
,,,,,,,,,,
,,,,,,,,,,
,,,,,,,,,,
,,,,,,,,,,
,,,,,,,,,,
,,,,,,,,,,
,,,,,,,,,,
,,,,,,,,,,
,,,,,,,,,,
,,,,,,,,,,
,,,,,,,,,,
,,,,,,,,,,
,,,,,,,,,,
,,,,,,,,,,
,,,,,,,,,,
,,,,,,,,,,
,,,,,,,,,,
,,,,,,,,,,
,,,,,,,,,,
,,,,,,,,,,
,,,,,,,,,,
,,,,,,,,,,
,,,,,,,,,,
,,,,,,,,,,
,,,,,,,,,,
,,,,,,,,,,
,,,,,,,,,,
,,,,,,,,,,
,,,,,,,,,,
,,,,,,,,,,
,,,,,,,,,,
,,,,,,,,,,
,,,,,,,,,,
,,,,,,,,,,
,,,,,,,,,,
,,,,,,,,,,
,,,,,,,,,,
,,,,,,,,,,
,,,,,,,,,,
,,,,,,,,,,
,,,,,,,,,,
,,,,,,,,,,
,,,,,,,,,,
,,,,,,,,,,
,,,,,,,,,,
,,,,,,,,,,
,,,,,,,,,,
,,,,,,,,,,
,,,,,,,,,,
,,,,,,,,,,
,,,,,,,,,,
,,,,,,,,,,
,,,,,,,,,,
,,,,,,,,,,
,,,,,,,,,,
,,,,,,,,,,
,,,,,,,,,,
,,,,,,,,,,
,,,,,,,,,,
,,,,,,,,,,
,,,,,,,,,,
,,,,,,,,,,
,,,,,,,,,,
,,,,,,,,,,
,,,,,,,,,,
,,,,,,,,,,
,,,,,,,,,,
,,,,,,,,,,
,,,,,,,,,,
,,,,,,,,,,
,,,,,,,,,,
,,,,,,,,,,
,,,,,,,,,,
,,,,,,,,,,
,,,,,,,,,,
,,,,,,,,,,
,,,,,,,,,,
,,,,,,,,,,
,,,,,,,,,,
,,,,,,,,,,
,,,,,,,,,,
,,,,,,,,,,
,,,,,,,,,,
,,,,,,,,,,
,,,,,,,,,,
,,,,,,,,,,
,,,,,,,,,,
,,,,,,,,,,
,,,,,,,,,,
,,,,,,,,,,
,,,,,,,,,,
,,,,,,,,,,
,,,,,,,,,,
,,,,,,,,,,
,,,,,,,,,,
,,,,,,,,,,
,,,,,,,,,,
,,,,,,,,,,
,,,,,,,,,,
,,,,,,,,,,
,,,,,,,,,,
,,,,,,,,,,
,,,,,,,,,,
,,,,,,,,,,
,,,,,,,,,,
,,,,,,,,,,
,,,,,,,,,,
,,,,,,,,,,
,,,,,,,,,,
,,,,,,,,,,
,,,,,,,,,,
,,,,,,,,,,
,,,,,,,,,,
,,,,,,,,,,
,,,,,,,,,,
,,,,,,,,,,
,,,,,,,,,,
,,,,,,,,,,
,,,,,,,,,,
,,,,,,,,,,
,,,,,,,,,,
,,,,,,,,,,
,,,,,,,,,,
,,,,,,,,,,
,,,,,,,,,,
,,,,,,,,,,
,,,,,,,,,,
,,,,,,,,,,
,,,,,,,,,,
,,,,,,,,,,
,,,,,,,,,,
,,,,,,,,,,
,,,,,,,,,,
,,,,,,,,,,
,,,,,,,,,,
,,,,,,,,,,
,,,,,,,,,,
,,,,,,,,,,
,,,,,,,,,,
,,,,,,,,,,
,,,,,,,,,,
,,,,,,,,,,
,,,,,,,,,,
,,,,,,,,,,
,,,,,,,,,,
,,,,,,,,,,
,,,,,,,,,,
,,,,,,,,,,
,,,,,,,,,,
,,,,,,,,,,
,,,,,,,,,,
,,,,,,,,,,
,,,,,,,,,,
,,,,,,,,,,
,,,,,,,,,,
,,,,,,,,,,
,,,,,,,,,,
,,,,,,,,,,
,,,,,,,,,,
,,,,,,,,,,
,,,,,,,,,,
,,,,,,,,,,
,,,,,,,,,,
,,,,,,,,,,
,,,,,,,,,,
,,,,,,,,,,
,,,,,,,,,,
,,,,,,,,,,
,,,,,,,,,,
,,,,,,,,,,
,,,,,,,,,,
,,,,,,,,,,
,,,,,,,,,,
,,,,,,,,,,
,,,,,,,,,,
,,,,,,,,,,
,,,,,,,,,,
,,,,,,,,,,
,,,,,,,,,,
,,,,,,,,,,
,,,,,,,,,,
,,,,,,,,,,
,,,,,,,,,,
,,,,,,,,,,
,,,,,,,,,,
,,,,,,,,,,
,,,,,,,,,,
,,,,,,,,,,
,,,,,,,,,,
,,,,,,,,,,
,,,,,,,,,,
,,,,,,,,,,
,,,,,,,,,,
,,,,,,,,,,
,,,,,,,,,,
,,,,,,,,,,
,,,,,,,,,,
,,,,,,,,,,
,,,,,,,,,,
,,,,,,,,,,
,,,,,,,,,,
,,,,,,,,,,
,,,,,,,,,,
,,,,,,,,,,
,,,,,,,,,,
,,,,,,,,,,
,,,,,,,,,,
,,,,,,,,,,
,,,,,,,,,,
,,,,,,,,,,
,,,,,,,,,,
,,,,,,,,,,
,,,,,,,,,,
,,,,,,,,,,
,,,,,,,,,,
,,,,,,,,,,
,,,,,,,,,,
,,,,,,,,,,
,,,,,,,,,,
,,,,,,,,,,
,,,,,,,,,,
,,,,,,,,,,
,,,,,,,,,,
,,,,,,,,,,
,,,,,,,,,,
,,,,,,,,,,
,,,,,,,,,,
,,,,,,,,,,
,,,,,,,,,,
,,,,,,,,,,
,,,,,,,,,,
,,,,,,,,,,
,,,,,,,,,,
,,,,,,,,,,
,,,,,,,,,,
,,,,,,,,,,
,,,,,,,,,,
,,,,,,,,,,
,,,,,,,,,,
,,,,,,,,,,
,,,,,,,,,,
,,,,,,,,,,
,,,,,,,,,,
,,,,,,,,,,
,,,,,,,,,,
,,,,,,,,,,
,,,,,,,,,,
,,,,,,,,,,
,,,,,,,,,,
,,,,,,,,,,
,,,,,,,,,,
,,,,,,,,,,
,,,,,,,,,,
,,,,,,,,,,
,,,,,,,,,,
,,,,,,,,,,
,,,,,,,,,,
,,,,,,,,,,
,,,,,,,,,,
,,,,,,,,,,
,,,,,,,,,,
,,,,,,,,,,
,,,,,,,,,,
,,,,,,,,,,
,,,,,,,,,,
,,,,,,,,,,
,,,,,,,,,,
,,,,,,,,,,
,,,,,,,,,,
,,,,,,,,,,
,,,,,,,,,,
,,,,,,,,,,
,,,,,,,,,,
,,,,,,,,,,
,,,,,,,,,,
,,,,,,,,,,
,,,,,,,,,,
,,,,,,,,,,
,,,,,,,,,,
,,,,,,,,,,
,,,,,,,,,,
,,,,,,,,,,
,,,,,,,,,,
,,,,,,,,,,
,,,,,,,,,,
,,,,,,,,,,
,,,,,,,,,,
,,,,,,,,,,
,,,,,,,,,,
,,,,,,,,,,
,,,,,,,,,,
,,,,,,,,,,
,,,,,,,,,,
,,,,,,,,,,
,,,,,,,,,,
,,,,,,,,,,
,,,,,,,,,,
,,,,,,,,,,
,,,,,,,,,,
,,,,,,,,,,
,,,,,,,,,,
,,,,,,,,,,
,,,,,,,,,,
,,,,,,,,,,
,,,,,,,,,,
,,,,,,,,,,
,,,,,,,,,,
,,,,,,,,,,
,,,,,,,,,,
,,,,,,,,,,
,,,,,,,,,,
,,,,,,,,,,
,,,,,,,,,,
,,,,,,,,,,
,,,,,,,,,,
,,,,,,,,,,
,,,,,,,,,,
,,,,,,,,,,
,,,,,,,,,,
,,,,,,,,,,
,,,,,,,,,,
,,,,,,,,,,
,,,,,,,,,,
,,,,,,,,,,
,,,,,,,,,,
,,,,,,,,,,
,,,,,,,,,,
,,,,,,,,,,
,,,,,,,,,,
,,,,,,,,,,
,,,,,,,,,,
,,,,,,,,,,
,,,,,,,,,,
,,,,,,,,,,
,,,,,,,,,,
,,,,,,,,,,
,,,,,,,,,,
,,,,,,,,,,
,,,,,,,,,,
,,,,,,,,,,
,,,,,,,,,,
,,,,,,,,,,
,,,,,,,,,,
,,,,,,,,,,
,,,,,,,,,,
,,,,,,,,,,
,,,,,,,,,,
,,,,,,,,,,
,,,,,,,,,,
,,,,,,,,,,
,,,,,,,,,,
,,,,,,,,,,
,,,,,,,,,,
,,,,,,,,,,
,,,,,,,,,,
,,,,,,,,,,
,,,,,,,,,,
,,,,,,,,,,
,,,,,,,,,,
,,,,,,,,,,
,,,,,,,,,,
,,,,,,,,,,
,,,,,,,,,,
,,,,,,,,,,
,,,,,,,,,,
,,,,,,,,,,
,,,,,,,,,,
,,,,,,,,,,
,,,,,,,,,,
,,,,,,,,,,
,,,,,,,,,,
,,,,,,,,,,
,,,,,,,,,,
,,,,,,,,,,
,,,,,,,,,,
,,,,,,,,,,
,,,,,,,,,,
,,,,,,,,,,
,,,,,,,,,,
,,,,,,,,,,
,,,,,,,,,,
,,,,,,,,,,
,,,,,,,,,,
,,,,,,,,,,
,,,,,,,,,,
,,,,,,,,,,
,,,,,,,,,,
,,,,,,,,,,
,,,,,,,,,,
,,,,,,,,,,
,,,,,,,,,,
,,,,,,,,,,
,,,,,,,,,,
,,,,,,,,,,
,,,,,,,,,,
,,,,,,,,,,
,,,,,,,,,,
,,,,,,,,,,
,,,,,,,,,,
,,,,,,,,,,
,,,,,,,,,,
,,,,,,,,,,
,,,,,,,,,,
,,,,,,,,,,
,,,,,,,,,,
,,,,,,,,,,
,,,,,,,,,,
,,,,,,,,,,
,,,,,,,,,,
,,,,,,,,,,
,,,,,,,,,,
,,,,,,,,,,
,,,,,,,,,,
,,,,,,,,,,
,,,,,,,,,,
,,,,,,,,,,
,,,,,,,,,,
,,,,,,,,,,
,,,,,,,,,,
,,,,,,,,,,
,,,,,,,,,,
,,,,,,,,,,
,,,,,,,,,,
,,,,,,,,,,
,,,,,,,,,,
,,,,,,,,,,
,,,,,,,,,,
,,,,,,,,,,
,,,,,,,,,,
,,,,,,,,,,
,,,,,,,,,,
,,,,,,,,,,
,,,,,,,,,,
,,,,,,,,,,
,,,,,,,,,,
,,,,,,,,,,
,,,,,,,,,,
,,,,,,,,,,
,,,,,,,,,,
,,,,,,,,,,
,,,,,,,,,,
,,,,,,,,,,
,,,,,,,,,,
,,,,,,,,,,
,,,,,,,,,,
,,,,,,,,,,
,,,,,,,,,,
,,,,,,,,,,
,,,,,,,,,,
,,,,,,,,,,
,,,,,,,,,,
,,,,,,,,,,
,,,,,,,,,,
,,,,,,,,,,
,,,,,,,,,,
,,,,,,,,,,
,,,,,,,,,,
,,,,,,,,,,
,,,,,,,,,,
,,,,,,,,,,
,,,,,,,,,,
,,,,,,,,,,
,,,,,,,,,,
,,,,,,,,,,
,,,,,,,,,,
,,,,,,,,,,
,,,,,,,,,,
,,,,,,,,,,
,,,,,,,,,,
,,,,,,,,,,
,,,,,,,,,,
,,,,,,,,,,
,,,,,,,,,,
,,,,,,,,,,
,,,,,,,,,,
,,,,,,,,,,
,,,,,,,,,,
,,,,,,,,,,
,,,,,,,,,,
,,,,,,,,,,
,,,,,,,,,,
,,,,,,,,,,
,,,,,,,,,,
,,,,,,,,,,
,,,,,,,,,,
,,,,,,,,,,
,,,,,,,,,,
,,,,,,,,,,
,,,,,,,,,,
,,,,,,,,,,
,,,,,,,,,,
,,,,,,,,,,
,,,,,,,,,,
,,,,,,,,,,
,,,,,,,,,,
,,,,,,,,,,
,,,,,,,,,,
,,,,,,,,,,
,,,,,,,,,,
,,,,,,,,,,
,,,,,,,,,,
,,,,,,,,,,
,,,,,,,,,,
,,,,,,,,,,
,,,,,,,,,,
,,,,,,,,,,
,,,,,,,,,,
,,,,,,,,,,
,,,,,,,,,,
,,,,,,,,,,
,,,,,,,,,,
,,,,,,,,,,
,,,,,,,,,,
,,,,,,,,,,
,,,,,,,,,,
,,,,,,,,,,
,,,,,,,,,,
,,,,,,,,,,
,,,,,,,,,,
,,,,,,,,,,
,,,,,,,,,,
,,,,,,,,,,
,,,,,,,,,,
,,,,,,,,,,
,,,,,,,,,,
,,,,,,,,,,
,,,,,,,,,,
,,,,,,,,,,
,,,,,,,,,,
,,,,,,,,,,
,,,,,,,,,,
,,,,,,,,,,
,,,,,,,,,,
,,,,,,,,,,
,,,,,,,,,,
,,,,,,,,,,
,,,,,,,,,,
,,,,,,,,,,
,,,,,,,,,,
,,,,,,,,,,
,,,,,,,,,,
,,,,,,,,,,
,,,,,,,,,,
,,,,,,,,,,
,,,,,,,,,,
,,,,,,,,,,
,,,,,,,,,,
,,,,,,,,,,
,,,,,,,,,,
,,,,,,,,,,
,,,,,,,,,,
,,,,,,,,,,
,,,,,,,,,,
,,,,,,,,,,
,,,,,,,,,,
,,,,,,,,,,
,,,,,,,,,,
,,,,,,,,,,
,,,,,,,,,,
,,,,,,,,,,
,,,,,,,,,,
,,,,,,,,,,
,,,,,,,,,,
,,,,,,,,,,
,,,,,,,,,,
,,,,,,,,,,
,,,,,,,,,,
,,,,,,,,,,
,,,,,,,,,,
,,,,,,,,,,
,,,,,,,,,,
,,,,,,,,,,
,,,,,,,,,,
,,,,,,,,,,
,,,,,,,,,,
,,,,,,,,,,
,,,,,,,,,,
,,,,,,,,,,
,,,,,,,,,,
,,,,,,,,,,
,,,,,,,,,,
,,,,,,,,,,
,,,,,,,,,,
,,,,,,,,,,
,,,,,,,,,,
,,,,,,,,,,
,,,,,,,,,,
,,,,,,,,,,
,,,,,,,,,,
,,,,,,,,,,
,,,,,,,,,,
,,,,,,,,,,
,,,,,,,,,,
,,,,,,,,,,
,,,,,,,,,,
,,,,,,,,,,
,,,,,,,,,,
,,,,,,,,,,
,,,,,,,,,,
,,,,,,,,,,
,,,,,,,,,,
,,,,,,,,,,
,,,,,,,,,,
,,,,,,,,,,
,,,,,,,,,,
,,,,,,,,,,
,,,,,,,,,,
,,,,,,,,,,
,,,,,,,,,,
,,,,,,,,,,
,,,,,,,,,,
,,,,,,,,,,
,,,,,,,,,,
,,,,,,,,,,
,,,,,,,,,,
,,,,,,,,,,
,,,,,,,,,,
,,,,,,,,,,
,,,,,,,,,,
,,,,,,,,,,
,,,,,,,,,,
,,,,,,,,,,
,,,,,,,,,,
,,,,,,,,,,
,,,,,,,,,,
,,,,,,,,,,
,,,,,,,,,,
,,,,,,,,,,
,,,,,,,,,,
,,,,,,,,,,
,,,,,,,,,,
,,,,,,,,,,
,,,,,,,,,,
,,,,,,,,,,
,,,,,,,,,,
,,,,,,,,,,
,,,,,,,,,,
,,,,,,,,,,
,,,,,,,,,,
,,,,,,,,,,
,,,,,,,,,,
,,,,,,,,,,
,,,,,,,,,,
,,,,,,,,,,
,,,,,,,,,,
,,,,,,,,,,
,,,,,,,,,,
,,,,,,,,,,
,,,,,,,,,,
,,,,,,,,,,
,,,,,,,,,,
,,,,,,,,,,
,,,,,,,,,,
,,,,,,,,,,
,,,,,,,,,,
,,,,,,,,,,
,,,,,,,,,,
,,,,,,,,,,
,,,,,,,,,,
,,,,,,,,,,
,,,,,,,,,,
,,,,,,,,,,
,,,,,,,,,,
,,,,,,,,,,
,,,,,,,,,,
,,,,,,,,,,
,,,,,,,,,,
,,,,,,,,,,
,,,,,,,,,,
,,,,,,,,,,
,,,,,,,,,,
,,,,,,,,,,
,,,,,,,,,,
,,,,,,,,,,
,,,,,,,,,,
,,,,,,,,,,
,,,,,,,,,,
,,,,,,,,,,
,,,,,,,,,,
,,,,,,,,,,
,,,,,,,,,,
,,,,,,,,,,
,,,,,,,,,,
,,,,,,,,,,
,,,,,,,,,,
,,,,,,,,,,
,,,,,,,,,,
,,,,,,,,,,
,,,,,,,,,,
,,,,,,,,,,
,,,,,,,,,,
,,,,,,,,,,
,,,,,,,,,,
,,,,,,,,,,
,,,,,,,,,,
,,,,,,,,,,
,,,,,,,,,,
,,,,,,,,,,
,,,,,,,,,,
,,,,,,,,,,
,,,,,,,,,,
,,,,,,,,,,
,,,,,,,,,,
,,,,,,,,,,
,,,,,,,,,,
,,,,,,,,,,
,,,,,,,,,,
,,,,,,,,,,
,,,,,,,,,,
,,,,,,,,,,
,,,,,,,,,,
,,,,,,,,,,
,,,,,,,,,,
,,,,,,,,,,
,,,,,,,,,,
,,,,,,,,,,
,,,,,,,,,,
,,,,,,,,,,
,,,,,,,,,,
,,,,,,,,,,
,,,,,,,,,,
,,,,,,,,,,
,,,,,,,,,,
,,,,,,,,,,
,,,,,,,,,,
,,,,,,,,,,
,,,,,,,,,,
,,,,,,,,,,
,,,,,,,,,,
,,,,,,,,,,
,,,,,,,,,,
,,,,,,,,,,
,,,,,,,,,,
,,,,,,,,,,
,,,,,,,,,,
,,,,,,,,,,
,,,,,,,,,,
,,,,,,,,,,
,,,,,,,,,,
,,,,,,,,,,
,,,,,,,,,,
,,,,,,,,,,
,,,,,,,,,,
,,,,,,,,,,
,,,,,,,,,,
,,,,,,,,,,
,,,,,,,,,,
,,,,,,,,,,
,,,,,,,,,,
,,,,,,,,,,
,,,,,,,,,,
,,,,,,,,,,
,,,,,,,,,,
,,,,,,,,,,
,,,,,,,,,,
,,,,,,,,,,
,,,,,,,,,,
,,,,,,,,,,
,,,,,,,,,,
,,,,,,,,,,
,,,,,,,,,,
,,,,,,,,,,
,,,,,,,,,,
,,,,,,,,,,
,,,,,,,,,,
,,,,,,,,,,
,,,,,,,,,,
,,,,,,,,,,
,,,,,,,,,,
,,,,,,,,,,
,,,,,,,,,,
,,,,,,,,,,
,,,,,,,,,,
,,,,,,,,,,
,,,,,,,,,,
,,,,,,,,,,
,,,,,,,,,,
,,,,,,,,,,
,,,,,,,,,,
,,,,,,,,,,
,,,,,,,,,,
,,,,,,,,,,
,,,,,,,,,,
,,,,,,,,,,
,,,,,,,,,,
,,,,,,,,,,
,,,,,,,,,,
,,,,,,,,,,
,,,,,,,,,,
,,,,,,,,,,
,,,,,,,,,,
,,,,,,,,,,
,,,,,,,,,,
,,,,,,,,,,
,,,,,,,,,,
,,,,,,,,,,
,,,,,,,,,,
,,,,,,,,,,
,,,,,,,,,,
,,,,,,,,,,
,,,,,,,,,,
,,,,,,,,,,
,,,,,,,,,,
,,,,,,,,,,
,,,,,,,,,,
,,,,,,,,,,
,,,,,,,,,,
,,,,,,,,,,
,,,,,,,,,,
,,,,,,,,,,
,,,,,,,,,,
,,,,,,,,,,
,,,,,,,,,,
,,,,,,,,,,
,,,,,,,,,,
,,,,,,,,,,
,,,,,,,,,,
,,,,,,,,,,
,,,,,,,,,,
,,,,,,,,,,
,,,,,,,,,,
,,,,,,,,,,
,,,,,,,,,,
,,,,,,,,,,
,,,,,,,,,,
,,,,,,,,,,
,,,,,,,,,,
,,,,,,,,,,
,,,,,,,,,,
,,,,,,,,,,
,,,,,,,,,,
,,,,,,,,,,
,,,,,,,,,,
,,,,,,,,,,
,,,,,,,,,,
,,,,,,,,,,
,,,,,,,,,,
,,,,,,,,,,
,,,,,,,,,,
,,,,,,,,,,
,,,,,,,,,,
,,,,,,,,,,
,,,,,,,,,,
,,,,,,,,,,
,,,,,,,,,,
,,,,,,,,,,
,,,,,,,,,,
,,,,,,,,,,
,,,,,,,,,,
,,,,,,,,,,
,,,,,,,,,,
,,,,,,,,,,
,,,,,,,,,,
,,,,,,,,,,
,,,,,,,,,,
,,,,,,,,,,
,,,,,,,,,,
,,,,,,,,,,
,,,,,,,,,,
,,,,,,,,,,
,,,,,,,,,,
,,,,,,,,,,
,,,,,,,,,,
,,,,,,,,,,
,,,,,,,,,,
,,,,,,,,,,
,,,,,,,,,,
,,,,,,,,,,
,,,,,,,,,,
,,,,,,,,,,
,,,,,,,,,,
,,,,,,,,,,
,,,,,,,,,,
,,,,,,,,,,
,,,,,,,,,,
,,,,,,,,,,
,,,,,,,,,,
,,,,,,,,,,
,,,,,,,,,,
,,,,,,,,,,
,,,,,,,,,,
,,,,,,,,,,
,,,,,,,,,,
,,,,,,,,,,
,,,,,,,,,,
,,,,,,,,,,
,,,,,,,,,,
,,,,,,,,,,
,,,,,,,,,,
,,,,,,,,,,
,,,,,,,,,,
,,,,,,,,,,
,,,,,,,,,,
,,,,,,,,,,
,,,,,,,,,,
,,,,,,,,,,
,,,,,,,,,,
,,,,,,,,,,
,,,,,,,,,,
,,,,,,,,,,
,,,,,,,,,,
,,,,,,,,,,
,,,,,,,,,,
,,,,,,,,,,
,,,,,,,,,,
,,,,,,,,,,
,,,,,,,,,,
,,,,,,,,,,
,,,,,,,,,,
,,,,,,,,,,
,,,,,,,,,,
,,,,,,,,,,
,,,,,,,,,,
,,,,,,,,,,
,,,,,,,,,,
,,,,,,,,,,
,,,,,,,,,,
,,,,,,,,,,
,,,,,,,,,,
,,,,,,,,,,
,,,,,,,,,,
,,,,,,,,,,
,,,,,,,,,,
,,,,,,,,,,
,,,,,,,,,,
,,,,,,,,,,
,,,,,,,,,,
,,,,,,,,,,
,,,,,,,,,,
,,,,,,,,,,
,,,,,,,,,,
,,,,,,,,,,
,,,,,,,,,,
,,,,,,,,,,
,,,,,,,,,,
,,,,,,,,,,
,,,,,,,,,,
,,,,,,,,,,
,,,,,,,,,,
,,,,,,,,,,
,,,,,,,,,,
,,,,,,,,,,
,,,,,,,,,,
,,,,,,,,,,
,,,,,,,,,,
,,,,,,,,,,
,,,,,,,,,,
,,,,,,,,,,
,,,,,,,,,,
,,,,,,,,,,
,,,,,,,,,,
,,,,,,,,,,
,,,,,,,,,,
,,,,,,,,,,
,,,,,,,,,,
,,,,,,,,,,
,,,,,,,,,,
,,,,,,,,,,
,,,,,,,,,,
,,,,,,,,,,
,,,,,,,,,,
,,,,,,,,,,
,,,,,,,,,,
,,,,,,,,,,
,,,,,,,,,,
,,,,,,,,,,
,,,,,,,,,,
,,,,,,,,,,
,,,,,,,,,,
,,,,,,,,,,
,,,,,,,,,,
,,,,,,,,,,
,,,,,,,,,,
,,,,,,,,,,
,,,,,,,,,,
,,,,,,,,,,
,,,,,,,,,,
,,,,,,,,,,
,,,,,,,,,,
,,,,,,,,,,
,,,,,,,,,,
,,,,,,,,,,
,,,,,,,,,,
,,,,,,,,,,
,,,,,,,,,,
,,,,,,,,,,
,,,,,,,,,,
,,,,,,,,,,
,,,,,,,,,,
,,,,,,,,,,
,,,,,,,,,,
,,,,,,,,,,
,,,,,,,,,,
,,,,,,,,,,
,,,,,,,,,,
,,,,,,,,,,
,,,,,,,,,,
,,,,,,,,,,
,,,,,,,,,,
,,,,,,,,,,
,,,,,,,,,,
,,,,,,,,,,
,,,,,,,,,,
,,,,,,,,,,
,,,,,,,,,,
,,,,,,,,,,
,,,,,,,,,,
,,,,,,,,,,
,,,,,,,,,,
,,,,,,,,,,
,,,,,,,,,,
,,,,,,,,,,
,,,,,,,,,,
,,,,,,,,,,
,,,,,,,,,,
,,,,,,,,,,
,,,,,,,,,,
,,,,,,,,,,
,,,,,,,,,,
,,,,,,,,,,
,,,,,,,,,,
,,,,,,,,,,
,,,,,,,,,,
,,,,,,,,,,
,,,,,,,,,,
,,,,,,,,,,
,,,,,,,,,,
,,,,,,,,,,
,,,,,,,,,,
,,,,,,,,,,
,,,,,,,,,,
,,,,,,,,,,
,,,,,,,,,,
,,,,,,,,,,
,,,,,,,,,,
,,,,,,,,,,
,,,,,,,,,,
,,,,,,,,,,
,,,,,,,,,,
,,,,,,,,,,
,,,,,,,,,,
,,,,,,,,,,
,,,,,,,,,,
,,,,,,,,,,
,,,,,,,,,,
,,,,,,,,,,
,,,,,,,,,,
,,,,,,,,,,
,,,,,,,,,,
,,,,,,,,,,
,,,,,,,,,,
,,,,,,,,,,
,,,,,,,,,,
,,,,,,,,,,
,,,,,,,,,,
,,,,,,,,,,
,,,,,,,,,,
,,,,,,,,,,
,,,,,,,,,,
,,,,,,,,,,
,,,,,,,,,,
,,,,,,,,,,
,,,,,,,,,,
,,,,,,,,,,
,,,,,,,,,,
,,,,,,,,,,
,,,,,,,,,,
,,,,,,,,,,
,,,,,,,,,,
,,,,,,,,,,
,,,,,,,,,,
,,,,,,,,,,
,,,,,,,,,,
,,,,,,,,,,
,,,,,,,,,,
,,,,,,,,,,
,,,,,,,,,,
,,,,,,,,,,
,,,,,,,,,,
,,,,,,,,,,
,,,,,,,,,,
,,,,,,,,,,
,,,,,,,,,,
,,,,,,,,,,
,,,,,,,,,,
,,,,,,,,,,
,,,,,,,,,,
,,,,,,,,,,
,,,,,,,,,,
,,,,,,,,,,
,,,,,,,,,,
,,,,,,,,,,
,,,,,,,,,,
,,,,,,,,,,
,,,,,,,,,,
,,,,,,,,,,
,,,,,,,,,,
,,,,,,,,,,
,,,,,,,,,,
,,,,,,,,,,
,,,,,,,,,,
,,,,,,,,,,
,,,,,,,,,,
,,,,,,,,,,
,,,,,,,,,,
,,,,,,,,,,
,,,,,,,,,,
,,,,,,,,,,
,,,,,,,,,,
,,,,,,,,,,
,,,,,,,,,,
,,,,,,,,,,
,,,,,,,,,,
,,,,,,,,,,
,,,,,,,,,,
,,,,,,,,,,
,,,,,,,,,,
,,,,,,,,,,
,,,,,,,,,,
,,,,,,,,,,
,,,,,,,,,,
,,,,,,,,,,
,,,,,,,,,,
,,,,,,,,,,
,,,,,,,,,,
,,,,,,,,,,
,,,,,,,,,,
,,,,,,,,,,
,,,,,,,,,,
,,,,,,,,,,
,,,,,,,,,,
,,,,,,,,,,
,,,,,,,,,,
,,,,,,,,,,
,,,,,,,,,,
,,,,,,,,,,
,,,,,,,,,,
,,,,,,,,,,
,,,,,,,,,,
,,,,,,,,,,
,,,,,,,,,,
,,,,,,,,,,
,,,,,,,,,,
,,,,,,,,,,
,,,,,,,,,,
,,,,,,,,,,
,,,,,,,,,,
,,,,,,,,,,
,,,,,,,,,,
,,,,,,,,,,
,,,,,,,,,,
,,,,,,,,,,
,,,,,,,,,,
,,,,,,,,,,
,,,,,,,,,,
,,,,,,,,,,
,,,,,,,,,,
,,,,,,,,,,
,,,,,,,,,,
,,,,,,,,,,
,,,,,,,,,,
,,,,,,,,,,
,,,,,,,,,,
,,,,,,,,,,
,,,,,,,,,,
,,,,,,,,,,
,,,,,,,,,,
,,,,,,,,,,
,,,,,,,,,,
,,,,,,,,,,
,,,,,,,,,,
,,,,,,,,,,
,,,,,,,,,,
,,,,,,,,,,
,,,,,,,,,,
,,,,,,,,,,
,,,,,,,,,,
,,,,,,,,,,
,,,,,,,,,,
,,,,,,,,,,
,,,,,,,,,,
,,,,,,,,,,
,,,,,,,,,,
,,,,,,,,,,
,,,,,,,,,,
,,,,,,,,,,
,,,,,,,,,,
,,,,,,,,,,
,,,,,,,,,,
,,,,,,,,,,
,,,,,,,,,,
,,,,,,,,,,
,,,,,,,,,,
,,,,,,,,,,
,,,,,,,,,,
,,,,,,,,,,
,,,,,,,,,,
,,,,,,,,,,
,,,,,,,,,,
,,,,,,,,,,
,,,,,,,,,,
,,,,,,,,,,
,,,,,,,,,,
,,,,,,,,,,
,,,,,,,,,,
,,,,,,,,,,
,,,,,,,,,,
,,,,,,,,,,
,,,,,,,,,,
,,,,,,,,,,
,,,,,,,,,,
,,,,,,,,,,
,,,,,,,,,,
,,,,,,,,,,
,,,,,,,,,,
,,,,,,,,,,
,,,,,,,,,,
,,,,,,,,,,
,,,,,,,,,,
,,,,,,,,,,
,,,,,,,,,,
,,,,,,,,,,
,,,,,,,,,,
,,,,,,,,,,
,,,,,,,,,,
,,,,,,,,,,
,,,,,,,,,,
,,,,,,,,,,
,,,,,,,,,,
,,,,,,,,,,
,,,,,,,,,,
,,,,,,,,,,
,,,,,,,,,,
,,,,,,,,,,
,,,,,,,,,,
,,,,,,,,,,
,,,,,,,,,,
,,,,,,,,,,
,,,,,,,,,,
,,,,,,,,,,
,,,,,,,,,,
,,,,,,,,,,
,,,,,,,,,,
,,,,,,,,,,
,,,,,,,,,,
,,,,,,,,,,
,,,,,,,,,,
,,,,,,,,,,
,,,,,,,,,,
,,,,,,,,,,
,,,,,,,,,,
,,,,,,,,,,
,,,,,,,,,,
,,,,,,,,,,
,,,,,,,,,,
,,,,,,,,,,
,,,,,,,,,,
,,,,,,,,,,
,,,,,,,,,,
,,,,,,,,,,
,,,,,,,,,,
,,,,,,,,,,
,,,,,,,,,,
,,,,,,,,,,
,,,,,,,,,,
,,,,,,,,,,
,,,,,,,,,,
,,,,,,,,,,
,,,,,,,,,,
,,,,,,,,,,
,,,,,,,,,,
,,,,,,,,,,
,,,,,,,,,,
,,,,,,,,,,
,,,,,,,,,,
,,,,,,,,,,
,,,,,,,,,,
,,,,,,,,,,
,,,,,,,,,,
,,,,,,,,,,
,,,,,,,,,,
,,,,,,,,,,
,,,,,,,,,,
,,,,,,,,,,
,,,,,,,,,,
,,,,,,,,,,
,,,,,,,,,,
,,,,,,,,,,
,,,,,,,,,,
,,,,,,,,,,
,,,,,,,,,,
,,,,,,,,,,
,,,,,,,,,,
,,,,,,,,,,
,,,,,,,,,,
,,,,,,,,,,
,,,,,,,,,,
,,,,,,,,,,
,,,,,,,,,,
,,,,,,,,,,
,,,,,,,,,,
,,,,,,,,,,
,,,,,,,,,,
,,,,,,,,,,
,,,,,,,,,,
,,,,,,,,,,
,,,,,,,,,,
,,,,,,,,,,
,,,,,,,,,,
,,,,,,,,,,
,,,,,,,,,,
,,,,,,,,,,
,,,,,,,,,,
,,,,,,,,,,
,,,,,,,,,,
,,,,,,,,,,
,,,,,,,,,,
,,,,,,,,,,
,,,,,,,,,,
,,,,,,,,,,
,,,,,,,,,,
,,,,,,,,,,
,,,,,,,,,,
,,,,,,,,,,
,,,,,,,,,,
,,,,,,,,,,
,,,,,,,,,,
,,,,,,,,,,
,,,,,,,,,,
,,,,,,,,,,
,,,,,,,,,,
,,,,,,,,,,
,,,,,,,,,,
,,,,,,,,,,
,,,,,,,,,,
,,,,,,,,,,
,,,,,,,,,,
,,,,,,,,,,
,,,,,,,,,,
,,,,,,,,,,
,,,,,,,,,,
,,,,,,,,,,
,,,,,,,,,,
,,,,,,,,,,
,,,,,,,,,,
,,,,,,,,,,
,,,,,,,,,,
,,,,,,,,,,
,,,,,,,,,,
,,,,,,,,,,
,,,,,,,,,,
,,,,,,,,,,
,,,,,,,,,,
,,,,,,,,,,
,,,,,,,,,,
,,,,,,,,,,
,,,,,,,,,,
,,,,,,,,,,
,,,,,,,,,,
,,,,,,,,,,
,,,,,,,,,,
,,,,,,,,,,
,,,,,,,,,,
,,,,,,,,,,
,,,,,,,,,,
,,,,,,,,,,
,,,,,,,,,,
,,,,,,,,,,
,,,,,,,,,,
,,,,,,,,,,
,,,,,,,,,,
,,,,,,,,,,
,,,,,,,,,,
,,,,,,,,,,
,,,,,,,,,,
,,,,,,,,,,
,,,,,,,,,,
,,,,,,,,,,
,,,,,,,,,,
,,,,,,,,,,
,,,,,,,,,,
,,,,,,,,,,
,,,,,,,,,,
,,,,,,,,,,
,,,,,,,,,,
,,,,,,,,,,
,,,,,,,,,,
,,,,,,,,,,
,,,,,,,,,,
,,,,,,,,,,
,,,,,,,,,,
,,,,,,,,,,
,,,,,,,,,,
,,,,,,,,,,
,,,,,,,,,,
,,,,,,,,,,
,,,,,,,,,,
,,,,,,,,,,
,,,,,,,,,,
,,,,,,,,,,
,,,,,,,,,,
,,,,,,,,,,
,,,,,,,,,,
,,,,,,,,,,
,,,,,,,,,,
,,,,,,,,,,
,,,,,,,,,,
,,,,,,,,,,
,,,,,,,,,,
,,,,,,,,,,
,,,,,,,,,,
,,,,,,,,,,
,,,,,,,,,,
,,,,,,,,,,
,,,,,,,,,,
,,,,,,,,,,
,,,,,,,,,,
,,,,,,,,,,
,,,,,,,,,,
,,,,,,,,,,
,,,,,,,,,,
,,,,,,,,,,
,,,,,,,,,,
,,,,,,,,,,
,,,,,,,,,,
,,,,,,,,,,
,,,,,,,,,,
,,,,,,,,,,
,,,,,,,,,,
,,,,,,,,,,
,,,,,,,,,,
,,,,,,,,,,
,,,,,,,,,,
,,,,,,,,,,
,,,,,,,,,,
,,,,,,,,,,
,,,,,,,,,,
,,,,,,,,,,
,,,,,,,,,,
,,,,,,,,,,
,,,,,,,,,,
,,,,,,,,,,
,,,,,,,,,,
,,,,,,,,,,
,,,,,,,,,,
,,,,,,,,,,
,,,,,,,,,,
,,,,,,,,,,
,,,,,,,,,,
,,,,,,,,,,
,,,,,,,,,,
,,,,,,,,,,
,,,,,,,,,,
,,,,,,,,,,
,,,,,,,,,,
,,,,,,,,,,
,,,,,,,,,,
,,,,,,,,,,
,,,,,,,,,,
,,,,,,,,,,
,,,,,,,,,,
,,,,,,,,,,
,,,,,,,,,,
,,,,,,,,,,
,,,,,,,,,,
,,,,,,,,,,
,,,,,,,,,,
,,,,,,,,,,
,,,,,,,,,,
,,,,,,,,,,
,,,,,,,,,,
,,,,,,,,,,
,,,,,,,,,,
,,,,,,,,,,
,,,,,,,,,,
,,,,,,,,,,
,,,,,,,,,,
,,,,,,,,,,
,,,,,,,,,,
,,,,,,,,,,
,,,,,,,,,,
,,,,,,,,,,
,,,,,,,,,,
,,,,,,,,,,
,,,,,,,,,,
,,,,,,,,,,
,,,,,,,,,,
,,,,,,,,,,
,,,,,,,,,,
,,,,,,,,,,
,,,,,,,,,,
,,,,,,,,,,
,,,,,,,,,,
,,,,,,,,,,
,,,,,,,,,,
,,,,,,,,,,
,,,,,,,,,,
,,,,,,,,,,
,,,,,,,,,,
,,,,,,,,,,
,,,,,,,,,,
,,,,,,,,,,
,,,,,,,,,,
,,,,,,,,,,
,,,,,,,,,,
,,,,,,,,,,
,,,,,,,,,,
,,,,,,,,,,
,,,,,,,,,,
,,,,,,,,,,
,,,,,,,,,,
,,,,,,,,,,
,,,,,,,,,,
,,,,,,,,,,
,,,,,,,,,,
,,,,,,,,,,
,,,,,,,,,,
,,,,,,,,,,
,,,,,,,,,,
,,,,,,,,,,
,,,,,,,,,,
,,,,,,,,,,
,,,,,,,,,,
,,,,,,,,,,
,,,,,,,,,,
,,,,,,,,,,
,,,,,,,,,,
,,,,,,,,,,
,,,,,,,,,,
,,,,,,,,,,
,,,,,,,,,,
,,,,,,,,,,
,,,,,,,,,,
,,,,,,,,,,
,,,,,,,,,,
,,,,,,,,,,
,,,,,,,,,,
,,,,,,,,,,
,,,,,,,,,,
,,,,,,,,,,
,,,,,,,,,,
,,,,,,,,,,
,,,,,,,,,,
,,,,,,,,,,
,,,,,,,,,,
,,,,,,,,,,
,,,,,,,,,,
,,,,,,,,,,
,,,,,,,,,,
,,,,,,,,,,
,,,,,,,,,,
,,,,,,,,,,
,,,,,,,,,,
,,,,,,,,,,
,,,,,,,,,,
,,,,,,,,,,
,,,,,,,,,,
,,,,,,,,,,
,,,,,,,,,,
,,,,,,,,,,
,,,,,,,,,,
,,,,,,,,,,
,,,,,,,,,,
,,,,,,,,,,
,,,,,,,,,,
,,,,,,,,,,
,,,,,,,,,,
,,,,,,,,,,
,,,,,,,,,,
,,,,,,,,,,
,,,,,,,,,,
,,,,,,,,,,
,,,,,,,,,,
,,,,,,,,,,
,,,,,,,,,,
,,,,,,,,,,
,,,,,,,,,,
,,,,,,,,,,
,,,,,,,,,,
,,,,,,,,,,
,,,,,,,,,,
,,,,,,,,,,
,,,,,,,,,,
,,,,,,,,,,
,,,,,,,,,,
,,,,,,,,,,
,,,,,,,,,,
,,,,,,,,,,
,,,,,,,,,,
,,,,,,,,,,
,,,,,,,,,,
,,,,,,,,,,
,,,,,,,,,,
,,,,,,,,,,
,,,,,,,,,,
,,,,,,,,,,
,,,,,,,,,,
,,,,,,,,,,
,,,,,,,,,,
,,,,,,,,,,
,,,,,,,,,,
,,,,,,,,,,
,,,,,,,,,,
,,,,,,,,,,
,,,,,,,,,,
,,,,,,,,,,
,,,,,,,,,,
,,,,,,,,,,
,,,,,,,,,,
,,,,,,,,,,
,,,,,,,,,,
,,,,,,,,,,
,,,,,,,,,,
,,,,,,,,,,
,,,,,,,,,,
,,,,,,,,,,
,,,,,,,,,,
,,,,,,,,,,
,,,,,,,,,,
,,,,,,,,,,
,,,,,,,,,,
,,,,,,,,,,
,,,,,,,,,,
,,,,,,,,,,
,,,,,,,,,,
,,,,,,,,,,
,,,,,,,,,,
,,,,,,,,,,
,,,,,,,,,,
,,,,,,,,,,
,,,,,,,,,,
,,,,,,,,,,
,,,,,,,,,,
,,,,,,,,,,
,,,,,,,,,,
,,,,,,,,,,
,,,,,,,,,,
,,,,,,,,,,
,,,,,,,,,,
,,,,,,,,,,
,,,,,,,,,,
,,,,,,,,,,
,,,,,,,,,,
,,,,,,,,,,
,,,,,,,,,,
,,,,,,,,,,
,,,,,,,,,,
,,,,,,,,,,
,,,,,,,,,,
,,,,,,,,,,
,,,,,,,,,,
,,,,,,,,,,
,,,,,,,,,,
,,,,,,,,,,
,,,,,,,,,,
,,,,,,,,,,
,,,,,,,,,,
,,,,,,,,,,
,,,,,,,,,,
,,,,,,,,,,
,,,,,,,,,,
,,,,,,,,,,
,,,,,,,,,,
,,,,,,,,,,
,,,,,,,,,,
,,,,,,,,,,
,,,,,,,,,,
,,,,,,,,,,
,,,,,,,,,,
,,,,,,,,,,
,,,,,,,,,,
,,,,,,,,,,
,,,,,,,,,,
,,,,,,,,,,
,,,,,,,,,,
,,,,,,,,,,
,,,,,,,,,,
,,,,,,,,,,
,,,,,,,,,,
,,,,,,,,,,
,,,,,,,,,,
,,,,,,,,,,
,,,,,,,,,,
,,,,,,,,,,
,,,,,,,,,,
,,,,,,,,,,
,,,,,,,,,,
,,,,,,,,,,
,,,,,,,,,,
,,,,,,,,,,
,,,,,,,,,,
,,,,,,,,,,
,,,,,,,,,,
,,,,,,,,,,
,,,,,,,,,,
,,,,,,,,,,
,,,,,,,,,,
,,,,,,,,,,
,,,,,,,,,,
,,,,,,,,,,
,,,,,,,,,,
,,,,,,,,,,
,,,,,,,,,,
,,,,,,,,,,
,,,,,,,,,,
,,,,,,,,,,
,,,,,,,,,,
,,,,,,,,,,
,,,,,,,,,,
,,,,,,,,,,
,,,,,,,,,,
,,,,,,,,,,
,,,,,,,,,,
,,,,,,,,,,
,,,,,,,,,,
,,,,,,,,,,
,,,,,,,,,,
,,,,,,,,,,
,,,,,,,,,,
,,,,,,,,,,
,,,,,,,,,,
,,,,,,,,,,
,,,,,,,,,,
,,,,,,,,,,
,,,,,,,,,,
,,,,,,,,,,
,,,,,,,,,,
,,,,,,,,,,
,,,,,,,,,,
,,,,,,,,,,
,,,,,,,,,,
,,,,,,,,,,
,,,,,,,,,,
,,,,,,,,,,
,,,,,,,,,,
,,,,,,,,,,
,,,,,,,,,,
,,,,,,,,,,
,,,,,,,,,,
,,,,,,,,,,
,,,,,,,,,,
,,,,,,,,,,
,,,,,,,,,,
,,,,,,,,,,
,,,,,,,,,,
,,,,,,,,,,
,,,,,,,,,,
,,,,,,,,,,
,,,,,,,,,,
,,,,,,,,,,
,,,,,,,,,,
,,,,,,,,,,
,,,,,,,,,,
,,,,,,,,,,
,,,,,,,,,,
,,,,,,,,,,
,,,,,,,,,,
,,,,,,,,,,
,,,,,,,,,,
,,,,,,,,,,
,,,,,,,,,,
,,,,,,,,,,
,,,,,,,,,,
,,,,,,,,,,
,,,,,,,,,,
,,,,,,,,,,
,,,,,,,,,,
,,,,,,,,,,
,,,,,,,,,,
,,,,,,,,,,
,,,,,,,,,,
,,,,,,,,,,
,,,,,,,,,,
,,,,,,,,,,
,,,,,,,,,,
,,,,,,,,,,
,,,,,,,,,,
,,,,,,,,,,
,,,,,,,,,,
,,,,,,,,,,
,,,,,,,,,,
,,,,,,,,,,
,,,,,,,,,,
,,,,,,,,,,
,,,,,,,,,,
,,,,,,,,,,
,,,,,,,,,,
,,,,,,,,,,
,,,,,,,,,,
,,,,,,,,,,
,,,,,,,,,,
,,,,,,,,,,
,,,,,,,,,,
,,,,,,,,,,
,,,,,,,,,,
,,,,,,,,,,
,,,,,,,,,,
,,,,,,,,,,
,,,,,,,,,,
,,,,,,,,,,
,,,,,,,,,,
,,,,,,,,,,
,,,,,,,,,,
,,,,,,,,,,
,,,,,,,,,,
,,,,,,,,,,
,,,,,,,,,,
,,,,,,,,,,
,,,,,,,,,,
,,,,,,,,,,
,,,,,,,,,,
,,,,,,,,,,
,,,,,,,,,,
,,,,,,,,,,
,,,,,,,,,,
,,,,,,,,,,
,,,,,,,,,,
,,,,,,,,,,
,,,,,,,,,,
,,,,,,,,,,
,,,,,,,,,,
,,,,,,,,,,
,,,,,,,,,,
,,,,,,,,,,
,,,,,,,,,,
,,,,,,,,,,
,,,,,,,,,,
,,,,,,,,,,
,,,,,,,,,,
,,,,,,,,,,
,,,,,,,,,,
,,,,,,,,,,
,,,,,,,,,,
,,,,,,,,,,
,,,,,,,,,,
,,,,,,,,,,
,,,,,,,,,,
,,,,,,,,,,
,,,,,,,,,,
,,,,,,,,,,
,,,,,,,,,,
,,,,,,,,,,
,,,,,,,,,,
,,,,,,,,,,
,,,,,,,,,,
,,,,,,,,,,
,,,,,,,,,,
,,,,,,,,,,
,,,,,,,,,,
,,,,,,,,,,
,,,,,,,,,,
,,,,,,,,,,
,,,,,,,,,,
,,,,,,,,,,
,,,,,,,,,,
,,,,,,,,,,
,,,,,,,,,,
,,,,,,,,,,
,,,,,,,,,,
,,,,,,,,,,
,,,,,,,,,,
,,,,,,,,,,
,,,,,,,,,,
,,,,,,,,,,
,,,,,,,,,,
,,,,,,,,,,
,,,,,,,,,,
,,,,,,,,,,
,,,,,,,,,,
,,,,,,,,,,
,,,,,,,,,,
,,,,,,,,,,
,,,,,,,,,,
,,,,,,,,,,
,,,,,,,,,,
,,,,,,,,,,
,,,,,,,,,,
,,,,,,,,,,
,,,,,,,,,,
,,,,,,,,,,
,,,,,,,,,,
,,,,,,,,,,
,,,,,,,,,,
,,,,,,,,,,
,,,,,,,,,,
,,,,,,,,,,
,,,,,,,,,,
,,,,,,,,,,
,,,,,,,,,,
,,,,,,,,,,
,,,,,,,,,,
,,,,,,,,,,
,,,,,,,,,,
,,,,,,,,,,
,,,,,,,,,,
,,,,,,,,,,
,,,,,,,,,,
,,,,,,,,,,
,,,,,,,,,,
,,,,,,,,,,
,,,,,,,,,,
,,,,,,,,,,
,,,,,,,,,,
,,,,,,,,,,
,,,,,,,,,,
,,,,,,,,,,
,,,,,,,,,,
,,,,,,,,,,
,,,,,,,,,,
,,,,,,,,,,
,,,,,,,,,,
,,,,,,,,,,
,,,,,,,,,,
,,,,,,,,,,
,,,,,,,,,,
,,,,,,,,,,
,,,,,,,,,,
,,,,,,,,,,
,,,,,,,,,,
,,,,,,,,,,
,,,,,,,,,,
,,,,,,,,,,
,,,,,,,,,,
,,,,,,,,,,
,,,,,,,,,,
,,,,,,,,,,
,,,,,,,,,,
,,,,,,,,,,
,,,,,,,,,,
,,,,,,,,,,
,,,,,,,,,,
,,,,,,,,,,
,,,,,,,,,,
,,,,,,,,,,
,,,,,,,,,,
,,,,,,,,,,
,,,,,,,,,,
,,,,,,,,,,
,,,,,,,,,,
,,,,,,,,,,
,,,,,,,,,,
,,,,,,,,,,
,,,,,,,,,,
,,,,,,,,,,
,,,,,,,,,,
,,,,,,,,,,
,,,,,,,,,,
,,,,,,,,,,
,,,,,,,,,,
,,,,,,,,,,
,,,,,,,,,,
,,,,,,,,,,
,,,,,,,,,,
,,,,,,,,,,
,,,,,,,,,,
,,,,,,,,,,
,,,,,,,,,,
,,,,,,,,,,
,,,,,,,,,,
,,,,,,,,,,
,,,,,,,,,,
,,,,,,,,,,
,,,,,,,,,,
,,,,,,,,,,
,,,,,,,,,,
,,,,,,,,,,
,,,,,,,,,,
,,,,,,,,,,
,,,,,,,,,,
,,,,,,,,,,
,,,,,,,,,,
,,,,,,,,,,
,,,,,,,,,,
,,,,,,,,,,
,,,,,,,,,,
,,,,,,,,,,
,,,,,,,,,,
,,,,,,,,,,
,,,,,,,,,,
,,,,,,,,,,
,,,,,,,,,,
,,,,,,,,,,
,,,,,,,,,,
,,,,,,,,,,
,,,,,,,,,,
,,,,,,,,,,
,,,,,,,,,,
,,,,,,,,,,
,,,,,,,,,,
,,,,,,,,,,
,,,,,,,,,,
,,,,,,,,,,
,,,,,,,,,,
,,,,,,,,,,
,,,,,,,,,,
,,,,,,,,,,
,,,,,,,,,,
,,,,,,,,,,
,,,,,,,,,,
,,,,,,,,,,
,,,,,,,,,,
,,,,,,,,,,
,,,,,,,,,,
,,,,,,,,,,
,,,,,,,,,,
,,,,,,,,,,
,,,,,,,,,,
,,,,,,,,,,
,,,,,,,,,,
,,,,,,,,,,
,,,,,,,,,,
,,,,,,,,,,
,,,,,,,,,,
,,,,,,,,,,
,,,,,,,,,,
,,,,,,,,,,
,,,,,,,,,,
,,,,,,,,,,
,,,,,,,,,,
,,,,,,,,,,
,,,,,,,,,,
,,,,,,,,,,
,,,,,,,,,,
,,,,,,,,,,
,,,,,,,,,,
,,,,,,,,,,
,,,,,,,,,,
,,,,,,,,,,
,,,,,,,,,,
,,,,,,,,,,
,,,,,,,,,,
,,,,,,,,,,
,,,,,,,,,,
,,,,,,,,,,
,,,,,,,,,,
,,,,,,,,,,
,,,,,,,,,,
,,,,,,,,,,
,,,,,,,,,,
,,,,,,,,,,
,,,,,,,,,,
,,,,,,,,,,
,,,,,,,,,,
,,,,,,,,,,
,,,,,,,,,,
,,,,,,,,,,
,,,,,,,,,,
,,,,,,,,,,
,,,,,,,,,,
,,,,,,,,,,
,,,,,,,,,,
,,,,,,,,,,
,,,,,,,,,,
,,,,,,,,,,
,,,,,,,,,,
,,,,,,,,,,
,,,,,,,,,,
,,,,,,,,,,
,,,,,,,,,,
,,,,,,,,,,
,,,,,,,,,,
,,,,,,,,,,
,,,,,,,,,,
,,,,,,,,,,
,,,,,,,,,,
,,,,,,,,,,
,,,,,,,,,,
,,,,,,,,,,
,,,,,,,,,,
,,,,,,,,,,
,,,,,,,,,,
,,,,,,,,,,
,,,,,,,,,,
,,,,,,,,,,
,,,,,,,,,,
,,,,,,,,,,
,,,,,,,,,,
,,,,,,,,,,
,,,,,,,,,,
,,,,,,,,,,
,,,,,,,,,,
,,,,,,,,,,
,,,,,,,,,,
,,,,,,,,,,
,,,,,,,,,,
,,,,,,,,,,
,,,,,,,,,,
,,,,,,,,,,
,,,,,,,,,,
,,,,,,,,,,
,,,,,,,,,,
,,,,,,,,,,
,,,,,,,,,,
,,,,,,,,,,
,,,,,,,,,,
,,,,,,,,,,
,,,,,,,,,,
,,,,,,,,,,
,,,,,,,,,,
,,,,,,,,,,
,,,,,,,,,,
,,,,,,,,,,
,,,,,,,,,,
,,,,,,,,,,
,,,,,,,,,,
,,,,,,,,,,
,,,,,,,,,,
,,,,,,,,,,
,,,,,,,,,,
,,,,,,,,,,
,,,,,,,,,,
,,,,,,,,,,
,,,,,,,,,,
,,,,,,,,,,
,,,,,,,,,,
,,,,,,,,,,
,,,,,,,,,,
,,,,,,,,,,
,,,,,,,,,,
,,,,,,,,,,
,,,,,,,,,,
,,,,,,,,,,
,,,,,,,,,,
,,,,,,,,,,
,,,,,,,,,,
,,,,,,,,,,
,,,,,,,,,,
,,,,,,,,,,
,,,,,,,,,,
,,,,,,,,,,
,,,,,,,,,,
,,,,,,,,,,
,,,,,,,,,,
,,,,,,,,,,
,,,,,,,,,,
,,,,,,,,,,
,,,,,,,,,,
,,,,,,,,,,
,,,,,,,,,,
,,,,,,,,,,
,,,,,,,,,,
,,,,,,,,,,
,,,,,,,,,,
,,,,,,,,,,
,,,,,,,,,,
,,,,,,,,,,
,,,,,,,,,,
,,,,,,,,,,
,,,,,,,,,,
,,,,,,,,,,
,,,,,,,,,,
,,,,,,,,,,
,,,,,,,,,,
,,,,,,,,,,
,,,,,,,,,,
,,,,,,,,,,
,,,,,,,,,,
,,,,,,,,,,
,,,,,,,,,,
,,,,,,,,,,
,,,,,,,,,,
,,,,,,,,,,
,,,,,,,,,,
,,,,,,,,,,
,,,,,,,,,,
,,,,,,,,,,
,,,,,,,,,,
,,,,,,,,,,
,,,,,,,,,,
,,,,,,,,,,
,,,,,,,,,,
,,,,,,,,,,
,,,,,,,,,,
,,,,,,,,,,
,,,,,,,,,,
,,,,,,,,,,
,,,,,,,,,,
,,,,,,,,,,
,,,,,,,,,,
,,,,,,,,,,
,,,,,,,,,,
,,,,,,,,,,
,,,,,,,,,,
,,,,,,,,,,
,,,,,,,,,,
,,,,,,,,,,
,,,,,,,,,,
,,,,,,,,,,
,,,,,,,,,,
,,,,,,,,,,
,,,,,,,,,,
,,,,,,,,,,
,,,,,,,,,,
,,,,,,,,,,
,,,,,,,,,,
,,,,,,,,,,
,,,,,,,,,,
,,,,,,,,,,
,,,,,,,,,,
,,,,,,,,,,
,,,,,,,,,,
,,,,,,,,,,
,,,,,,,,,,
,,,,,,,,,,
,,,,,,,,,,
,,,,,,,,,,
,,,,,,,,,,
,,,,,,,,,,
,,,,,,,,,,
,,,,,,,,,,
,,,,,,,,,,
,,,,,,,,,,
,,,,,,,,,,
,,,,,,,,,,
,,,,,,,,,,
,,,,,,,,,,
,,,,,,,,,,
,,,,,,,,,,
,,,,,,,,,,
,,,,,,,,,,
,,,,,,,,,,
,,,,,,,,,,
,,,,,,,,,,
,,,,,,,,,,
,,,,,,,,,,
,,,,,,,,,,
,,,,,,,,,,
,,,,,,,,,,
,,,,,,,,,,
,,,,,,,,,,
,,,,,,,,,,
,,,,,,,,,,
,,,,,,,,,,
,,,,,,,,,,
,,,,,,,,,,
,,,,,,,,,,
,,,,,,,,,,
,,,,,,,,,,
,,,,,,,,,,
,,,,,,,,,,
,,,,,,,,,,
,,,,,,,,,,
,,,,,,,,,,
,,,,,,,,,,
,,,,,,,,,,
,,,,,,,,,,
,,,,,,,,,,
,,,,,,,,,,
,,,,,,,,,,
,,,,,,,,,,
,,,,,,,,,,
,,,,,,,,,,
,,,,,,,,,,
,,,,,,,,,,
,,,,,,,,,,
,,,,,,,,,,
,,,,,,,,,,
,,,,,,,,,,
,,,,,,,,,,
,,,,,,,,,,
,,,,,,,,,,
,,,,,,,,,,
,,,,,,,,,,
,,,,,,,,,,
,,,,,,,,,,
,,,,,,,,,,
,,,,,,,,,,
,,,,,,,,,,
,,,,,,,,,,
,,,,,,,,,,
,,,,,,,,,,
,,,,,,,,,,
,,,,,,,,,,
,,,,,,,,,,
,,,,,,,,,,
,,,,,,,,,,
,,,,,,,,,,
,,,,,,,,,,
,,,,,,,,,,
,,,,,,,,,,
,,,,,,,,,,
,,,,,,,,,,
,,,,,,,,,,
,,,,,,,,,,
,,,,,,,,,,
,,,,,,,,,,
,,,,,,,,,,
,,,,,,,,,,
,,,,,,,,,,
,,,,,,,,,,
,,,,,,,,,,
,,,,,,,,,,
,,,,,,,,,,
,,,,,,,,,,
,,,,,,,,,,
,,,,,,,,,,
,,,,,,,,,,
,,,,,,,,,,
,,,,,,,,,,
,,,,,,,,,,
,,,,,,,,,,
,,,,,,,,,,
,,,,,,,,,,
,,,,,,,,,,
,,,,,,,,,,
,,,,,,,,,,
,,,,,,,,,,
,,,,,,,,,,
,,,,,,,,,,
,,,,,,,,,,
,,,,,,,,,,
,,,,,,,,,,
,,,,,,,,,,
,,,,,,,,,,
,,,,,,,,,,
,,,,,,,,,,
,,,,,,,,,,
,,,,,,,,,,
,,,,,,,,,,
,,,,,,,,,,
,,,,,,,,,,
,,,,,,,,,,
,,,,,,,,,,
,,,,,,,,,,
,,,,,,,,,,
,,,,,,,,,,
,,,,,,,,,,
,,,,,,,,,,
,,,,,,,,,,
,,,,,,,,,,
,,,,,,,,,,
,,,,,,,,,,
,,,,,,,,,,
,,,,,,,,,,
,,,,,,,,,,
,,,,,,,,,,
,,,,,,,,,,
,,,,,,,,,,
,,,,,,,,,,
,,,,,,,,,,
,,,,,,,,,,
,,,,,,,,,,
,,,,,,,,,,
,,,,,,,,,,
,,,,,,,,,,
,,,,,,,,,,
,,,,,,,,,,
,,,,,,,,,,
,,,,,,,,,,
,,,,,,,,,,
,,,,,,,,,,
,,,,,,,,,,
,,,,,,,,,,
,,,,,,,,,,
,,,,,,,,,,
,,,,,,,,,,
,,,,,,,,,,
,,,,,,,,,,
,,,,,,,,,,
,,,,,,,,,,
,,,,,,,,,,
,,,,,,,,,,
,,,,,,,,,,
,,,,,,,,,,
,,,,,,,,,,
,,,,,,,,,,
,,,,,,,,,,
,,,,,,,,,,
,,,,,,,,,,
,,,,,,,,,,
,,,,,,,,,,
,,,,,,,,,,
,,,,,,,,,,
,,,,,,,,,,
,,,,,,,,,,
,,,,,,,,,,
,,,,,,,,,,
,,,,,,,,,,
,,,,,,,,,,
,,,,,,,,,,
,,,,,,,,,,
,,,,,,,,,,
,,,,,,,,,,
,,,,,,,,,,
,,,,,,,,,,
,,,,,,,,,,
,,,,,,,,,,
,,,,,,,,,,
,,,,,,,,,,
,,,,,,,,,,
,,,,,,,,,,
,,,,,,,,,,
,,,,,,,,,,
,,,,,,,,,,
,,,,,,,,,,
,,,,,,,,,,
,,,,,,,,,,
,,,,,,,,,,
,,,,,,,,,,
,,,,,,,,,,
,,,,,,,,,,
,,,,,,,,,,
,,,,,,,,,,
,,,,,,,,,,
,,,,,,,,,,
,,,,,,,,,,
,,,,,,,,,,
,,,,,,,,,,
,,,,,,,,,,
,,,,,,,,,,
,,,,,,,,,,
,,,,,,,,,,
,,,,,,,,,,
,,,,,,,,,,
,,,,,,,,,,
,,,,,,,,,,
,,,,,,,,,,
,,,,,,,,,,
,,,,,,,,,,
,,,,,,,,,,
,,,,,,,,,,
,,,,,,,,,,
,,,,,,,,,,
,,,,,,,,,,
,,,,,,,,,,
,,,,,,,,,,
,,,,,,,,,,
,,,,,,,,,,
,,,,,,,,,,
,,,,,,,,,,
,,,,,,,,,,
,,,,,,,,,,
,,,,,,,,,,
,,,,,,,,,,
,,,,,,,,,,
,,,,,,,,,,
,,,,,,,,,,
,,,,,,,,,,
,,,,,,,,,,
,,,,,,,,,,
,,,,,,,,,,
,,,,,,,,,,
,,,,,,,,,,
,,,,,,,,,,
,,,,,,,,,,
,,,,,,,,,,
,,,,,,,,,,
,,,,,,,,,,
,,,,,,,,,,
,,,,,,,,,,
,,,,,,,,,,
,,,,,,,,,,
,,,,,,,,,,
,,,,,,,,,,
,,,,,,,,,,
,,,,,,,,,,
,,,,,,,,,,
,,,,,,,,,,
,,,,,,,,,,
,,,,,,,,,,
,,,,,,,,,,
,,,,,,,,,,
,,,,,,,,,,
,,,,,,,,,,
,,,,,,,,,,
,,,,,,,,,,
,,,,,,,,,,
,,,,,,,,,,
,,,,,,,,,,
,,,,,,,,,,
,,,,,,,,,,
,,,,,,,,,,
,,,,,,,,,,
,,,,,,,,,,
,,,,,,,,,,
,,,,,,,,,,
,,,,,,,,,,
,,,,,,,,,,
,,,,,,,,,,
,,,,,,,,,,
,,,,,,,,,,
,,,,,,,,,,
,,,,,,,,,,
,,,,,,,,,,
,,,,,,,,,,
,,,,,,,,,,
,,,,,,,,,,
,,,,,,,,,,
,,,,,,,,,,
,,,,,,,,,,
,,,,,,,,,,
,,,,,,,,,,
,,,,,,,,,,
,,,,,,,,,,
,,,,,,,,,,
,,,,,,,,,,
,,,,,,,,,,
,,,,,,,,,,
,,,,,,,,,,
,,,,,,,,,,
,,,,,,,,,,
,,,,,,,,,,
,,,,,,,,,,
,,,,,,,,,,
,,,,,,,,,,
,,,,,,,,,,
,,,,,,,,,,
,,,,,,,,,,
,,,,,,,,,,
,,,,,,,,,,
,,,,,,,,,,
,,,,,,,,,,
,,,,,,,,,,
,,,,,,,,,,
,,,,,,,,,,
,,,,,,,,,,
,,,,,,,,,,
,,,,,,,,,,
,,,,,,,,,,
,,,,,,,,,,
,,,,,,,,,,
,,,,,,,,,,
,,,,,,,,,,
,,,,,,,,,,
,,,,,,,,,,
,,,,,,,,,,
,,,,,,,,,,
,,,,,,,,,,
,,,,,,,,,,
,,,,,,,,,,
,,,,,,,,,,
,,,,,,,,,,
,,,,,,,,,,
,,,,,,,,,,
,,,,,,,,,,
,,,,,,,,,,
,,,,,,,,,,
,,,,,,,,,,
,,,,,,,,,,
,,,,,,,,,,
,,,,,,,,,,
,,,,,,,,,,
,,,,,,,,,,
,,,,,,,,,,
,,,,,,,,,,
,,,,,,,,,,
,,,,,,,,,,
,,,,,,,,,,
,,,,,,,,,,
,,,,,,,,,,
,,,,,,,,,,
,,,,,,,,,,
,,,,,,,,,,
,,,,,,,,,,
,,,,,,,,,,
,,,,,,,,,,
,,,,,,,,,,
,,,,,,,,,,
,,,,,,,,,,
,,,,,,,,,,
,,,,,,,,,,
,,,,,,,,,,
,,,,,,,,,,
,,,,,,,,,,
,,,,,,,,,,
,,,,,,,,,,
,,,,,,,,,,
,,,,,,,,,,
,,,,,,,,,,
,,,,,,,,,,
,,,,,,,,,,
,,,,,,,,,,
,,,,,,,,,,
,,,,,,,,,,
,,,,,,,,,,
,,,,,,,,,,
,,,,,,,,,,
,,,,,,,,,,
,,,,,,,,,,
,,,,,,,,,,
,,,,,,,,,,
,,,,,,,,,,
,,,,,,,,,,
,,,,,,,,,,
,,,,,,,,,,
,,,,,,,,,,
,,,,,,,,,,
,,,,,,,,,,
,,,,,,,,,,
,,,,,,,,,,
,,,,,,,,,,
,,,,,,,,,,
,,,,,,,,,,
,,,,,,,,,,
,,,,,,,,,,
,,,,,,,,,,
,,,,,,,,,,
,,,,,,,,,,
,,,,,,,,,,
,,,,,,,,,,
,,,,,,,,,,
,,,,,,,,,,
,,,,,,,,,,
,,,,,,,,,,
,,,,,,,,,,
,,,,,,,,,,
,,,,,,,,,,
,,,,,,,,,,
,,,,,,,,,,
,,,,,,,,,,
,,,,,,,,,,
,,,,,,,,,,
,,,,,,,,,,
,,,,,,,,,,
,,,,,,,,,,
,,,,,,,,,,
,,,,,,,,,,
,,,,,,,,,,
,,,,,,,,,,
,,,,,,,,,,
,,,,,,,,,,
,,,,,,,,,,
,,,,,,,,,,
,,,,,,,,,,
,,,,,,,,,,
,,,,,,,,,,
,,,,,,,,,,
,,,,,,,,,,
,,,,,,,,,,
,,,,,,,,,,
,,,,,,,,,,
,,,,,,,,,,
,,,,,,,,,,
,,,,,,,,,,
,,,,,,,,,,
,,,,,,,,,,
,,,,,,,,,,
,,,,,,,,,,
,,,,,,,,,,
,,,,,,,,,,
,,,,,,,,,,
,,,,,,,,,,
,,,,,,,,,,
,,,,,,,,,,
,,,,,,,,,,
,,,,,,,,,,
,,,,,,,,,,
,,,,,,,,,,
,,,,,,,,,,
,,,,,,,,,,
,,,,,,,,,,
,,,,,,,,,,
,,,,,,,,,,
,,,,,,,,,,
,,,,,,,,,,
,,,,,,,,,,
,,,,,,,,,,
,,,,,,,,,,
,,,,,,,,,,
,,,,,,,,,,
,,,,,,,,,,
,,,,,,,,,,
,,,,,,,,,,
,,,,,,,,,,
,,,,,,,,,,
,,,,,,,,,,
,,,,,,,,,,
,,,,,,,,,,
,,,,,,,,,,
,,,,,,,,,,
,,,,,,,,,,
,,,,,,,,,,
,,,,,,,,,,
,,,,,,,,,,
,,,,,,,,,,
,,,,,,,,,,
,,,,,,,,,,
,,,,,,,,,,
,,,,,,,,,,
,,,,,,,,,,
,,,,,,,,,,
,,,,,,,,,,
,,,,,,,,,,
,,,,,,,,,,
,,,,,,,,,,
,,,,,,,,,,
,,,,,,,,,,
,,,,,,,,,,
,,,,,,,,,,
,,,,,,,,,,
,,,,,,,,,,
,,,,,,,,,,
,,,,,,,,,,
,,,,,,,,,,
,,,,,,,,,,
,,,,,,,,,,
,,,,,,,,,,
,,,,,,,,,,
,,,,,,,,,,
,,,,,,,,,,
,,,,,,,,,,
,,,,,,,,,,
,,,,,,,,,,
,,,,,,,,,,
,,,,,,,,,,
,,,,,,,,,,
,,,,,,,,,,
,,,,,,,,,,
,,,,,,,,,,
,,,,,,,,,,
,,,,,,,,,,
,,,,,,,,,,
,,,,,,,,,,
,,,,,,,,,,
,,,,,,,,,,
,,,,,,,,,,
,,,,,,,,,,
,,,,,,,,,,
,,,,,,,,,,
,,,,,,,,,,
,,,,,,,,,,
,,,,,,,,,,
,,,,,,,,,,
,,,,,,,,,,
,,,,,,,,,,
,,,,,,,,,,
,,,,,,,,,,
,,,,,,,,,,
,,,,,,,,,,
,,,,,,,,,,
,,,,,,,,,,
,,,,,,,,,,
,,,,,,,,,,
,,,,,,,,,,
,,,,,,,,,,
,,,,,,,,,,
,,,,,,,,,,
,,,,,,,,,,
,,,,,,,,,,
,,,,,,,,,,
,,,,,,,,,,
,,,,,,,,,,
,,,,,,,,,,
,,,,,,,,,,
,,,,,,,,,,
,,,,,,,,,,
,,,,,,,,,,
,,,,,,,,,,
,,,,,,,,,,
,,,,,,,,,,
,,,,,,,,,,
,,,,,,,,,,
,,,,,,,,,,
,,,,,,,,,,
,,,,,,,,,,
,,,,,,,,,,
,,,,,,,,,,
,,,,,,,,,,
,,,,,,,,,,
,,,,,,,,,,
,,,,,,,,,,
,,,,,,,,,,
,,,,,,,,,,
,,,,,,,,,,
,,,,,,,,,,
,,,,,,,,,,
,,,,,,,,,,
,,,,,,,,,,
,,,,,,,,,,
,,,,,,,,,,
,,,,,,,,,,
,,,,,,,,,,
,,,,,,,,,,
,,,,,,,,,,
,,,,,,,,,,
,,,,,,,,,,
,,,,,,,,,,
,,,,,,,,,,
,,,,,,,,,,
,,,,,,,,,,
,,,,,,,,,,
,,,,,,,,,,
,,,,,,,,,,
,,,,,,,,,,
,,,,,,,,,,
,,,,,,,,,,
,,,,,,,,,,
,,,,,,,,,,
,,,,,,,,,,
,,,,,,,,,,
,,,,,,,,,,
,,,,,,,,,,
,,,,,,,,,,
,,,,,,,,,,
,,,,,,,,,,
,,,,,,,,,,
,,,,,,,,,,
,,,,,,,,,,
,,,,,,,,,,
,,,,,,,,,,
,,,,,,,,,,
,,,,,,,,,,
,,,,,,,,,,
,,,,,,,,,,
,,,,,,,,,,
,,,,,,,,,,
,,,,,,,,,,
,,,,,,,,,,
,,,,,,,,,,
,,,,,,,,,,
,,,,,,,,,,
,,,,,,,,,,
,,,,,,,,,,
,,,,,,,,,,
,,,,,,,,,,
,,,,,,,,,,
,,,,,,,,,,
,,,,,,,,,,
,,,,,,,,,,
,,,,,,,,,,
,,,,,,,,,,
,,,,,,,,,,
,,,,,,,,,,
,,,,,,,,,,
,,,,,,,,,,
,,,,,,,,,,
,,,,,,,,,,
,,,,,,,,,,
,,,,,,,,,,
,,,,,,,,,,
,,,,,,,,,,
,,,,,,,,,,
,,,,,,,,,,
,,,,,,,,,,
,,,,,,,,,,
,,,,,,,,,,
,,,,,,,,,,
,,,,,,,,,,
,,,,,,,,,,
,,,,,,,,,,
,,,,,,,,,,
,,,,,,,,,,
,,,,,,,,,,
,,,,,,,,,,
,,,,,,,,,,
,,,,,,,,,,
,,,,,,,,,,
,,,,,,,,,,
,,,,,,,,,,
,,,,,,,,,,
,,,,,,,,,,
,,,,,,,,,,
,,,,,,,,,,
,,,,,,,,,,
,,,,,,,,,,
,,,,,,,,,,
,,,,,,,,,,
,,,,,,,,,,
,,,,,,,,,,
,,,,,,,,,,
,,,,,,,,,,
,,,,,,,,,,
,,,,,,,,,,
,,,,,,,,,,
,,,,,,,,,,
,,,,,,,,,,
,,,,,,,,,,
,,,,,,,,,,
,,,,,,,,,,
,,,,,,,,,,
,,,,,,,,,,
,,,,,,,,,,
,,,,,,,,,,
,,,,,,,,,,
,,,,,,,,,,
,,,,,,,,,,
,,,,,,,,,,
,,,,,,,,,,
,,,,,,,,,,
,,,,,,,,,,
,,,,,,,,,,
,,,,,,,,,,
,,,,,,,,,,
,,,,,,,,,,
,,,,,,,,,,
,,,,,,,,,,
,,,,,,,,,,
,,,,,,,,,,
,,,,,,,,,,
,,,,,,,,,,
,,,,,,,,,,
,,,,,,,,,,
,,,,,,,,,,
,,,,,,,,,,
,,,,,,,,,,
,,,,,,,,,,
,,,,,,,,,,
,,,,,,,,,,
,,,,,,,,,,
,,,,,,,,,,
,,,,,,,,,,
,,,,,,,,,,
,,,,,,,,,,
,,,,,,,,,,
,,,,,,,,,,
,,,,,,,,,,
,,,,,,,,,,
,,,,,,,,,,
,,,,,,,,,,
,,,,,,,,,,
,,,,,,,,,,
,,,,,,,,,,
,,,,,,,,,,
,,,,,,,,,,
,,,,,,,,,,
,,,,,,,,,,
,,,,,,,,,,
,,,,,,,,,,
,,,,,,,,,,
,,,,,,,,,,
,,,,,,,,,,
,,,,,,,,,,
,,,,,,,,,,
,,,,,,,,,,
,,,,,,,,,,
,,,,,,,,,,
,,,,,,,,,,
,,,,,,,,,,
,,,,,,,,,,
,,,,,,,,,,
,,,,,,,,,,
,,,,,,,,,,
,,,,,,,,,,
,,,,,,,,,,
,,,,,,,,,,
,,,,,,,,,,
,,,,,,,,,,
,,,,,,,,,,
,,,,,,,,,,
,,,,,,,,,,
,,,,,,,,,,
,,,,,,,,,,
,,,,,,,,,,
,,,,,,,,,,
,,,,,,,,,,
,,,,,,,,,,
,,,,,,,,,,
,,,,,,,,,,
,,,,,,,,,,
,,,,,,,,,,
,,,,,,,,,,
,,,,,,,,,,
,,,,,,,,,,
,,,,,,,,,,
,,,,,,,,,,
,,,,,,,,,,
,,,,,,,,,,
,,,,,,,,,,
,,,,,,,,,,
,,,,,,,,,,
,,,,,,,,,,
,,,,,,,,,,
,,,,,,,,,,
,,,,,,,,,,
,,,,,,,,,,
,,,,,,,,,,
,,,,,,,,,,
,,,,,,,,,,
,,,,,,,,,,
,,,,,,,,,,
,,,,,,,,,,
,,,,,,,,,,
,,,,,,,,,,
,,,,,,,,,,
,,,,,,,,,,
,,,,,,,,,,
,,,,,,,,,,
,,,,,,,,,,
,,,,,,,,,,
,,,,,,,,,,
,,,,,,,,,,
,,,,,,,,,,
,,,,,,,,,,
,,,,,,,,,,
,,,,,,,,,,
,,,,,,,,,,
,,,,,,,,,,
,,,,,,,,,,
,,,,,,,,,,
,,,,,,,,,,
,,,,,,,,,,
,,,,,,,,,,
,,,,,,,,,,
,,,,,,,,,,
,,,,,,,,,,
,,,,,,,,,,
,,,,,,,,,,
,,,,,,,,,,
,,,,,,,,,,
,,,,,,,,,,
,,,,,,,,,,
,,,,,,,,,,
,,,,,,,,,,
,,,,,,,,,,
,,,,,,,,,,
,,,,,,,,,,
,,,,,,,,,,
,,,,,,,,,,
,,,,,,,,,,
,,,,,,,,,,
,,,,,,,,,,
,,,,,,,,,,
,,,,,,,,,,
,,,,,,,,,,
,,,,,,,,,,
,,,,,,,,,,
,,,,,,,,,,
,,,,,,,,,,
,,,,,,,,,,
,,,,,,,,,,
,,,,,,,,,,
,,,,,,,,,,
,,,,,,,,,,
,,,,,,,,,,
,,,,,,,,,,
,,,,,,,,,,
,,,,,,,,,,
,,,,,,,,,,
,,,,,,,,,,
,,,,,,,,,,
,,,,,,,,,,
,,,,,,,,,,
,,,,,,,,,,
,,,,,,,,,,
,,,,,,,,,,
,,,,,,,,,,
,,,,,,,,,,
,,,,,,,,,,
,,,,,,,,,,
,,,,,,,,,,
,,,,,,,,,,
,,,,,,,,,,
,,,,,,,,,,
,,,,,,,,,,
,,,,,,,,,,
,,,,,,,,,,
,,,,,,,,,,
,,,,,,,,,,
,,,,,,,,,,
,,,,,,,,,,
,,,,,,,,,,
,,,,,,,,,,
,,,,,,,,,,
,,,,,,,,,,
,,,,,,,,,,
,,,,,,,,,,
,,,,,,,,,,
,,,,,,,,,,
,,,,,,,,,,
,,,,,,,,,,
,,,,,,,,,,
,,,,,,,,,,
,,,,,,,,,,
,,,,,,,,,,
,,,,,,,,,,
,,,,,,,,,,
,,,,,,,,,,
,,,,,,,,,,
,,,,,,,,,,
,,,,,,,,,,
,,,,,,,,,,
,,,,,,,,,,
,,,,,,,,,,
,,,,,,,,,,
,,,,,,,,,,
,,,,,,,,,,
,,,,,,,,,,
,,,,,,,,,,
,,,,,,,,,,
,,,,,,,,,,
,,,,,,,,,,
,,,,,,,,,,
,,,,,,,,,,
,,,,,,,,,,
,,,,,,,,,,
,,,,,,,,,,
,,,,,,,,,,
,,,,,,,,,,
,,,,,,,,,,
,,,,,,,,,,
,,,,,,,,,,
,,,,,,,,,,
,,,,,,,,,,
,,,,,,,,,,
,,,,,,,,,,
,,,,,,,,,,
,,,,,,,,,,
,,,,,,,,,,
,,,,,,,,,,
,,,,,,,,,,
,,,,,,,,,,
,,,,,,,,,,
,,,,,,,,,,
,,,,,,,,,,
,,,,,,,,,,
,,,,,,,,,,
,,,,,,,,,,
,,,,,,,,,,
,,,,,,,,,,
,,,,,,,,,,
,,,,,,,,,,
,,,,,,,,,,
,,,,,,,,,,
,,,,,,,,,,
,,,,,,,,,,
,,,,,,,,,,
,,,,,,,,,,
,,,,,,,,,,
,,,,,,,,,,
,,,,,,,,,,
,,,,,,,,,,
,,,,,,,,,,
,,,,,,,,,,
,,,,,,,,,,
,,,,,,,,,,
,,,,,,,,,,
,,,,,,,,,,
,,,,,,,,,,
,,,,,,,,,,
,,,,,,,,,,
,,,,,,,,,,
,,,,,,,,,,
,,,,,,,,,,
,,,,,,,,,,
,,,,,,,,,,
,,,,,,,,,,
,,,,,,,,,,
,,,,,,,,,,
,,,,,,,,,,
,,,,,,,,,,
,,,,,,,,,,
,,,,,,,,,,
,,,,,,,,,,
,,,,,,,,,,
,,,,,,,,,,
,,,,,,,,,,
,,,,,,,,,,
,,,,,,,,,,
,,,,,,,,,,
,,,,,,,,,,
,,,,,,,,,,
,,,,,,,,,,
,,,,,,,,,,
,,,,,,,,,,
,,,,,,,,,,
,,,,,,,,,,
,,,,,,,,,,
,,,,,,,,,,
,,,,,,,,,,
,,,,,,,,,,
,,,,,,,,,,
,,,,,,,,,,
,,,,,,,,,,
,,,,,,,,,,
,,,,,,,,,,
,,,,,,,,,,
,,,,,,,,,,
,,,,,,,,,,
,,,,,,,,,,
,,,,,,,,,,
,,,,,,,,,,
,,,,,,,,,,
,,,,,,,,,,
,,,,,,,,,,
,,,,,,,,,,
,,,,,,,,,,
,,,,,,,,,,
,,,,,,,,,,
,,,,,,,,,,
,,,,,,,,,,
,,,,,,,,,,
,,,,,,,,,,
,,,,,,,,,,
,,,,,,,,,,
,,,,,,,,,,
,,,,,,,,,,
,,,,,,,,,,
,,,,,,,,,,
,,,,,,,,,,
,,,,,,,,,,
,,,,,,,,,,
,,,,,,,,,,
,,,,,,,,,,
,,,,,,,,,,
,,,,,,,,,,
,,,,,,,,,,
,,,,,,,,,,
,,,,,,,,,,
,,,,,,,,,,
,,,,,,,,,,
,,,,,,,,,,
,,,,,,,,,,
,,,,,,,,,,
,,,,,,,,,,
,,,,,,,,,,
,,,,,,,,,,
,,,,,,,,,,
,,,,,,,,,,
,,,,,,,,,,
,,,,,,,,,,
,,,,,,,,,,
,,,,,,,,,,
,,,,,,,,,,
,,,,,,,,,,
,,,,,,,,,,
,,,,,,,,,,
,,,,,,,,,,
,,,,,,,,,,
,,,,,,,,,,
,,,,,,,,,,
,,,,,,,,,,
,,,,,,,,,,
,,,,,,,,,,
,,,,,,,,,,
,,,,,,,,,,
,,,,,,,,,,
,,,,,,,,,,
,,,,,,,,,,
,,,,,,,,,,
,,,,,,,,,,
,,,,,,,,,,
,,,,,,,,,,
,,,,,,,,,,
,,,,,,,,,,
,,,,,,,,,,
,,,,,,,,,,
,,,,,,,,,,
,,,,,,,,,,
,,,,,,,,,,
,,,,,,,,,,
,,,,,,,,,,
,,,,,,,,,,
,,,,,,,,,,
,,,,,,,,,,
,,,,,,,,,,
,,,,,,,,,,
,,,,,,,,,,
,,,,,,,,,,
,,,,,,,,,,
,,,,,,,,,,
,,,,,,,,,,
,,,,,,,,,,
,,,,,,,,,,
,,,,,,,,,,
,,,,,,,,,,
,,,,,,,,,,
,,,,,,,,,,
,,,,,,,,,,
,,,,,,,,,,
,,,,,,,,,,
,,,,,,,,,,
,,,,,,,,,,
,,,,,,,,,,
,,,,,,,,,,
,,,,,,,,,,
,,,,,,,,,,
,,,,,,,,,,
,,,,,,,,,,
,,,,,,,,,,
,,,,,,,,,,
,,,,,,,,,,
,,,,,,,,,,
,,,,,,,,,,
,,,,,,,,,,
,,,,,,,,,,
,,,,,,,,,,
,,,,,,,,,,
,,,,,,,,,,
,,,,,,,,,,
,,,,,,,,,,
,,,,,,,,,,
,,,,,,,,,,
,,,,,,,,,,
,,,,,,,,,,
,,,,,,,,,,
,,,,,,,,,,
,,,,,,,,,,
,,,,,,,,,,
,,,,,,,,,,
,,,,,,,,,,
,,,,,,,,,,
,,,,,,,,,,
,,,,,,,,,,
,,,,,,,,,,
,,,,,,,,,,
,,,,,,,,,,
,,,,,,,,,,
,,,,,,,,,,
,,,,,,,,,,
,,,,,,,,,,
,,,,,,,,,,
,,,,,,,,,,
,,,,,,,,,,
,,,,,,,,,,
,,,,,,,,,,
,,,,,,,,,,
,,,,,,,,,,
,,,,,,,,,,
,,,,,,,,,,
,,,,,,,,,,
,,,,,,,,,,
,,,,,,,,,,
,,,,,,,,,,
,,,,,,,,,,
,,,,,,,,,,
,,,,,,,,,,
,,,,,,,,,,
,,,,,,,,,,
,,,,,,,,,,
,,,,,,,,,,
,,,,,,,,,,
,,,,,,,,,,
,,,,,,,,,,
,,,,,,,,,,
,,,,,,,,,,
,,,,,,,,,,
,,,,,,,,,,
,,,,,,,,,,
,,,,,,,,,,
,,,,,,,,,,
,,,,,,,,,,
,,,,,,,,,,
,,,,,,,,,,
,,,,,,,,,,
,,,,,,,,,,
,,,,,,,,,,
,,,,,,,,,,
,,,,,,,,,,
,,,,,,,,,,
,,,,,,,,,,
,,,,,,,,,,
,,,,,,,,,,
,,,,,,,,,,
,,,,,,,,,,
,,,,,,,,,,
,,,,,,,,,,
,,,,,,,,,,
,,,,,,,,,,
,,,,,,,,,,
,,,,,,,,,,
,,,,,,,,,,
,,,,,,,,,,
,,,,,,,,,,
,,,,,,,,,,
,,,,,,,,,,
,,,,,,,,,,
,,,,,,,,,,
,,,,,,,,,,
,,,,,,,,,,
,,,,,,,,,,
,,,,,,,,,,
,,,,,,,,,,
,,,,,,,,,,
,,,,,,,,,,
,,,,,,,,,,
,,,,,,,,,,
,,,,,,,,,,
,,,,,,,,,,
,,,,,,,,,,
,,,,,,,,,,
,,,,,,,,,,
,,,,,,,,,,
,,,,,,,,,,
,,,,,,,,,,
,,,,,,,,,,
,,,,,,,,,,
,,,,,,,,,,
,,,,,,,,,,
,,,,,,,,,,
,,,,,,,,,,
,,,,,,,,,,
,,,,,,,,,,
,,,,,,,,,,
,,,,,,,,,,
,,,,,,,,,,
,,,,,,,,,,
,,,,,,,,,,
,,,,,,,,,,
,,,,,,,,,,
,,,,,,,,,,
,,,,,,,,,,
,,,,,,,,,,
,,,,,,,,,,
,,,,,,,,,,
,,,,,,,,,,
,,,,,,,,,,
,,,,,,,,,,
,,,,,,,,,,
,,,,,,,,,,
,,,,,,,,,,
,,,,,,,,,,
,,,,,,,,,,
,,,,,,,,,,
,,,,,,,,,,
,,,,,,,,,,
,,,,,,,,,,
,,,,,,,,,,
,,,,,,,,,,
,,,,,,,,,,
,,,,,,,,,,
,,,,,,,,,,
,,,,,,,,,,
,,,,,,,,,,
,,,,,,,,,,
,,,,,,,,,,
,,,,,,,,,,
,,,,,,,,,,
,,,,,,,,,,
,,,,,,,,,,
,,,,,,,,,,
,,,,,,,,,,
,,,,,,,,,,
,,,,,,,,,,
,,,,,,,,,,
,,,,,,,,,,
,,,,,,,,,,
,,,,,,,,,,
,,,,,,,,,,
,,,,,,,,,,
,,,,,,,,,,
,,,,,,,,,,
,,,,,,,,,,
,,,,,,,,,,
,,,,,,,,,,
,,,,,,,,,,
,,,,,,,,,,
,,,,,,,,,,
,,,,,,,,,,
,,,,,,,,,,
,,,,,,,,,,
,,,,,,,,,,
,,,,,,,,,,
,,,,,,,,,,
,,,,,,,,,,
,,,,,,,,,,
,,,,,,,,,,
,,,,,,,,,,
,,,,,,,,,,
,,,,,,,,,,
,,,,,,,,,,
,,,,,,,,,,
,,,,,,,,,,
,,,,,,,,,,
,,,,,,,,,,
,,,,,,,,,,
,,,,,,,,,,
,,,,,,,,,,
,,,,,,,,,,
,,,,,,,,,,
,,,,,,,,,,
,,,,,,,,,,
,,,,,,,,,,
,,,,,,,,,,
,,,,,,,,,,
,,,,,,,,,,
,,,,,,,,,,
,,,,,,,,,,
,,,,,,,,,,
,,,,,,,,,,
,,,,,,,,,,
,,,,,,,,,,
,,,,,,,,,,
,,,,,,,,,,
,,,,,,,,,,
,,,,,,,,,,
,,,,,,,,,,
,,,,,,,,,,
,,,,,,,,,,
,,,,,,,,,,
,,,,,,,,,,
,,,,,,,,,,
,,,,,,,,,,
,,,,,,,,,,
,,,,,,,,,,
,,,,,,,,,,
,,,,,,,,,,
,,,,,,,,,,
,,,,,,,,,,
,,,,,,,,,,
,,,,,,,,,,
,,,,,,,,,,
,,,,,,,,,,
,,,,,,,,,,
,,,,,,,,,,
,,,,,,,,,,
,,,,,,,,,,
,,,,,,,,,,
,,,,,,,,,,
,,,,,,,,,,
,,,,,,,,,,
,,,,,,,,,,
,,,,,,,,,,
,,,,,,,,,,
,,,,,,,,,,
,,,,,,,,,,
,,,,,,,,,,
,,,,,,,,,,
,,,,,,,,,,
,,,,,,,,,,
,,,,,,,,,,
,,,,,,,,,,
,,,,,,,,,,
,,,,,,,,,,
,,,,,,,,,,
,,,,,,,,,,
,,,,,,,,,,
,,,,,,,,,,
,,,,,,,,,,
,,,,,,,,,,
,,,,,,,,,,
,,,,,,,,,,
,,,,,,,,,,
,,,,,,,,,,
,,,,,,,,,,
,,,,,,,,,,
,,,,,,,,,,
,,,,,,,,,,
,,,,,,,,,,
,,,,,,,,,,
,,,,,,,,,,
,,,,,,,,,,
,,,,,,,,,,
,,,,,,,,,,
,,,,,,,,,,
,,,,,,,,,,
,,,,,,,,,,
,,,,,,,,,,
,,,,,,,,,,
,,,,,,,,,,
,,,,,,,,,,
,,,,,,,,,,
,,,,,,,,,,
,,,,,,,,,,
,,,,,,,,,,
,,,,,,,,,,
,,,,,,,,,,
,,,,,,,,,,
,,,,,,,,,,
,,,,,,,,,,
,,,,,,,,,,
,,,,,,,,,,
,,,,,,,,,,
,,,,,,,,,,
,,,,,,,,,,
,,,,,,,,,,
,,,,,,,,,,
,,,,,,,,,,
,,,,,,,,,,
,,,,,,,,,,
,,,,,,,,,,
,,,,,,,,,,
,,,,,,,,,,
,,,,,,,,,,
,,,,,,,,,,
,,,,,,,,,,
,,,,,,,,,,
,,,,,,,,,,
,,,,,,,,,,
,,,,,,,,,,
,,,,,,,,,,
,,,,,,,,,,
,,,,,,,,,,
,,,,,,,,,,
,,,,,,,,,,
,,,,,,,,,,
,,,,,,,,,,
,,,,,,,,,,
,,,,,,,,,,
,,,,,,,,,,
,,,,,,,,,,
,,,,,,,,,,
,,,,,,,,,,
,,,,,,,,,,
,,,,,,,,,,
,,,,,,,,,,
,,,,,,,,,,
,,,,,,,,,,
,,,,,,,,,,
,,,,,,,,,,
,,,,,,,,,,
,,,,,,,,,,
,,,,,,,,,,
,,,,,,,,,,
,,,,,,,,,,
,,,,,,,,,,
,,,,,,,,,,
,,,,,,,,,,
,,,,,,,,,,
,,,,,,,,,,
,,,,,,,,,,
,,,,,,,,,,
,,,,,,,,,,
,,,,,,,,,,
,,,,,,,,,,
,,,,,,,,,,
,,,,,,,,,,
,,,,,,,,,,
,,,,,,,,,,
,,,,,,,,,,
,,,,,,,,,,
,,,,,,,,,,
,,,,,,,,,,
,,,,,,,,,,
,,,,,,,,,,
,,,,,,,,,,
,,,,,,,,,,
,,,,,,,,,,
,,,,,,,,,,
,,,,,,,,,,
,,,,,,,,,,
,,,,,,,,,,
,,,,,,,,,,
,,,,,,,,,,
,,,,,,,,,,
,,,,,,,,,,
,,,,,,,,,,
,,,,,,,,,,
,,,,,,,,,,
,,,,,,,,,,
,,,,,,,,,,
,,,,,,,,,,
,,,,,,,,,,
,,,,,,,,,,
,,,,,,,,,,
,,,,,,,,,,
,,,,,,,,,,
,,,,,,,,,,
,,,,,,,,,,
,,,,,,,,,,
,,,,,,,,,,
,,,,,,,,,,
,,,,,,,,,,
,,,,,,,,,,
,,,,,,,,,,
,,,,,,,,,,
,,,,,,,,,,
,,,,,,,,,,
,,,,,,,,,,
,,,,,,,,,,
,,,,,,,,,,
,,,,,,,,,,
,,,,,,,,,,
,,,,,,,,,,
,,,,,,,,,,
,,,,,,,,,,
,,,,,,,,,,
,,,,,,,,,,
,,,,,,,,,,
,,,,,,,,,,
,,,,,,,,,,
,,,,,,,,,,
,,,,,,,,,,
,,,,,,,,,,
,,,,,,,,,,
,,,,,,,,,,
,,,,,,,,,,
,,,,,,,,,,
,,,,,,,,,,
,,,,,,,,,,
,,,,,,,,,,
,,,,,,,,,,
,,,,,,,,,,
,,,,,,,,,,
,,,,,,,,,,
,,,,,,,,,,
,,,,,,,,,,
,,,,,,,,,,
,,,,,,,,,,
,,,,,,,,,,
,,,,,,,,,,
,,,,,,,,,,
,,,,,,,,,,
,,,,,,,,,,
,,,,,,,,,,
,,,,,,,,,,
,,,,,,,,,,
,,,,,,,,,,
,,,,,,,,,,
,,,,,,,,,,
,,,,,,,,,,
,,,,,,,,,,
,,,,,,,,,,
,,,,,,,,,,
,,,,,,,,,,
,,,,,,,,,,
,,,,,,,,,,
,,,,,,,,,,
,,,,,,,,,,
,,,,,,,,,,
,,,,,,,,,,
,,,,,,,,,,
,,,,,,,,,,
,,,,,,,,,,
,,,,,,,,,,
,,,,,,,,,,
,,,,,,,,,,
,,,,,,,,,,
,,,,,,,,,,
,,,,,,,,,,
,,,,,,,,,,
,,,,,,,,,,
,,,,,,,,,,
,,,,,,,,,,
,,,,,,,,,,
,,,,,,,,,,
,,,,,,,,,,
,,,,,,,,,,
,,,,,,,,,,
,,,,,,,,,,
,,,,,,,,,,
,,,,,,,,,,
,,,,,,,,,,
,,,,,,,,,,
,,,,,,,,,,
,,,,,,,,,,
,,,,,,,,,,
,,,,,,,,,,
,,,,,,,,,,
,,,,,,,,,,
,,,,,,,,,,
,,,,,,,,,,
,,,,,,,,,,
,,,,,,,,,,
,,,,,,,,,,
,,,,,,,,,,
,,,,,,,,,,
,,,,,,,,,,
,,,,,,,,,,
,,,,,,,,,,
,,,,,,,,,,
,,,,,,,,,,
,,,,,,,,,,
,,,,,,,,,,
,,,,,,,,,,
,,,,,,,,,,
,,,,,,,,,,
,,,,,,,,,,
,,,,,,,,,,
,,,,,,,,,,
,,,,,,,,,,
,,,,,,,,,,
,,,,,,,,,,
,,,,,,,,,,
,,,,,,,,,,
,,,,,,,,,,
,,,,,,,,,,
,,,,,,,,,,
,,,,,,,,,,
,,,,,,,,,,
,,,,,,,,,,
,,,,,,,,,,
,,,,,,,,,,
,,,,,,,,,,
,,,,,,,,,,
,,,,,,,,,,
,,,,,,,,,,
,,,,,,,,,,
,,,,,,,,,,
,,,,,,,,,,
,,,,,,,,,,
,,,,,,,,,,
,,,,,,,,,,
,,,,,,,,,,
,,,,,,,,,,
,,,,,,,,,,
,,,,,,,,,,
,,,,,,,,,,
,,,,,,,,,,
,,,,,,,,,,
,,,,,,,,,,
,,,,,,,,,,
,,,,,,,,,,
,,,,,,,,,,
,,,,,,,,,,
,,,,,,,,,,
,,,,,,,,,,
,,,,,,,,,,
,,,,,,,,,,
,,,,,,,,,,
,,,,,,,,,,
,,,,,,,,,,
,,,,,,,,,,
,,,,,,,,,,
,,,,,,,,,,
,,,,,,,,,,
,,,,,,,,,,
,,,,,,,,,,
,,,,,,,,,,
,,,,,,,,,,
,,,,,,,,,,
,,,,,,,,,,
,,,,,,,,,,
,,,,,,,,,,
,,,,,,,,,,
,,,,,,,,,,
,,,,,,,,,,
,,,,,,,,,,
,,,,,,,,,,
,,,,,,,,,,
,,,,,,,,,,
,,,,,,,,,,
,,,,,,,,,,
,,,,,,,,,,
,,,,,,,,,,
,,,,,,,,,,
,,,,,,,,,,
,,,,,,,,,,
,,,,,,,,,,
,,,,,,,,,,
,,,,,,,,,,
,,,,,,,,,,
,,,,,,,,,,
,,,,,,,,,,
,,,,,,,,,,
,,,,,,,,,,
,,,,,,,,,,
,,,,,,,,,,
,,,,,,,,,,
,,,,,,,,,,
,,,,,,,,,,
,,,,,,,,,,
,,,,,,,,,,
,,,,,,,,,,
,,,,,,,,,,
,,,,,,,,,,
,,,,,,,,,,
,,,,,,,,,,
,,,,,,,,,,
,,,,,,,,,,
,,,,,,,,,,
,,,,,,,,,,
,,,,,,,,,,
,,,,,,,,,,
,,,,,,,,,,
,,,,,,,,,,
,,,,,,,,,,
,,,,,,,,,,
,,,,,,,,,,
,,,,,,,,,,
,,,,,,,,,,
,,,,,,,,,,
,,,,,,,,,,
,,,,,,,,,,
,,,,,,,,,,
,,,,,,,,,,
,,,,,,,,,,
,,,,,,,,,,
,,,,,,,,,,
,,,,,,,,,,
,,,,,,,,,,
,,,,,,,,,,
,,,,,,,,,,
,,,,,,,,,,
,,,,,,,,,,
,,,,,,,,,,
,,,,,,,,,,
,,,,,,,,,,
,,,,,,,,,,
,,,,,,,,,,
,,,,,,,,,,
,,,,,,,,,,
,,,,,,,,,,
,,,,,,,,,,
,,,,,,,,,,
,,,,,,,,,,
,,,,,,,,,,
,,,,,,,,,,
,,,,,,,,,,
,,,,,,,,,,
,,,,,,,,,,
,,,,,,,,,,
,,,,,,,,,,
,,,,,,,,,,
,,,,,,,,,,
,,,,,,,,,,
,,,,,,,,,,
,,,,,,,,,,
,,,,,,,,,,
,,,,,,,,,,
,,,,,,,,,,
,,,,,,,,,,
,,,,,,,,,,
,,,,,,,,,,
,,,,,,,,,,
,,,,,,,,,,
,,,,,,,,,,
,,,,,,,,,,
,,,,,,,,,,
,,,,,,,,,,
,,,,,,,,,,
,,,,,,,,,,
,,,,,,,,,,
,,,,,,,,,,
,,,,,,,,,,
,,,,,,,,,,
,,,,,,,,,,
,,,,,,,,,,
,,,,,,,,,,
,,,,,,,,,,
,,,,,,,,,,
,,,,,,,,,,
,,,,,,,,,,
,,,,,,,,,,
,,,,,,,,,,
,,,,,,,,,,
,,,,,,,,,,
,,,,,,,,,,
,,,,,,,,,,
,,,,,,,,,,
,,,,,,,,,,
,,,,,,,,,,
,,,,,,,,,,
,,,,,,,,,,
,,,,,,,,,,
,,,,,,,,,,
,,,,,,,,,,
,,,,,,,,,,
,,,,,,,,,,
,,,,,,,,,,
,,,,,,,,,,
,,,,,,,,,,
,,,,,,,,,,
,,,,,,,,,,
,,,,,,,,,,
,,,,,,,,,,
,,,,,,,,,,
,,,,,,,,,,
,,,,,,,,,,
,,,,,,,,,,
,,,,,,,,,,
,,,,,,,,,,
,,,,,,,,,,
,,,,,,,,,,
,,,,,,,,,,
,,,,,,,,,,
,,,,,,,,,,
,,,,,,,,,,
,,,,,,,,,,
,,,,,,,,,,
,,,,,,,,,,
,,,,,,,,,,
,,,,,,,,,,
,,,,,,,,,,
,,,,,,,,,,
,,,,,,,,,,
,,,,,,,,,,
,,,,,,,,,,
,,,,,,,,,,
,,,,,,,,,,
,,,,,,,,,,
,,,,,,,,,,
,,,,,,,,,,
,,,,,,,,,,
,,,,,,,,,,
,,,,,,,,,,
,,,,,,,,,,
,,,,,,,,,,
,,,,,,,,,,
,,,,,,,,,,
,,,,,,,,,,
,,,,,,,,,,
,,,,,,,,,,
,,,,,,,,,,
,,,,,,,,,,
,,,,,,,,,,
,,,,,,,,,,
,,,,,,,,,,
,,,,,,,,,,
,,,,,,,,,,
,,,,,,,,,,
,,,,,,,,,,
,,,,,,,,,,
,,,,,,,,,,
,,,,,,,,,,
,,,,,,,,,,
,,,,,,,,,,
,,,,,,,,,,
,,,,,,,,,,
,,,,,,,,,,
,,,,,,,,,,
,,,,,,,,,,
,,,,,,,,,,
,,,,,,,,,,
,,,,,,,,,,
,,,,,,,,,,
,,,,,,,,,,
,,,,,,,,,,
,,,,,,,,,,
,,,,,,,,,,
,,,,,,,,,,
,,,,,,,,,,
,,,,,,,,,,
,,,,,,,,,,
,,,,,,,,,,
,,,,,,,,,,
,,,,,,,,,,
,,,,,,,,,,
,,,,,,,,,,
,,,,,,,,,,
,,,,,,,,,,
,,,,,,,,,,
,,,,,,,,,,
,,,,,,,,,,
,,,,,,,,,,
,,,,,,,,,,
,,,,,,,,,,
,,,,,,,,,,
,,,,,,,,,,
,,,,,,,,,,
,,,,,,,,,,
,,,,,,,,,,
,,,,,,,,,,
,,,,,,,,,,
,,,,,,,,,,
,,,,,,,,,,
,,,,,,,,,,
,,,,,,,,,,
,,,,,,,,,,
,,,,,,,,,,
,,,,,,,,,,
,,,,,,,,,,
,,,,,,,,,,
,,,,,,,,,,
,,,,,,,,,,
,,,,,,,,,,
,,,,,,,,,,
,,,,,,,,,,
,,,,,,,,,,
,,,,,,,,,,
,,,,,,,,,,
,,,,,,,,,,
,,,,,,,,,,
,,,,,,,,,,
,,,,,,,,,,
,,,,,,,,,,
,,,,,,,,,,
,,,,,,,,,,
,,,,,,,,,,
,,,,,,,,,,
,,,,,,,,,,
,,,,,,,,,,
,,,,,,,,,,
,,,,,,,,,,
,,,,,,,,,,
,,,,,,,,,,
,,,,,,,,,,
,,,,,,,,,,
,,,,,,,,,,
,,,,,,,,,,
,,,,,,,,,,
,,,,,,,,,,
,,,,,,,,,,
,,,,,,,,,,
,,,,,,,,,,
,,,,,,,,,,
,,,,,,,,,,
,,,,,,,,,,
,,,,,,,,,,
,,,,,,,,,,
,,,,,,,,,,
,,,,,,,,,,
,,,,,,,,,,
,,,,,,,,,,
,,,,,,,,,,
,,,,,,,,,,
,,,,,,,,,,
,,,,,,,,,,
,,,,,,,,,,
,,,,,,,,,,
,,,,,,,,,,
,,,,,,,,,,
,,,,,,,,,,
,,,,,,,,,,
,,,,,,,,,,
,,,,,,,,,,
,,,,,,,,,,
,,,,,,,,,,
,,,,,,,,,,
,,,,,,,,,,
,,,,,,,,,,
,,,,,,,,,,
,,,,,,,,,,
,,,,,,,,,,
,,,,,,,,,,