year,month,Country,BC,SOX,CO2,NOx,PM2.5,PM10,NMVOC,N2O,CO,CH4
2009,1,Cook Islands,0.62,120.48,7746.41,432.69,19.41,21.09,16.32,0.81,7.86,0.26
2009,1,Fiji,0.85,144.33,9519.95,480.14,22.69,24.66,18.89,0.96,9.36,0.31
2009,1,Kiribati,1.19,168.37,12409.32,667.41,27.89,30.32,25.88,1.29,12.29,0.42
2009,1,Marshall Islands,0.96,117.6,8676.66,463.44,19.37,21.05,17.89,0.9,8.58,0.29
2009,1,Micronesia,5.96,1266.65,81631.29,4704.5,205.33,223.18,176.1,8.65,83.2,2.82
2009,1,Nauru,0.05,6.09,528.61,28.29,1.06,1.15,1.12,0.05,0.51,0.02
2009,1,Niue,0.12,24.82,1543.01,85.91,3.94,4.28,3.24,0.16,1.55,0.05
2009,1,Palau,1.1,261.05,17331.44,947.27,42.03,45.68,36.01,1.79,17.26,1.32
2009,1,Papua New Guinea,13.23,3037.95,193852.87,11165.23,490.21,532.83,417.91,20.5,197.44,6.69
2009,1,Samoa,0.08,19.37,1248.24,71.59,3.15,3.43,2.71,0.13,1.28,0.04
2009,1,Solomon Islands,1.12,140.51,10397.74,535.87,22.96,24.96,21.3,1.07,10.12,0.35
2009,1,Tokelau,0.04,9.91,637.38,35.64,1.6,1.74,1.35,0.07,0.65,0.02
2009,1,Tonga,0.19,22.7,1810.97,91.37,3.76,4.09,3.66,0.18,1.76,0.06
2009,1,Tuvalu,0.04,8.23,594.75,31.63,1.38,1.5,1.26,0.06,0.59,0.02
2009,1,Vanuatu,0.94,129.8,8154.17,346.41,19.09,20.75,14.12,0.77,7.72,0.24
2009,2,Cook Islands,0.89,102.62,6450.92,358.49,16.35,17.77,13.55,0.68,6.47,0.22
2009,2,Fiji,0.9,139.56,8676.76,403.26,21.11,22.94,16.04,0.86,8.4,0.27
2009,2,Kiribati,0.75,133.67,8969.18,497.03,21.69,23.57,18.95,0.94,8.95,0.31
2009,2,Marshall Islands,0.43,67.74,4513.65,245.58,10.82,11.76,9.43,0.47,4.49,0.15
2009,2,Micronesia,4.15,1042.22,65046.33,3773.66,166.94,181.45,140.43,6.89,66.25,2.24
2009,2,Nauru,0.04,6.48,528.58,28.13,1.06,1.15,1.08,0.05,0.5,0.02
2009,2,Niue,0.12,25.03,1561.4,83.03,3.99,4.34,3.25,0.17,1.58,0.05
2009,2,Palau,1.16,229.87,14218.21,813.09,36.57,39.75,30.32,1.49,14.47,0.49
2009,2,Papua New Guinea,13.82,2747.58,171241.05,9801.1,439.5,477.72,366.67,18.09,174.44,5.88
2009,2,Samoa,0.12,13.31,815.42,36.58,1.99,2.16,1.48,0.08,0.79,0.03
2009,2,Solomon Islands,1.07,167.89,11181.87,604,26.77,29.1,23.36,1.16,11.12,0.38
2009,2,Tokelau,0.22,24.8,1532.08,67.07,3.82,4.15,2.87,0.16,1.52,0.05
2009,2,Tonga,0.86,118.87,7580.12,303.47,18.02,19.58,13.84,0.74,7.36,0.24
2009,2,Tuvalu,0.4,12.64,918.87,47.05,2.04,2.22,1.84,0.09,0.87,0.03
2009,2,Vanuatu,0.57,84.79,5275.72,240.83,12.65,13.75,9.67,0.52,5.06,0.16
2009,3,Cook Islands,0.56,142.8,9013.74,509.38,22.88,24.87,19.09,0.95,9.17,0.31
2009,3,Fiji,0.97,157.27,10493.91,508.54,24.46,26.58,19.97,1.05,10.17,0.33
2009,3,Kiribati,1.48,136.69,11315.91,596.47,23.46,25.5,23.43,1.16,11.11,0.38
2009,3,Marshall Islands,0.48,72.42,5701.54,305.32,12.16,13.22,11.78,0.59,5.57,0.19
2009,3,Micronesia,6.21,1320.94,84351.68,4779.65,212.96,231.48,180.89,8.9,85.75,2.9
2009,3,Nauru,0.24,11.36,947.72,50.37,1.95,2.12,1.96,0.1,0.92,0.03
2009,3,Niue,0.11,26.68,1655.39,92.9,4.26,4.63,3.49,0.17,1.68,0.06
2009,3,Palau,1.13,284.59,17985.47,1031.13,45.81,49.79,38.55,1.9,18.37,0.62
2009,3,Papua New Guinea,14.72,3301.35,208471.47,11994.89,532.04,578.3,449.68,22.07,213.08,7.2
2009,3,Samoa,0.15,19.27,1310.52,62.83,3.06,3.33,2.58,0.13,1.29,0.04
2009,3,Solomon Islands,1.43,192.46,14140.14,754.49,31.98,34.76,29.8,1.47,14.17,0.48
2009,3,Tokelau,0.09,18.67,1176.34,60.13,2.88,3.13,2.3,0.12,1.15,0.04
2009,3,Tonga,0.24,49.81,3247.69,156.91,7.72,8.39,6.18,0.33,3.16,0.1
2009,3,Tuvalu,0.2,20.24,1515.05,77.83,3.29,3.58,3.09,0.15,1.44,0.05
2009,3,Vanuatu,0.48,85.07,5467.6,267.58,13.14,14.29,10.53,0.55,5.37,0.17
2009,4,Cook Islands,0.68,116.29,7292.11,377.73,17.09,18.58,14.64,0.75,7.1,0.24
2009,4,Fiji,0.77,99.1,6809.12,344.76,15.81,17.18,13.68,0.69,6.67,0.22
2009,4,Kiribati,1.11,166.12,11618.16,553.3,22.18,24.11,21.37,1.14,10.15,0.35
2009,4,Marshall Islands,0.58,80.73,5821.84,307.92,13.23,14.38,12.05,0.6,5.76,0.2
2009,4,Micronesia,4.99,1138.15,74058.99,4262.12,184.79,200.86,159.9,7.84,75.2,2.56
2009,4,Nauru,0.08,6.37,753.73,36.35,1.21,1.32,1.49,0.08,0.71,0.02
2009,4,Niue,0.07,16.65,1050.44,56.08,2.64,2.87,2.14,0.11,1.06,0.03
2009,4,Palau,1.41,279.78,17471.69,987.49,44.71,48.59,37.26,1.84,17.8,0.6
2009,4,Papua New Guinea,13.41,3089.68,194184.58,11250.24,498.72,542.09,420.61,20.63,199.01,6.72
2009,4,Samoa,0.13,8.17,598.92,30.44,1.34,1.45,1.21,0.06,0.59,0.02
2009,4,Solomon Islands,1.26,184.66,13416.64,720.43,30.6,33.27,28.32,1.4,13.44,0.46
2009,4,Tokelau,0.01,1.42,96.33,5.58,0.24,0.26,0.21,0.01,0.1,0
2009,4,Tonga,0.13,25.11,1736.05,88.98,4.08,4.44,3.53,0.18,1.74,0.06
2009,4,Tuvalu,0.13,1.17,568.43,23.47,0.44,0.48,1.1,0.05,0.48,0.02
2009,4,Vanuatu,0.99,123.63,7858.59,356.42,18.5,20.11,14.22,0.76,7.58,0.24
2009,5,Cook Islands,0.39,97.22,6114.35,342.47,15.56,16.92,12.83,0.64,6.24,0.21
2009,5,Fiji,0.94,137.7,9051.98,463.4,21.8,23.69,18.54,0.93,8.93,0.3
2009,5,Kiribati,0.94,86.43,7484.2,385.4,15.2,16.52,15.55,0.78,7.38,0.26
2009,5,Marshall Islands,0.36,60.43,4270.58,235.44,10.02,10.89,9.06,0.45,4.31,0.15
2009,5,Micronesia,4.4,1125.47,71185.35,4138.86,182.47,198.34,155.15,7.6,73.06,2.48
2009,5,Nauru,0.14,12.16,1047.65,48.72,2.08,2.26,2.13,0.11,1,0.04
2009,5,Niue,0.1,24.19,1574.03,86.47,3.89,4.23,3.27,0.16,1.6,0.05
2009,5,Palau,1.22,278.43,17436.02,996.54,44.76,48.65,37.32,1.84,17.77,0.6
2009,5,Papua New Guinea,14.88,3135.37,195549.24,11338.72,504.85,548.75,423.92,20.78,200.58,6.77
2009,5,Samoa,0.06,11.84,751.4,38.95,1.88,2.05,1.59,0.08,0.76,0.03
2009,5,Solomon Islands,1.22,198.36,14060.1,755.72,32.74,35.59,29.83,1.47,14.17,0.48
2009,5,Tokelau,0.02,4.69,307.37,17.23,0.79,0.86,0.68,0.03,0.32,0.01
2009,5,Tonga,0.24,48.46,3164.71,165.05,7.66,8.33,6.45,0.32,3.15,0.1
2009,5,Tuvalu,0.08,5.28,677.93,32.33,1.01,1.09,1.36,0.07,0.61,0.02
2009,5,Vanuatu,0.71,101.6,6618.85,306.52,15.48,16.82,12.29,0.65,6.4,0.21
2009,6,Cook Islands,0.75,135.02,8602.73,439.22,21.2,23.05,17.1,0.88,8.63,0.28
2009,6,Fiji,1.06,124.27,8342.39,399.91,19.37,21.06,16,0.83,8.08,0.27
2009,6,Kiribati,1.33,127.2,10520.15,544.02,21.56,23.43,21.5,1.07,10.26,0.35
2009,6,Marshall Islands,0.5,56.03,4214.88,211.42,9.3,10.11,8.63,0.44,4.15,0.14
2009,6,Micronesia,5.85,1310.7,83038.8,4814.18,212.56,231.04,180.73,8.86,85.12,2.89
2009,6,Nauru,0.09,7.53,720.96,33.65,1.27,1.38,1.38,0.07,0.65,0.02
2009,6,Niue,0.15,36.8,2331.58,119.45,5.78,6.28,4.61,0.24,2.33,0.08
2009,6,Palau,1.48,324.89,20206.71,1146.66,51.97,56.49,43.35,2.13,20.63,0.7
2009,6,Papua New Guinea,16.54,3418.95,212611.24,12408.42,550.29,598.14,461.79,22.6,218.13,7.37
2009,6,Samoa,0.3,20.26,1292.76,58.72,3.05,3.32,2.44,0.13,1.26,0.04
2009,6,Solomon Islands,1.16,179.22,12782.11,686.79,29.79,32.38,27.38,1.34,12.93,0.44
2009,6,Tokelau,0.02,4.35,285.44,16.58,0.72,0.78,0.62,0.03,0.3,0.01
2009,6,Tonga,0.38,60.26,3917.15,195.67,9.42,10.24,7.68,0.39,3.87,0.13
2009,6,Tuvalu,0.53,19.61,2908.27,133.68,4.11,4.46,5.85,0.29,2.74,0.1
2009,6,Vanuatu,0.38,69.95,4839.61,260.23,11.57,12.58,10.21,0.51,4.93,0.17
2009,7,Cook Islands,0.36,90.7,5744.68,319.97,14.52,15.79,12.02,0.6,5.85,0.19
2009,7,Fiji,1.08,110.07,7419.02,386.8,17.53,19.05,15.12,0.76,7.31,0.25
2009,7,Kiribati,1.12,135.06,10885.49,571.34,22.92,24.91,22.5,1.12,10.73,0.37
2009,7,Marshall Islands,0.85,66.13,4893.45,253.74,10.93,11.88,10.07,0.51,4.86,0.16
2009,7,Micronesia,5.98,1271.95,80224.23,4650.56,205.48,223.35,174.31,8.53,82.08,2.79
2009,7,Nauru,0.06,7.34,588.82,27.28,1.17,1.28,1.16,0.06,0.54,0.02
2009,7,Niue,0.08,22.61,1444.35,81.86,3.69,4.01,3.09,0.15,1.49,0.05
2009,7,Palau,1.62,293.5,18604.07,1063.18,47.28,51.39,39.69,1.96,18.79,0.65
2009,7,Papua New Guinea,15.08,3459.98,215706.4,12557,555.94,604.28,467.07,22.88,220.86,7.46
2009,7,Samoa,0.2,15.24,996.52,51.29,2.4,2.61,2.03,0.1,0.99,0.03
2009,7,Solomon Islands,1.09,179.3,12716.04,700.13,29.65,32.23,27.28,1.33,12.86,0.44
2009,7,Tokelau,0.03,7.77,489.23,26.7,1.24,1.35,1.02,0.05,0.49,0.02
2009,7,Tonga,0.74,52.79,3456.58,184,8.39,9.12,7.1,0.36,3.45,0.12
2009,7,Tuvalu,0.36,10.18,2065.18,95.13,2.53,2.75,4.23,0.21,1.97,0.07
2009,7,Vanuatu,0.51,80.04,5148.73,257.82,12.42,13.5,10.12,0.52,5.07,0.17
2009,8,Cook Islands,0.45,110.63,7122.46,398.11,17.91,19.47,15.01,0.75,7.28,0.24
2009,8,Fiji,1.13,132.46,8930.18,425.82,20.53,22.31,16.88,0.89,8.62,0.28
2009,8,Kiribati,1.73,133.44,12807.39,627.9,23.67,25.73,25.92,1.29,12.28,0.43
2009,8,Marshall Islands,0.33,66.92,4454.86,232.61,10.71,11.64,9.25,0.46,4.44,0.15
2009,8,Micronesia,4.7,1220.24,78038.58,4548.53,199,216.3,170.21,8.35,80,2.72
2009,8,Nauru,0.26,19.37,1833.13,89.63,3.4,3.7,3.61,0.18,1.72,0.06
2009,8,Niue,0.1,23.94,1525.2,84.3,3.87,4.21,3.21,0.16,1.56,0.05
2009,8,Palau,1.48,294.2,18731.86,1064.47,47.41,51.53,39.82,1.97,19.01,1.18
2009,8,Papua New Guinea,14.7,3185.05,197930.12,11556.11,512.29,556.83,429.46,21.03,203.14,6.86
2009,8,Samoa,0.04,6.91,471.1,22.38,1.11,1.2,0.93,0.05,0.47,0.02
2009,8,Solomon Islands,1.58,163.05,11459.05,612,26.92,29.27,24.52,1.2,11.61,0.4
2009,8,Tokelau,0.01,2.35,144.19,8.01,0.37,0.41,0.3,0.02,0.15,0
2009,8,Tonga,0.15,27.71,1849.01,94.13,4.4,4.78,3.73,0.19,1.84,0.06
2009,8,Tuvalu,0.13,9.85,1102,49.57,1.85,2.01,2.22,0.11,1.04,0.04
2009,8,Vanuatu,0.59,92.63,5825.85,264.25,13.94,15.15,10.4,0.56,5.64,0.18
2009,9,Cook Islands,0.52,118.99,7486.93,391,18.65,20.27,14.96,0.77,7.48,0.25
2009,9,Fiji,1.19,133.48,8588.33,391.86,20.15,21.9,15.62,0.83,8.23,0.26
2009,9,Kiribati,1.37,147.07,11538.87,562.92,23.99,26.08,22.74,1.16,11.07,0.38
2009,9,Marshall Islands,0.76,60.09,4151.6,200.94,9.55,10.38,8.48,0.43,4.09,0.14
2009,9,Micronesia,4,1017.42,67097.84,3809.52,166.58,181.06,144.77,7.11,67.83,3.43
2009,9,Nauru,0.08,10.01,873.65,45.59,1.71,1.86,1.8,0.09,0.79,0.03
2009,9,Niue,0.09,22.32,1416.92,73.23,3.55,3.85,2.85,0.15,1.43,0.05
2009,9,Palau,1.16,263.5,16807.46,948.44,42.15,45.82,35.43,1.75,16.8,0.94
2009,9,Papua New Guinea,15.01,3146.33,195621.64,11367.57,506.3,550.32,424.42,20.81,200.58,6.78
2009,9,Samoa,0.04,9.66,611.19,32.97,1.52,1.66,1.27,0.06,0.62,0.02
2009,9,Solomon Islands,0.72,154.37,9646.95,535.57,24.71,26.86,20.71,1.02,9.83,0.33
2009,9,Tokelau,0.01,3.34,204.88,11.83,0.54,0.59,0.44,0.02,0.21,0.01
2009,9,Tonga,0.39,66.55,4175.78,194.02,10.08,10.95,7.63,0.41,4.06,0.13
2009,9,Tuvalu,0.28,3.77,1371.8,59.74,1.24,1.35,2.73,0.13,1.25,0.05
2009,9,Vanuatu,0.25,59.18,3741.88,198.47,9.42,10.24,7.92,0.39,3.78,0.13
2009,10,Cook Islands,0.49,109.51,7123.33,379.23,17.66,19.19,14.67,0.75,7.21,0.24
2009,10,Fiji,1.22,142.1,9391.75,450.59,22.32,24.26,18.37,0.95,9.23,0.31
2009,10,Kiribati,1.8,209.68,17790.09,859.73,35.44,38.53,35.29,1.81,17.16,0.59
2009,10,Marshall Islands,0.47,73.22,5209.74,260.03,11.71,12.72,10.49,0.53,5.08,0.17
2009,10,Micronesia,5.65,1305.09,82625.89,4767.78,211.64,230.04,179.64,8.82,84.62,2.87
2009,10,Nauru,0.09,13.03,1007.2,50.55,2.12,2.3,2.02,0.1,0.97,0.03
2009,10,Niue,0.11,25.36,1592.34,84.02,3.99,4.34,3.22,0.16,1.6,0.05
2009,10,Palau,1.54,293.41,18516.3,1046.73,46.39,50.42,39.09,1.94,18.59,0.79
2009,10,Papua New Guinea,15.61,3174.68,198152.38,11487.68,509.97,554.31,428.14,21.01,202.74,6.85
2009,10,Samoa,0.12,11.28,745.78,34.15,1.73,1.89,1.38,0.07,0.72,0.02
2009,10,Solomon Islands,1.11,199.42,12896.38,699.15,32.05,34.84,27.25,1.35,13.07,0.44
2009,10,Tokelau,0.03,7.94,502.96,28.66,1.26,1.37,1.05,0.05,0.51,0.02
2009,10,Tonga,0.35,57.78,3767.34,195.98,9.18,9.98,7.6,0.39,3.76,0.12
2009,10,Tuvalu,0.23,10.63,1619.19,78.23,2.27,2.47,3.3,0.16,1.52,0.06
2009,10,Vanuatu,0.67,94.07,5954.9,269.6,14.05,15.27,10.6,0.57,5.7,0.18
2009,11,Cook Islands,0.56,113.71,7429.05,393.17,18.32,19.91,15.24,0.78,7.52,0.25
2009,11,Fiji,0.96,148.21,9672.02,450.69,22.86,24.84,18.12,0.96,9.38,0.31
2009,11,Kiribati,1.85,178.12,16598.44,793.82,31.35,34.08,33.18,1.69,16.12,0.56
2009,11,Marshall Islands,0.9,75.64,5464.85,277.26,12.27,13.34,11.21,0.56,5.32,0.18
2009,11,Micronesia,4.93,1159.24,74201.43,4291.68,188.13,204.49,160.92,7.9,75.56,2.57
2009,11,Nauru,0.06,11.75,826.88,41.08,1.89,2.06,1.67,0.08,0.82,0.03
2009,11,Niue,0.1,21.6,1363.58,73.5,3.45,3.75,2.85,0.14,1.39,0.05
2009,11,Palau,1.51,272.61,16953.92,975.7,43.64,47.43,36.34,1.79,17.31,0.58
2009,11,Papua New Guinea,15.08,3014.47,189223.66,11015.24,486.43,528.72,409.48,20.1,194.22,6.55
2009,11,Samoa,0.15,12.82,859.09,39.58,2.01,2.19,1.64,0.08,0.87,0.03
2009,11,Solomon Islands,0.87,160.48,10502.6,582.76,26.1,28.37,22.71,1.11,10.74,0.36
2009,11,Tokelau,0.02,5.02,356.17,19.9,0.86,0.93,0.77,0.04,0.37,0.01
2009,11,Tonga,0.29,53.96,3767.77,199.59,8.82,9.58,7.7,0.39,3.78,0.13
2009,11,Tuvalu,0.09,7.61,850.85,40.57,1.43,1.56,1.69,0.09,0.79,0.03
2009,11,Vanuatu,0.39,88.14,5522,282.16,13.82,15.02,11.05,0.57,5.53,0.18
2009,12,Cook Islands,0.46,98.68,6433.63,361.72,16.01,17.4,13.58,0.68,6.55,0.22
2009,12,Fiji,0.63,91.69,6318.52,331.6,14.9,16.2,13.15,0.66,6.27,0.21
2009,12,Kiribati,1.93,149.93,14733.34,735.45,26.72,29.04,30.29,1.49,14.22,0.5
2009,12,Marshall Islands,0.99,93.76,6986.21,356.93,15.6,16.96,14.41,0.72,6.96,0.24
2009,12,Micronesia,5.44,1405.19,88458.21,5150.85,227.99,247.82,193.26,9.45,90.82,3.08
2009,12,Nauru,0.06,10.2,737.02,38.51,1.66,1.81,1.5,0.08,0.73,0.02
2009,12,Niue,0.08,20.37,1299.68,74.01,3.33,3.61,2.78,0.14,1.34,0.04
2009,12,Palau,1.51,293.41,18162.87,1038.66,47.21,51.31,39.29,1.93,18.67,0.63
2009,12,Papua New Guinea,16.39,3546.65,222194.67,12979.32,573.16,623,483.47,23.68,228.23,7.72
2009,12,Samoa,0.05,11.99,751.77,41.82,1.92,2.08,1.59,0.08,0.77,0.03
2009,12,Solomon Islands,1.35,184.36,13558.71,732.37,30.71,33.38,28.83,1.42,13.56,0.47
2009,12,Tokelau,0.04,9.16,609.75,35.33,1.52,1.65,1.32,0.07,0.63,0.02
2009,12,Tonga,0.13,29.06,1951.78,104.58,4.7,5.11,4.06,0.2,1.96,0.07
2009,12,Tuvalu,0.09,11.87,952.57,49.56,2.02,2.2,2,0.1,0.9,0.03
2009,12,Vanuatu,0.8,107.43,6864.35,311.5,16.18,17.59,12.33,0.66,6.66,0.21
2010,1,Cook Islands,0.71,120.85,7567.31,410.85,18.99,20.64,15.66,0.79,7.57,0.25
2010,1,Fiji,1.18,153.49,9921.41,479.79,24.14,26.24,20.39,1,9.97,0.34
2010,1,Kiribati,2.41,190.94,17063.81,850.33,33.01,35.88,35,1.73,16.64,0.58
2010,1,Marshall Islands,0.78,97.16,6721.17,353.87,15.7,17.07,13.99,0.7,6.7,0.23
2010,1,Micronesia,5.01,1136.59,72427.57,4186.88,184.27,200.29,157.11,7.71,74.08,2.51
2010,1,Nauru,0.09,5.08,471.58,22.17,0.88,0.95,0.97,0.05,0.4,0.02
2010,1,Niue,0.1,21.97,1409.39,82,3.59,3.91,3.06,0.15,1.46,0.05
2010,1,Palau,1.14,227.17,14192,814.82,36.37,39.53,30.44,1.5,14.48,0.49
2010,1,Papua New Guinea,15.94,3051.55,189977.79,11048.29,490.81,533.49,411.57,20.18,194.76,6.58
2010,1,Samoa,0.08,12.85,823.63,43.74,2.04,2.21,1.74,0.09,0.83,0.03
2010,1,Solomon Islands,1.21,159.03,11325.66,610.97,26.23,28.51,24.13,1.19,11.25,0.39
2010,1,Tokelau,0.05,14.33,904.82,52.31,2.27,2.46,1.92,0.09,0.89,0.03
2010,1,Tonga,0.28,47.42,3195.34,162.59,7.58,8.24,6.47,0.33,3.18,0.11
2010,1,Tuvalu,0.08,16.14,1230.53,63.45,2.63,2.86,2.47,0.12,1.17,0.04
2010,1,Vanuatu,1.05,132.99,8422.95,354.16,19.3,20.98,13.96,0.78,7.88,0.24
2010,2,Cook Islands,0.66,141.05,8775.12,473.16,22.37,24.31,18.11,0.92,8.9,0.3
2010,2,Fiji,1.38,181.86,11734.07,565.72,28.27,30.72,22.75,1.19,11.49,0.38
2010,2,Kiribati,2.49,222.57,19875.04,970.78,38.14,41.45,40.05,2,19.24,0.67
2010,2,Marshall Islands,1.3,129.68,9248.35,469.45,20.93,22.74,18.62,0.94,9.14,0.31
2010,2,Micronesia,4.87,1200.72,76053.17,4304.38,192.97,209.75,162.84,8.02,77.35,2.97
2010,2,Nauru,0.25,13.82,1160.19,56.67,2.38,2.59,2.57,0.12,1.15,0.04
2010,2,Niue,0.09,25.01,1606.58,90.07,4.06,4.42,3.4,0.17,1.64,0.05
2010,2,Palau,1.36,258.61,16245.7,906.92,41.25,44.84,34.23,1.7,16.51,0.89
2010,2,Papua New Guinea,14.99,2988.58,187335.29,10744.97,481.03,522.86,403.96,19.87,191.44,6.47
2010,2,Samoa,0.22,30.43,1914.09,78.76,4.49,4.88,3.26,0.18,1.82,0.06
2010,2,Solomon Islands,0.93,163.55,11420.51,623.56,27.1,29.45,24.74,1.21,11.62,0.4
2010,2,Tokelau,0.08,18.99,1176.48,60.84,2.98,3.23,2.36,0.12,1.18,0.04
2010,2,Tonga,0.48,67.35,4295.65,196.91,10.42,11.33,8.12,0.44,4.23,0.14
2010,2,Tuvalu,0.11,9.5,964.55,48.8,1.74,1.89,2.04,0.1,0.91,0.03
2010,2,Vanuatu,0.44,81.85,5188.2,264.98,12.84,13.95,10.34,0.53,5.17,0.17
2010,3,Cook Islands,1.09,170.21,10714.57,554.86,24.85,27.02,20.82,1.08,10.12,0.34
2010,3,Fiji,1.44,190.69,12249.23,578.21,28.07,30.51,23.02,1.21,11.45,0.38
2010,3,Kiribati,2.03,142.85,13546.02,651.97,24.55,26.69,27.14,1.35,12.91,0.45
2010,3,Marshall Islands,0.93,98.06,7452.67,365.06,15.56,16.92,14.46,0.74,7.03,0.95
2010,3,Micronesia,5.26,1209.42,77574.43,4441.3,195.71,212.73,168.07,8.23,79.1,4.13
2010,3,Nauru,0.2,8.92,879.16,44.08,1.68,1.83,2.16,0.09,0.91,0.04
2010,3,Niue,0.14,29.42,1853.69,102.34,4.7,5.11,3.89,0.19,1.88,0.06
2010,3,Palau,1.05,246.14,16372.15,871.04,39.31,42.73,33.67,1.67,16.99,3.78
2010,3,Papua New Guinea,15.88,3058.67,191780.19,11020.07,491.34,534.07,413.74,20.29,195.8,6.62
2010,3,Samoa,0.18,14.63,952.42,46.17,2.29,2.49,1.91,0.1,0.94,0.03
2010,3,Solomon Islands,1.41,248.58,17153.43,910.2,39.66,43.11,35.99,1.78,16.91,0.58
2010,3,Tokelau,0.04,8.14,578.24,30.61,1.29,1.4,1.14,0.06,0.55,0.02
2010,3,Tonga,0.32,48.24,3095.44,147.74,6.81,7.41,5.85,0.3,2.85,0.1
2010,3,Tuvalu,0.26,20.73,1892.88,84.82,3.4,3.69,3.69,0.19,1.76,0.06
2010,3,Vanuatu,0.87,164.77,10299.67,512.76,25.37,27.57,19.94,1.04,10.16,0.33
2010,4,Cook Islands,0.79,161.18,10405.02,545.56,25.26,27.46,20.8,1.06,10.31,0.34
2010,4,Fiji,1.14,155.22,10635.74,516.16,24.36,26.48,20.81,1.07,10.31,0.34
2010,4,Kiribati,2.09,234.77,17561.9,862.02,37.59,40.86,34.42,1.75,16.89,0.57
2010,4,Marshall Islands,0.63,87.95,6379.54,322.9,14.24,15.48,12.98,0.65,6.25,0.39
2010,4,Micronesia,6,1407.89,90846.54,5149.08,227.18,246.94,194.78,9.58,93.43,9.5
2010,4,Nauru,0.21,17.01,1136.27,59.04,2.75,2.99,2.53,0.12,1.16,0.04
2010,4,Niue,0.2,43.49,2840.62,147.56,6.82,7.42,5.62,0.29,2.82,0.09
2010,4,Palau,0.98,246.55,16383.23,894.02,39.57,43.02,35.04,1.72,18.76,7.11
2010,4,Papua New Guinea,16.96,3406.21,213505.15,12295.38,548.79,596.51,462.02,22.67,218.7,7.39
2010,4,Samoa,0.16,19.4,1221.76,51.56,2.83,3.08,2.09,0.11,1.15,0.04
2010,4,Solomon Islands,1.23,249.41,16710.85,885.47,40.06,43.54,35.18,1.74,16.74,0.57
2010,4,Tokelau,0.14,19.04,1206.15,48.9,2.72,2.96,1.94,0.11,1.11,0.03
2010,4,Tonga,0.47,61.11,4244.7,199.43,9.54,10.37,8.01,0.42,4.14,0.13
2010,4,Tuvalu,0.22,15.66,1594.48,76.33,2.81,3.05,3.27,0.16,1.49,0.05
2010,4,Vanuatu,0.85,141.68,8891.74,432.78,21.6,23.47,16.93,0.89,8.67,0.28
2010,5,Cook Islands,0.72,156.96,9909.49,528.01,24.67,26.82,20.31,1.02,9.93,0.33
2010,5,Fiji,1.64,209.1,13533.39,627.3,31.95,34.73,25.49,1.34,13.06,0.43
2010,5,Kiribati,1.39,178.1,14001.6,747.19,30.12,32.74,29.54,1.45,13.91,0.48
2010,5,Marshall Islands,1.1,110.03,8591.38,433.59,18.55,20.17,18.69,0.92,10.92,6.37
2010,5,Micronesia,7.28,1667.93,107801.54,6149.95,271.52,295.13,235.2,11.51,114.66,15.79
2010,5,Nauru,0.34,17.6,1721.27,82.51,3.13,3.4,3.51,0.17,1.64,0.06
2010,5,Niue,0.17,38.99,2455.11,129.69,6.14,6.67,5.01,0.25,2.46,0.08
2010,5,Palau,1.01,259.85,17604.14,958.15,42.26,45.94,38.32,1.87,21.37,10.28
2010,5,Papua New Guinea,17.25,3764.7,235358.5,13583.5,606.27,658.99,510.39,25.01,241.24,8.16
2010,5,Samoa,0.09,16.09,1017.61,49.85,2.51,2.73,2.08,0.1,1.02,0.03
2010,5,Solomon Islands,1.73,267.93,17832.88,955.69,43.34,47.11,37.85,1.86,17.99,0.61
2010,5,Tokelau,0.04,6.4,468.56,24.55,1.06,1.16,0.97,0.05,0.45,0.02
2010,5,Tonga,0.49,66.78,4499.96,207.55,10.39,11.29,8.65,0.45,4.4,0.14
2010,5,Tuvalu,0.49,22.59,2830.74,132.9,4.45,4.83,5.95,0.29,2.75,0.1
2010,5,Vanuatu,0.94,131.14,8113.37,387.93,19.95,21.68,15.26,0.8,7.95,0.25
2010,6,Cook Islands,0.48,108.94,6882.95,375.95,17.44,18.96,14.43,0.72,7.02,0.23
2010,6,Fiji,1.28,147.77,9953.73,498.02,23.49,25.53,20.04,1.02,9.78,0.33
2010,6,Kiribati,1.2,110.61,10369.86,509.77,19.2,20.87,20.98,1.04,9.95,0.35
2010,6,Marshall Islands,0.6,72.35,5244.7,251.51,11.63,12.65,10.85,0.54,6.01,2.44
2010,6,Micronesia,6.08,1509.8,97725.63,5614.92,246.05,267.44,213.27,10.43,102.91,12.33
2010,6,Nauru,0.2,20.36,2185.8,106.49,3.73,4.06,4.4,0.22,2.07,0.07
2010,6,Niue,0.11,29.3,1891.32,102.54,4.73,5.14,3.92,0.2,1.93,0.06
2010,6,Palau,0.99,260.65,17428.53,962.72,42.44,46.14,37.6,1.84,19.93,7.65
2010,6,Papua New Guinea,16.35,3639.33,225337.49,13106.81,583.58,634.32,488.36,23.9,230.88,7.8
2010,6,Samoa,0.05,8.59,539.62,28.83,1.38,1.5,1.16,0.06,0.55,0.02
2010,6,Solomon Islands,1.06,200.5,13476.6,741.8,32.63,35.47,28.91,1.41,13.64,0.47
2010,6,Tokelau,0.02,5.73,371.96,21.12,0.91,0.99,0.79,0.04,0.37,0.01
2010,6,Tonga,0.21,37.29,2599.58,129.62,6.05,6.57,5.21,0.27,2.61,0.09
2010,6,Tuvalu,0.54,11.25,2497.55,109.92,2.72,2.95,5.14,0.24,2.31,0.09
2010,6,Vanuatu,0.59,108.39,6828.74,354.39,17,18.47,13.8,0.7,6.83,0.23
2010,7,Cook Islands,0.62,112.92,7493.41,403.55,18.26,19.85,15.69,0.78,7.64,0.26
2010,7,Fiji,1.34,126.58,8904.79,460.1,20.52,22.3,18.31,0.92,8.92,0.5
2010,7,Kiribati,1.12,146.6,11885.62,601.82,24.68,26.83,24.56,1.21,11.65,0.4
2010,7,Marshall Islands,0.42,78.87,6147.43,296.19,13,14.13,12.61,0.63,7.28,4.32
2010,7,Micronesia,6.75,1589.4,99996.96,5794.23,257.62,280.02,217.96,10.67,104.18,8.42
2010,7,Nauru,0.27,19.4,1986.54,95.44,3.47,3.77,4.03,0.2,1.87,0.07
2010,7,Niue,0.11,27.77,1845.86,97.26,4.44,4.82,3.7,0.19,1.85,0.06
2010,7,Palau,1.08,275.38,17931.28,988.55,44.45,48.31,37.79,1.87,18.7,3.14
2010,7,Papua New Guinea,16.99,3795.33,236099.07,13622.26,608.7,661.64,509.98,25,241.91,9.57
2010,7,Samoa,0.05,5.68,440.02,22.15,0.93,1.01,0.87,0.04,0.42,0.01
2010,7,Solomon Islands,1.09,211.73,14499.17,791.15,34.7,37.72,31.09,1.52,14.67,0.5
2010,7,Tokelau,0.02,4.99,305.95,16.48,0.76,0.83,0.62,0.03,0.3,0.01
2010,7,Tonga,0.31,33.66,2678.97,131.34,5.64,6.13,5.38,0.27,2.67,0.09
2010,7,Tuvalu,0.26,10.54,1447.56,67.69,2.12,2.31,3.04,0.14,1.38,0.05
2010,7,Vanuatu,0.67,113.19,7199.33,350.62,17.35,18.86,13.64,0.71,7.07,0.23
2010,8,Cook Islands,0.57,118.34,7504,388.51,18.65,20.27,15.15,0.77,7.51,0.25
2010,8,Fiji,1.33,124.26,8445.18,418.88,19.72,21.43,16.8,0.86,8.25,0.28
2010,8,Kiribati,1.32,167.07,13243.79,654.64,27.63,30.04,26.65,1.34,12.79,0.44
2010,8,Marshall Islands,0.57,78.06,6128.2,293.37,12.87,13.99,11.83,0.6,5.78,0.95
2010,8,Micronesia,6.77,1636.82,104520.43,5988.18,265.12,288.17,226.64,11.14,108.9,11.03
2010,8,Nauru,0.15,9.3,1308.64,58.73,1.85,2.01,2.58,0.13,1.21,0.04
2010,8,Niue,0.1,23.49,1467.69,79.24,3.72,4.04,3.02,0.15,1.49,0.05
2010,8,Palau,1.43,358.22,23689.31,1289.96,57.23,62.21,50.2,2.49,25.96,8.09
2010,8,Papua New Guinea,17.69,3984.07,247677.99,14334.55,641.91,697.73,537.07,26.35,254.54,8.59
2010,8,Samoa,0.06,6.73,457.56,23.1,1.08,1.17,0.93,0.05,0.45,0.02
2010,8,Solomon Islands,0.97,193.38,12716.58,689.18,31.17,33.88,27,1.33,12.84,0.44
2010,8,Tokelau,0.07,13.03,881.66,47.71,2.1,2.28,1.82,0.09,0.87,0.03
2010,8,Tonga,0.49,57.6,3951.55,178.89,8.96,9.74,7.28,0.39,3.85,0.12
2010,8,Tuvalu,0.33,12.19,1789.1,84.09,2.46,2.68,3.65,0.18,1.61,0.06
2010,8,Vanuatu,0.53,85.13,5440.87,287.18,13.56,14.74,11.19,0.56,5.53,0.18
2010,9,Cook Islands,0.51,115.66,7577.41,407.51,18.32,19.91,15.43,0.77,7.55,0.25
2010,9,Fiji,1.28,126.29,9232.37,457.55,20.37,22.14,18.48,0.95,8.95,0.31
2010,9,Kiribati,1.45,154.25,12604.72,641.42,25.69,27.92,25.94,1.27,12.25,0.43
2010,9,Marshall Islands,0.5,76.09,5277.2,271.88,12.21,13.27,10.75,0.54,5.2,0.18
2010,9,Micronesia,6.55,1621.56,103726.91,5961.71,264.43,287.42,227.16,11.12,109.61,11.53
2010,9,Nauru,0.29,20.95,2589.04,120.91,4,4.35,5.27,0.26,2.42,0.09
2010,9,Niue,0.12,26.94,1746.85,92.7,4.22,4.58,3.49,0.18,1.73,0.06
2010,9,Palau,1.9,350.42,23343.79,1283.21,57.09,62.05,51.45,2.49,28.03,12.57
2010,9,Papua New Guinea,18.68,4148.76,258167.43,14929.3,667.95,726.03,559.99,27.44,265.16,8.95
2010,9,Samoa,0.05,8.53,602.68,30.82,1.34,1.46,1.17,0.06,0.58,0.02
2010,9,Solomon Islands,1.18,233.89,16041.3,863.01,37.91,41.21,33.75,1.67,16.02,0.55
2010,9,Tokelau,0.04,5.66,661.32,32.43,1.07,1.16,1.33,0.07,0.63,0.02
2010,9,Tonga,0.46,45.95,3254.87,148.03,7.16,7.78,6.19,0.32,3.14,0.1
2010,9,Tuvalu,0.48,9.32,2500.6,109.88,2.57,2.79,5.29,0.25,2.35,0.09
2010,9,Vanuatu,0.43,84.55,5343.59,267.7,13.1,14.24,10.4,0.54,5.27,0.17
2010,10,Cook Islands,1.05,177.52,11158.31,567.66,27.28,29.65,21.94,1.13,10.95,0.36
2010,10,Fiji,2.13,254.81,17039.68,760.64,38.71,42.08,30.67,1.66,16.23,0.52
2010,10,Kiribati,2.8,243.85,20221.95,1007.17,40.85,44.41,41.43,2.05,19.7,0.69
2010,10,Marshall Islands,0.87,135.68,9761.29,482.57,21.06,22.89,20.01,1.01,11.3,5.42
2010,10,Micronesia,7.15,1604.12,103080.2,5924.61,261.71,284.47,226.26,11.07,110.36,15.82
2010,10,Nauru,0.28,16.48,1389.63,72.2,2.85,3.1,2.92,0.15,1.37,0.05
2010,10,Niue,0.13,30.75,1966.53,101.53,4.8,5.22,3.87,0.2,1.95,0.06
2010,10,Palau,1.38,372.74,24384.54,1367.09,60.65,65.93,53.17,2.61,27.52,7.79
2010,10,Papua New Guinea,20.05,3989.63,251386.39,14504.53,646.73,702.97,546.7,26.82,258.49,8.75
2010,10,Samoa,0.22,31.19,1948.7,86.03,4.68,5.08,3.51,0.19,1.89,0.06
2010,10,Solomon Islands,1.32,227.51,16057.38,857.52,37.47,40.73,34.08,1.69,16.13,0.55
2010,10,Tokelau,0.09,14.3,972.62,43.6,2.15,2.34,1.71,0.09,0.92,0.03
2010,10,Tonga,0.36,59.33,4086.53,190.88,9.3,10.1,7.73,0.41,4,0.13
2010,10,Tuvalu,0.28,15.8,1998.01,95.05,3.06,3.32,4.12,0.2,1.85,0.07
2010,10,Vanuatu,1.4,176.33,10984.49,476.28,25.95,28.2,18.88,1.04,10.41,0.32
2010,11,Cook Islands,0.74,143.63,9389.36,501.82,23.05,25.06,19.32,0.98,9.46,0.32
2010,11,Fiji,1.31,171.52,11047.82,538.25,26.68,29.01,21.58,1.12,10.86,0.36
2010,11,Kiribati,2.18,205.82,17293.1,866.79,35.03,38.08,35.83,1.77,17,0.59
2010,11,Marshall Islands,0.62,80.91,6447.7,314,13.48,14.66,13.84,0.68,8.23,5.17
2010,11,Micronesia,5.82,1455.8,94245.44,5402.64,237.61,258.28,206.09,10.09,99.98,12.69
2010,11,Nauru,0.16,12.03,1325.3,67.3,2.29,2.49,2.8,0.14,1.26,0.05
2010,11,Niue,0.16,37.14,2362.91,131.43,5.92,6.43,4.87,0.24,2.39,0.08
2010,11,Palau,1.27,319.02,20804.06,1155.69,51.64,56.13,44.93,2.21,23.21,6.42
2010,11,Papua New Guinea,18.49,3851.98,241055.9,13967.86,623.18,677.37,524.31,25.72,247.94,8.39
2010,11,Samoa,0.13,14.84,966.45,47.57,2.33,2.54,1.93,0.1,0.97,0.03
2010,11,Solomon Islands,1.58,238.65,19137.87,1000.41,40.66,44.19,40.27,2,18.73,0.66
2010,11,Tokelau,0.21,4.97,1580.29,59.37,1.42,1.55,2.87,0.15,1.45,0.05
2010,11,Tonga,0.45,55.41,3860.35,185.13,8.79,9.55,7.53,0.39,3.73,0.12
2010,11,Tuvalu,0.32,15.46,2140.43,100.57,3.12,3.39,4.33,0.22,1.98,0.07
2010,11,Vanuatu,1.12,146.35,9053.97,415.86,21.86,23.76,16.48,0.88,8.74,0.28
2010,12,Cook Islands,0.66,124.37,7686.83,414.96,19.49,21.18,15.89,0.8,7.71,0.26
2010,12,Fiji,0.95,133.18,8902.35,449.64,21.15,22.99,17.85,0.91,8.79,0.29
2010,12,Kiribati,2.15,214.82,18457.04,940.12,36.75,39.94,37.73,1.88,18,0.62
2010,12,Marshall Islands,0.81,101.52,7292.78,375.14,16.51,17.95,15.12,0.76,7.74,1.64
2010,12,Micronesia,4.75,1195.72,76063.02,4331.44,192.51,209.25,163.81,8.03,77.3,3.67
2010,12,Nauru,0.13,4.5,593.44,29.79,0.93,1.01,1.3,0.06,0.57,0.02
2010,12,Niue,0.1,22.64,1424.2,76.12,3.58,3.89,2.9,0.15,1.44,0.05
2010,12,Palau,1.37,284.15,18683.13,1026.27,45.55,49.51,39.36,1.94,19.15,3.23
2010,12,Papua New Guinea,15.42,2985.5,188073.7,10754.92,479.47,521.16,405.46,19.87,191.64,6.49
2010,12,Samoa,0.08,17.45,1091.32,56.78,2.74,2.98,2.19,0.11,1.1,0.04
2010,12,Solomon Islands,1.38,171.48,14760.8,741.29,29.44,32,30.18,1.51,14.12,0.5
2010,12,Tokelau,0.08,5.58,702.97,32.82,1.09,1.18,1.38,0.07,0.68,0.02
2010,12,Tonga,0.31,35.72,2780.56,135.55,5.9,6.42,5.59,0.29,2.72,0.09
2010,12,Tuvalu,0.23,20.51,2132.97,104.31,3.76,4.09,4.42,0.22,2.06,0.07
2010,12,Vanuatu,0.49,74.92,4788.45,241.02,11.69,12.7,9.68,0.48,4.75,0.16
2011,1,Cook Islands,1.29,203.91,12618.5,662.35,31.04,33.74,25.45,1.3,12.35,0.42
2011,1,Fiji,1.67,206.59,13214.46,643.46,31.84,34.61,25.41,1.32,12.86,0.42
2011,1,Kiribati,2.44,279.8,22405.22,1117.84,45.51,49.47,44.76,2.26,21.34,0.74
2011,1,Marshall Islands,1.95,205.45,15116.66,728.32,30.03,32.64,28.21,1.46,14.16,3.87
2011,1,Micronesia,8.11,1874.06,118277.78,6760.42,300.69,326.84,254.72,12.49,121.14,7.87
2011,1,Nauru,0.32,8.13,1622.45,74.1,1.9,2.07,3.27,0.16,1.45,0.06
2011,1,Niue,0.17,39.31,2426.33,135.01,6.2,6.74,5.06,0.25,2.45,0.08
2011,1,Palau,2.7,469.09,29818.48,1642.67,74.66,81.16,63.07,3.11,30.12,2.35
2011,1,Papua New Guinea,26.18,4687.88,296132.85,16777.53,752.55,817.99,636.79,31.23,301.25,10.21
2011,1,Samoa,0.12,15.31,1013.38,48.53,2.37,2.58,1.98,0.1,0.97,0.03
2011,1,Solomon Islands,2.4,301.66,24088.77,1214.88,50.44,54.83,49.38,2.45,23.17,0.81
2011,1,Tokelau,0.31,12.1,1457.8,63.71,2.39,2.6,3.07,0.14,1.43,0.05
2011,1,Tonga,0.4,58.95,3977.86,202.7,9.44,10.26,8.13,0.41,3.96,0.13
2011,1,Tuvalu,0.33,20.9,2186.35,96.73,3.74,4.06,4.23,0.22,2.03,0.07
2011,1,Vanuatu,1.04,139.02,8587.83,401.55,20.86,22.67,16.14,0.86,8.27,0.27
2011,2,Cook Islands,1.14,182.62,11373.32,566.86,27.07,29.42,21.85,1.14,10.86,0.36
2011,2,Fiji,2.64,266.99,16863.69,770.84,40.98,44.55,31.92,1.71,16.44,0.54
2011,2,Kiribati,2.32,215.12,19923.48,979.48,37.29,40.53,39.85,2,18.89,0.66
2011,2,Marshall Islands,0.94,125.88,9008.78,466.11,20.16,21.91,18.22,0.91,8.76,0.3
2011,2,Micronesia,8.62,1693.38,106937.72,6029.57,270.53,294.06,228.57,11.23,108.07,4.76
2011,2,Nauru,0.13,14.31,1599.37,73.43,2.61,2.83,3.14,0.16,1.45,0.05
2011,2,Niue,0.22,37.86,2333.69,121.23,5.91,6.42,4.7,0.24,2.33,0.08
2011,2,Palau,2.11,391.19,24664.18,1350.64,62.02,67.42,52.03,2.56,24.73,1.21
2011,2,Papua New Guinea,24.2,4336.29,273799.64,15415.8,694.34,754.72,587.04,28.82,278.1,9.41
2011,2,Samoa,0.2,19.14,1175.02,47.68,2.78,3.02,1.97,0.11,1.11,0.03
2011,2,Solomon Islands,3.02,294.13,21039.24,1099.03,47.97,52.14,43.7,2.16,20.77,0.71
2011,2,Tokelau,0.23,28.78,2034.12,92.38,4.67,5.08,3.96,0.21,2.03,0.07
2011,2,Tonga,0.68,92.28,5836.63,257.78,14.06,15.28,10.91,0.59,5.68,0.19
2011,2,Tuvalu,0.23,24.43,2711.76,132.44,4.53,4.93,5.51,0.27,2.56,0.09
2011,2,Vanuatu,0.84,125.68,7825.54,379.94,19.15,20.82,15.07,0.79,7.64,0.25
2011,3,Cook Islands,0.93,161.66,10241.73,532.34,25.28,27.48,20.65,1.05,10.18,0.34
2011,3,Fiji,1.3,173.57,11314.58,572.15,27.1,29.46,22.51,1.14,11,0.37
2011,3,Kiribati,2.84,228.33,23016.86,1117.05,40.41,43.93,46.07,2.28,21.75,0.77
2011,3,Marshall Islands,0.98,131.56,9132.23,455.31,20.83,22.64,18.35,0.92,8.9,0.3
2011,3,Micronesia,8.49,2008.62,126072.94,7119.86,321.7,349.67,271.03,13.3,128.01,4.5
2011,3,Nauru,0.23,20.89,2132.71,100.22,3.71,4.03,4.26,0.21,2,0.07
2011,3,Niue,0.13,33.91,2132.38,116.5,5.38,5.84,4.38,0.22,2.16,0.07
2011,3,Palau,1.98,421.71,26305.15,1453.5,66.79,72.6,55.39,2.74,26.51,1.25
2011,3,Papua New Guinea,27.56,4941.52,312572.8,17659.04,796.02,865.24,673.19,33.02,319.13,13.17
2011,3,Samoa,0.15,15.8,981.94,42.22,2.31,2.51,1.74,0.09,0.92,0.03
2011,3,Solomon Islands,2.16,308.08,22490.45,1139.51,50.13,54.49,46.13,2.3,21.91,0.75
2011,3,Tokelau,0.09,11.7,820.91,40.1,1.85,2.01,1.6,0.08,0.8,0.03
2011,3,Tonga,0.53,67.96,4448.49,213.76,10.63,11.55,8.74,0.45,4.41,0.14
2011,3,Tuvalu,0.09,5.46,1079.02,49.67,1.27,1.38,2.11,0.11,0.96,0.04
2011,3,Vanuatu,0.65,104.9,6632.32,344.31,16.36,17.78,13.27,0.68,6.58,0.22
2011,4,Cook Islands,0.88,165.18,10739.48,576.45,26.36,28.66,22.26,1.11,10.8,0.36
2011,4,Fiji,1.7,157.57,10845.65,529.16,24.81,26.96,21.22,1.08,10.52,0.35
2011,4,Kiribati,3.05,251.32,27258.83,1294.43,45.39,49.34,53.82,2.69,25.46,0.9
2011,4,Marshall Islands,0.78,110.47,7352.75,374.97,17.47,18.99,15.14,0.76,7.25,0.25
2011,4,Micronesia,9.27,1894.39,119143.98,6695.36,301.68,327.91,254.12,12.49,120.97,5.87
2011,4,Nauru,0.31,15.69,2915.91,123.68,3.38,3.67,5.34,0.27,2.53,0.09
2011,4,Niue,0.21,39.6,2546.88,133.65,6.22,6.76,5.22,0.26,2.52,0.08
2011,4,Palau,2.07,445.41,27880.67,1541.55,70.95,77.12,59.55,2.93,29.01,3
2011,4,Papua New Guinea,26.07,4785.92,301948.7,17061.29,767.26,833.97,648.26,31.8,307.08,10.38
2011,4,Samoa,0.17,10,740.26,35,1.61,1.75,1.45,0.07,0.74,0.02
2011,4,Solomon Islands,2.54,280.97,20762.16,1072.32,46.11,50.12,43.19,2.13,20.36,0.7
2011,4,Tokelau,0.07,13.7,871.85,47.39,2.19,2.38,1.85,0.09,0.88,0.03
2011,4,Tonga,0.61,61.49,4743.29,216.96,9.93,10.8,9.18,0.47,4.59,0.15
2011,4,Tuvalu,0.2,20.71,2203.82,108.21,3.83,4.16,4.51,0.23,2.1,0.08
2011,4,Vanuatu,1.02,130.36,8222.15,390.79,19.62,21.32,15.3,0.81,7.9,0.26
2011,5,Cook Islands,0.83,135.11,8975.87,471.4,21.52,23.39,18.32,0.91,8.95,0.3
2011,5,Fiji,2.23,176.89,13116.57,640.45,28.95,31.47,26.29,1.31,12.93,0.44
2011,5,Kiribati,3.42,225.64,25492.52,1204.69,41.82,45.46,52.1,2.51,24.09,0.87
2011,5,Marshall Islands,0.78,110.4,7551.87,359.03,17.15,18.64,14.64,0.74,7.27,0.24
2011,5,Micronesia,9.43,2061.37,131184.3,7302.64,329.26,357.89,280.01,13.75,132.9,6.49
2011,5,Nauru,0.42,21.31,3450.96,151.93,4.44,4.82,6.59,0.33,3.06,0.11
2011,5,Niue,0.23,44.89,2858.29,143.39,7.01,7.62,5.6,0.29,2.85,0.09
2011,5,Palau,2.4,508.17,32271.52,1762.49,80.77,87.79,67.95,3.36,32.9,3.41
2011,5,Papua New Guinea,28.02,5003.17,312441.43,17580.08,798.26,867.67,669.94,32.86,317.34,10.72
2011,5,Samoa,0.09,10.14,645.38,32.36,1.59,1.73,1.3,0.07,0.64,0.02
2011,5,Solomon Islands,2.21,323.07,24096.43,1229.03,53.1,57.72,49.76,2.46,23.59,0.81
2011,5,Tokelau,0.07,11.92,746.79,41.29,1.84,2,1.54,0.08,0.74,0.02
2011,5,Tonga,0.59,46.41,3739.44,175.06,7.77,8.45,7.54,0.37,3.67,0.12
2011,5,Tuvalu,0.26,26.41,2926.18,139.29,4.82,5.24,5.77,0.29,2.74,0.1
2011,5,Vanuatu,1.37,164.55,10353.15,479.52,24.68,26.82,18.87,1,9.96,0.32
2011,6,Cook Islands,0.83,146.29,9925.59,527.05,23.6,25.66,20.57,1.02,9.95,0.33
2011,6,Fiji,2.56,130.46,10362.2,501.37,21.72,23.61,20.93,1.04,10.1,0.35
2011,6,Kiribati,3.02,192.1,22648.47,1054.04,35.89,39.01,44.92,2.22,21.11,0.75
2011,6,Marshall Islands,0.67,81.26,6238.99,299.08,13.28,14.44,12.64,0.64,6.58,1.57
2011,6,Micronesia,9.21,2045.67,131427.15,7328.54,328.21,356.75,281.1,13.79,132.68,5.02
2011,6,Nauru,0.42,13.81,3009.1,131.67,3.33,3.62,5.79,0.29,2.65,0.1
2011,6,Niue,0.19,34.86,2354.76,123.88,5.62,6.11,4.88,0.24,2.37,0.08
2011,6,Palau,2.79,555.21,34599.57,1903.22,88.1,95.76,73.08,3.61,34.99,1.93
2011,6,Papua New Guinea,27.62,5265.05,329970.11,18612.87,840.77,913.88,707.5,34.68,334.85,11.32
2011,6,Samoa,0.07,9.84,712.35,35.54,1.58,1.72,1.47,0.07,0.69,0.02
2011,6,Solomon Islands,1.88,251.4,19053.18,967.35,41.29,44.88,39.25,1.93,18.59,0.64
2011,6,Tokelau,0.06,7.88,692.01,32.94,1.32,1.44,1.36,0.07,0.66,0.02
2011,6,Tonga,0.81,45.76,4121.26,200.03,8.02,8.72,8.56,0.41,4,0.14
2011,6,Tuvalu,0.45,30.74,4280.46,199.8,6.08,6.61,8.53,0.42,3.94,0.14
2011,6,Vanuatu,1.1,96.61,6530.77,314.67,15.12,16.43,12.96,0.66,6.38,0.21
2011,7,Cook Islands,0.92,140.89,9824.08,507.78,22.71,24.69,19.97,1,9.75,0.33
2011,7,Fiji,3.47,170.96,13928.23,690.67,29.11,31.64,28.92,1.42,13.76,0.48
2011,7,Kiribati,2.79,179.75,20614.15,974.35,33.26,36.15,42.58,2.06,22.36,8.22
2011,7,Marshall Islands,0.85,99.68,7501.85,371.08,16.19,17.59,15.45,0.77,8.13,2.41
2011,7,Micronesia,10,2147.74,138235,7656.74,345.01,375.01,295.93,14.52,140.74,7.69
2011,7,Nauru,0.29,13.91,1800.7,78.37,2.63,2.85,3.78,0.19,2.46,2.12
2011,7,Niue,0.26,42.11,2849.72,147.78,6.75,7.33,5.81,0.29,2.84,0.09
2011,7,Palau,2.75,571.21,37073.78,2001.08,90.91,98.81,76.91,3.81,37.18,4.15
2011,7,Papua New Guinea,27.59,5151.25,327754.96,18293.81,822.71,894.25,698.79,34.28,330.87,11.2
2011,7,Samoa,0.09,11.96,799.86,43.42,1.94,2.11,1.68,0.08,0.81,0.03
2011,7,Solomon Islands,2.05,270.08,18960.66,976.98,43.61,47.4,39.45,1.94,18.73,0.64
2011,7,Tokelau,0.09,11.73,915.43,49.59,1.96,2.13,1.93,0.09,0.9,0.03
2011,7,Tonga,1.01,57.24,4586.8,222.76,9.59,10.42,9.34,0.46,4.49,0.15
2011,7,Tuvalu,0.32,22.43,2625.01,124.98,4.17,4.54,5.26,0.26,2.45,0.09
2011,7,Vanuatu,1.4,114.36,8061.63,373.77,17.85,19.4,15.31,0.79,7.76,0.26
2011,8,Cook Islands,1.27,185.37,12956.99,676.15,30.13,32.75,26.65,1.31,12.96,0.43
2011,8,Fiji,3.51,164.15,13406.83,670.64,28.27,30.72,28.11,1.37,13.38,0.46
2011,8,Kiribati,3.06,219.64,23075.26,1095.19,39.53,42.96,47.24,2.31,24.26,6.67
2011,8,Marshall Islands,0.85,92.31,6553.01,329.6,14.84,16.13,13.43,0.67,6.95,1.58
2011,8,Micronesia,10.3,2149.4,142505.64,7869.86,348.53,378.83,306.06,14.99,146.42,12.48
2011,8,Nauru,0.28,9.93,2033.67,92.59,2.4,2.61,4.05,0.2,1.84,0.07
2011,8,Niue,0.24,36.89,2676,139.49,6.05,6.58,5.5,0.27,2.67,0.09
2011,8,Palau,2.78,617.99,38897.43,2165.04,98.03,106.55,82.82,4.08,40.17,3.68
2011,8,Papua New Guinea,27.83,5620.59,351252.96,19726.33,896.21,974.14,753.18,36.88,356.66,12.05
2011,8,Samoa,0.12,16.93,1234.77,57.75,2.7,2.93,2.37,0.12,1.2,0.04
2011,8,Solomon Islands,2.17,256.26,18135.97,923.99,41.71,45.34,37.87,1.86,18.01,0.61
2011,8,Tokelau,0.23,18.34,1295.44,69.66,2.99,3.25,2.75,0.13,1.29,0.04
2011,8,Tonga,1.67,57.51,4775.46,237.5,9.76,10.61,9.74,0.48,4.71,0.16
2011,8,Tuvalu,0.26,27,2305.86,107.63,4.55,4.94,4.63,0.23,2.21,0.08
2011,8,Vanuatu,1.9,101.58,8039.16,382.96,16.82,18.28,16.38,0.81,7.92,0.27
2011,9,Cook Islands,0.94,130.41,9741.91,498.87,21.57,23.44,20.4,1,10.68,2.92
2011,9,Fiji,3.53,196.24,14586.72,696.98,31.86,34.63,29.2,1.46,14.33,0.48
2011,9,Kiribati,3.18,184.69,19252.23,905.68,32.87,35.73,39.66,1.92,20.26,5.63
2011,9,Marshall Islands,1.01,73.44,4923.89,243.81,11.64,12.65,9.94,0.5,4.85,0.16
2011,9,Micronesia,10.42,2174.25,140795.96,7872.1,350.7,381.19,302.21,14.8,142.4,4.84
2011,9,Nauru,0.21,21.47,1979.56,94.46,3.71,4.04,4.17,0.2,2.18,0.79
2011,9,Niue,0.19,29.29,2044.96,104.54,4.77,5.19,4.2,0.21,2.05,0.07
2011,9,Palau,2.53,526.78,32996.64,1818.62,83.61,90.88,70.04,3.44,33.62,2.31
2011,9,Papua New Guinea,31.04,5451.34,344854.96,19250.32,869.81,945.44,737.6,36.13,350.58,16.82
2011,9,Samoa,0.15,10.74,934.28,46.58,1.9,2.07,1.99,0.09,0.94,0.03
2011,9,Solomon Islands,2.62,312.94,21738.16,1142.64,50.68,55.09,45.37,2.23,21.57,0.73
2011,9,Tokelau,0.35,12.79,1450.02,68.65,2.4,2.6,3.19,0.15,1.88,1.32
2011,9,Tonga,1.49,69.51,5552.74,252.08,11.5,12.5,10.75,0.55,5.45,0.18
2011,9,Tuvalu,0.25,28.39,2491.38,123.6,4.87,5.3,5.09,0.25,2.46,0.2
2011,9,Vanuatu,1.5,134.62,9533.6,439.83,21.18,23.02,18.2,0.94,9.26,0.31
2011,10,Cook Islands,1.4,198.65,13606.96,648.5,29.57,32.14,25.89,1.35,13.6,2.56
2011,10,Fiji,3.46,193.59,14744.36,692.69,31.29,34.01,28.87,1.46,14.21,0.48
2011,10,Kiribati,3.23,234.6,23055.78,1078.27,39.13,42.53,45.81,2.29,23.01,5.15
2011,10,Marshall Islands,0.65,108.46,7623.72,374.31,17.25,18.75,15.29,0.77,7.8,1.22
2011,10,Micronesia,11.87,2400.55,153811.81,8555.59,386.69,420.31,331.44,16.25,158.41,11.63
2011,10,Nauru,0.15,15.25,1567.9,72.98,2.74,2.98,3.14,0.16,1.47,0.05
2011,10,Niue,0.2,39.53,2591.7,137.44,6.3,6.84,5.31,0.26,2.6,0.09
2011,10,Palau,2.67,499.44,31474.72,1731.37,79.54,86.46,66.97,3.3,32.49,2.92
2011,10,Papua New Guinea,34.77,5769.18,367542.97,20437.59,925.84,1006.34,789.35,38.67,374.73,17.1
2011,10,Samoa,0.09,10.5,850.74,42.7,1.74,1.89,1.7,0.09,0.82,0.03
2011,10,Solomon Islands,2.12,295.18,24327.74,1213.1,50.15,54.52,50.26,2.47,23.67,0.82
2011,10,Tokelau,0.2,18.53,1521.81,76.36,3.11,3.38,3.06,0.15,1.49,0.05
2011,10,Tonga,1.83,76.46,6510.43,302.31,12.97,14.1,13.07,0.65,6.38,0.22
2011,10,Tuvalu,0.22,24.43,2717.03,120.43,4.52,4.92,5.62,0.28,3.22,1.8
2011,10,Vanuatu,1.26,126.7,8700.7,429.21,20.19,21.94,17.53,0.89,8.6,0.29
2011,11,Cook Islands,0.81,167.21,10585.93,556.16,26.23,28.52,21.39,1.08,10.57,0.35
2011,11,Fiji,2.42,221.52,15170.56,740.65,34.91,37.94,29.81,1.52,14.74,0.49
2011,11,Kiribati,2.69,227.62,22407.49,1086.49,40.05,43.53,45.48,2.25,22.8,4.61
2011,11,Marshall Islands,0.87,92.33,7678.01,369.22,15.42,16.76,15.28,0.77,7.55,1.39
2011,11,Micronesia,9.69,2253.33,142968.1,7943.18,360.1,391.41,305.65,14.99,145.64,8.73
2011,11,Nauru,0.15,5.88,1197.92,54.1,1.38,1.5,2.34,0.12,1.07,0.04
2011,11,Niue,0.13,29.82,1921.61,103.62,4.75,5.17,3.98,0.2,1.94,0.06
2011,11,Palau,2.35,548.38,34796.69,1893.54,87.7,95.33,73.82,3.64,35.7,3.27
2011,11,Papua New Guinea,37.61,5712.05,361701.01,20097.97,916.15,995.82,777.68,38.08,367.9,12.81
2011,11,Samoa,0.12,14.89,1065.85,52.92,2.39,2.6,2.13,0.11,1.05,0.04
2011,11,Solomon Islands,2.21,323.22,25611.86,1279.54,53.67,58.33,52.06,2.59,24.74,0.85
2011,11,Tokelau,0.24,24.32,1699.44,76.05,3.71,4.03,3.1,0.17,1.61,0.05
2011,11,Tonga,0.67,74.49,5312.7,252.63,11.87,12.9,10.42,0.54,5.21,0.17
2011,11,Tuvalu,0.22,18.83,2066.71,91.47,3.4,3.69,3.94,0.21,1.89,0.07
2011,11,Vanuatu,0.98,115.91,7311.48,349.55,17.64,19.17,13.95,0.73,7.11,0.23
2011,12,Cook Islands,0.81,145.26,9436.69,492.24,23.07,25.08,19.19,0.97,9.44,0.31
2011,12,Fiji,2.28,227.05,15469.62,749.28,35.69,38.8,30.09,1.55,15.1,0.5
2011,12,Kiribati,3.31,252.26,25438.17,1238.14,45.11,49.03,52.16,2.56,24.9,2.44
2011,12,Marshall Islands,1.68,123.56,8607.07,418.63,19.4,21.09,16.87,0.86,8.26,0.65
2011,12,Micronesia,10.71,2166.69,136894.62,7539.73,344.36,374.31,290.33,14.27,137.59,5.82
2011,12,Nauru,0.27,14.67,1863.1,89.51,2.83,3.08,3.82,0.19,1.72,0.06
2011,12,Niue,0.16,34.35,2223.7,112.23,5.41,5.88,4.43,0.23,2.21,0.07
2011,12,Palau,3.5,553.87,34574.26,1876.61,87.56,95.17,72.62,3.59,34.77,1.54
2011,12,Papua New Guinea,35.27,5794.76,367055.94,20350.22,930.71,1011.65,790.29,38.69,373.54,12.66
2011,12,Samoa,0.13,14.4,1053.79,55.82,2.38,2.59,2.2,0.11,1.05,0.04
2011,12,Solomon Islands,2.11,324.86,26398.83,1351.8,54.79,59.56,54.08,2.69,25.56,0.88
2011,12,Tokelau,0.14,20.61,1634.15,86.34,3.47,3.77,3.39,0.17,1.61,0.06
2011,12,Tonga,0.4,58.67,4000.08,203.24,9.32,10.13,8,0.41,3.95,0.13
2011,12,Tuvalu,0.37,25.31,2110.07,102.43,4.33,4.7,4.31,0.22,2.04,0.07
2011,12,Vanuatu,1.12,131,8288.18,377.96,19.66,21.37,15.2,0.81,7.97,0.26
2012,1,Cook Islands,1.16,205.8,13747.16,724.71,32.8,35.66,28.64,1.43,14.81,3.41
2012,1,Fiji,2.07,216.49,14005.71,676.35,33.09,35.97,26.94,1.4,13.48,0.45
2012,1,Kiribati,3.22,255.73,28922.75,1366.04,46.98,51.06,57.75,2.89,28.37,4.76
2012,1,Marshall Islands,1.37,144.84,11781.92,544.8,22.31,24.26,22.09,1.14,11.06,2.25
2012,1,Micronesia,10.11,2136.88,138918.54,7578.18,341.27,370.94,293.86,14.45,140.47,9.79
2012,1,Nauru,0.22,14.2,2463.93,110.94,3.12,3.4,4.9,0.25,2.21,0.08
2012,1,Niue,0.23,51.84,3202.58,173.82,8.12,8.82,6.59,0.33,3.21,0.11
2012,1,Palau,2.38,512.43,32398.92,1749.1,81.51,88.6,68.59,3.38,33.35,3.29
2012,1,Papua New Guinea,33.2,5546.49,351695.01,19443.61,889.45,966.8,756.76,37.02,360.31,19.06
2012,1,Samoa,0.21,14.28,1008.67,49.87,2.23,2.43,1.98,0.1,0.96,0.03
2012,1,Solomon Islands,2.03,296.03,21531.34,1100.2,48.27,52.47,44.29,2.2,21.1,0.72
2012,1,Tokelau,0.1,12.55,1225.48,58.87,2.2,2.39,2.61,0.13,1.65,1.28
2012,1,Tonga,0.43,62.32,4237.42,221.01,9.89,10.75,8.57,0.43,4.17,0.14
2012,1,Tuvalu,0.24,30.88,2927.93,136.47,5.46,5.94,6.25,0.32,3.85,2.76
2012,1,Vanuatu,1.65,181.17,11192.59,489.23,24.96,27.13,19.38,1.07,10.1,0.33
2012,2,Cook Islands,1.12,172.59,11172.3,556.34,25.91,28.16,21.89,1.13,10.65,0.36
2012,2,Fiji,2.61,316.46,20314.44,917.45,48.15,52.34,37.74,2.03,19.62,0.64
2012,2,Kiribati,2.88,281.2,26377.4,1244.35,47.58,51.71,51.96,2.61,24.68,0.87
2012,2,Marshall Islands,0.99,134.61,10357.86,498.19,21.72,23.61,20,1.02,9.7,0.84
2012,2,Micronesia,9.22,2011.83,129751.43,7046.23,319.93,347.75,272.59,13.44,129.24,5.42
2012,2,Nauru,0.23,12.24,2033.8,90.99,2.64,2.87,4.09,0.2,1.84,0.07
2012,2,Niue,0.16,36.27,2302.53,119.98,5.66,6.15,4.64,0.24,2.28,0.08
2012,2,Palau,2.07,406.26,26200.5,1387.9,64.52,70.13,54.19,2.69,26.06,2.04
2012,2,Papua New Guinea,33.21,4939.28,314978.86,17226.18,790.39,859.12,673.14,32.98,318.95,10.8
2012,2,Samoa,0.28,29.77,1934.6,89.94,4.58,4.98,3.71,0.19,1.89,0.06
2012,2,Solomon Islands,1.88,270.32,17873.53,933.83,43.43,47.21,37.86,1.86,17.82,0.61
2012,2,Tokelau,0.18,29.57,2067.09,94.9,4.61,5.01,3.9,0.21,1.97,0.07
2012,2,Tonga,0.56,80.34,5181.12,247.83,12.42,13.5,10.04,0.53,5.06,0.17
2012,2,Tuvalu,0.43,33.34,2739.84,132.61,5.57,6.05,5.51,0.28,2.62,0.09
2012,2,Vanuatu,1.14,150.23,9502.81,428.16,22.66,24.63,17.57,0.94,9.12,0.3
2012,3,Cook Islands,1,169.53,11249.45,559.35,26.56,28.86,22.42,1.14,11.87,2.64
2012,3,Fiji,2.25,223.46,14502.46,679.58,34.25,37.23,27.87,1.45,13.95,0.46
2012,3,Kiribati,3.17,226.63,23619.19,1081.51,39.91,43.39,47.5,2.35,25.46,9.86
2012,3,Marshall Islands,1.27,120.38,8649.95,421.74,19.1,20.76,17.16,0.87,8.33,0.28
2012,3,Micronesia,10.76,2066.74,134531.42,7239.45,329.05,357.66,283.11,13.94,135.16,7.09
2012,3,Nauru,0.25,16.07,2199.46,92.28,3.15,3.43,4.46,0.22,2.67,1.87
2012,3,Niue,0.19,42.26,2630.86,139.7,6.62,7.19,5.36,0.27,2.63,0.09
2012,3,Palau,2.35,452.31,28986.43,1526.07,71.86,78.1,60.54,2.99,29.31,2.3
2012,3,Papua New Guinea,34.53,5299.66,339430.08,18412.21,848.64,922.44,722.87,35.51,344.23,14
2012,3,Samoa,0.09,8.27,593.15,29.66,1.31,1.42,1.19,0.06,0.57,0.02
2012,3,Solomon Islands,1.7,254.41,18697.54,960.93,41.74,45.37,38.87,1.92,18.38,0.63
2012,3,Tokelau,0.12,6.57,614.62,30.12,1.11,1.21,1.21,0.06,0.55,0.02
2012,3,Tonga,0.39,69.44,4572.34,236.01,11.04,12,9.35,0.47,4.56,0.15
2012,3,Tuvalu,0.55,60.81,4793.4,190.06,9.42,10.23,8.31,0.44,4.45,0.14
2012,3,Vanuatu,1.21,140.86,8922.28,387.12,19.47,21.16,15.42,0.86,8.03,0.26
2012,4,Cook Islands,1.06,197.02,12871.62,644.73,29.62,32.19,24.82,1.29,12.3,0.41
2012,4,Fiji,1.96,211.22,14284.84,692.17,32.94,35.8,27.51,1.42,13.81,0.46
2012,4,Kiribati,3.89,278.72,26979.29,1272.2,46.57,50.62,54.7,2.7,28.78,10.36
2012,4,Marshall Islands,1.38,119.8,8715.97,440.26,19.29,20.97,17.66,0.89,8.48,0.29
2012,4,Micronesia,10.3,2117.14,137087.2,7530.5,339.96,369.52,292.21,14.36,138.71,6.17
2012,4,Nauru,0.3,20.12,2172.16,97.96,3.66,3.98,4.52,0.22,2.58,1.41
2012,4,Niue,0.18,37.8,2565.62,133.84,6.1,6.63,5.2,0.26,2.57,0.08
2012,4,Palau,2.88,469.13,29773.97,1593.79,74.32,80.79,62.67,3.09,30.57,2.79
2012,4,Papua New Guinea,33.44,5212.1,332296.52,18200.57,832.58,904.98,708.31,34.75,337.36,14.64
2012,4,Samoa,0.27,33.85,2198.44,103.21,5.08,5.52,4.03,0.21,2.09,0.07
2012,4,Solomon Islands,2.05,306.92,22284.56,1134.16,50.12,54.47,46.09,2.28,21.93,0.75
2012,4,Tokelau,0.21,23.94,1675.7,80.31,3.71,4.04,3.15,0.16,1.6,0.05
2012,4,Tonga,0.82,92.28,6439.44,310.01,14.5,15.76,12.29,0.64,6.26,0.2
2012,4,Tuvalu,0.45,58.13,4508.93,191.54,9.15,9.95,8.13,0.42,4.24,0.14
2012,4,Vanuatu,1.06,129.77,8679.02,433.45,20.22,21.98,17.06,0.88,8.51,0.28
2012,5,Cook Islands,1.28,160.75,12262.03,601.87,26.55,28.86,24.32,1.23,12,0.4
2012,5,Fiji,3.22,170.25,14757.24,655.18,27.32,29.69,27.78,1.44,13.68,0.46
2012,5,Kiribati,5.06,209.15,28207.54,1255.18,40.65,44.19,56.56,2.8,29.54,9.66
2012,5,Marshall Islands,1.08,102.32,7834.93,369.5,16.31,17.72,15.43,0.78,7.95,1.47
2012,5,Micronesia,12.05,2357.5,156228.37,8506.66,380.13,413.18,333.18,16.37,160.9,16.45
2012,5,Nauru,0.31,8.43,1629.58,64.66,1.95,2.12,3.27,0.16,2.02,1.41
2012,5,Niue,0.29,36.55,3098.34,147.66,6.25,6.79,6.04,0.31,3.02,0.1
2012,5,Palau,2.77,535.36,34291.38,1818.43,85.26,92.67,72.65,3.58,36.16,5.54
2012,5,Papua New Guinea,37.44,5709.85,359300.06,19697.56,908.53,987.53,766.74,37.58,364.72,15.28
2012,5,Samoa,0.2,14.55,1317.23,65.66,2.53,2.75,2.66,0.13,1.28,0.04
2012,5,Solomon Islands,2.32,309.57,22223.34,1119.05,50.04,54.4,45.93,2.26,21.71,0.75
2012,5,Tokelau,0.12,9.08,762.89,38.95,1.55,1.68,1.57,0.08,0.74,0.03
2012,5,Tonga,0.85,74.8,6263.87,300.71,12.7,13.8,12.35,0.63,6.12,0.2
2012,5,Tuvalu,0.72,37.21,4466.33,194.27,5.88,6.39,8.14,0.43,3.78,0.14
2012,5,Vanuatu,1.55,118.39,8109.16,368.17,17.52,19.05,14.84,0.79,7.55,0.25
2012,6,Cook Islands,1.1,159.92,11657.27,593.71,26.16,28.44,23.65,1.19,11.53,0.39
2012,6,Fiji,4.56,202.8,18618.13,855.07,35.11,38.16,36.23,1.85,17.85,0.6
2012,6,Kiribati,4.85,251.34,30329.07,1355.79,47.5,51.63,59.89,2.99,30.08,5.57
2012,6,Marshall Islands,1.35,139.44,10112.23,468.89,22.03,23.94,19.63,1,9.72,0.32
2012,6,Micronesia,12.71,2197.21,142824,7791.02,352.69,383.36,303.78,14.92,144.43,7.31
2012,6,Nauru,0.27,19.2,2056.88,90.07,3.47,3.78,4.18,0.21,2.3,1
2012,6,Niue,0.29,44.7,3283.86,165.21,7.32,7.96,6.54,0.33,3.24,0.11
2012,6,Palau,2.94,568.35,37134.8,1938.78,89.86,97.67,77.68,3.84,38.65,6.81
2012,6,Papua New Guinea,35.91,5441.72,344797.88,18847.63,868.42,943.94,736.27,36.03,348.98,11.79
2012,6,Samoa,0.12,11.96,1030.4,51.82,2.07,2.25,2.13,0.1,1.01,0.03
2012,6,Solomon Islands,2.44,269.5,20257.16,1024.29,44.75,48.65,42.39,2.08,20.07,0.69
2012,6,Tokelau,0.12,12.56,1161.35,59.05,2.16,2.34,2.33,0.12,1.09,0.04
2012,6,Tonga,1.79,59.13,5598.41,262.46,10.56,11.47,11.11,0.56,5.45,0.18
2012,6,Tuvalu,0.96,41.86,6036.62,268.69,8.61,9.36,11.91,0.59,5.61,0.2
2012,6,Vanuatu,1.65,115.45,8795.98,394.81,18.52,20.13,16.51,0.86,8.43,0.28
2012,7,Cook Islands,1,146.47,10544.79,539.82,24.01,26.1,21.46,1.07,10.46,0.35
2012,7,Fiji,4.23,173.53,15734.54,736.75,30.41,33.06,31.61,1.58,15.3,0.52
2012,7,Kiribati,4.83,271.13,30745.77,1408.42,49.81,54.14,60.81,3.02,28.76,1.02
2012,7,Marshall Islands,1.47,110.92,9168.55,436.28,18.32,19.91,18.12,0.92,8.77,0.3
2012,7,Micronesia,10.78,2306.13,148911.22,8166.73,369.97,402.14,317.16,15.59,150.52,6.45
2012,7,Nauru,0.24,18,2427.44,105.36,3.51,3.82,4.7,0.24,2.19,0.08
2012,7,Niue,0.19,34.41,2526.83,126.83,5.66,6.15,5.02,0.25,2.5,0.08
2012,7,Palau,2.62,533.66,34491.81,1814.61,85.02,92.41,72.52,3.57,35.47,4.38
2012,7,Papua New Guinea,31.78,5527.68,347610.96,18975.4,876.16,952.35,737.89,36.18,350.34,11.82
2012,7,Samoa,0.31,11.37,1055.61,51.2,2.01,2.18,2.13,0.11,1.03,0.04
2012,7,Solomon Islands,2.74,293.87,22242.68,1114.95,48.46,52.67,46.36,2.26,21.88,0.75
2012,7,Tokelau,0.28,12.63,1041.18,52.51,2.14,2.33,2.15,0.11,1.02,0.04
2012,7,Tonga,1.71,57.58,5042.63,244.83,10.04,10.91,10.07,0.51,4.95,0.17
2012,7,Tuvalu,0.63,24.85,4621,198.83,5.63,6.12,9,0.45,4.16,0.15
2012,7,Vanuatu,2.18,117.55,9982.55,439.24,19.52,21.22,18.77,0.98,9.53,0.32
2012,8,Cook Islands,1.2,185.35,13278.73,663.2,30.12,32.74,26.56,1.34,13.09,0.43
2012,8,Fiji,4,155.74,14015.64,659.33,27.17,29.53,27.94,1.4,13.54,0.46
2012,8,Kiribati,5.36,281.25,33683.56,1520.47,52.25,56.79,65.59,3.28,31.09,1.1
2012,8,Marshall Islands,1.37,111.6,8910.26,418.88,18.11,19.69,17.43,0.89,8.61,0.34
2012,8,Micronesia,10.77,2210.15,139823.76,7694.92,353.29,384.01,298.95,14.67,141.84,5.87
2012,8,Nauru,0.27,21.13,2527.37,106.18,3.9,4.24,4.75,0.24,2.31,0.08
2012,8,Niue,0.27,40.42,3059.15,153.85,6.74,7.32,6.18,0.31,3.03,0.1
2012,8,Palau,2.4,472.49,30229.41,1611.38,74.88,81.39,63.19,3.11,30.73,3.48
2012,8,Papua New Guinea,32.85,5245.99,327205.98,17910.3,831.36,903.65,697.17,34.14,330.59,11.16
2012,8,Samoa,0.27,11.19,1117.49,53.87,2.01,2.19,2.24,0.11,1.08,0.04
2012,8,Solomon Islands,1.81,257.39,17601.71,897.27,41.42,45.02,36.99,1.81,17.52,0.6
2012,8,Tokelau,0.64,10.9,1125.51,54.05,1.93,2.09,2.2,0.11,1.07,0.04
2012,8,Tonga,1.88,77.95,6018.21,281.83,12.72,13.83,11.55,0.6,5.85,0.19
2012,8,Tuvalu,0.46,21.03,3036.71,127.59,4.2,4.57,5.8,0.29,2.73,0.1
2012,8,Vanuatu,1.65,92.37,7688.19,351.45,15.59,16.95,14.89,0.76,7.49,0.25
2012,9,Cook Islands,1.32,154.1,11937.23,592.95,25.73,27.97,24.02,1.21,11.76,0.39
2012,9,Fiji,5.05,211.43,17426.23,795.18,35.15,38.2,33.68,1.72,16.76,0.56
2012,9,Kiribati,3.88,264.02,26487.7,1175.91,43.6,47.39,50.62,2.56,24.04,0.85
2012,9,Marshall Islands,0.97,95.49,7252.32,348.13,15.51,16.86,14.56,0.74,7.14,0.28
2012,9,Micronesia,12.82,2253.52,147547.39,8071,362.8,394.35,315.17,15.45,148.83,7.17
2012,9,Nauru,0.17,14.28,1426.43,65.34,2.44,2.65,2.76,0.14,1.3,0.05
2012,9,Niue,0.27,33.44,2808.39,136.94,5.74,6.24,5.57,0.28,2.77,0.09
2012,9,Palau,2.9,540.71,36166.87,1855.47,85.78,93.24,73.54,3.65,35.86,4.7
2012,9,Papua New Guinea,34.71,5480.52,341013.69,18648.45,866.9,942.28,724.78,35.54,344.27,11.6
2012,9,Samoa,0.23,16.41,1445.1,71.15,2.88,3.13,3,0.15,1.43,0.05
2012,9,Solomon Islands,1.7,267.6,17679.13,917.11,42.84,46.56,37.36,1.83,17.69,0.6
2012,9,Tokelau,0.32,12.64,1907.18,83.61,2.62,2.85,3.72,0.19,1.78,0.06
2012,9,Tonga,2.58,58.54,5697.86,268.57,10.58,11.5,11.39,0.57,5.57,0.19
2012,9,Tuvalu,0.4,28.72,3462.75,149.35,5.2,5.66,6.51,0.33,3.12,0.11
2012,9,Vanuatu,2.18,129.08,10391.72,447.75,20.85,22.67,19.19,1.01,9.89,0.33
2012,10,Cook Islands,1.25,204.44,13752.9,680.83,30.06,32.68,26.59,1.38,12.85,0.43
2012,10,Fiji,5.24,275.35,21111.08,945.4,44.07,47.91,39.66,2.08,20.16,0.67
2012,10,Kiribati,6.75,338.56,39721.98,1754.77,62.13,67.53,76.78,3.87,36.73,1.3
2012,10,Marshall Islands,1.29,130.42,10160.87,468.58,21.15,22.98,20.38,1.02,10.75,2.75
2012,10,Micronesia,10.83,2286.91,146833.13,7935.78,364.68,396.39,311.24,15.3,148.33,7.76
2012,10,Nauru,0.32,22.11,2636.86,118.51,4.14,4.5,5.14,0.26,2.42,0.09
2012,10,Niue,0.25,41.49,2981.52,149.95,6.86,7.46,6.06,0.31,2.99,0.1
2012,10,Palau,3.29,634.5,40803.26,2128.71,99.71,108.38,83.67,4.14,40.68,4.27
2012,10,Papua New Guinea,37.91,5856.03,365413.75,19912.54,927.48,1008.13,773.68,38.09,368.95,12.4
2012,10,Samoa,0.4,26.51,1856.07,78.25,4.06,4.41,3.33,0.18,1.78,0.06
2012,10,Solomon Islands,2.71,306.62,21146.92,1067.27,49.39,53.69,44.08,2.17,20.98,0.71
2012,10,Tokelau,0.34,27.61,2228.98,101.13,4.48,4.87,4.25,0.22,2.12,0.07
2012,10,Tonga,3.57,153.25,12019.26,515.67,24.7,26.84,22.01,1.18,11.51,0.38
2012,10,Tuvalu,0.58,22.6,3982.8,169.51,4.9,5.33,7.52,0.39,3.53,0.13
2012,10,Vanuatu,1.94,187.08,12957.85,567.36,28.55,31.03,23.33,1.26,12.27,0.4
2012,11,Cook Islands,1.52,183.45,12417.57,620.7,28.74,31.24,24.7,1.25,12.21,0.4
2012,11,Fiji,3.39,261.71,18911.5,829.61,35.91,39.03,34.07,1.83,16.6,0.57
2012,11,Kiribati,6.38,279.57,32093.67,1484.28,51.45,55.93,64.5,3.17,30.02,1.08
2012,11,Marshall Islands,2.16,140.05,10866.03,513.94,22.59,24.56,21.24,1.08,10.36,0.35
2012,11,Micronesia,12.71,2483.26,161091.78,8638.63,396.59,431.07,340.51,16.77,161.25,5.47
2012,11,Nauru,0.39,26.31,2654.68,117.36,4.56,4.95,5.11,0.26,2.45,0.09
2012,11,Niue,0.19,37.44,2471.93,126.25,5.93,6.45,4.93,0.25,2.46,0.08
2012,11,Palau,3.21,568.41,35842.36,1875.98,89.28,97.04,74.28,3.68,35.76,1.95
2012,11,Papua New Guinea,37.34,6117.17,384475.71,20815.45,971.65,1056.15,815.91,40.16,388.18,13.08
2012,11,Samoa,0.35,19,1481.64,67.34,2.91,3.16,2.8,0.15,1.39,0.05
2012,11,Solomon Islands,2.19,283.33,19113.27,991.26,45.7,49.68,40.13,1.98,19.12,0.65
2012,11,Tokelau,0.3,31.56,2279.2,108.37,5.07,5.51,4.52,0.23,2.23,0.07
2012,11,Tonga,1.22,72,5978.87,261.16,10.1,10.98,10.78,0.58,5.27,0.18
2012,11,Tuvalu,0.63,32.1,5347.24,231,6.81,7.4,10.22,0.51,4.76,0.17
2012,11,Vanuatu,1.31,120.25,8231.65,377.41,18.82,20.46,15.76,0.83,8,0.27
2012,12,Cook Islands,0.84,149.43,9798.34,509.85,23.51,25.56,19.78,0.99,9.67,0.32
2012,12,Fiji,2.06,198.53,13015.76,629.46,30.59,33.25,25.52,1.3,12.62,0.42
2012,12,Kiribati,3.98,284.05,25286.53,1204.9,48.16,52.35,50.63,2.53,24.06,0.84
2012,12,Marshall Islands,1.21,160.4,11429.63,563.33,25.49,27.71,22.87,1.14,11.06,0.37
2012,12,Micronesia,11.55,2430.34,153964.48,8296.98,384.39,417.82,325.01,15.96,154.04,5.2
2012,12,Nauru,0.42,15.19,2467.9,105.6,3.16,3.44,4.75,0.24,2.21,0.08
2012,12,Niue,0.18,39.12,2475.98,128.52,6.15,6.68,5.01,0.26,2.47,0.08
2012,12,Palau,2.99,562.2,36956.57,1885.95,88.56,96.26,74.82,3.73,35.86,2.19
2012,12,Papua New Guinea,34.58,6375.97,404006.67,21872.37,1016.29,1104.66,859.53,42.24,407.77,13.78
2012,12,Samoa,0.25,14.37,1120.58,54.2,2.36,2.56,2.23,0.11,1.09,0.04
2012,12,Solomon Islands,2.51,289.48,22299.46,1113.8,47.86,52.02,45.81,2.26,21.61,0.75
2012,12,Tokelau,0.38,14.1,1198.19,58.09,2.36,2.56,2.39,0.12,1.16,0.04
2012,12,Tonga,0.42,56.48,3769.77,194.21,8.98,9.76,7.65,0.39,3.75,0.13
2012,12,Tuvalu,0.59,17.51,2466.39,107.43,3.5,3.81,4.8,0.24,2.26,0.08
2012,12,Vanuatu,1.7,144.47,9048.74,401.51,19.42,21.11,16.17,0.88,7.98,0.27
2013,1,Cook Islands,1.08,184.28,11891.99,611.43,28.87,31.38,24.17,1.22,11.77,0.39
2013,1,Fiji,3.19,309.91,20192.02,906.32,44.42,48.29,36.6,1.97,18.46,0.61
2013,1,Kiribati,3.23,299.3,22688.76,1166.16,49.13,53.4,46.94,2.31,22.16,0.77
2013,1,Marshall Islands,1.45,202.14,14232.29,718.94,32.32,35.13,28.96,1.44,13.93,0.47
2013,1,Micronesia,11.36,2271.69,144092.16,7778.02,358.62,389.81,303.49,14.91,143.8,4.86
2013,1,Nauru,0.77,17.29,2646.16,112.99,3.57,3.88,5.32,0.26,2.43,0.09
2013,1,Niue,0.16,33.73,2124.89,113.24,5.28,5.74,4.33,0.22,2.12,0.07
2013,1,Palau,3.08,503,32007.18,1650.39,78.59,85.42,65.85,3.26,31.63,1.49
2013,1,Papua New Guinea,34.43,5807.82,370542.95,19964.01,924.53,1004.92,785.37,38.59,372.78,12.6
2013,1,Samoa,0.25,13.44,942.5,48.57,2.14,2.33,1.92,0.1,0.92,0.03
2013,1,Solomon Islands,2.3,273.1,23040.12,1121.92,46.11,50.12,46.48,2.31,22.09,0.76
2013,1,Tokelau,0.13,17.54,1186.27,59.26,2.69,2.92,2.31,0.12,1.14,0.04
2013,1,Tonga,0.59,62.14,4110.27,214.94,9.83,10.68,8.52,0.42,4.09,0.14
2013,1,Tuvalu,0.17,23.47,1738.38,86.65,3.86,4.2,3.57,0.18,1.69,0.06
2013,1,Vanuatu,2.83,253.36,15709.73,667.39,34.46,37.46,27.05,1.51,14.04,0.46
2013,2,Cook Islands,0.99,187.91,11772.62,577.36,29.34,31.89,23.43,1.21,11.75,0.39
2013,2,Fiji,2.27,239.92,15768.92,720.01,36.93,40.14,30.2,1.58,15.23,0.51
2013,2,Kiribati,3.38,266.46,20340.6,952.55,42.88,46.61,39.82,2.02,19.44,0.66
2013,2,Marshall Islands,1.66,151.9,11179.9,532.63,24.34,26.46,22.27,1.11,10.83,0.36
2013,2,Micronesia,10.1,1958.1,125618.63,6644.11,307.14,333.85,261.06,12.87,124.15,4.19
2013,2,Nauru,0.8,20.16,3243.67,141.07,4.24,4.6,6.5,0.32,2.97,0.11
2013,2,Niue,0.15,33.29,2113.3,108.05,5.28,5.74,4.33,0.22,2.13,0.07
2013,2,Palau,2.74,423.57,26628.74,1367.65,66.27,72.04,55.79,2.72,26.52,0.9
2013,2,Papua New Guinea,29.78,5042.41,322372.88,17160.11,800.66,870.28,678.97,33.46,323.39,10.92
2013,2,Samoa,0.37,23.8,1621.48,68.67,3.7,4.02,3.04,0.16,1.59,0.05
2013,2,Solomon Islands,2,302.49,22507.74,1114.36,49.63,53.94,46.41,2.3,22.03,0.75
2013,2,Tokelau,0.21,25.08,1795.25,79.29,4.01,4.36,3.38,0.18,1.76,0.06
2013,2,Tonga,1.07,144.43,9056.96,402.44,22.23,24.16,16.98,0.92,8.93,0.29
2013,2,Tuvalu,0.16,21.03,1925.97,85.16,3.53,3.84,3.62,0.19,1.77,0.06
2013,2,Vanuatu,1.59,141.58,8791.15,364.04,18.55,20.16,14.79,0.83,7.61,0.25
2013,3,Cook Islands,0.81,158.05,9954.98,512.25,24.64,26.78,20.19,1.01,9.91,0.33
2013,3,Fiji,3.02,235.34,15540.63,726.29,36.51,39.68,30.18,1.57,15.13,0.5
2013,3,Kiribati,2.93,250.52,19570.05,930.08,40.88,44.43,39.27,1.96,18.93,0.65
2013,3,Marshall Islands,1.31,153.1,10531.94,519.25,24.02,26.11,20.92,1.05,10.24,0.34
2013,3,Micronesia,11.89,2295.3,150141.83,7998.54,365.85,397.66,316.06,15.55,150.31,6.72
2013,3,Nauru,0.5,16.76,1264.34,58.06,2.72,2.96,2.61,0.13,1.22,0.04
2013,3,Niue,0.16,32.23,2055.79,106.3,5.09,5.53,4.18,0.21,2.06,0.07
2013,3,Palau,2.93,442.51,28246.89,1459.77,69,75,58.6,2.9,28.79,3.1
2013,3,Papua New Guinea,36.03,5470.71,352010.01,18774.97,869.87,945.51,742.22,36.51,352.88,11.93
2013,3,Samoa,0.65,20.82,1430.19,67.47,3.25,3.54,2.76,0.14,1.39,0.05
2013,3,Solomon Islands,3.04,342.93,24022.34,1200.5,55.08,59.86,49.48,2.44,23.61,0.8
2013,3,Tokelau,0.16,22.39,1555.63,72.31,3.55,3.86,3.03,0.16,1.53,0.05
2013,3,Tonga,0.69,85.51,5489.3,261.51,13.35,14.51,10.89,0.56,5.44,0.18
2013,3,Tuvalu,0.26,27.89,2547.46,117.5,4.86,5.28,5.18,0.26,2.45,0.09
2013,3,Vanuatu,1.51,156.34,10122.59,479.15,24.04,26.13,19.49,1.01,9.88,0.32
2013,4,Cook Islands,1.46,238.22,15091.33,733.9,37.2,40.44,29.9,1.54,15.02,0.49
2013,4,Fiji,3.65,200.3,14022.95,674.32,31.86,34.63,27.8,1.42,13.77,0.46
2013,4,Kiribati,2.79,216.69,18017.28,862.88,35.85,38.96,35.93,1.79,17.28,0.6
2013,4,Marshall Islands,0.99,112.33,7741.07,381.76,17.74,19.28,15.6,0.78,7.57,0.25
2013,4,Micronesia,14.23,2306.97,156176.83,8290.11,371.18,403.46,328.79,16.18,155.38,6.23
2013,4,Nauru,0.43,21.44,1751.68,79.27,3.56,3.87,3.56,0.18,1.69,0.06
2013,4,Niue,0.22,41.21,2604.81,131.58,6.55,7.11,5.34,0.27,2.63,0.09
2013,4,Palau,2.52,470.33,29639.7,1563.61,73.86,80.28,61.79,3.05,29.97,2.1
2013,4,Papua New Guinea,34.38,5500.77,350005.09,18778.72,873.56,949.53,739.51,36.37,351.81,11.87
2013,4,Samoa,0.43,25.88,1734.33,73.16,3.92,4.26,3.1,0.17,1.69,0.05
2013,4,Solomon Islands,2.45,286.76,22013.67,1096.65,47.6,51.74,45.69,2.25,21.52,0.74
2013,4,Tokelau,0.23,36.19,2425.54,106.96,5.62,6.11,4.52,0.24,2.36,0.08
2013,4,Tonga,0.74,86.69,5672.91,267.99,13.47,14.64,10.96,0.57,5.58,0.18
2013,4,Tuvalu,0.21,19.34,1553.26,73.91,3.25,3.54,3.17,0.16,1.53,0.05
2013,4,Vanuatu,1.43,137.15,8909.57,418.79,20.95,22.78,17.22,0.89,8.66,0.29
2013,5,Cook Islands,1.1,145.16,10937.38,525.25,23.76,25.83,21.77,1.1,10.8,0.36
2013,5,Fiji,4.27,197.09,15480.98,715.05,32.25,35.06,30.65,1.54,15.07,0.51
2013,5,Kiribati,2.27,232.06,17162.82,796.24,33.33,36.23,32.28,1.68,15.31,0.53
2013,5,Marshall Islands,0.65,91.73,6715.1,327.77,15.01,16.31,13.75,0.68,6.67,0.22
2013,5,Micronesia,13.4,2387.82,155837.21,8371.72,381.65,414.83,329.35,16.19,156.25,6.51
2013,5,Nauru,0.24,14.07,1510.39,68.81,2.54,2.76,3.08,0.15,1.42,0.05
2013,5,Niue,0.25,26.39,2424.35,110.44,4.54,4.93,4.7,0.24,2.35,0.08
2013,5,Palau,2.37,498.42,31380.97,1638.64,78.14,84.93,65.33,3.22,31.81,2.7
2013,5,Papua New Guinea,37.68,5639.4,362299.89,19299.86,892.33,969.93,759.17,37.38,361.63,12.2
2013,5,Samoa,0.22,15.37,1121.92,56.52,2.5,2.72,2.3,0.11,1.11,0.04
2013,5,Solomon Islands,3.52,312.7,23868.01,1173.36,51.55,56.03,49.48,2.43,23.33,0.81
2013,5,Tokelau,0.19,22.17,1622.87,79.05,3.6,3.91,3.26,0.17,1.6,0.05
2013,5,Tonga,1.05,75.26,6408.42,294.27,12.64,13.74,12.64,0.64,6.25,0.21
2013,5,Tuvalu,0.3,21.57,2216.11,101.72,3.93,4.28,4.57,0.22,2.12,0.08
2013,5,Vanuatu,1.59,154.67,10233.74,455.67,23.49,25.53,19.01,1,9.85,0.32
2013,6,Cook Islands,1.06,138.62,10789.41,527.75,23.16,25.18,21.97,1.1,10.7,0.36
2013,6,Fiji,5.69,203.38,19497.62,857.37,35.86,38.97,39.13,1.93,19.03,0.65
2013,6,Kiribati,3.34,194.27,20947.63,966.67,35.37,38.45,42.14,2.09,19.82,0.7
2013,6,Marshall Islands,1.3,131.51,10596.94,502.37,21.57,23.44,21.21,1.06,10.17,0.35
2013,6,Micronesia,12.56,2425.93,156317.7,8363.71,385.35,418.86,329.85,16.2,155.97,5.29
2013,6,Nauru,0.62,18.5,3035.97,127.45,3.9,4.24,5.89,0.3,2.76,0.1
2013,6,Niue,0.23,28.44,2296.58,106.88,4.79,5.21,4.58,0.23,2.27,0.08
2013,6,Palau,3.07,522.89,33978,1741.64,81.93,89.05,69.17,3.44,33.18,1.14
2013,6,Papua New Guinea,34.17,5785.73,366741.96,19605.53,913.21,992.62,771.37,37.92,366.76,12.37
2013,6,Samoa,0.13,11.79,996.2,49.04,2.05,2.22,2.07,0.1,0.99,0.03
2013,6,Solomon Islands,3.02,302.03,24998.83,1197.17,50.44,54.83,51.23,2.52,24.08,0.84
2013,6,Tokelau,0.05,9.22,768.95,41.51,1.57,1.71,1.61,0.08,0.75,0.03
2013,6,Tonga,1.35,63.69,5945.45,265.46,11.2,12.18,11.88,0.59,5.86,0.2
2013,6,Tuvalu,0.45,20.78,2905.89,124.33,4.16,4.53,5.75,0.29,2.71,0.1
2013,6,Vanuatu,1.9,148.71,10234.17,463.94,23.35,25.38,20.03,1.04,10.02,0.34
2013,7,Cook Islands,1.12,124.32,10092.25,486,20.85,22.66,20.36,1.01,9.9,0.33
2013,7,Fiji,4.79,159.57,15921.91,717.41,28.34,30.81,31.76,1.57,15.41,0.53
2013,7,Kiribati,3.42,216.75,22494.41,1056.54,38.84,42.22,45.51,2.25,21.37,0.76
2013,7,Marshall Islands,1.44,118.58,9692.59,459.17,19.72,21.43,19.56,0.98,9.38,0.32
2013,7,Micronesia,12.24,2494.4,158995.06,8530.6,396.39,430.86,336.73,16.55,160.19,7.1
2013,7,Nauru,0.61,25.11,3087.04,130.57,4.69,5.1,5.97,0.31,2.87,0.1
2013,7,Niue,0.21,17.7,1818.95,79.99,3.18,3.45,3.52,0.18,1.76,0.06
2013,7,Palau,2.83,539.71,34984.02,1800.48,84.96,92.35,72.48,3.58,35.37,3.21
2013,7,Papua New Guinea,37.7,5922.35,376782.06,19892.62,932.77,1013.88,791.44,38.82,376.28,12.71
2013,7,Samoa,0.18,10.98,1206.73,54.49,2,2.17,2.39,0.12,1.16,0.04
2013,7,Solomon Islands,2.84,287.19,22528.22,1097.69,47.42,51.55,46.71,2.28,21.93,0.76
2013,7,Tokelau,0.14,15.95,1296.45,65.98,2.69,2.92,2.63,0.13,1.28,0.04
2013,7,Tonga,1.97,47.96,5241.37,229.55,8.86,9.63,10.43,0.52,5.13,0.17
2013,7,Tuvalu,0.49,17.03,2548.86,107.93,3.53,3.84,5.08,0.25,2.36,0.09
2013,7,Vanuatu,2.37,128.78,10224.11,441.51,20.68,22.48,19.32,1,9.79,0.33
2013,8,Cook Islands,1.22,148.33,11182.65,554.31,24.57,26.7,22.8,1.14,11.1,0.37
2013,8,Fiji,5.6,269.27,22770.37,1023.66,45.19,49.12,44.77,2.27,22.11,0.75
2013,8,Kiribati,3.6,210,21283.4,1008.7,37.42,40.68,43.43,2.12,20.29,0.72
2013,8,Marshall Islands,1.43,104.22,8570.39,415.64,17.24,18.74,17.62,0.87,8.26,0.29
2013,8,Micronesia,13.3,2476.56,159938.23,8576.91,394.79,429.12,338.3,16.64,160.18,5.43
2013,8,Nauru,0.34,21.88,2884.87,127.07,4.24,4.61,5.66,0.29,2.64,0.1
2013,8,Niue,0.31,30.29,2667.56,124.17,5.29,5.74,5.37,0.27,2.64,0.09
2013,8,Palau,2.77,510.3,32485.03,1691.34,80,86.96,67,3.31,32.07,1.17
2013,8,Papua New Guinea,38.98,5907.44,377348.59,20077.88,933.06,1014.2,793.92,38.96,377.1,12.74
2013,8,Samoa,0.15,12.71,1237.95,57.91,2.26,2.46,2.48,0.12,1.21,0.04
2013,8,Solomon Islands,3.31,317.4,23633.76,1148.7,51.57,56.06,48.72,2.39,23.01,0.8
2013,8,Tokelau,0.16,20.93,1531.92,71.2,3.32,3.61,2.9,0.15,1.47,0.05
2013,8,Tonga,2.23,71.32,6787.05,301.93,12.59,13.69,13.44,0.68,6.68,0.22
2013,8,Tuvalu,0.43,19.09,2349.53,106.95,3.65,3.97,4.63,0.24,2.19,0.08
2013,8,Vanuatu,2.34,117.08,9825.67,438.88,19.56,21.26,19.21,0.98,9.57,0.32
2013,9,Cook Islands,1.24,138.53,11102.4,506.37,22.91,24.9,21.88,1.1,10.84,0.36
2013,9,Fiji,5.1,221.13,19734.54,879.73,37.7,40.98,39,1.95,19.12,0.65
2013,9,Kiribati,4.02,257.09,24033.11,1080.67,40.91,44.47,46.9,2.35,21.93,0.78
2013,9,Marshall Islands,1.37,117.3,10230.14,492.14,19.92,21.65,20.82,1.04,9.87,0.34
2013,9,Micronesia,11.6,2307.13,148725.66,7928.74,365.59,397.38,312.56,15.37,148.54,6.31
2013,9,Nauru,0.79,22.18,4230.56,178.92,4.96,5.39,8.2,0.41,3.76,0.14
2013,9,Niue,0.38,24.78,2546.86,108.42,4.43,4.81,4.93,0.25,2.46,0.08
2013,9,Palau,3.06,508.02,32692.92,1655.33,79.37,86.27,67.02,3.31,32.81,3.55
2013,9,Papua New Guinea,37.29,5646.5,363370.75,19159.21,891.11,968.6,760.63,37.39,361.63,12.22
2013,9,Samoa,0.22,16.67,1328.55,56.09,2.69,2.93,2.56,0.13,1.3,0.04
2013,9,Solomon Islands,2.6,271.43,20515.31,1007.55,44.12,47.96,41.98,2.06,19.87,0.68
2013,9,Tokelau,0.16,19.4,1439.09,66.7,3.1,3.37,2.78,0.14,1.39,0.05
2013,9,Tonga,2.3,80.71,7170.35,304.31,13.46,14.63,13.54,0.7,6.89,0.23
2013,9,Tuvalu,0.17,15.94,1369.36,63.61,2.71,2.95,2.78,0.14,1.31,0.05
2013,9,Vanuatu,2.42,137.22,10773.02,470.06,22.19,24.12,20.79,1.07,10.46,0.35
2013,10,Cook Islands,1.34,182.15,12764.11,606.38,27.57,29.97,24.68,1.28,12.12,0.41
2013,10,Fiji,5.01,323.38,24946.63,1101.02,51.98,56.51,47.78,2.45,24.11,0.8
2013,10,Kiribati,5.42,299.96,35537.63,1601,55.69,60.53,70.36,3.52,32.91,1.19
2013,10,Marshall Islands,1.44,119.98,10501.9,478.51,19.88,21.6,20.44,1.04,9.8,0.34
2013,10,Micronesia,13.91,2312.97,147523.89,7827.7,364.3,395.98,309.45,15.21,147.71,7.88
2013,10,Nauru,1.08,28.46,4781.7,203.48,6.06,6.59,9.37,0.48,4.27,0.16
2013,10,Niue,0.3,36.39,2892.42,137.66,6.15,6.69,5.82,0.29,2.89,0.1
2013,10,Palau,3.58,656.95,41635.64,2137.58,101.31,110.12,86.02,4.25,42.36,5.56
2013,10,Papua New Guinea,38.95,6148.12,388240.64,20568.56,971.38,1055.85,817.24,40.25,389.49,13.11
2013,10,Samoa,0.39,20.22,1725.7,70.1,3.33,3.62,3.17,0.17,1.66,0.05
2013,10,Solomon Islands,3.15,335.46,23345.56,1154.39,53.52,58.17,48.13,2.37,22.75,0.78
2013,10,Tokelau,0.36,29.76,2378.9,104.93,4.82,5.24,4.44,0.23,2.27,0.08
2013,10,Tonga,1.96,95.08,8166.26,358.66,16.03,17.42,15.95,0.81,7.99,0.27
2013,10,Tuvalu,0.48,29.72,3715.53,161.33,5.69,6.18,7.24,0.37,3.43,0.12
2013,10,Vanuatu,1.88,175.26,12017.91,520.69,26.88,29.21,22.16,1.17,11.52,0.38
2013,11,Cook Islands,1.59,205.18,13099.13,617.41,28.6,31.08,24.53,1.3,12.01,0.4
2013,11,Fiji,4.15,322.04,22863.46,997.86,46.94,51.03,42.04,2.22,21.07,0.71
2013,11,Kiribati,5.53,286.83,29948.48,1336.03,47.87,52.03,58.58,2.94,27.37,0.98
2013,11,Marshall Islands,2.31,152.06,11305.66,535.34,24.33,26.45,22.36,1.13,10.87,0.37
2013,11,Micronesia,14.74,2595.91,166053.58,8825.13,411.77,447.57,349.92,17.21,166.16,6.13
2013,11,Nauru,1.31,31.71,4591.65,196.43,6.37,6.93,8.98,0.45,4.21,0.15
2013,11,Niue,0.25,41.06,2647.85,116.28,5.18,5.63,4.62,0.25,2.29,0.08
2013,11,Palau,3.59,570.75,35983.18,1842.29,89.23,96.99,74.08,3.67,35.71,2.23
2013,11,Papua New Guinea,41.98,6390.48,401326.56,21296.26,1008.9,1096.63,844.03,41.61,403.04,13.54
2013,11,Samoa,0.3,17.65,1245.94,54.89,2.76,3,2.37,0.12,1.22,0.04
2013,11,Solomon Islands,4.13,391.2,32445.25,1568.41,65.51,71.21,65.65,3.28,30.88,1.08
2013,11,Tokelau,0.51,17.92,1905.8,88.07,3.23,3.51,3.73,0.19,1.79,0.06
2013,11,Tonga,0.98,82.13,6223.67,273.92,11.97,13.01,11.66,0.61,5.73,0.19
2013,11,Tuvalu,0.94,22.89,3461.1,153.47,4.83,5.26,6.88,0.35,3.2,0.12
2013,11,Vanuatu,1.78,167.79,10782.36,499.46,25.75,27.99,21.07,1.09,10.58,0.35
2013,12,Cook Islands,0.86,176.42,11361.86,590.75,28.05,30.49,23.48,1.17,11.4,0.38
2013,12,Fiji,2.52,218.36,16112.76,736.6,34.62,37.63,30.76,1.59,15.49,0.51
2013,12,Kiribati,4.65,307.45,30440.56,1420.18,51.97,56.49,60.22,3.01,28.1,1
2013,12,Marshall Islands,3.21,230.18,16026.17,771,36.18,39.33,31.63,1.6,15.49,0.52
2013,12,Micronesia,13.07,2602.27,166527.65,8850.31,410.34,446.03,349.17,17.17,165.42,5.6
2013,12,Nauru,1.19,29.97,5608.68,246.23,6.78,7.37,11.22,0.56,5.01,0.19
2013,12,Niue,0.17,37,2325.03,121.44,5.8,6.3,4.7,0.24,2.33,0.08
2013,12,Palau,3.04,504.93,31724.7,1616.92,78.43,85.25,64.99,3.22,31.36,1.19
2013,12,Papua New Guinea,40.15,6343.93,400246.78,21276.15,1002.27,1089.43,843,41.5,401.49,13.52
2013,12,Samoa,0.28,14.46,1091.7,52.1,2.36,2.56,2.21,0.11,1.07,0.04
2013,12,Solomon Islands,2.88,345.12,25213.3,1226.9,53.63,58.29,50.28,2.53,23.86,0.82
2013,12,Tokelau,0.27,12.56,1410.55,65.67,2.27,2.47,2.75,0.14,1.29,0.05
2013,12,Tonga,0.42,67.51,4423.33,222.81,10.65,11.58,8.92,0.45,4.41,0.15
2013,12,Tuvalu,0.7,34.53,5700.28,235.2,5.58,6.07,9.95,0.53,4.52,0.17
2013,12,Vanuatu,2.58,232.18,14636.33,624.45,30.93,33.62,25.14,1.4,12.84,0.43
2014,1,Cook Islands,1.16,217.33,13723.27,701.16,34.23,37.2,28.07,1.42,13.7,0.46
2014,1,Fiji,3.42,346.68,22299.44,985.11,51.8,56.3,40.33,2.16,21.23,0.69
2014,1,Kiribati,4.17,296.28,28849.15,1351.57,52.07,56.6,57.99,2.88,27.37,0.97
2014,1,Marshall Islands,1.57,180.45,13365.56,645.29,29.17,31.7,27.21,1.36,14.1,3.26
2014,1,Micronesia,12.37,2445.06,157143.73,8246.72,384.45,417.88,327.25,16.1,156.77,10.66
2014,1,Nauru,1.15,22.09,4794.54,202.71,5.41,5.88,9.48,0.48,4.31,0.16
2014,1,Niue,0.26,39.11,2469.35,128.69,6.16,6.69,5.05,0.26,2.47,0.08
2014,1,Palau,3.28,512.74,33603.34,1669.12,79.57,86.49,67.66,3.35,33.77,6.01
2014,1,Papua New Guinea,39.52,5919.09,376383.17,19860.19,935.6,1016.96,791.63,38.91,376.54,12.7
2014,1,Samoa,0.32,10.13,768.46,38.08,1.64,1.78,1.53,0.08,0.75,0.03
2014,1,Solomon Islands,2.1,302.58,22483.88,1111.93,49.37,53.66,46.05,2.29,21.88,0.75
2014,1,Tokelau,0.37,12.34,1237.9,58.91,2.18,2.37,2.46,0.12,1.15,0.04
2014,1,Tonga,0.43,65.23,4606.41,231.31,10.42,11.33,9.28,0.47,4.52,0.15
2014,1,Tuvalu,0.85,36.93,6852.12,298.95,8.26,8.98,13.18,0.67,6.05,0.22
2014,1,Vanuatu,1.84,205.46,12823.72,547.87,30.16,32.79,22.64,1.25,12.11,0.39
2014,2,Cook Islands,1,189.39,11983.44,599,29.73,32.31,24.09,1.24,11.94,0.4
2014,2,Fiji,2.88,302.4,19954.4,900.08,46.6,50.65,37.95,2,19.31,0.77
2014,2,Kiribati,4.38,231.1,27840.4,1253.93,43.17,46.92,54.75,2.74,25.68,1.7
2014,2,Marshall Islands,1.93,157.95,13085.91,615.56,26.38,28.68,26.51,1.32,13.36,2.79
2014,2,Micronesia,11.7,2137.57,137292.41,7244.42,336.23,365.47,287.23,14.13,136.63,6.41
2014,2,Nauru,1.05,21.3,4435.03,189.99,5.21,5.66,9.08,0.45,3.99,0.16
2014,2,Niue,0.24,45.91,2833.93,140.19,7.1,7.71,5.53,0.29,2.81,0.09
2014,2,Palau,2.37,477.97,29992.07,1538.75,73.96,80.39,61.64,3.04,29.77,1.71
2014,2,Papua New Guinea,31.72,5276.22,331386.44,17529.99,830.07,902.25,696.27,34.24,331.39,11.99
2014,2,Samoa,0.4,21.3,1573.01,67.55,3.34,3.63,3.02,0.16,1.5,0.05
2014,2,Solomon Islands,2.81,313.76,21931.42,1075.21,50.19,54.56,44.83,2.23,21.43,0.73
2014,2,Tokelau,0.4,25.55,2202.07,97.24,4.3,4.67,4.21,0.22,2.11,0.07
2014,2,Tonga,1.1,131.77,8315.07,358.78,19.66,21.36,14.83,0.81,7.96,0.25
2014,2,Tuvalu,0.35,21.22,3193.58,136.24,4.19,4.55,6,0.31,2.8,0.1
2014,2,Vanuatu,2.17,197.64,12379.48,534.8,28.38,30.85,21.97,1.2,11.49,0.49
2014,3,Cook Islands,0.93,189.78,12185.41,613.06,29.77,32.36,24.59,1.24,12.07,0.4
2014,3,Fiji,3,271.02,17890.57,838.04,41.99,45.65,35.12,1.81,17.23,0.58
2014,3,Kiribati,5.14,297.34,32856.45,1459.23,49.53,53.83,62.8,3.19,29.18,1.06
2014,3,Marshall Islands,3.38,197.26,16040.34,742.11,32.33,35.14,31.68,1.59,15.29,0.52
2014,3,Micronesia,12.52,2272.05,145215.41,7617.52,357.78,388.89,303.86,14.95,144.47,6.25
2014,3,Nauru,1.09,32.18,4634.27,198.98,6.53,7.1,9.33,0.46,4.24,0.16
2014,3,Niue,0.15,30.33,1884.6,98.16,4.72,5.13,3.82,0.19,1.88,0.06
2014,3,Palau,3.79,567.05,35999.63,1850.33,88.21,95.88,74.21,3.66,35.99,2.49
2014,3,Papua New Guinea,38.23,5792.1,367601.77,19483.83,914.28,993.78,771.66,38,367.25,12.38
2014,3,Samoa,0.27,16.34,1124.96,49.2,2.57,2.8,2.21,0.11,1.1,0.04
2014,3,Solomon Islands,2.31,340.74,23025.75,1164.65,54.52,59.26,47.75,2.37,22.66,0.77
2014,3,Tokelau,0.16,18.6,1486.69,70.81,3.06,3.32,2.96,0.15,1.43,0.05
2014,3,Tonga,0.83,101.24,6504,303.02,15.54,16.89,12.57,0.65,6.34,0.21
2014,3,Tuvalu,0.25,24.79,2287.84,106.39,4.31,4.69,4.55,0.23,2.17,0.08
2014,3,Vanuatu,1.51,145.6,9146.69,412.29,21.84,23.74,17.03,0.9,8.8,0.29
2014,4,Cook Islands,1.08,180.92,12612.81,612.9,29.1,31.63,24.93,1.28,12.27,0.43
2014,4,Fiji,3.88,200.27,14957.29,670.84,31.78,34.54,28.14,1.47,14.28,0.47
2014,4,Kiribati,5.42,313.8,33418.89,1484.31,53.92,58.61,63.95,3.28,30.35,1.1
2014,4,Marshall Islands,2.67,182.21,14076.84,679.81,29.79,32.38,28.27,1.42,13.54,0.46
2014,4,Micronesia,12.7,2290.15,151035.01,7942.71,364.88,396.61,316.73,15.59,150.01,5.91
2014,4,Nauru,0.62,22.6,3560.99,146.45,4.74,5.15,6.95,0.35,3.16,0.13
2014,4,Niue,0.12,23.64,1679.24,84.05,3.84,4.18,3.34,0.17,1.67,0.05
2014,4,Palau,3.42,510.99,33921.26,1705.3,80,86.96,68.19,3.39,33.17,3.46
2014,4,Papua New Guinea,35.09,5570.41,352196.02,18572.75,877.53,953.84,737.74,36.36,351.74,12.1
2014,4,Samoa,0.42,32.91,2125.58,92.54,5.09,5.53,4.14,0.21,2.11,0.07
2014,4,Solomon Islands,1.97,330.01,22638.62,1130.21,52.86,57.45,46.79,2.31,22.31,0.76
2014,4,Tokelau,0.24,34.7,2622.18,116.81,5.54,6.02,4.78,0.26,2.42,0.09
2014,4,Tonga,0.53,77.24,5202.54,236.89,11.88,12.92,9.72,0.51,5.02,0.16
2014,4,Tuvalu,0.15,18.12,2018.91,89.28,3.3,3.59,3.76,0.19,1.73,0.07
2014,4,Vanuatu,1.7,168.83,10613.18,463.05,25.18,27.37,19.47,1.04,10.15,0.33
2014,5,Cook Islands,0.9,141.47,10845.91,523.38,23.74,25.8,21.8,1.1,10.74,0.36
2014,5,Fiji,3.86,183.02,15918.13,721.25,31.13,33.84,30.92,1.57,15.32,0.51
2014,5,Kiribati,5.29,219.99,33448.7,1465.72,45.08,49,65.35,3.29,30.45,1.11
2014,5,Marshall Islands,1.96,124.28,11187.28,493.69,20.73,22.53,21.54,1.1,10.44,0.36
2014,5,Micronesia,11.48,2307.05,148076.88,7834.75,365.59,397.39,311.89,15.33,148.71,7.89
2014,5,Nauru,0.99,35.17,4697.47,198.6,6.87,7.47,9.25,0.47,4.32,0.16
2014,5,Niue,0.29,31.6,2796.11,132.09,5.56,6.05,5.56,0.28,2.74,0.09
2014,5,Palau,3.26,600.02,38177.43,1991.86,94.21,102.4,79.46,3.91,37.87,1.27
2014,5,Papua New Guinea,40.27,5698.26,357564.15,18857.99,894.33,972.1,750.67,36.89,360.61,21.74
2014,5,Samoa,0.11,13.38,1108.37,51.18,2.23,2.42,2.23,0.11,1.07,0.04
2014,5,Solomon Islands,2.5,325.99,22678.29,1107.19,52.06,56.59,46.51,2.29,22.28,0.76
2014,5,Tokelau,0.18,13.98,1626,74.64,2.57,2.8,3.14,0.16,1.5,0.05
2014,5,Tonga,0.57,69.62,5749.17,265.52,11.75,12.78,11.31,0.57,5.59,0.19
2014,5,Tuvalu,0.25,24.8,2785.04,123.2,4.59,4.99,5.46,0.28,2.61,0.09
2014,5,Vanuatu,2.28,148.41,10182.92,444.73,22.62,24.58,18.57,0.98,9.67,0.31
2014,6,Cook Islands,0.8,150.63,10259.95,521.75,24.47,26.6,21.22,1.05,10.32,0.34
2014,6,Fiji,3.09,168.08,16755.53,741,30.25,32.88,32.63,1.64,16.04,0.54
2014,6,Kiribati,5.56,249.87,34669.26,1530.68,49.32,53.61,69.07,3.41,31.86,1.17
2014,6,Marshall Islands,2.17,167.27,13676.82,634.11,27.35,29.73,26.84,1.35,12.93,0.44
2014,6,Micronesia,11.59,2281.93,149779.51,7851.71,362.85,394.4,314.36,15.46,152.13,15
2014,6,Nauru,0.71,24.21,3668.46,157.21,4.98,5.42,7.24,0.37,3.36,0.12
2014,6,Niue,0.17,28.86,2170.24,107.45,4.84,5.26,4.39,0.22,2.17,0.07
2014,6,Palau,2.58,516.17,33876.67,1719.42,81.19,88.25,70.47,3.46,36.15,8.7
2014,6,Papua New Guinea,35.08,5580.84,357368.29,18555.21,876.4,952.61,745.27,36.64,368.13,50.73
2014,6,Samoa,0.1,12.03,959.36,45.47,1.98,2.15,1.91,0.1,0.93,0.03
2014,6,Solomon Islands,2.31,286.84,20830.88,1017.99,46.36,50.39,42.82,2.1,20.48,0.7
2014,6,Tokelau,0.14,15.8,1567.59,72.8,2.79,3.03,3.08,0.16,1.48,0.05
2014,6,Tonga,0.77,68.4,6647.08,299.84,12.38,13.46,13.18,0.66,6.47,0.22
2014,6,Tuvalu,0.48,27.04,2769.28,120.15,4.74,5.16,5.35,0.27,2.55,0.09
2014,6,Vanuatu,1.36,111.71,8118.28,360.17,17.72,19.26,15.46,0.8,7.85,0.26
2014,7,Cook Islands,0.95,139.27,11170.81,539.04,23.85,25.92,22.71,1.13,11.09,0.37
2014,7,Fiji,3.44,177.36,17539.98,759.61,31.61,34.36,33.57,1.71,16.79,0.56
2014,7,Kiribati,5.31,241.09,33388.03,1465.16,47.74,51.89,65.85,3.29,30.66,1.11
2014,7,Marshall Islands,2.47,142.22,12973.06,583.15,24.03,26.12,26.12,1.31,14.68,6.58
2014,7,Micronesia,10.88,2170.74,144695.4,7473.26,344.46,374.41,303.37,14.88,152.55,31.93
2014,7,Nauru,0.9,31.88,4978.52,212.32,6.66,7.24,9.88,0.5,4.57,0.17
2014,7,Niue,0.2,26.6,2271.69,106.42,4.61,5.01,4.49,0.23,2.23,0.07
2014,7,Palau,4.36,626.78,41558.04,2087.81,98.3,106.85,85.1,4.19,42.51,8
2014,7,Papua New Guinea,38.91,5584.44,361273.77,18612.29,876.58,952.81,749.89,36.87,370.3,52.62
2014,7,Samoa,0.13,8.97,929.73,40.05,1.62,1.76,1.8,0.09,0.89,0.03
2014,7,Solomon Islands,2,264.51,18776.76,911.34,42.56,46.27,38.79,1.9,18.51,0.63
2014,7,Tokelau,0.15,14.39,1314.28,59.38,2.44,2.66,2.54,0.13,1.23,0.04
2014,7,Tonga,0.84,52.89,5145.77,233.35,9.56,10.39,10.21,0.51,5.01,0.17
2014,7,Tuvalu,0.59,23.59,3100.49,132.67,4.49,4.88,6.3,0.3,2.89,0.11
2014,7,Vanuatu,1.39,121.67,10038.11,434.85,20.3,22.06,19.15,0.99,9.71,0.32
2014,8,Cook Islands,1.17,160.45,12877.25,622.13,27.36,29.74,25.87,1.3,12.74,0.43
2014,8,Fiji,3.93,160.63,17861.62,780.2,30.26,32.89,34.58,1.75,17.1,0.58
2014,8,Kiribati,5.69,202.66,33254.22,1455.89,42.96,46.69,65.91,3.28,30.25,1.12
2014,8,Marshall Islands,1.44,141.21,10774.93,502.07,22.7,24.67,21.2,1.07,10.33,0.35
2014,8,Micronesia,10.81,2215.66,146592.18,7719.63,353.55,384.3,308.61,15.15,148.54,13.64
2014,8,Nauru,0.26,17.88,2222.84,99.61,3.44,3.73,4.51,0.22,2.07,0.08
2014,8,Niue,0.29,41.67,3395.16,167.63,7.17,7.8,6.83,0.34,3.37,0.11
2014,8,Palau,2.99,644.5,41233.14,2116.97,100.84,109.61,85.45,4.2,42.13,5.65
2014,8,Papua New Guinea,36.46,5721.73,371301,19215.86,899.82,978.06,772.59,37.95,380.78,57.09
2014,8,Samoa,0.25,13.05,1465.65,62.78,2.42,2.63,2.82,0.14,1.4,0.05
2014,8,Solomon Islands,2.09,288.02,20114.74,1003.35,46.12,50.13,41.41,2.04,19.76,0.67
2014,8,Tokelau,0.1,9.76,959.78,40.89,1.69,1.83,1.82,0.09,0.9,0.03
2014,8,Tonga,1.04,105.05,8422.63,386.37,17.47,18.98,16.2,0.83,8.18,0.27
2014,8,Tuvalu,0.65,28.17,3966.72,174.4,5.56,6.05,7.89,0.39,3.64,0.13
2014,8,Vanuatu,1.16,105.54,8389.33,370.9,17.44,18.96,16.21,0.83,8.16,0.27
2014,9,Cook Islands,1,144.01,10793.07,525.06,23.99,26.08,21.91,1.1,10.68,0.36
2014,9,Fiji,4.36,210.63,20456.98,869.38,36.42,39.59,38.46,1.99,19.25,0.65
2014,9,Kiribati,4.48,226.37,31647.16,1359.09,41.49,45.1,59.79,3.04,27.78,1.01
2014,9,Marshall Islands,2.11,106.88,9823.37,450.96,18.18,19.76,19.42,0.98,9.67,1.41
2014,9,Micronesia,12.78,2161.6,147405.74,7712.86,347.33,377.53,310.71,15.24,152,22.66
2014,9,Nauru,0.2,19.13,2019.45,89.35,3.44,3.73,4.03,0.2,1.9,0.07
2014,9,Niue,0.31,33.71,2960.26,137.53,5.98,6.5,5.91,0.3,2.92,0.1
2014,9,Palau,3.02,546.7,35409.2,1806.18,84.75,92.12,72.94,3.6,36.74,6.86
2014,9,Papua New Guinea,33.69,5441.35,351880.91,18195.94,853.25,927.45,731.72,35.96,363.26,57.74
2014,9,Samoa,0.27,12.82,1188.51,51.6,2.22,2.41,2.32,0.12,1.15,0.04
2014,9,Solomon Islands,2.09,279.46,19619.35,940.07,43.55,47.34,39.14,1.95,18.81,0.64
2014,9,Tokelau,0.1,10.7,948.69,44.38,1.81,1.97,1.85,0.09,0.88,0.03
2014,9,Tonga,0.85,73.01,6283.59,290.87,12.54,13.63,12.51,0.63,6.13,0.21
2014,9,Tuvalu,0.44,16.54,2439.72,107.05,3.37,3.66,4.87,0.24,2.25,0.08
2014,9,Vanuatu,1.58,124.66,10265.08,429.3,20.39,22.16,18.87,0.99,9.81,0.32
2014,10,Cook Islands,1.19,194.92,13906.41,663.8,30.19,32.82,27.25,1.4,13.77,1.67
2014,10,Fiji,3.4,245.62,22160.46,960.49,42.22,45.89,42.02,2.17,21.26,0.71
2014,10,Kiribati,6.6,274.71,38810.54,1680.84,54.11,58.81,75.8,3.84,36.86,5.41
2014,10,Marshall Islands,2.72,146.4,11590.31,548.5,24.08,26.17,23.54,1.18,12.36,3.43
2014,10,Micronesia,11.12,2171.35,145027.49,7554.38,346.6,376.74,305.24,14.98,150.8,25.37
2014,10,Nauru,0.39,21.36,3175.98,140.14,4.32,4.7,6.42,0.32,3.34,1.29
2014,10,Niue,0.27,41.09,3121.84,148.75,6.82,7.42,6.11,0.31,3.08,0.1
2014,10,Palau,3.77,737.31,48692.58,2472.82,116.05,126.14,100.77,4.95,51.06,11.44
2014,10,Papua New Guinea,36.44,5978.99,388132.2,20072.03,943.37,1025.4,811.32,39.86,403.96,69.59
2014,10,Samoa,0.31,17.64,1424.96,59.37,2.81,3.05,2.57,0.14,1.34,0.04
2014,10,Solomon Islands,2.72,304.11,21780.32,1067.4,49.38,53.67,45.01,2.22,21.42,0.73
2014,10,Tokelau,0.26,27.22,2360.53,96.93,4.44,4.82,4.38,0.23,2.64,1.15
2014,10,Tonga,0.95,93.33,8141.27,359.76,15.97,17.36,15.6,0.8,7.89,0.26
2014,10,Tuvalu,0.44,16.91,3307.06,134.93,3.86,4.19,6.64,0.33,3.82,2.3
2014,10,Vanuatu,2.27,168.45,13339.61,540.92,26.33,28.62,23.74,1.27,12.47,0.41
2014,11,Cook Islands,0.9,163.31,11216.4,558.69,26.33,28.62,22.64,1.15,11.15,0.37
2014,11,Fiji,3.45,227.97,18047.7,774.29,36.65,39.83,33.58,1.75,17.2,0.57
2014,11,Kiribati,6.42,269.55,35336.87,1551.91,52.4,56.95,69.99,3.51,32.64,1.18
2014,11,Marshall Islands,2.98,176.53,13861.83,644.66,28.59,31.08,27.22,1.38,13.22,0.45
2014,11,Micronesia,11.42,2290.4,148299.29,7746.52,362.12,393.61,310.96,15.27,151.64,18.75
2014,11,Nauru,1.05,28.18,4542.9,198.19,6,6.52,9.12,0.45,4.15,0.15
2014,11,Niue,0.16,30.46,1991.05,101.97,4.82,5.24,3.99,0.2,1.98,0.06
2014,11,Palau,3.29,584.77,37819.55,1943.6,91.64,99.6,78.22,3.86,38.63,5.02
2014,11,Papua New Guinea,39.01,6070.22,397388.39,20574.37,960.13,1043.62,830.58,40.86,413.57,71.01
2014,11,Samoa,0.36,20.88,1636.99,69.98,3.31,3.6,3.04,0.16,1.54,0.05
2014,11,Solomon Islands,2.73,308.08,22421.53,1109.62,50.43,54.82,46.38,2.29,22.11,0.75
2014,11,Tokelau,0.35,21,2547.69,112.15,3.99,4.34,4.94,0.25,2.32,0.08
2014,11,Tonga,0.52,77.23,5595.79,268.23,12.49,13.58,11.16,0.57,5.47,0.18
2014,11,Tuvalu,0.63,30.12,4951.5,208.79,6.43,6.99,9.5,0.49,4.43,0.16
2014,11,Vanuatu,1.29,122.8,8268.2,357.89,18.76,20.39,15.38,0.81,7.92,0.26
2014,12,Cook Islands,0.76,147.97,9607.3,495.29,23.6,25.65,19.83,0.99,9.64,0.32
2014,12,Fiji,3.87,272.72,19165.31,798.18,41.49,45.1,33.99,1.84,18.02,0.58
2014,12,Kiribati,5.66,297.29,35701.45,1592.66,52.62,57.19,69.02,3.5,31.91,1.16
2014,12,Marshall Islands,3.48,187.33,14646.05,683.12,30.42,33.06,29.21,1.46,14.91,2.71
2014,12,Micronesia,12.88,2336.04,152861.82,7860.31,367.71,399.69,317.73,15.61,156.05,23.81
2014,12,Nauru,1.23,30.74,5050.2,220.11,6.6,7.18,10.15,0.5,4.55,0.17
2014,12,Niue,0.19,36.49,2335.22,121.82,5.75,6.25,4.78,0.24,2.33,0.08
2014,12,Palau,3.21,538.67,36670.65,1808.56,84.82,92.2,74.88,3.69,38.11,9.09
2014,12,Papua New Guinea,38.61,5737.57,381711.84,19628.56,911.22,990.46,796.35,39.2,395.91,68.98
2014,12,Samoa,0.35,8.07,716.89,32.12,1.36,1.48,1.41,0.07,0.69,0.02
2014,12,Solomon Islands,3.35,318.56,25027.73,1176.49,51.13,55.57,50.41,2.54,23.74,0.99
2014,12,Tokelau,0.1,5.86,903.6,40.1,1.2,1.31,1.74,0.09,0.82,0.03
2014,12,Tonga,0.48,51.45,3788.96,184.8,8.4,9.13,7.72,0.39,3.75,0.13
2014,12,Tuvalu,0.53,29.68,4207.14,180.82,5.86,6.36,8,0.41,3.78,0.14
2014,12,Vanuatu,2.52,224.32,13959.6,583.54,31.45,34.19,24.16,1.35,12.75,0.41
2015,1,Cook Islands,0.79,127.19,9142.8,429.88,20.38,22.15,18.76,0.95,10.01,3.16
2015,1,Fiji,3.64,287.3,20597.67,903.17,44.87,48.77,38.85,2.05,20.46,2.79
2015,1,Kiribati,4.99,225.88,27017.96,1219.46,42.11,45.77,54.17,2.68,25.61,2.34
2015,1,Marshall Islands,5.27,251.18,19763.5,941.71,41.16,44.74,39.28,1.98,18.96,0.64
2015,1,Micronesia,12.78,2310.6,155368.4,7970.31,368.08,400.09,324.54,15.95,161.34,31.01
2015,1,Nauru,1.6,36.19,6766.47,294.6,8.25,8.97,13.58,0.68,6.16,0.23
2015,1,Niue,0.25,34.47,2328.03,110.41,5.43,5.9,4.66,0.24,2.28,0.08
2015,1,Palau,3.26,560.25,36090.21,1829.87,87.01,94.58,73.43,3.63,35.71,2.8
2015,1,Papua New Guinea,34.64,5716.24,378345.67,19435.03,907.69,986.61,792.69,38.91,396.79,78.79
2015,1,Samoa,0.37,12.71,870.17,42,2.03,2.21,1.82,0.09,0.87,0.03
2015,1,Solomon Islands,3.7,314.7,26474.87,1260.2,53.2,57.83,53.9,2.69,25.36,0.89
2015,1,Tokelau,0.15,12.13,1654.45,76.19,2.41,2.62,3.24,0.17,1.5,0.05
2015,1,Tonga,0.51,50.67,3958.9,182.53,8.26,8.98,8.03,0.41,4.37,1.53
2015,1,Tuvalu,0.44,35.11,4274.41,187.17,6.6,7.17,8.3,0.43,3.9,0.14
2015,1,Vanuatu,2.93,223.26,13830.39,583.62,30.6,33.26,24.18,1.33,12.44,0.41
2015,2,Cook Islands,1.09,163.49,10746.12,519.8,25.56,27.78,21.33,1.09,10.51,0.35
2015,2,Fiji,2.78,228.99,15696.95,670.42,35.01,38.05,28.92,1.54,14.89,0.49
2015,2,Kiribati,5.11,285.9,32690.41,1466.94,52.67,57.25,64.94,3.26,30.52,1.09
2015,2,Marshall Islands,2.98,138.27,11497.2,549.94,22.96,24.95,22.94,1.15,10.93,0.38
2015,2,Micronesia,10.31,1877.96,127387.61,6433.66,297.35,323.21,262.38,12.93,129.38,21.53
2015,2,Nauru,0.73,22.72,3652.63,156.2,4.89,5.32,7.54,0.37,3.39,0.13
2015,2,Niue,0.14,23,1412.12,74.02,3.6,3.91,2.91,0.15,1.42,0.05
2015,2,Palau,2.78,469.24,29936.39,1511.85,72.83,79.16,61.61,3.03,30.33,3.45
2015,2,Papua New Guinea,36.13,5150.76,341894.43,17234.62,813.63,884.38,704.11,34.79,349.56,56.81
2015,2,Samoa,0.48,23.46,1636.21,64.75,3.55,3.86,2.85,0.16,1.56,0.05
2015,2,Solomon Islands,2.32,285.56,21093.71,1005.4,46.22,50.24,42.87,2.13,20.54,0.77
2015,2,Tokelau,0.19,21.91,1737.36,73.64,3.6,3.91,3.28,0.18,1.69,0.06
2015,2,Tonga,0.8,99.21,6450,289.31,15.29,16.62,12.13,0.65,6.29,0.21
2015,2,Tuvalu,0.48,35.73,3825.64,162.48,6.33,6.88,7.34,0.38,3.5,0.12
2015,2,Vanuatu,1.64,158.37,9928.23,407.13,20.33,22.1,16.54,0.94,8.46,0.28
2015,3,Cook Islands,1.2,176.78,12083.34,577.19,28.23,30.69,24.33,1.24,12.24,1.2
2015,3,Fiji,2.69,184.9,13735.04,597.91,29.42,31.98,26.06,1.36,13.15,0.44
2015,3,Kiribati,5.98,301.71,38078.66,1666.64,57.13,62.1,74.44,3.77,35.51,2.51
2015,3,Marshall Islands,2.65,164.39,12141.11,580.46,26.17,28.45,24.32,1.21,12.45,2.65
2015,3,Micronesia,10.81,2110.96,143366.65,7304.03,336.54,365.8,297.68,14.66,148.28,29.85
2015,3,Nauru,0.35,26.3,3168.19,138.76,5.03,5.47,6.73,0.32,3.02,0.11
2015,3,Niue,0.3,38.42,2446.63,122,6.02,6.54,4.89,0.25,2.43,0.08
2015,3,Palau,3.42,560.03,37730.71,1864.96,87.85,95.49,77.1,3.8,40.03,11.64
2015,3,Papua New Guinea,37.42,5681.97,374570.37,19240.87,900.32,978.61,783.06,38.34,386.4,67.1
2015,3,Samoa,0.33,13.94,982.6,40.1,2.23,2.42,2,0.1,1.06,0.25
2015,3,Solomon Islands,2.14,314.78,21537.88,1080.37,50.67,55.08,44.98,2.21,21.39,0.73
2015,3,Tokelau,0.2,22.51,2000.51,87.32,3.81,4.14,3.79,0.2,1.91,0.06
2015,3,Tonga,0.53,63.33,4368.85,192.62,9.91,10.77,8.31,0.44,4.24,0.14
2015,3,Tuvalu,0.96,32.25,4362.7,181.83,6.19,6.73,8.59,0.43,4.35,1.27
2015,3,Vanuatu,1.35,126.38,7914.39,352.92,19.08,20.73,14.89,0.79,7.67,0.25
2015,4,Cook Islands,1.09,168.33,11758.91,576.69,26.25,28.54,23.33,1.2,11.37,0.38
2015,4,Fiji,2.91,194.09,15025.13,663.37,31.13,33.84,28.38,1.48,14.28,0.48
2015,4,Kiribati,6.63,286.91,35707.72,1590.27,54.09,58.79,70.44,3.56,32.98,1.19
2015,4,Marshall Islands,3.81,164.99,14106.61,663.09,27.83,30.25,29.03,1.44,14.9,4
2015,4,Micronesia,11.1,2197.18,153034.45,7763.59,353.09,383.8,318.34,15.68,159.75,35.52
2015,4,Nauru,0.29,33.89,3675.75,156.15,6,6.52,6.94,0.35,3.34,0.48
2015,4,Niue,0.18,30.74,1967.65,96.25,4.82,5.24,3.89,0.2,1.96,0.06
2015,4,Palau,2.57,531.31,35717.66,1765.52,83.09,90.32,72.2,3.58,36.35,7.74
2015,4,Papua New Guinea,32.53,5324.12,356753.5,18149.91,847.09,920.75,742.61,36.58,372.65,76
2015,4,Samoa,0.24,21.46,1569.18,68.96,3.31,3.6,2.85,0.15,1.48,0.05
2015,4,Solomon Islands,1.92,324.78,21428.64,1052.82,51.38,55.85,43.7,2.18,21.27,0.71
2015,4,Tokelau,0.2,22.89,2290.48,99.63,3.94,4.29,4.23,0.23,2.12,0.07
2015,4,Tonga,0.72,72.34,5200.58,226.97,11.42,12.41,9.73,0.52,5.03,0.16
2015,4,Tuvalu,0.51,26.99,3846.81,168.38,5.31,5.77,7.41,0.38,3.44,0.13
2015,4,Vanuatu,1.29,124.45,8023.6,341.82,18.13,19.71,14.43,0.79,7.52,0.25
2015,5,Cook Islands,1.09,162.79,12615.82,605.08,27.24,29.61,25.23,1.28,12.43,0.42
2015,5,Fiji,3.44,159.3,15788.92,691.04,28.01,30.44,30.02,1.54,14.89,0.5
2015,5,Kiribati,6.98,275.54,38439.55,1646.87,51.13,55.57,73.98,3.8,34.23,1.26
2015,5,Marshall Islands,4.19,195.8,16834.22,789.91,32.89,35.75,33.44,1.68,16.01,0.55
2015,5,Micronesia,11.44,2266.68,151264.91,7784.53,361.6,393.04,314.67,15.51,153.91,22.77
2015,5,Nauru,0.58,26.01,4043.47,169.48,5.38,5.85,7.99,0.4,3.72,0.14
2015,5,Niue,0.22,28.82,2479.3,116.58,5,5.44,4.88,0.25,2.42,0.08
2015,5,Palau,3.18,606.29,40862.19,2052.97,95.51,103.82,84.87,4.15,44.86,15.44
2015,5,Papua New Guinea,34.87,5581.76,374727.68,19083,885.89,962.92,776.79,38.17,391.38,89.4
2015,5,Samoa,0.22,11.71,1165.22,50.26,2.08,2.26,2.3,0.12,1.12,0.04
2015,5,Solomon Islands,2.83,315.49,21864.18,1077.66,50.6,55,45.25,2.23,21.61,0.73
2015,5,Tokelau,0.14,8.37,1070.24,46.24,1.6,1.74,2.05,0.11,0.97,0.03
2015,5,Tonga,0.97,67.12,6778.69,298.91,12.06,13.11,12.96,0.67,6.49,0.22
2015,5,Tuvalu,1.31,32.68,6042.83,250.51,7.17,7.79,11.5,0.59,5.36,0.2
2015,5,Vanuatu,1.28,100.27,7546.92,336.71,16.02,17.42,14.41,0.74,7.27,0.24
2015,6,Cook Islands,1.06,155.13,11657.3,558.06,25.59,27.81,23.27,1.18,11.49,0.38
2015,6,Fiji,5.7,183.53,19909.11,816,31.41,34.14,35.92,1.89,17.98,0.61
2015,6,Kiribati,5.33,177.82,26802.74,1157.76,36.37,39.53,53.32,2.66,24.6,0.9
2015,6,Marshall Islands,4.29,123.79,14265.94,631.42,22.7,24.67,28.31,1.41,13.2,0.47
2015,6,Micronesia,12.98,2361.57,164258.6,8366.75,380.44,413.52,342.4,16.85,171.3,39.46
2015,6,Nauru,0.66,30.33,4599.44,199.54,6.29,6.84,9.3,0.47,4.2,0.16
2015,6,Niue,0.23,33.68,2453.21,116.2,5.48,5.95,4.81,0.25,2.41,0.08
2015,6,Palau,2.91,542.76,34410.26,1766.49,84.9,92.29,71.71,3.52,35.85,5.76
2015,6,Papua New Guinea,34.54,5994.57,393777.24,20164.41,946.11,1028.38,819.65,40.23,412.64,89.6
2015,6,Samoa,0.12,10.75,1075.18,46.35,1.9,2.06,2.09,0.11,1.03,0.03
2015,6,Solomon Islands,2.91,275.71,20006.14,977.43,44.35,48.21,41.97,2.04,19.66,0.68
2015,6,Tokelau,0.3,9.63,1977.09,84.62,2.29,2.49,3.81,0.19,1.78,0.06
2015,6,Tonga,0.75,67.45,6368.55,280.52,11.82,12.85,12.26,0.63,6.09,0.21
2015,6,Tuvalu,1.13,38.99,4805.97,199.24,6.37,6.92,8.66,0.45,3.98,0.15
2015,6,Vanuatu,1.41,115.84,9147.58,379.5,17.92,19.48,16.48,0.87,8.49,0.28
2015,7,Cook Islands,1.03,128.61,10836.88,513.45,22.13,24.06,21.66,1.09,10.66,0.36
2015,7,Fiji,4.98,143.53,18038.95,740.87,27.46,29.85,33.52,1.72,16.77,0.57
2015,7,Kiribati,4.45,201.18,28421.1,1251.98,40.08,43.57,57.03,2.82,26.22,0.96
2015,7,Marshall Islands,4.44,124.04,15700.98,687.67,23.56,25.61,31.23,1.56,15.33,2.98
2015,7,Micronesia,16.58,2412.18,175520.98,8770.61,392.38,426.5,366.39,17.99,182.82,41.79
2015,7,Nauru,0.44,21.38,3051.65,128.95,4.3,4.67,6.18,0.3,2.8,0.1
2015,7,Niue,0.22,29.54,2451.93,116.91,5.06,5.5,4.82,0.24,2.4,0.08
2015,7,Palau,3.46,594.81,40953.65,2055.37,95.04,103.3,86.98,4.23,47.72,20.63
2015,7,Papua New Guinea,33.86,5711.87,378057.08,19291.07,904.92,983.61,792.49,38.72,403.6,105.29
2015,7,Samoa,0.22,22.88,1708.18,71.17,3.6,3.92,3.12,0.17,1.63,0.05
2015,7,Solomon Islands,3.55,260.91,19235.42,929.39,42.76,46.48,40.7,1.97,19.11,0.66
2015,7,Tokelau,0.39,11.07,1716.16,69.89,2.21,2.4,3.23,0.16,1.54,0.06
2015,7,Tonga,0.75,59.6,5940.44,260.04,10.72,11.65,11.47,0.59,5.72,0.19
2015,7,Tuvalu,0.28,30.18,2301.8,107.77,4.87,5.3,4.54,0.23,2.18,0.07
2015,7,Vanuatu,1.41,118.4,10326.78,442.45,19.72,21.44,19.2,1,9.77,0.32
2015,8,Cook Islands,1.56,199.57,16670.43,788.87,34.04,37.01,32.82,1.67,16.24,0.54
2015,8,Fiji,4.23,155.6,18463.01,784.55,29.36,31.91,34.84,1.78,17.28,0.59
2015,8,Kiribati,8.55,310.43,44703.09,1945.24,63.13,68.62,90.54,4.49,41.47,1.53
2015,8,Marshall Islands,3.5,151.25,16721.7,740.16,27.58,29.98,33.73,1.68,17.05,4.23
2015,8,Micronesia,11.32,2215.14,151793.35,7673.9,354.51,385.34,314.15,15.46,154.99,29.07
2015,8,Nauru,0.79,28.3,3307.03,147.32,5.33,5.79,6.95,0.33,3.14,0.12
2015,8,Niue,0.31,31.19,3128.58,146.49,5.72,6.22,6.06,0.31,3.03,0.1
2015,8,Palau,2.95,593.05,38269.87,1939.53,93.32,101.43,80.26,3.91,40,6.31
2015,8,Papua New Guinea,33.55,5792.18,379709.45,19397.49,916.93,996.66,791.08,38.83,394.41,77.38
2015,8,Samoa,0.18,9.91,1228.17,52.69,1.94,2.11,2.4,0.12,1.17,0.04
2015,8,Solomon Islands,2.7,261.88,19340.26,943.01,42.64,46.35,40.32,1.96,19.09,0.66
2015,8,Tokelau,0.59,11.15,2371.07,100.76,2.67,2.9,4.63,0.23,2.1,0.08
2015,8,Tonga,0.83,80.86,7698.07,327.24,14.04,15.26,14.26,0.75,7.33,0.24
2015,8,Tuvalu,0.4,30.99,3282.24,150.61,5.65,6.14,6.63,0.33,3.03,0.11
2015,8,Vanuatu,2.25,134.75,12703.94,523.52,22.79,24.78,22.98,1.21,11.94,0.39
2015,9,Cook Islands,1.15,161.35,13156.98,618.74,26.83,29.16,25.99,1.32,12.69,0.43
2015,9,Fiji,4.88,172.26,20657.63,873.17,32.36,35.17,38.68,1.98,19.22,0.65
2015,9,Kiribati,9.75,359.97,48727.19,2095.03,67.3,73.15,95.17,4.83,43.76,1.61
2015,9,Marshall Islands,3.79,163.58,16383.3,725.91,28.85,31.36,32.48,1.63,15.31,0.54
2015,9,Micronesia,11.4,2251.77,152516.68,7820.45,360.97,392.36,319.23,15.68,158.99,32.06
2015,9,Nauru,1,26.36,3668.16,156.7,5.21,5.67,7.39,0.37,3.36,0.13
2015,9,Niue,0.25,28.5,2538.68,116.45,4.99,5.42,4.92,0.25,2.47,0.08
2015,9,Palau,3.03,590.89,39259.41,1957.55,93.16,101.26,81.94,4,42.21,11.37
2015,9,Papua New Guinea,34.87,5883.18,386480.52,19677.99,931.81,1012.84,807.51,39.68,410.94,98.89
2015,9,Samoa,0.33,21.27,2067.22,84.37,3.6,3.91,3.71,0.19,1.92,0.06
2015,9,Solomon Islands,2.7,287.26,20791.91,1020.35,47.14,51.24,43.86,2.14,20.71,0.71
2015,9,Tokelau,0.78,14.68,3379.45,141.45,3.66,3.97,6.48,0.33,3,0.11
2015,9,Tonga,1.09,54.51,6150.93,255.01,10.03,10.9,11.36,0.59,5.8,0.19
2015,9,Tuvalu,0.65,28.68,3679.06,166.03,5.58,6.07,7.37,0.37,3.36,0.12
2015,9,Vanuatu,1.7,116.49,10903.68,462.54,19.82,21.55,20.1,1.05,10.31,0.34
2015,10,Cook Islands,1.73,234.51,16912.65,770.38,35.46,38.54,31.7,1.68,15.75,0.53
2015,10,Fiji,6,254.8,25154.82,1046.51,43.98,47.81,46.44,2.43,23.52,0.79
2015,10,Kiribati,9.09,368.64,48036.26,2067.15,70.84,77,94.84,4.76,44.3,1.61
2015,10,Marshall Islands,4.88,202.74,19710.91,864.38,34.72,37.74,38.14,1.93,18.34,0.64
2015,10,Micronesia,11.51,2338.75,158272.46,8123.98,374.45,407.01,330.69,16.26,163.74,29.85
2015,10,Nauru,0.95,19.51,3762.05,159.49,4.5,4.89,7.51,0.38,3.41,0.13
2015,10,Niue,0.37,36.77,2780.55,127.3,5.9,6.41,5.29,0.28,2.66,0.09
2015,10,Palau,3.12,556.85,36424.66,1826.62,87.63,95.25,75.51,3.71,37.87,6.22
2015,10,Papua New Guinea,35.85,5858.05,384393.15,19670.73,927.14,1007.76,803.82,39.43,408.18,100.18
2015,10,Samoa,0.45,36.18,2811.08,118.52,5.84,6.34,5.25,0.28,2.72,0.09
2015,10,Solomon Islands,2.83,284.36,21887.69,1071.86,47.36,51.48,46.31,2.25,21.64,0.75
2015,10,Tokelau,0.54,28.01,3492.08,140.67,5.29,5.75,6.45,0.34,3.2,0.11
2015,10,Tonga,1.64,129.08,10255.26,425.2,20.87,22.69,18.68,1.01,9.78,0.32
2015,10,Tuvalu,1.21,21.61,4679.18,199.87,5.24,5.69,9.2,0.46,4.16,0.16
2015,10,Vanuatu,2.16,102.77,9485.39,377.58,16.22,17.63,16.95,0.9,8.65,0.29
2015,11,Cook Islands,1.11,176.9,12545.98,609.57,28.41,30.89,25,1.27,12.31,0.41
2015,11,Fiji,4.52,151.25,16264.85,719.76,27.48,29.87,31.43,1.59,15.35,0.52
2015,11,Kiribati,7.53,306.39,42966.36,1849.23,60.52,65.78,84.83,4.24,39.47,1.44
2015,11,Marshall Islands,3.93,166.8,15242.38,668.09,27.83,30.25,29.11,1.48,14.11,0.49
2015,11,Micronesia,12.19,2303.41,157148.93,8045.84,371,403.26,332.22,16.26,167.18,40.98
2015,11,Nauru,0.72,19.41,2113.44,93.97,3.46,3.76,4.13,0.21,1.96,0.07
2015,11,Niue,0.19,34.45,2339.3,120.43,5.52,6,4.79,0.24,2.32,0.08
2015,11,Palau,3.24,603.47,39484.37,1979.47,95.02,103.28,81.27,4.02,40.52,6.57
2015,11,Papua New Guinea,36.01,6013.92,397312.65,20289.02,958.06,1041.37,839.07,41.12,430.68,119.17
2015,11,Samoa,0.33,22.22,2207.11,96.81,3.89,4.23,4.27,0.21,2.08,0.07
2015,11,Solomon Islands,3.53,306.35,24644.81,1200.78,51.75,56.25,51.77,2.54,24.17,0.84
2015,11,Tokelau,0.54,14.54,2378.47,105.13,3.04,3.31,4.73,0.23,2.17,0.08
2015,11,Tonga,0.59,49.08,4465.13,207.53,8.67,9.42,9.04,0.45,4.38,0.15
2015,11,Tuvalu,1.7,36.27,6783.64,295.05,8.31,9.03,13.41,0.68,6.17,0.23
2015,11,Vanuatu,1.93,119.77,9226.36,388.68,19.03,20.68,17.41,0.9,8.86,0.3
2015,12,Cook Islands,0.9,144.36,10215.08,495.05,23.1,25.11,20.37,1.03,10.01,0.33
2015,12,Fiji,3.81,190.12,16696.92,719.86,31.53,34.27,31.47,1.63,15.75,0.53
2015,12,Kiribati,6.98,303.16,40376.94,1764.29,57.52,62.52,79.92,3.99,36.76,1.74
2015,12,Marshall Islands,4.74,188.09,18160.92,830.27,32.89,35.75,36.26,1.82,17.15,0.6
2015,12,Micronesia,13.57,2495.36,178159.66,8890.35,404.72,439.92,376.21,18.42,200.07,76.53
2015,12,Nauru,0.96,32.33,5687.63,251.75,7.27,7.9,11.66,0.58,5.23,0.2
2015,12,Niue,0.14,31.56,2024.64,99.04,4.92,5.35,4.03,0.2,2.01,0.07
2015,12,Palau,2.89,545.31,35742.41,1760.56,85.31,92.72,73.27,3.62,37.13,7.37
2015,12,Papua New Guinea,34.45,6019.94,402350,20459.2,963.19,1046.95,857.78,41.84,454.02,161.24
2015,12,Samoa,0.36,16.61,2085.98,90.85,3.24,3.52,4.06,0.2,1.94,0.07
2015,12,Solomon Islands,4.54,383.87,30339.1,1444.18,62.35,67.77,62.22,3.11,29.23,1.02
2015,12,Tokelau,0.37,19.55,2360.96,105.52,3.69,4.01,4.78,0.23,2.19,0.08
2015,12,Tonga,0.6,50.13,3747.89,174.66,8.14,8.85,7.51,0.38,3.69,0.12
2015,12,Tuvalu,1.51,39.56,6274.07,258.51,7.18,7.81,11.72,0.62,5.38,0.2
2015,12,Vanuatu,3.17,203.78,14399.14,572.82,27.66,30.07,24.4,1.35,12.58,0.42
2016,1,Cook Islands,0.95,161.65,10675.13,528.59,25.73,27.97,21.88,1.1,10.66,0.36
2016,1,Fiji,2.77,190.49,15329.21,696.19,31.29,34.01,30.21,1.53,14.75,0.5
2016,1,Kiribati,4.9,273.74,29728.43,1317.69,49.34,53.63,59.58,2.94,27.93,1
2016,1,Marshall Islands,9.15,201.77,17832.05,806.84,34.32,37.31,36,1.79,17.57,1.91
2016,1,Micronesia,13.27,2310.87,166942.03,8242.36,374.07,406.6,350.94,17.16,190.96,85.78
2016,1,Nauru,2.05,25.89,6116.23,255.11,6.72,7.3,12.54,0.62,5.58,0.21
2016,1,Niue,0.15,24.64,1569.62,80.01,3.87,4.21,3.18,0.16,1.57,0.05
2016,1,Palau,2.73,507.13,33110.12,1653.77,79.53,86.44,68.34,3.37,34.82,7.52
2016,1,Papua New Guinea,38.37,5736.77,397417.64,19889.21,924.57,1004.97,841.57,41.11,453.6,188.72
2016,1,Samoa,0.31,10.45,1288.75,56.48,2.02,2.2,2.62,0.13,1.22,0.04
2016,1,Solomon Islands,4.44,323.41,28176.15,1309.27,55.29,60.1,57.34,2.88,27.25,0.95
2016,1,Tokelau,0.28,20.43,2366.08,106.84,3.77,4.1,4.67,0.23,2.19,0.08
2016,1,Tonga,0.4,51.8,3636.08,175.64,8.38,9.11,7.45,0.37,3.63,0.12
2016,1,Tuvalu,0.62,30.4,3940.01,168.53,5.78,6.29,7.64,0.39,3.59,0.13
2016,1,Vanuatu,2.91,185.34,13018.45,527.01,25.65,27.88,22.86,1.24,11.66,0.39
2016,2,Cook Islands,1.59,256.05,16790.06,762.85,39.8,43.26,32.41,1.69,16.41,0.54
2016,2,Fiji,3.16,200.63,15331.7,665.8,31.66,34.41,28.93,1.5,14.52,0.49
2016,2,Kiribati,4.75,238.24,28340.13,1271.16,45.07,48.99,57.95,2.87,26.77,0.97
2016,2,Marshall Islands,7.49,187.72,15423.23,704.41,31.44,34.18,31.33,1.56,14.9,0.52
2016,2,Micronesia,14.17,2229.66,160408.8,7960.03,361.38,392.81,336.6,16.47,178.62,70.91
2016,2,Nauru,0.63,14.49,2190.17,94.17,3.02,3.28,4.42,0.22,2.02,0.08
2016,2,Niue,0.18,31.93,1997.02,92.32,4.87,5.3,3.78,0.2,1.96,0.06
2016,2,Palau,2.93,533.8,34555.16,1750.98,83.79,91.08,71.38,3.52,35.78,6.04
2016,2,Papua New Guinea,37.71,5645.91,397015.75,19819.71,912.04,991.34,832.2,40.78,438.94,163.63
2016,2,Samoa,0.39,26.73,1864.53,80.07,4.16,4.52,3.55,0.19,1.79,0.06
2016,2,Solomon Islands,5.5,327.43,30093.41,1398.49,57.23,62.21,61.94,3.08,28.96,1.02
2016,2,Tokelau,0.42,18.77,2288.51,101.2,3.56,3.87,4.62,0.23,2.14,0.08
2016,2,Tonga,0.74,92.36,6173.76,263.79,14.05,15.27,11.33,0.61,5.93,0.19
2016,2,Tuvalu,0.6,31.42,4152.19,183.84,6.24,6.78,8.34,0.42,3.86,0.14
2016,2,Vanuatu,2.68,207.2,14069.46,587.25,30.88,33.57,25.09,1.36,13.18,0.43
2016,3,Cook Islands,1.41,156.39,11223.78,540.3,25.36,27.56,22.81,1.15,11.06,0.37
2016,3,Fiji,5.62,292.79,22221.17,969.19,47.06,51.15,44.11,2.24,21.63,0.74
2016,3,Kiribati,5.37,229.1,27861.73,1236.36,43.34,47.1,56.74,2.8,27.02,3.12
2016,3,Marshall Islands,4.21,170.4,15340.94,718.69,29.25,31.79,31.03,1.55,14.68,0.51
2016,3,Micronesia,14.17,2510.64,177093.07,8873.18,407.73,443.18,374.6,18.32,195.92,68.85
2016,3,Nauru,0.9,24.21,3841.32,167.04,5.16,5.61,7.84,0.39,3.56,0.13
2016,3,Niue,0.33,25.52,1737.14,88.07,4.14,4.5,3.64,0.18,1.76,0.06
2016,3,Palau,3.62,593.65,38407.66,1919.72,93.37,101.49,79.29,3.93,40.13,7.53
2016,3,Papua New Guinea,39.93,6284.2,433818.97,21773.28,1014.2,1102.4,915.57,44.93,481.32,166.13
2016,3,Samoa,0.37,20.4,1672.07,72.42,3.37,3.66,3.3,0.17,1.6,0.06
2016,3,Solomon Islands,5.12,408.36,34154.64,1617.16,69.57,75.62,71.23,3.52,34.6,4.14
2016,3,Tokelau,0.51,24.83,3118.76,136.43,4.82,5.24,6.28,0.31,2.94,0.1
2016,3,Tonga,0.68,64.35,4460.97,206.52,10.28,11.17,9.04,0.46,4.43,0.15
2016,3,Tuvalu,1.67,40.32,9155.9,376.74,10.02,10.9,18.08,0.92,8.55,1.1
2016,3,Vanuatu,2.29,186.34,12463.84,537.77,28.75,31.25,23.98,1.26,12.15,0.41
2016,4,Cook Islands,2.01,217.2,16381.35,726.32,33.31,36.21,31.03,1.62,15.55,0.52
2016,4,Fiji,4.24,259.19,19952.33,833.02,38.58,41.94,36.89,1.94,18.43,0.62
2016,4,Kiribati,3.91,341.47,30052.41,1316.96,50.45,54.84,56.96,2.97,26.63,0.95
2016,4,Marshall Islands,3.97,223.71,17754,861.3,37.53,40.79,36.6,1.82,17.39,0.6
2016,4,Micronesia,14.17,2381.62,173941.85,8648.51,389.96,423.87,364.06,17.9,187.41,59.71
2016,4,Nauru,0.59,15.96,3089.61,134.7,3.76,4.09,6.38,0.32,2.85,0.11
2016,4,Niue,0.32,41.42,2686.42,116.7,5.36,5.83,4.82,0.26,2.39,0.08
2016,4,Palau,3.39,607.94,40772.29,2025.66,96.7,105.11,85.09,4.17,43.99,13.11
2016,4,Papua New Guinea,44.19,6090.99,434333.84,21442.52,989.39,1075.43,907.87,44.64,475.47,170.86
2016,4,Samoa,0.42,32.32,2504.86,105.79,5.13,5.58,4.66,0.25,2.38,0.08
2016,4,Solomon Islands,4.03,385.94,31088.75,1488.44,65,70.66,64.17,3.19,30.46,1.05
2016,4,Tokelau,0.57,25.77,3024.32,129.2,4.81,5.23,5.94,0.3,2.86,0.1
2016,4,Tonga,0.79,77.9,5253.17,213.49,10.97,11.92,9.27,0.5,4.84,0.16
2016,4,Tuvalu,0.89,28.12,4568.14,195.38,5.85,6.36,8.9,0.45,4.1,0.15
2016,4,Vanuatu,1.78,142.72,9938.71,423.21,21.82,23.72,18.54,0.97,9.49,0.31
2016,5,Cook Islands,1.85,154.84,14500.3,663.35,27.2,29.56,28.78,1.45,14.12,0.48
2016,5,Fiji,4.6,241.71,20418.25,895.59,39.68,43.13,38.9,2,19.48,0.65
2016,5,Kiribati,3.35,290.83,26810.27,1193.24,49.84,54.18,53.73,2.7,26.92,4.16
2016,5,Marshall Islands,7.33,171.96,23174.04,991.14,34.01,36.97,46.93,2.35,23.17,4.83
2016,5,Micronesia,18.31,2562.26,192870.4,9527.91,423.64,460.48,402.82,19.86,204.57,59.03
2016,5,Nauru,0.88,22.55,4040.31,176.23,5.08,5.52,8.3,0.41,3.73,0.14
2016,5,Niue,0.28,26.45,2479.16,113.01,4.69,5.1,4.94,0.25,2.46,0.08
2016,5,Palau,3.81,640.08,44707.72,2200.42,102.98,111.94,93.45,4.59,50.52,20.62
2016,5,Papua New Guinea,43.93,6358.28,439414.13,21892.91,1024.46,1113.54,917.08,45.13,478.18,159.66
2016,5,Samoa,0.2,18.94,1529.47,71,3.17,3.45,3.1,0.15,1.5,0.05
2016,5,Solomon Islands,4.52,398.35,29543.59,1407.79,65.13,70.79,60.72,3.02,29.84,2.91
2016,5,Tokelau,0.49,13.41,2298.94,98.64,2.96,3.22,4.64,0.23,2.15,0.08
2016,5,Tonga,0.83,55.42,5161.28,231.66,9.73,10.57,10.34,0.52,5.09,0.17
2016,5,Tuvalu,0.41,34.8,3455.03,146.87,6.01,6.53,6.79,0.35,3.57,1.03
2016,5,Vanuatu,2.54,145.61,11035.99,475.95,23.02,25.02,20.88,1.08,10.6,0.35
2016,6,Cook Islands,1.78,137.48,13368.02,610.51,24.54,26.67,26.64,1.33,13.04,0.44
2016,6,Fiji,5.61,155.52,18023.44,775.29,29.32,31.87,35.83,1.78,17.46,0.6
2016,6,Kiribati,3.94,213.41,26612.1,1195.34,41.07,44.65,54.51,2.69,26.18,3.65
2016,6,Marshall Islands,5.9,200.33,24955.78,1066.25,37.91,41.2,49.67,2.5,24.63,4.67
2016,6,Micronesia,16.29,2468.09,185564.63,9205.91,407.53,442.96,389.48,19.18,203.11,72.73
2016,6,Nauru,0.31,18.57,3069.73,132.82,4.01,4.36,6.14,0.31,2.85,0.1
2016,6,Niue,0.33,29.56,2587.13,120.31,5.12,5.57,5.18,0.26,2.57,0.09
2016,6,Palau,4.2,630.21,43822.34,2131.84,100.92,109.69,90.7,4.46,47.3,15.27
2016,6,Papua New Guinea,48.83,6261.75,444554.99,21907.63,1012.82,1100.89,928.97,45.61,492.2,188.86
2016,6,Samoa,0.25,18.93,1764.93,80.13,3.34,3.63,3.59,0.18,1.72,0.06
2016,6,Solomon Islands,3.32,334.52,24980.1,1201.12,54.99,59.77,51.65,2.54,25.57,4.79
2016,6,Tokelau,0.48,28.21,2915.09,135.25,5.1,5.54,5.97,0.29,2.78,0.1
2016,6,Tonga,1.41,51.77,5108.81,224.35,9.33,10.14,10.25,0.51,5.06,0.17
2016,6,Tuvalu,0.81,12.49,3574.81,143.24,3.46,3.77,7.28,0.36,3.93,2
2016,6,Vanuatu,2.1,122.5,10030.24,441.72,20.2,21.95,19.68,1,9.8,0.33
2016,7,Cook Islands,2.61,153.4,15756.47,708.27,28.12,30.57,31.52,1.58,15.37,0.52
2016,7,Fiji,7.12,175.14,19169.84,830.66,32.11,34.9,38.06,1.9,18.56,0.64
2016,7,Kiribati,7.21,217.46,34359.72,1466,45.76,49.74,69.16,3.44,31.89,1.17
2016,7,Marshall Islands,5.39,151.74,15942.5,707.84,27.16,29.53,31.7,1.6,15,0.53
2016,7,Micronesia,14.58,2576.43,189759.9,9349.02,423.09,459.89,396.82,19.53,207.46,74.92
2016,7,Nauru,0.41,19.75,2844.5,117.48,3.89,4.23,5.43,0.28,2.58,0.09
2016,7,Niue,0.29,31.21,2552.98,114.72,5.26,5.71,5.06,0.26,2.52,0.08
2016,7,Palau,4.03,661.24,44981.64,2214.64,105.51,114.69,93.32,4.58,47.05,10.76
2016,7,Papua New Guinea,47.03,6394.7,450710.2,22166.91,1031.92,1121.65,940.21,46.16,495.87,182.81
2016,7,Samoa,0.27,23.67,1947.57,92.3,3.99,4.34,3.99,0.2,1.9,0.07
2016,7,Solomon Islands,3.21,311.29,22030.57,1075.38,50.61,55.01,46.37,2.26,22.02,0.75
2016,7,Tokelau,0.77,37.43,3320.74,158.76,6.52,7.08,6.96,0.34,3.24,0.11
2016,7,Tonga,1.61,58.94,5755.45,253.27,10.49,11.4,11.55,0.58,5.68,0.19
2016,7,Tuvalu,0.91,24.31,3688.48,164.06,5.05,5.49,7.6,0.37,3.49,0.13
2016,7,Vanuatu,2.45,131.52,11624.42,505.48,22.25,24.19,22.83,1.16,11.35,0.38
2016,8,Cook Islands,2.65,191.63,17572.53,777.15,32.92,35.78,33.97,1.73,16.96,0.57
2016,8,Fiji,8.4,228.11,22857.7,977.84,40.62,44.15,45.41,2.29,22.17,0.77
2016,8,Kiribati,8,306.34,45501.74,1956.85,62.42,67.85,90.99,4.54,42.08,1.54
2016,8,Marshall Islands,3.84,153.04,14775.38,663.79,26.67,28.99,29.87,1.49,15.33,3.88
2016,8,Micronesia,14.89,2449.24,181219.27,8840.62,400.61,435.45,376.25,18.53,198.85,79.05
2016,8,Nauru,1.13,23.05,5118.82,212.84,5.77,6.27,10.44,0.53,4.7,0.18
2016,8,Niue,0.44,27.25,2911.53,127.32,5.04,5.48,5.78,0.29,2.86,0.1
2016,8,Palau,3.66,629.99,43865.02,2136.65,100.26,108.98,90.01,4.43,46.77,14.15
2016,8,Papua New Guinea,44.34,5953.38,424767.5,20740.95,960.71,1044.25,881.18,43.24,466.51,184.8
2016,8,Samoa,0.38,33.57,2701,126.24,5.62,6.1,5.51,0.27,2.63,0.09
2016,8,Solomon Islands,3.37,354.01,24582.61,1226.41,57.55,62.55,52.21,2.54,24.69,0.84
2016,8,Tokelau,0.41,28.78,2807.56,130.52,5.09,5.54,5.75,0.28,2.68,0.1
2016,8,Tonga,2.06,69.66,6811.11,294.99,12.36,13.43,13.53,0.68,6.6,0.23
2016,8,Tuvalu,1.94,38.05,8413.06,357.69,9.28,10.09,16.75,0.83,7.6,0.29
2016,8,Vanuatu,2.66,119.17,10490.41,444.56,20,21.74,20.22,1.03,10.17,0.34
2016,9,Cook Islands,2.52,172.05,15225.5,670.47,27.57,29.96,29.04,1.5,14.17,0.48
2016,9,Fiji,5.78,156.98,18419.82,786.98,29.5,32.06,36.14,1.81,17.64,0.61
2016,9,Kiribati,7.76,335.56,46028.08,1952.28,63.74,69.29,90.9,4.57,42.57,3.06
2016,9,Marshall Islands,4.11,180.94,18696.45,826.52,32.05,34.84,37.25,1.88,18.56,3.2
2016,9,Micronesia,14.85,2417.05,177721.77,8688.96,395.01,429.36,368.53,18.17,191.81,69.06
2016,9,Nauru,1.39,24.23,7132.84,299.02,7.09,7.7,14.6,0.73,6.49,0.25
2016,9,Niue,0.32,25.86,2444.53,108.6,4.49,4.88,4.7,0.24,2.37,0.08
2016,9,Palau,3.99,637.99,43965.14,2157.53,100.93,109.71,90.08,4.45,45.97,11.03
2016,9,Papua New Guinea,46.79,6219.57,440390.84,21453.61,1001.9,1089.02,908.55,44.79,477.61,175.72
2016,9,Samoa,0.37,39.92,3331.86,158.53,6.76,7.35,6.79,0.34,3.23,0.11
2016,9,Solomon Islands,3.24,338.43,24124.85,1172.22,54.76,59.52,50.11,2.47,24.05,1.53
2016,9,Tokelau,0.36,19.27,2184.78,100.28,3.57,3.88,4.45,0.22,2.06,0.07
2016,9,Tonga,2,43.36,5029.01,213.59,8.2,8.91,10.1,0.5,4.91,0.17
2016,9,Tuvalu,1.85,36.59,8981.48,370.75,9.23,10.03,17.66,0.87,8.05,0.3
2016,9,Vanuatu,1.96,103.65,9542.5,405.15,17.58,19.11,18.19,0.93,9.19,0.31
2016,10,Cook Islands,1.52,193.41,13534.83,647.17,31.01,33.71,27.03,1.38,13.34,0.45
2016,10,Fiji,7,219.5,22034.66,911.59,38.38,41.72,42.36,2.16,21.31,1.2
2016,10,Kiribati,7.67,332.12,46311.78,2003.86,66.21,71.97,93.14,4.64,44.2,5.39
2016,10,Marshall Islands,4.49,169.06,17819.65,800.5,30.15,32.77,35.53,1.79,17.46,2.6
2016,10,Micronesia,15.41,2611.41,191991.43,9447.25,428.5,465.76,401.14,19.73,208.26,72.51
2016,10,Nauru,1.8,36.73,10457.64,434.19,10.48,11.39,20.92,1.07,9.43,0.36
2016,10,Niue,0.46,42.71,3237.96,144.51,6.99,7.6,6.33,0.33,3.18,0.11
2016,10,Palau,4.32,676.22,48189.13,2330.41,108.44,117.86,98.56,4.85,51.37,17.65
2016,10,Papua New Guinea,46.07,6455.32,458714.05,22407.43,1042.63,1133.3,953.55,46.93,506.22,197.71
2016,10,Samoa,0.43,25.88,2575.34,109.27,4.46,4.84,4.86,0.25,2.41,0.08
2016,10,Solomon Islands,4.36,405.15,29726.22,1450.92,66.52,72.31,62.34,3.06,30.24,3.69
2016,10,Tokelau,0.62,53.85,4250.33,192.76,8.74,9.5,8.36,0.42,4.08,0.14
2016,10,Tonga,2.38,103.34,8915.54,379.17,17.45,18.97,17.5,0.89,8.76,0.3
2016,10,Tuvalu,1.68,43.16,12203.39,501.57,11.71,12.72,23.01,1.17,11.18,2.26
2016,10,Vanuatu,3.51,138.73,12532.43,520.87,23.22,25.24,23.87,1.22,12.15,0.91
2016,11,Cook Islands,0.89,139.24,9795.08,481.48,22.49,24.44,19.81,1,9.69,0.32
2016,11,Fiji,5.14,253.2,21256.55,935.68,41.66,45.29,40.96,2.11,20.29,0.69
2016,11,Kiribati,5.76,266.25,34453.51,1533.39,51.72,56.22,69.42,3.44,32.24,1.37
2016,11,Marshall Islands,3.87,186.08,17735.39,799.83,32.35,35.17,35.33,1.77,16.56,1.06
2016,11,Micronesia,17.97,2547.44,198826.34,9512.3,422.04,458.74,411.77,20.27,219.39,95.73
2016,11,Nauru,0.77,23.18,4994.37,208.68,5.61,6.1,9.87,0.5,4.51,0.17
2016,11,Niue,0.17,21.29,1502.25,72.04,3.41,3.71,3.08,0.15,1.48,0.05
2016,11,Palau,4.86,668.13,45850.16,2259.18,106.12,115.35,93.55,4.62,46.47,8.43
2016,11,Papua New Guinea,49.33,6582.86,478803.57,23244.52,1070.32,1163.39,990.65,48.85,523.82,206.06
2016,11,Samoa,0.48,37.28,3515.9,157.83,6.46,7.02,6.91,0.35,3.34,0.11
2016,11,Solomon Islands,3.58,361.53,27461.14,1333.6,60.07,65.3,57.56,2.83,27.18,0.94
2016,11,Tokelau,0.33,27.87,2775.72,127.33,4.93,5.36,5.52,0.28,2.65,0.09
2016,11,Tonga,0.8,53.81,4908.52,218.73,9.32,10.13,9.82,0.49,4.78,0.16
2016,11,Tuvalu,1.35,54.03,9246.26,392.21,11.48,12.48,17.67,0.89,8.3,0.3
2016,11,Vanuatu,3.15,181.62,14269.27,594.47,28.72,31.22,26.47,1.39,13.59,0.45
2016,12,Cook Islands,1.19,179.55,11684.98,571.58,28.32,30.78,23.71,1.2,11.61,0.39
2016,12,Fiji,6.63,332.75,25208.8,1081.45,50.81,55.23,47.34,2.5,23.46,0.8
2016,12,Kiribati,6.29,268.43,37585.77,1632.2,51.7,56.19,74.03,3.73,34.23,1.25
2016,12,Marshall Islands,3.51,184.32,16106.29,736.24,31.43,34.16,32.87,1.63,15.52,0.54
2016,12,Micronesia,16.77,2601.2,194665.45,9300.65,424.5,461.41,401.1,19.74,214.17,93.01
2016,12,Nauru,0.81,18.45,4301.48,182.83,4.65,5.05,8.5,0.43,3.88,0.15
2016,12,Niue,0.29,43.84,2878.69,135.97,6.83,7.42,5.69,0.29,2.82,0.09
2016,12,Palau,4.85,628.01,45196.83,2169.16,100.92,109.7,93.61,4.58,50.39,19.73
2016,12,Papua New Guinea,49.16,6726.99,487104.07,23647.79,1092.75,1187.78,1012.68,49.82,536.83,213.09
2016,12,Samoa,0.33,29.75,2576.5,120.93,5.07,5.51,5.22,0.26,2.47,0.09
2016,12,Solomon Islands,4.94,385.63,31257.36,1464.63,62.46,67.9,63.25,3.18,29.8,1.04
2016,12,Tokelau,0.3,28.29,2672.02,126.14,4.97,5.4,5.46,0.27,2.57,0.09
2016,12,Tonga,0.94,94,6453.57,284.08,13.51,14.68,12.15,0.64,5.9,0.2
2016,12,Tuvalu,1.03,42.77,7039.34,287.66,7.33,7.97,12.55,0.67,5.79,0.21
2016,12,Vanuatu,4.27,265.76,18461.79,746.86,37.21,40.44,32.42,1.76,16.53,0.56
2017,1,Cook Islands,0.93,152.09,10316.99,504.89,24.07,26.17,20.55,1.04,10.01,0.34
2017,1,Fiji,4.49,285.09,20914.44,937.9,45.12,49.04,40.25,2.08,20.04,0.67
2017,1,Kiribati,4.78,286.26,34458.1,1586.03,54.66,59.41,70.12,3.47,32.47,1.17
2017,1,Marshall Islands,5.64,239.62,22099.66,997.32,41.19,44.77,44.07,2.22,21.4,2.3
2017,1,Micronesia,15.31,2527.66,193957.66,9218.2,412.96,448.87,398.54,19.61,218.46,110.23
2017,1,Nauru,1.17,21.96,5524.44,236.78,5.88,6.39,11.12,0.56,5.02,0.19
2017,1,Niue,0.26,26.31,2049.79,94.78,4.32,4.7,4.13,0.21,1.97,0.07
2017,1,Palau,4.98,652.15,45305.88,2189.81,103.28,112.26,92.97,4.57,49.33,16.39
2017,1,Papua New Guinea,49.12,6347.16,465088.05,22599.75,1032.7,1122.5,966.49,47.53,520.92,234.17
2017,1,Samoa,0.48,52.21,3948.38,187.78,8.57,9.32,8.09,0.4,3.87,0.13
2017,1,Solomon Islands,4.77,346.1,29012.71,1369,58.71,63.81,59.68,2.97,28.23,0.98
2017,1,Tokelau,0.1,17.64,1481.28,74.85,3.01,3.27,3.06,0.15,1.42,0.05
2017,1,Tonga,0.66,76,5618.98,249.22,12.23,13.29,10.94,0.57,5.45,0.18
2017,1,Tuvalu,0.67,32.18,4667.85,188.47,6.35,6.91,8.76,0.46,4.23,0.15
2017,1,Vanuatu,3.67,220.13,15769.28,665.89,33.94,36.89,29.57,1.56,15.03,0.5
2017,2,Cook Islands,1.26,175.9,11583.08,541.95,27.36,29.73,22.45,1.17,11.31,0.37
2017,2,Fiji,3.91,228.13,16821.01,758.61,36.04,39.18,32.77,1.68,16.13,0.55
2017,2,Kiribati,2.89,220.39,20142.77,902.53,37.74,41.02,39.73,2.03,20.04,3.06
2017,2,Marshall Islands,4.94,192.55,18529.53,831.35,33.68,36.61,37,1.87,17.93,0.79
2017,2,Micronesia,16.27,2223.59,168742.42,8021.54,360.47,391.81,345.47,17.03,185.11,81.87
2017,2,Nauru,1.2,23.72,6362.83,268.44,6.52,7.08,12.74,0.64,5.73,0.22
2017,2,Niue,0.44,28.07,1875.64,95.89,4.47,4.85,3.87,0.19,1.88,0.06
2017,2,Palau,3.66,526.31,35891.47,1730.11,82.64,89.83,72.74,3.59,36.79,6.39
2017,2,Papua New Guinea,42.63,5731.43,415024.37,20120.3,929.46,1010.28,864.41,42.47,461.59,190.85
2017,2,Samoa,0.41,50.2,3353.9,159.12,7.9,8.58,6.72,0.34,3.3,0.11
2017,2,Solomon Islands,3.7,324.02,26120.82,1243.91,54.21,58.93,53.92,2.67,25.4,0.88
2017,2,Tokelau,0.12,17.53,1546,69,2.95,3.2,2.94,0.15,1.45,0.05
2017,2,Tonga,0.96,88.44,5852.09,251.24,13.58,14.76,10.92,0.58,5.7,0.19
2017,2,Tuvalu,0.79,28.59,3704.78,164.25,5.5,5.97,7.12,0.36,3.35,0.12
2017,2,Vanuatu,3,171.08,12178.01,517.92,26.19,28.47,23.03,1.19,11.6,0.39
2017,3,Cook Islands,1.1,190.99,12827.54,618.36,30.37,33.01,25.57,1.32,12.68,0.42
2017,3,Fiji,5.28,285.25,21654.1,973.8,45.72,49.69,42.33,2.17,20.8,0.71
2017,3,Kiribati,2.06,231.6,19484.46,893.17,37.4,40.65,37.84,1.94,18.23,0.63
2017,3,Marshall Islands,4.55,191.56,18162.94,802.87,33.51,36.43,36.53,1.83,18.2,2.84
2017,3,Micronesia,19.77,2586.36,198868.1,9549.46,425.55,462.55,409.57,20.22,214.79,83.77
2017,3,Nauru,0.52,19.45,2659.93,117.28,3.87,4.21,5.37,0.27,2.5,0.09
2017,3,Niue,0.24,47.59,3091.9,146.13,7.55,8.21,6.14,0.32,3.07,0.1
2017,3,Palau,3.95,587.3,41015.47,1998.04,94.29,102.48,85.76,4.21,45.94,16.25
2017,3,Papua New Guinea,49.58,6484.41,473057.03,22984.34,1056.71,1148.6,987.66,48.6,531.75,227.14
2017,3,Samoa,0.33,45.92,3020.99,136.94,7.08,7.69,5.85,0.3,2.94,0.1
2017,3,Solomon Islands,4.54,400.06,31889.81,1518.39,66.56,72.35,65.15,3.24,31.03,1.11
2017,3,Tokelau,0.23,29.79,2327.98,101.73,4.77,5.19,4.4,0.23,2.22,0.07
2017,3,Tonga,0.82,109.15,7424.87,325.24,17.33,18.83,14.33,0.76,7.34,0.24
2017,3,Tuvalu,0.71,34.35,4907.02,204.1,6.73,7.32,9.31,0.48,4.47,0.16
2017,3,Vanuatu,2.64,163.83,12203.67,530.33,25.71,27.95,23.23,1.21,11.64,0.39
2017,4,Cook Islands,1.8,192.68,15032.44,693.35,30.6,33.26,29,1.5,14.31,0.48
2017,4,Fiji,5.81,339.35,25572.17,1087.87,53.72,58.39,47.81,2.52,24.48,0.81
2017,4,Kiribati,3.85,241.01,26317.17,1171.92,43.36,47.13,52.28,2.66,24.56,0.88
2017,4,Marshall Islands,3.82,150.65,14549.6,645.52,26.48,28.78,29.09,1.47,13.88,0.48
2017,4,Micronesia,17.03,2275.13,178146.5,8569.7,377.47,410.29,369.87,18.24,195.92,79.47
2017,4,Nauru,0.87,21.56,4742.99,201.29,5.38,5.85,9.54,0.48,4.33,0.16
2017,4,Niue,0.25,40.84,2718.8,132.24,6.48,7.04,5.46,0.28,2.7,0.09
2017,4,Palau,3.45,547.57,37882.77,1868.9,87.26,94.85,78.31,3.86,41.14,12.62
2017,4,Papua New Guinea,40.05,5632.53,410626.91,19923.27,913.65,993.1,847.71,41.82,454.42,188.09
2017,4,Samoa,0.27,20.25,1503.64,70.19,3.32,3.61,3.09,0.15,1.5,0.05
2017,4,Solomon Islands,4.39,392.43,30244.21,1451.88,64.96,70.61,62.55,3.09,29.72,1.02
2017,4,Tokelau,0.16,14.02,1433.77,66.04,2.55,2.77,2.94,0.15,1.38,0.05
2017,4,Tonga,0.76,97.99,6770.39,295.09,15.55,16.9,13.05,0.69,6.69,0.22
2017,4,Tuvalu,0.68,25.66,4243.44,172.45,5.42,5.89,8.27,0.42,3.9,0.14
2017,4,Vanuatu,2.72,182.58,12668.37,524.51,27.73,30.14,23.11,1.23,12.06,0.39
2017,5,Cook Islands,1.75,154.04,13928.66,625.68,26.76,29.09,27.72,1.4,13.6,0.46
2017,5,Fiji,4.74,206.86,19218.15,821.57,35.43,38.51,36.9,1.88,18.5,0.62
2017,5,Kiribati,4.53,265.67,31043.13,1314.87,45.91,49.9,59,3.07,27.83,1
2017,5,Marshall Islands,4.74,138.86,14953.1,654.57,25.02,27.2,29.72,1.5,13.88,0.49
2017,5,Micronesia,19.56,2574.35,192695.41,9303.95,421.95,458.64,396.98,19.62,206.82,75.32
2017,5,Nauru,0.47,23.98,3866.25,165.84,5.13,5.58,7.75,0.39,3.58,0.13
2017,5,Niue,0.26,27.3,2362.49,103.84,4.71,5.11,4.66,0.24,2.34,0.08
2017,5,Palau,5.65,663.22,46100.38,2256.08,106.25,115.49,96.36,4.73,52.36,20.65
2017,5,Papua New Guinea,48.03,6271.36,447135.52,21791.25,1012.43,1100.47,927.44,45.68,497.56,206.72
2017,5,Samoa,0.42,38.75,2927.85,138.76,6.33,6.88,6.01,0.3,2.87,0.1
2017,5,Solomon Islands,4.65,406.51,29790.78,1431.28,66.2,71.96,61.25,3.05,29.42,1
2017,5,Tokelau,0.31,23.87,1867.52,87.24,3.9,4.24,3.87,0.19,1.82,0.06
2017,5,Tonga,0.84,58.62,5879.38,247.73,10.55,11.47,11.63,0.59,5.77,0.19
2017,5,Tuvalu,1.33,35.93,6456.64,264.05,7.91,8.6,12.79,0.64,5.93,0.22
2017,5,Vanuatu,1.56,126.02,9721.46,405.98,19.93,21.67,17.86,0.94,9.32,0.3
2017,6,Cook Islands,1.57,137.05,13330.61,607.27,24.31,26.42,26.54,1.33,12.97,0.44
2017,6,Fiji,5.55,177.46,22740.47,936.06,34.45,37.44,43.64,2.21,21.89,0.74
2017,6,Kiribati,4.47,196.79,23474.2,1021.31,36.89,40.1,46.55,2.36,21.91,0.78
2017,6,Marshall Islands,2.82,125.58,13266.64,580.78,22.81,24.79,26.88,1.35,13.31,2.62
2017,6,Micronesia,17.37,2674.98,205578.57,9922.38,443.29,481.83,430.9,21.18,231.71,104
2017,6,Nauru,0.99,23.52,4499.81,190.79,5.46,5.94,9.08,0.46,4.13,0.15
2017,6,Niue,0.25,28.03,2398.49,108.2,4.75,5.16,4.68,0.24,2.35,0.08
2017,6,Palau,3.6,623.27,42575.87,2106.63,99.68,108.35,88.32,4.36,45.46,11.41
2017,6,Papua New Guinea,45.72,6468.7,462465.27,22523.42,1045.51,1136.42,968.27,47.46,524.13,229.46
2017,6,Samoa,0.32,40.17,2994.5,143.14,6.59,7.16,6.18,0.31,2.96,0.1
2017,6,Solomon Islands,4.02,376.25,26103.13,1299.43,60.84,66.13,54.8,2.69,26.08,0.89
2017,6,Tokelau,0.17,16.98,1363.48,65.66,2.85,3.1,2.86,0.14,1.34,0.05
2017,6,Tonga,1.51,60.5,8777.47,350.25,12.54,13.64,16.88,0.85,8.54,0.29
2017,6,Tuvalu,1.15,37.04,5549.08,229.82,7.53,8.18,11,0.54,5.24,0.19
2017,6,Vanuatu,2.51,141.06,12587.7,491.43,22.81,24.79,22.55,1.19,11.95,0.39
2017,7,Cook Islands,1.68,145.64,13490.87,598.07,25.44,27.65,26.63,1.35,13.19,0.44
2017,7,Fiji,6.79,176.49,24620.94,1014.76,35.91,39.03,47.9,2.4,23.82,0.81
2017,7,Kiribati,4.36,199.98,26362.82,1130.8,39.15,42.55,52.56,2.68,24.57,0.89
2017,7,Marshall Islands,3.41,160.29,16106.43,705.95,28.33,30.79,32.25,1.63,15.9,2.29
2017,7,Micronesia,16.08,2646.5,197046.68,9542.31,434.44,472.22,413.49,20.31,224.77,104.86
2017,7,Nauru,0.89,22.02,4902.36,199.68,5.47,5.95,9.81,0.5,4.47,0.17
2017,7,Niue,0.27,28.53,2616.58,116.56,5.02,5.45,5.16,0.26,2.58,0.09
2017,7,Palau,4.59,689.22,47838.94,2371.88,110.8,120.44,99.46,4.89,51.1,12.1
2017,7,Papua New Guinea,46.24,6607.52,470940.38,22879.28,1065.68,1158.35,979.69,48.16,528.47,224.05
2017,7,Samoa,0.3,28.69,2322.02,108.3,4.84,5.26,4.81,0.24,2.3,0.08
2017,7,Solomon Islands,4.08,338.27,24508.52,1194.16,55.4,60.21,51.38,2.52,24.5,0.83
2017,7,Tokelau,0.29,29.05,2457.33,113.77,4.96,5.4,5.05,0.25,2.42,0.08
2017,7,Tonga,1.67,61.35,6811.42,287.56,11.51,12.51,13.39,0.68,6.71,0.22
2017,7,Tuvalu,0.93,26.43,4258.3,179.31,5.46,5.94,8.45,0.42,3.96,0.14
2017,7,Vanuatu,2.3,106.12,11518.55,479.3,19.26,20.94,22.39,1.13,11.22,0.38
2017,8,Cook Islands,2.2,161.1,16783.84,711.62,29.18,31.72,32.28,1.65,16.31,0.54
2017,8,Fiji,6.86,227.12,26961.95,1111.08,42.81,46.53,51.79,2.63,25.97,0.88
2017,8,Kiribati,4.33,274.12,29636.52,1289.55,49.76,54.09,58.71,3,27.87,0.99
2017,8,Marshall Islands,3.65,147.61,14954.35,666.57,26.21,28.49,30.17,1.51,14.1,0.5
2017,8,Micronesia,14.78,2663.02,200238.76,9751.99,440.49,478.79,421.84,20.69,230.61,113.48
2017,8,Nauru,1.51,32.03,7945.8,322.85,8.6,9.35,16.2,0.82,7.28,0.28
2017,8,Niue,0.46,26.88,3431.44,142.01,5.29,5.75,6.53,0.33,3.34,0.11
2017,8,Palau,4.77,644.33,49057.43,2357.6,106.05,115.27,99.8,4.95,49.48,6.98
2017,8,Papua New Guinea,41.39,6446.91,457743.84,22499.11,1042.39,1133.03,960.92,47.07,522.02,233.22
2017,8,Samoa,0.27,20.01,1854.35,83.5,3.51,3.81,3.75,0.19,1.82,0.06
2017,8,Solomon Islands,3.82,386.47,27510.91,1354.42,63.03,68.51,57.84,2.83,27.47,0.94
2017,8,Tokelau,0.4,46.51,3530.67,163.85,7.61,8.27,7.1,0.36,3.46,0.12
2017,8,Tonga,1.31,51.51,7176.3,292.48,10.54,11.46,14.05,0.7,7.04,0.24
2017,8,Tuvalu,0.55,21.43,3200.76,138.27,4.34,4.72,6.31,0.32,2.95,0.11
2017,8,Vanuatu,4.37,173.85,17261.55,681.55,29.73,32.32,31.66,1.65,16.56,0.54
2017,9,Cook Islands,1.69,147.32,13366.64,581.95,23.23,25.25,25.18,1.31,12.34,0.42
2017,9,Fiji,6.24,225.88,27053.21,1136.92,43.06,46.81,52.63,2.66,26.16,0.88
2017,9,Kiribati,4.82,265.57,31865.5,1358.33,47.74,51.89,62.85,3.21,29.02,1.06
2017,9,Marshall Islands,3.5,164.61,16186.8,702.64,28.88,31.39,32.62,1.64,15.97,2.55
2017,9,Micronesia,16.01,2628.92,196868.94,9549.06,433.04,470.69,410.16,20.2,219.55,96.32
2017,9,Nauru,0.15,19.49,1826.8,78.94,3.32,3.61,3.62,0.18,1.73,0.06
2017,9,Niue,0.4,30.2,3271.63,139.23,5.58,6.07,6.28,0.32,3.19,0.11
2017,9,Palau,4.65,638.98,50749.93,2408.13,106.22,115.46,102.71,5.1,52.89,13.76
2017,9,Papua New Guinea,40.22,6363.84,457758.33,22187.3,1029.7,1119.24,945.42,46.61,507.17,214
2017,9,Samoa,0.39,37.67,3102.42,143.26,6.4,6.96,6.38,0.31,3.08,0.1
2017,9,Solomon Islands,3.78,401.88,28283.68,1380.27,65.09,70.75,58.95,2.9,28.16,0.96
2017,9,Tokelau,0.21,15.76,1517.13,69.93,2.79,3.04,3.12,0.15,1.47,0.05
2017,9,Tonga,1.28,70.25,8047.81,331.05,13.16,14.31,15.66,0.8,7.82,0.26
2017,9,Tuvalu,0.35,17.5,2332.54,97.73,3.45,3.75,4.62,0.24,2.2,0.08
2017,9,Vanuatu,3.31,156.81,16730.53,661.39,27.98,30.42,31.13,1.62,16.2,0.53
2017,10,Cook Islands,1.56,175.66,13249.41,610.62,28.81,31.31,26.37,1.35,13.03,0.44
2017,10,Fiji,7.6,293.33,30574.57,1252.05,52.04,56.57,57.57,2.98,29.31,0.98
2017,10,Kiribati,4.4,328.7,34085.76,1509.37,59.04,64.17,68.52,3.46,32.76,2.4
2017,10,Marshall Islands,3.15,174,15801,731.13,29.89,32.49,31.74,1.6,15.1,0.52
2017,10,Micronesia,15.15,2446.96,180713.98,8799.38,400.79,435.64,378.7,18.56,202.55,87.67
2017,10,Nauru,0.17,28.94,2217.49,101.28,4.7,5.11,4.43,0.22,2.14,0.07
2017,10,Niue,0.28,35.76,2807.57,129.76,5.97,6.49,5.58,0.28,2.77,0.09
2017,10,Palau,5.42,750.79,56601.7,2716.56,122.76,133.43,116.57,5.73,61.34,20.07
2017,10,Papua New Guinea,44.27,6530.03,471778.17,23135.38,1063.68,1156.17,989.27,48.56,532.17,231.04
2017,10,Samoa,0.33,26.01,2035.12,91.92,4.31,4.68,4.09,0.21,2.01,0.07
2017,10,Solomon Islands,3.9,371.8,27167.91,1310.75,60.81,66.1,56.87,2.79,27.66,2.68
2017,10,Tokelau,0.7,54.39,5081.88,229.84,9.4,10.22,10.06,0.51,4.86,0.17
2017,10,Tonga,1.48,85.56,9117.98,370.03,15.53,16.88,17.42,0.89,8.95,0.3
2017,10,Tuvalu,1.77,78.13,9084.55,370.58,14.15,15.38,17.31,0.9,8.56,0.72
2017,10,Vanuatu,3.18,137.68,14311.25,576.54,23.43,25.46,26.94,1.39,13.53,0.46
2017,11,Cook Islands,1.41,163.8,12646.35,607.92,27.44,29.83,25.95,1.3,12.56,0.43
2017,11,Fiji,5.49,257.28,22017.68,938.95,43.2,46.96,42.82,2.2,21.33,0.72
2017,11,Kiribati,2.72,230.42,22708.85,1026.7,40.91,44.46,45.71,2.3,21.58,0.76
2017,11,Marshall Islands,3.13,141.98,14557.18,635.58,25.28,27.48,29.1,1.47,13.72,0.48
2017,11,Micronesia,16.04,2658.2,198905.99,9660.97,437.41,475.44,416.92,20.49,225.7,102.5
2017,11,Nauru,0.47,17.39,3198.09,132.14,3.95,4.29,6.46,0.33,2.95,0.11
2017,11,Niue,0.13,23.89,1649.08,79.93,3.87,4.21,3.35,0.17,1.65,0.05
2017,11,Palau,4.12,567.14,44547.5,2104.27,93.69,101.83,90.88,4.49,48.3,17.21
2017,11,Papua New Guinea,46.93,6442.11,469304.81,22885.8,1050.93,1142.31,979.07,48.26,528.71,225.24
2017,11,Samoa,0.62,32.57,2570.58,117.42,5.44,5.92,5.33,0.26,2.56,0.09
2017,11,Solomon Islands,5.1,421.26,33466.88,1576.27,70.57,76.71,69.19,3.44,33.01,1.13
2017,11,Tokelau,0.38,19.89,2606.42,118.72,3.91,4.25,5.28,0.26,2.41,0.09
2017,11,Tonga,0.76,67.67,5544.3,240.82,11.4,12.39,11,0.56,5.47,0.18
2017,11,Tuvalu,0.99,43.14,5637.56,230.26,8.23,8.94,10.73,0.55,5.21,0.18
2017,11,Vanuatu,2.39,128.09,11182.36,460.5,21.14,22.98,21.65,1.11,10.77,0.37
2017,12,Cook Islands,1.15,164.33,11707.14,558.44,26.59,28.9,23.51,1.2,11.57,0.39
2017,12,Fiji,5.14,255.22,20022.63,883.03,41.5,45.11,39.39,2,19.41,0.66
2017,12,Kiribati,3.04,259.4,22294.73,1037.54,43.92,47.74,45.12,2.26,21.42,0.74
2017,12,Marshall Islands,3.99,173.06,15388.86,686.18,29.36,31.91,30.77,1.54,15.26,2.07
2017,12,Micronesia,16.3,2708.75,208505.03,10046.53,448.12,487.09,438.09,21.54,245.5,129.39
2017,12,Nauru,0.33,25.22,3430.06,152.87,5.12,5.57,7.04,0.36,3.23,0.12
2017,12,Niue,0.17,28.39,1810.44,90.64,4.51,4.9,3.72,0.19,1.83,0.06
2017,12,Palau,4.97,616.07,48852.29,2269.39,101.05,109.84,98.55,4.88,53.16,20.84
2017,12,Papua New Guinea,43.92,6527.72,478072.99,23271.2,1065.93,1158.62,1005.9,49.33,556.31,274.89
2017,12,Samoa,0.34,25.36,2022.56,90.07,3.86,4.2,3.96,0.2,1.87,0.07
2017,12,Solomon Islands,6.98,454.9,41850.4,1954.2,80.18,87.15,87.27,4.33,40.8,1.44
2017,12,Tokelau,0.43,31.78,3250.88,139.38,4.75,5.16,5.92,0.31,2.77,0.1
2017,12,Tonga,0.73,87.38,5935.41,246.03,10.29,11.19,10.09,0.57,4.74,0.17
2017,12,Tuvalu,0.84,48.26,4989.5,213.57,8.54,9.28,9.62,0.49,4.67,0.16
2017,12,Vanuatu,3.69,210.4,15746.64,620.43,32.41,35.22,28.62,1.51,15.03,0.49
2018,1,Cook Islands,1.17,167.71,11307.29,537.5,26.58,28.89,22.84,1.16,11.15,0.37
2018,1,Fiji,5.11,273.9,21093.34,902.73,41.74,45.37,39.69,2.07,19.58,0.66
2018,1,Kiribati,2.74,288.16,23263.85,1090.95,48.41,52.62,47.39,2.37,22.63,0.78
2018,1,Marshall Islands,3.42,179.23,15141.99,713.79,30.4,33.04,31.05,1.55,14.62,0.51
2018,1,Micronesia,19.41,2434.07,193539.45,9138.46,404.83,440.04,401.77,19.81,220.39,109.8
2018,1,Nauru,0.09,10.54,1161.29,53.48,1.98,2.15,2.38,0.12,1.12,0.04
2018,1,Niue,0.26,25.87,1848.16,82.46,4.07,4.42,3.61,0.19,1.78,0.06
2018,1,Palau,5.27,593.5,48119.59,2245.64,98.25,106.8,97.45,4.84,51.06,14.54
2018,1,Papua New Guinea,44.19,6077.42,450961.58,21769.38,995.08,1081.61,944.11,46.42,523.43,263.01
2018,1,Samoa,0.36,26.15,2401.64,107.29,4.54,4.94,4.89,0.24,2.35,0.08
2018,1,Solomon Islands,4.9,338.97,27328.73,1272.21,56.72,61.65,56.33,2.79,26.71,0.92
2018,1,Tokelau,0.27,26.48,2512.68,116.52,4.66,5.07,5.04,0.25,2.39,0.08
2018,1,Tonga,0.94,67.48,4961.68,200.31,8.37,9.1,8.58,0.47,4.05,0.14
2018,1,Tuvalu,1.37,53.05,6065.54,254.07,9.67,10.51,11.57,0.6,5.62,0.2
2018,1,Vanuatu,2.51,185.78,12656.96,533.2,27.14,29.5,23.2,1.24,11.75,0.39
2018,2,Cook Islands,0.94,160.6,10474.01,485.07,25.01,27.19,20.56,1.07,10.27,0.34
2018,2,Fiji,4.73,256.88,19424.51,842.43,39.28,42.7,36.71,1.91,18.16,0.62
2018,2,Kiribati,2.82,287.69,23931.98,1061.87,47.86,52.02,46.9,2.41,22.93,0.78
2018,2,Marshall Islands,3.01,182.15,15468.27,686.59,30.54,33.2,30.8,1.56,14.84,0.51
2018,2,Micronesia,15.45,2275.91,179453.19,8427.22,376.01,408.7,369.82,18.25,201.91,99.33
2018,2,Nauru,0.96,23.09,4215.78,174.29,5.18,5.63,8.44,0.43,3.86,0.14
2018,2,Niue,0.14,23.41,1479.97,71.5,3.62,3.93,2.94,0.15,1.45,0.05
2018,2,Palau,5.4,604.09,46353.15,2202.24,99.12,107.74,97.01,4.76,54.22,25.67
2018,2,Papua New Guinea,39.34,5754.45,419822.53,20249.96,935.16,1016.48,875.89,43.08,478.17,220.55
2018,2,Samoa,0.34,28.3,2321,105.16,4.76,5.18,4.74,0.24,2.3,0.08
2018,2,Solomon Islands,3.77,348.9,25920.72,1237.6,57.06,62.02,53.71,2.65,25.62,0.88
2018,2,Tokelau,0.18,23.4,1644.95,73.69,3.72,4.04,3.19,0.17,1.61,0.05
2018,2,Tonga,0.64,82.15,5549.91,240.01,12.87,13.99,10.6,0.57,5.42,0.18
2018,2,Tuvalu,1.06,47.16,4345.38,182.7,7.9,8.58,8.25,0.42,4.04,0.14
2018,2,Vanuatu,2.24,147.52,10209.41,439.21,22.64,24.6,19.61,1.01,9.82,0.33
2018,3,Cook Islands,1.23,149.66,9936.4,483.81,23.57,25.62,19.94,1.01,9.79,0.33
2018,3,Fiji,5.11,303.14,22642.4,991.02,45.54,49.5,42.5,2.23,20.96,0.71
2018,3,Kiribati,2.96,256.7,23279.08,1082.4,43.9,47.71,46.99,2.35,22.16,0.78
2018,3,Marshall Islands,3.61,160.46,18589.5,805.7,29.84,32.44,37.84,1.89,19.92,6.95
2018,3,Micronesia,14.75,2238.9,169234.82,8141.91,366.82,398.72,351.59,17.32,188.53,78.94
2018,3,Nauru,1.79,25.33,7271.95,305.17,7.35,7.99,14.99,0.75,6.65,0.26
2018,3,Niue,0.24,35.77,2328.95,112.39,5.57,6.05,4.62,0.24,2.31,0.08
2018,3,Palau,5.44,645.8,48043.25,2306.9,104.84,113.95,98.8,4.89,52.06,15.55
2018,3,Papua New Guinea,44.61,5962.37,423860.35,20772.5,966.37,1050.4,884.48,43.6,468.27,175.95
2018,3,Samoa,0.38,35.57,2984.09,137.15,5.98,6.5,6.06,0.3,2.91,0.1
2018,3,Solomon Islands,4.33,359.17,28812.68,1351.35,60.41,65.66,59.66,2.95,28.42,0.98
2018,3,Tokelau,0.29,19.17,1957.75,82.47,2.66,2.89,3.46,0.18,1.6,0.06
2018,3,Tonga,0.54,56.71,4177.63,185.68,9.16,9.95,8.37,0.42,4.14,0.14
2018,3,Tuvalu,0.87,31.57,4038.53,165.79,5.89,6.4,7.65,0.39,3.69,0.13
2018,3,Vanuatu,2.35,143.62,9764.89,411.86,21.83,23.73,18.17,0.96,9.32,0.31
2018,4,Cook Islands,1.91,200.94,14527.84,691.75,31.65,34.41,28.3,1.46,14.02,0.47
2018,4,Fiji,5.98,306.34,23392.89,1031.63,49.22,53.5,45.49,2.34,22.71,0.76
2018,4,Kiribati,4.52,302.68,28274.32,1236.69,48.75,52.99,54.12,2.81,25.68,0.9
2018,4,Marshall Islands,4.51,174.85,17572.34,781.79,31.32,34.04,35.85,1.8,16.56,0.59
2018,4,Micronesia,18.16,2406.67,183503.45,8783.44,396.53,431.01,382.9,18.83,206.91,92.67
2018,4,Nauru,1.73,33.06,7813.01,323.03,8.45,9.19,15.73,0.8,7.12,0.27
2018,4,Niue,0.22,36.1,2393.38,115.56,5.71,6.2,4.81,0.25,2.4,0.08
2018,4,Palau,3.91,579.34,44285.94,2107.4,94.96,103.22,90.24,4.49,46.93,12.51
2018,4,Papua New Guinea,38.83,5830.36,418037.57,20413.09,944.87,1027.03,869.84,42.87,464.24,181.34
2018,4,Samoa,0.42,25.88,2342.16,103.9,4.45,4.84,4.8,0.24,2.31,0.08
2018,4,Solomon Islands,3.85,336.82,27066.49,1295.34,56.46,61.37,56.01,2.76,26.66,0.92
2018,4,Tokelau,0.46,24.63,1803.69,81.47,3.97,4.32,3.48,0.18,1.76,0.06
2018,4,Tonga,0.7,63.5,4637.68,204.16,10.23,11.12,9.19,0.47,4.59,0.15
2018,4,Tuvalu,1.33,39.22,5505.22,229.23,7.82,8.5,10.88,0.55,5.13,0.18
2018,4,Vanuatu,2.14,147.31,10164.73,425.9,22.27,24.21,18.47,0.99,9.66,0.32
2018,5,Cook Islands,1.56,188.59,16313.64,746.82,31.89,34.66,32.2,1.64,15.95,0.53
2018,5,Fiji,5.92,229.61,22554.36,971.56,40.1,43.58,43.98,2.24,21.77,0.74
2018,5,Kiribati,2.9,251.1,22119.72,1021.29,42.56,46.26,44.26,2.23,21.15,0.74
2018,5,Marshall Islands,3,157.56,16551.28,742.29,28.71,31.2,33.81,1.69,15.68,0.56
2018,5,Micronesia,17.66,2655.64,206120.71,9880.24,440.49,478.8,428.18,21.14,226.74,88.69
2018,5,Nauru,1.41,25.8,6624.75,280.01,7.02,7.63,13.5,0.68,6.04,0.23
2018,5,Niue,0.24,25.63,2546.87,114.33,4.6,5,5.05,0.26,2.52,0.08
2018,5,Palau,3.99,718.26,50233.13,2476.49,115.88,125.96,104.9,5.17,54.55,14.97
2018,5,Papua New Guinea,40.1,6518.56,465856.88,22766.97,1058.4,1150.43,976.69,47.95,525.97,221.28
2018,5,Samoa,0.46,39.74,3345.81,151.87,6.66,7.24,6.74,0.34,3.28,0.11
2018,5,Solomon Islands,5.19,436.01,33234.53,1589.28,72.03,78.3,68.55,3.38,32.84,1.36
2018,5,Tokelau,0.28,22.16,1899.33,89.85,3.74,4.06,3.78,0.19,1.82,0.06
2018,5,Tonga,0.86,66.05,6145.62,260.99,11.34,12.32,11.95,0.61,6.01,0.2
2018,5,Tuvalu,0.94,42.32,5125.13,214.34,7.79,8.47,9.91,0.5,4.79,0.17
2018,5,Vanuatu,2.21,134.99,11686.6,495.98,22.26,24.2,21.96,1.14,11.27,0.37
2018,6,Cook Islands,1.32,144.23,13008.92,595.41,24.84,27,26.01,1.31,12.72,0.43
2018,6,Fiji,6.87,220.76,26299.74,1067.23,40.85,44.4,50.66,2.6,25.28,0.86
2018,6,Kiribati,2.27,232.72,19628.42,929.06,39.02,42.41,39.71,1.99,19.76,3.1
2018,6,Marshall Islands,2.95,118.86,12815.92,564.91,21.38,23.24,25.62,1.29,12.48,1.78
2018,6,Micronesia,19.67,2643.87,208751.83,9950.7,441.46,479.85,437.21,21.54,236.34,106.49
2018,6,Nauru,0.99,31.68,5111.99,218.3,6.81,7.4,10.38,0.53,4.74,0.18
2018,6,Niue,0.27,35.88,2891.09,132.74,5.95,6.46,5.75,0.29,2.84,0.09
2018,6,Palau,4.17,678.02,48578.09,2391.32,110.47,120.07,101.59,5.01,52.62,14.46
2018,6,Papua New Guinea,42.24,6458.62,458571.7,22390.11,1045.69,1136.62,963.46,47.24,520.37,221.84
2018,6,Samoa,0.43,27.08,2449.78,108.22,4.64,5.04,4.95,0.25,2.38,0.08
2018,6,Solomon Islands,3.81,355.57,27431.64,1326.15,59.42,64.59,57.62,2.83,27.39,0.94
2018,6,Tokelau,0.12,13.02,996.7,47.62,2.12,2.3,1.99,0.1,0.97,0.03
2018,6,Tonga,2.14,70.4,9146.93,365.24,13.45,14.62,17.72,0.9,8.82,0.3
2018,6,Tuvalu,0.66,37.43,4181.26,186.68,6.89,7.49,8.55,0.42,4.02,0.14
2018,6,Vanuatu,2.14,101.6,8810.67,377.83,16.75,18.2,16.95,0.87,8.52,0.29
2018,7,Cook Islands,1.85,140.72,14439.05,634.02,24.98,27.15,28.51,1.44,14.01,0.47
2018,7,Fiji,6.21,192.79,23912.01,979.42,36.29,39.44,46.21,2.35,22.95,0.78
2018,7,Kiribati,2.18,216.28,19822.93,911.94,37.39,40.64,40.26,2.01,19.85,2.94
2018,7,Marshall Islands,3.09,151.03,15626.82,707.24,27.31,29.69,31.9,1.6,14.91,0.53
2018,7,Micronesia,16.24,2640.14,205852.87,9868.95,437.24,475.26,429.05,21.13,232.39,104.82
2018,7,Nauru,2.23,28.27,8889.44,364.67,8.53,9.27,17.92,0.9,8.01,0.31
2018,7,Niue,0.35,31.53,2991.13,129.39,5.44,5.91,5.82,0.3,2.91,0.1
2018,7,Palau,5.39,747.68,53392.07,2593.72,118.84,129.18,109.86,5.45,57.29,17.09
2018,7,Papua New Guinea,45.35,6739.57,483797.11,23553.53,1092.24,1187.21,1014.18,49.81,552.61,244.36
2018,7,Samoa,0.26,15.88,1730.34,73.3,2.89,3.14,3.4,0.17,1.68,0.06
2018,7,Solomon Islands,3.42,353.2,26683.26,1295.49,58.57,63.66,56.36,2.75,26.85,1.63
2018,7,Tokelau,0.16,15.36,1175.69,57.42,2.47,2.69,2.38,0.12,1.14,0.04
2018,7,Tonga,1.53,69.34,7506.68,310.4,12.51,13.6,14.69,0.75,7.34,0.25
2018,7,Tuvalu,0.46,20.98,2624.72,112.16,3.93,4.28,5.38,0.26,2.89,1.13
2018,7,Vanuatu,2.07,99.96,9933.36,411.55,17.35,18.86,19.15,0.98,9.8,0.7
2018,8,Cook Islands,2.09,142.3,14879.97,655.23,25.63,27.86,29.53,1.49,14.53,0.49
2018,8,Fiji,6.18,176.14,23991.31,966.45,34.52,37.52,46.43,2.35,23.07,0.79
2018,8,Kiribati,4.32,238.35,27603.3,1221.5,44.45,48.32,55.04,2.79,25.9,0.92
2018,8,Marshall Islands,3.3,186.62,18605.3,832.38,33.39,36.3,38.24,1.91,19.19,4.25
2018,8,Micronesia,16.17,2547.98,194930.61,9313.63,418.97,455.4,406.02,20,222.8,106.98
2018,8,Nauru,1.04,32.9,6062.22,249.65,7.44,8.09,12.13,0.62,5.56,0.21
2018,8,Niue,0.44,34.66,3843.21,166.49,6.39,6.94,7.58,0.38,3.77,0.13
2018,8,Palau,4.85,660.69,48211.15,2304.29,106.3,115.54,99.38,4.91,52.48,17.47
2018,8,Papua New Guinea,47.44,6370.24,462305.36,22281.53,1033.71,1123.6,966.56,47.46,533.43,257.7
2018,8,Samoa,0.32,27.51,2676.91,115.87,4.87,5.3,5.41,0.27,2.64,0.09
2018,8,Solomon Islands,3.9,378.55,28832.62,1366.24,62.69,68.14,60.1,2.95,28.69,1
2018,8,Tokelau,0.18,9.2,1489.71,65.5,1.98,2.15,3.01,0.15,1.39,0.05
2018,8,Tonga,1.52,55.37,7266.74,284.99,10.65,11.58,14.14,0.71,7.1,0.24
2018,8,Tuvalu,0.79,29.13,4896.51,212.74,6.29,6.84,9.94,0.49,4.6,0.17
2018,8,Vanuatu,1.87,90.51,9748.24,407.8,16.35,17.77,19.09,0.97,9.47,0.32
2018,9,Cook Islands,1.7,167.42,14357.83,611.93,25.62,27.85,26.75,1.4,13.17,0.45
2018,9,Fiji,5.81,190.22,24600.81,994.72,36.65,39.84,47.4,2.41,24.09,1.82
2018,9,Kiribati,4.72,251.04,28660.87,1249.76,43.54,47.33,55.65,2.86,25.87,0.93
2018,9,Marshall Islands,3.7,191.42,18346.57,829.33,33.29,36.19,37.34,1.86,18.85,4.45
2018,9,Micronesia,16.9,2460.74,187460.44,9006.63,404.06,439.19,391.86,19.23,212.23,97.44
2018,9,Nauru,0.91,28.28,6412.72,267.44,7.16,7.78,12.84,0.66,5.83,0.22
2018,9,Niue,0.29,26.27,2462.43,107.67,4.54,4.94,4.81,0.24,2.41,0.08
2018,9,Palau,4.12,705.8,52169.27,2488.51,113.62,123.5,106.16,5.25,56.31,20.24
2018,9,Papua New Guinea,40.07,6240.54,444821.81,21707.59,1006.98,1094.54,932.17,45.73,512.05,233.97
2018,9,Samoa,0.33,37.2,2970.2,136.85,6.21,6.75,6.07,0.3,2.94,0.1
2018,9,Solomon Islands,3.35,340.11,25871.25,1230.97,56,60.87,53.79,2.63,25.56,0.95
2018,9,Tokelau,0.2,13.21,1480.14,66.41,2.43,2.64,2.96,0.15,1.4,0.05
2018,9,Tonga,1.36,59.3,6657.43,278.15,10.92,11.87,13.2,0.66,6.56,0.22
2018,9,Tuvalu,0.76,25.99,3637.73,155.65,5.14,5.59,7.27,0.36,3.39,0.12
2018,9,Vanuatu,2.65,148.73,14099.28,564.37,24.92,27.08,26.18,1.37,13.76,1.02
2018,10,Cook Islands,1.53,180.13,14343.43,659.64,29.85,32.45,28.51,1.46,14.07,0.47
2018,10,Fiji,5.86,268.57,25012.99,1051.6,45.68,49.65,48,2.47,24.15,0.81
2018,10,Kiribati,5.09,366.59,37617.51,1652.14,65.17,70.84,74.13,3.8,35.36,1.73
2018,10,Marshall Islands,2.59,185.69,16507.94,754.88,31.71,34.46,33.6,1.68,16.62,2.7
2018,10,Micronesia,15.42,2472.67,188364.07,9048.74,407.28,442.69,396.66,19.45,219.45,108.9
2018,10,Nauru,0.83,36.46,5167.87,220.21,7.32,7.96,10.34,0.52,4.77,0.17
2018,10,Niue,0.29,38.83,3003.12,140.97,6.42,6.97,6.01,0.31,2.97,0.1
2018,10,Palau,3.95,777.05,54809.24,2628.46,123.74,134.5,112.54,5.56,60.15,22.98
2018,10,Papua New Guinea,42.6,6646.01,482696.33,23364.33,1079.47,1173.33,1009.64,49.62,554.97,259.15
2018,10,Samoa,0.55,40.41,2779.25,129.02,6.4,6.96,5.69,0.28,2.77,0.09
2018,10,Solomon Islands,3.77,378.91,28957.28,1400.76,62.93,68.4,60.68,2.97,28.56,1.43
2018,10,Tokelau,0.5,25.9,3313.92,133.59,4.87,5.29,6.24,0.33,3.06,0.11
2018,10,Tonga,1.62,119.01,10433.97,412.59,19.67,21.38,19.21,1.03,10.09,0.33
2018,10,Tuvalu,1.1,33.79,5923.05,247.14,7.35,7.99,11.64,0.59,5.48,0.2
2018,10,Vanuatu,2.68,147.41,13150.36,544.04,24.55,26.68,25.2,1.31,12.68,0.43
2018,11,Cook Islands,2.03,163.26,12523.81,569.63,26.57,28.88,24.72,1.27,12.18,0.41
2018,11,Fiji,3.97,177.7,16072.64,700.6,30.41,33.06,31.74,1.61,15.59,0.53
2018,11,Kiribati,4.89,295.92,32253.86,1443.64,53.85,58.53,64.53,3.25,30.33,1.08
2018,11,Marshall Islands,3,163.78,15115.8,657.75,27.59,29.99,29.42,1.5,14.13,0.49
2018,11,Micronesia,14.1,2483.17,188517.3,9032.36,408.69,444.23,393.82,19.39,214.33,99.73
2018,11,Nauru,0.28,22.4,2359,103.84,4.01,4.36,4.75,0.24,2.22,0.08
2018,11,Niue,0.34,22.96,1605.51,75.79,3.69,4.01,3.26,0.16,1.59,0.05
2018,11,Palau,3.62,657.67,47803.07,2276.44,104.76,113.87,97.2,4.82,53.74,24.64
2018,11,Papua New Guinea,44.31,6279.56,465692.94,22300.42,1024.64,1113.74,965.63,47.66,530.06,250.51
2018,11,Samoa,0.68,42.46,3237.63,145.97,6.93,7.53,6.49,0.33,3.19,0.11
2018,11,Solomon Islands,3.66,369.48,28094.02,1341.44,61.36,66.69,58.99,2.9,27.85,1.07
2018,11,Tokelau,0.24,11.86,1384.08,54.84,2.17,2.36,2.62,0.14,1.29,0.04
2018,11,Tonga,0.77,59.87,4691.71,203.13,9.76,10.61,9.23,0.47,4.58,0.15
2018,11,Tuvalu,1.11,39.87,5296.62,219.96,7.65,8.32,10.16,0.52,4.92,0.17
2018,11,Vanuatu,2.36,120.86,10039.93,423.9,19.53,21.23,19.62,1,9.63,0.33
2018,12,Cook Islands,1.74,165.95,13145.31,622.31,27.54,29.94,26.48,1.33,12.87,0.44
2018,12,Fiji,4.06,249.52,18986.16,840.73,39.59,43.04,36.54,1.88,18.18,0.61
2018,12,Kiribati,4.9,381.6,31514.61,1431.31,61.68,67.05,62.41,3.16,29.67,1.03
2018,12,Marshall Islands,4.06,199.53,16831.42,752.54,33.28,36.17,33.75,1.7,15.93,0.56
2018,12,Micronesia,16.51,2613.55,197943.01,9412,427.11,464.24,410.27,20.2,224.38,106.48
2018,12,Nauru,0.34,28.28,3049.17,134.21,5.16,5.61,6.17,0.31,2.88,0.1
2018,12,Niue,0.15,25.46,1721.71,85.77,4.05,4.4,3.47,0.17,1.71,0.06
2018,12,Palau,3.98,613.21,44260.97,2112.45,98.19,106.72,90.53,4.47,49.65,22.2
2018,12,Papua New Guinea,44.18,6581.5,486318.25,23408.12,1072.81,1166.1,1009.75,49.8,552.62,252.14
2018,12,Samoa,0.65,33.64,2756.53,120.69,5.52,6,5.48,0.28,2.67,0.09
2018,12,Solomon Islands,5.26,428.95,32951.24,1564.86,68.99,74.99,67.3,3.35,31.73,1.4
2018,12,Tokelau,0.28,28.83,2550.44,120.71,4.86,5.28,5.13,0.26,2.41,0.08
2018,12,Tonga,0.65,61.33,4510.25,202.03,9.75,10.6,8.99,0.45,4.42,0.15
2018,12,Tuvalu,2.24,78.51,9492.24,388.75,12.35,13.42,17.47,0.92,8.07,0.29
2018,12,Vanuatu,3.15,157.9,11858.34,483.91,22.85,24.84,21.57,1.14,10.8,0.37
2019,1,Cook Islands,1.57,206.03,15860.89,775.05,34.19,37.17,32.4,1.63,15.66,0.53
2019,1,Fiji,3.34,225.95,17595.39,778.36,36.53,39.71,34.19,1.75,16.91,0.57
2019,1,Kiribati,4.74,371.08,33999.78,1581.5,64.29,69.88,69.12,3.46,32.59,1.14
2019,1,Marshall Islands,4.9,214.86,17928.97,836.81,36.48,39.65,37.14,1.85,18.02,2.26
2019,1,Micronesia,16.23,2450.18,189201.05,8985.58,400.88,435.74,393.91,19.35,221.87,122.03
2019,1,Nauru,0.83,31.23,4401.65,191.32,6.23,6.77,8.78,0.44,4.07,0.15
2019,1,Niue,0.14,22.33,1644.75,79.1,3.66,3.98,3.39,0.17,1.61,0.06
2019,1,Palau,4.04,622.52,42950.71,2080.69,98.03,106.56,86.13,4.28,43.95,10.6
2019,1,Papua New Guinea,44.06,6408.51,478183.99,22955.85,1044.71,1135.56,995.23,48.94,553.6,279.7
2019,1,Samoa,0.61,31.56,2603.08,120.57,5.29,5.75,5.27,0.26,2.55,0.09
2019,1,Solomon Islands,3.77,422.97,31510.08,1505.72,69.05,75.06,64.94,3.2,31.6,3.9
2019,1,Tokelau,0.2,17.03,1891.36,86.59,3.13,3.4,3.75,0.19,1.78,0.06
2019,1,Tonga,0.8,65.61,5488.74,245.05,11,11.95,11.13,0.56,5.37,0.18
2019,1,Tuvalu,1.09,59.23,5873.86,269.73,10.44,11.35,11.9,0.59,5.6,0.2
2019,1,Vanuatu,2.85,176.98,12334.97,503.33,26.85,29.18,22.13,1.18,11.75,0.38
2019,2,Cook Islands,1.62,232.55,15662.7,677.84,29.73,32.32,27.52,1.52,13.12,0.45
2019,2,Fiji,3.31,234.26,17023.07,746.13,37.02,40.23,32.68,1.69,16.46,0.55
2019,2,Kiribati,4.95,338.14,31586.02,1405.17,58.05,63.1,62.06,3.16,29.87,1.04
2019,2,Marshall Islands,3.51,179.74,16770,745.27,30.82,33.5,33.92,1.69,17.15,3.81
2019,2,Micronesia,11.79,2054.93,156700.62,7392.14,333.32,362.31,323.18,15.88,181.35,98.88
2019,2,Nauru,0.67,28.34,3854.74,167.92,5.62,6.1,7.87,0.39,3.6,0.13
2019,2,Niue,0.27,26,1716.24,74.3,4.02,4.37,3.45,0.17,1.68,0.06
2019,2,Palau,3.91,579.84,40838.55,1968.82,91.88,99.87,83.03,4.1,43.69,13.8
2019,2,Papua New Guinea,40.81,5443.12,406878.64,19332.24,882.22,958.94,841.28,41.36,469,240.32
2019,2,Samoa,0.76,22.57,1835.76,77.84,3.65,3.97,3.51,0.18,1.76,0.06
2019,2,Solomon Islands,3.25,273.54,19878.65,972.63,44.43,48.29,41.85,2.02,19.59,0.68
2019,2,Tokelau,0.35,27.71,1918.51,85.77,4.42,4.8,3.75,0.2,1.87,0.06
2019,2,Tonga,0.96,83.84,5518.78,227.63,12.79,13.9,10.26,0.55,5.33,0.18
2019,2,Tuvalu,1.02,51.68,3917.42,168.67,8.24,8.96,7.43,0.38,3.76,0.12
2019,2,Vanuatu,1.97,118.73,8509.43,354.83,18.42,20.02,15.98,0.83,8.21,0.27
2019,3,Cook Islands,1.45,205.7,14685.4,710.35,33.29,36.19,29.85,1.5,14.49,0.49
2019,3,Fiji,3.54,195.81,15594.3,684.29,32.07,34.86,30.76,1.56,15.09,0.51
2019,3,Kiribati,4.63,359.77,30843.86,1359.88,57.74,62.76,60.02,3.06,28.72,1
2019,3,Marshall Islands,4.79,199.8,16845.34,744.39,33,35.87,34.23,1.69,17.4,3.54
2019,3,Micronesia,13.94,2344.97,181142.51,8528.26,385.4,418.91,376.18,18.51,209.44,111.67
2019,3,Nauru,0.8,30.94,4350.86,187.56,6.22,6.76,8.77,0.44,4.05,0.15
2019,3,Niue,0.1,20.92,1364.05,65.43,3.35,3.64,2.81,0.14,1.38,0.05
2019,3,Palau,3.44,641.76,44226.68,2168.41,101.98,110.85,91.24,4.5,48.23,15.64
2019,3,Papua New Guinea,42.93,6271.26,472203.14,22519.38,1024.72,1113.82,978.45,48.31,542.76,267.06
2019,3,Samoa,0.85,38.08,2601.12,115.46,5.97,6.49,5.27,0.26,2.54,0.09
2019,3,Solomon Islands,4.3,402.07,30234.3,1490.53,66.85,72.66,63.89,3.13,30.06,1.04
2019,3,Tokelau,0.1,14.31,1193.88,58.45,2.5,2.71,2.54,0.13,1.19,0.04
2019,3,Tonga,0.89,82.07,5612.67,252.34,13.07,14.21,11.33,0.58,5.56,0.19
2019,3,Tuvalu,0.84,48.89,4627.67,204.11,8.57,9.32,9.3,0.47,4.46,0.15
2019,3,Vanuatu,1.84,126.64,9240.47,414.28,20.18,21.93,18.23,0.93,9.01,0.3
2019,4,Cook Islands,2.15,199.51,13922.36,644.46,31.67,34.42,27.53,1.41,13.64,0.45
2019,4,Fiji,3.94,230.76,18776.55,828.67,37.73,41.01,36.31,1.87,18.04,0.61
2019,4,Kiribati,6.12,373.38,37044.49,1596.62,64.74,70.37,72.66,3.75,34.74,1.22
2019,4,Marshall Islands,3.22,142.31,12671.91,580.56,24.45,26.58,25.91,1.29,11.99,0.43
2019,4,Micronesia,15.7,2408.32,178995.65,8546.95,390.87,424.86,370.35,18.2,201.14,94.05
2019,4,Nauru,0.75,32.22,4039.02,176.64,6.2,6.74,8.24,0.41,3.79,0.14
2019,4,Niue,0.58,38.73,2576.4,124.24,6.2,6.74,5.25,0.27,2.57,0.09
2019,4,Palau,3.44,678.69,46273.02,2253.1,107.52,116.87,94.64,4.68,49.26,15.67
2019,4,Papua New Guinea,41.87,6187.27,457021.8,21869.9,1003.24,1090.48,938.41,46.39,512.01,239.45
2019,4,Samoa,0.55,30.28,2212.62,94.56,4.77,5.19,4.18,0.22,2.14,0.07
2019,4,Solomon Islands,3.57,373.58,26858.87,1316.92,60.97,66.27,56.19,2.75,26.66,1.01
2019,4,Tokelau,0.24,28.15,2391.52,105.72,4.77,5.18,4.73,0.24,2.32,0.08
2019,4,Tonga,1.18,79.84,5546.28,249.69,12.66,13.76,10.94,0.56,5.46,0.18
2019,4,Tuvalu,1.05,50.87,6324.05,267.48,9.7,10.54,12.45,0.64,5.94,0.21
2019,4,Vanuatu,1.43,114.3,8417.18,350.19,17.03,18.51,15.35,0.81,7.8,0.26
2019,5,Cook Islands,1.42,169.59,14482.11,664.42,28.39,30.85,28.6,1.45,14.14,0.47
2019,5,Fiji,3.29,183.44,15739.06,711.95,30.6,33.26,30.91,1.57,15.14,0.51
2019,5,Kiribati,6.17,357.8,36307.54,1573.55,59.93,65.14,70.34,3.61,33.2,1.18
2019,5,Marshall Islands,3.47,193.95,17146.35,772.07,32.84,35.7,35.37,1.76,18.99,7.6
2019,5,Micronesia,16.89,2590.48,201145.51,9592.01,427.69,464.88,419.39,20.66,232.6,118.58
2019,5,Nauru,0.44,30.31,3115.74,136.02,5.38,5.85,6.21,0.31,2.93,0.1
2019,5,Niue,0.19,25.27,1947.26,90.01,4.17,4.54,3.91,0.2,1.95,0.06
2019,5,Palau,3.88,691.33,45811.33,2262.53,107.79,117.17,93.17,4.62,46.72,9.54
2019,5,Papua New Guinea,46.15,6497.83,473171.03,22639.34,1047.94,1139.06,976.27,48.07,537.41,258.93
2019,5,Samoa,0.3,23.55,1941.84,89.3,3.93,4.27,3.95,0.2,1.91,0.07
2019,5,Solomon Islands,3.98,366.75,26286.48,1305.32,59.6,64.78,55.13,2.69,26.12,0.89
2019,5,Tokelau,0.18,10.49,964.88,39.46,1.75,1.9,1.84,0.09,0.91,0.03
2019,5,Tonga,0.6,63.72,5096.99,229.57,10.48,11.39,10.07,0.52,4.99,0.17
2019,5,Tuvalu,0.76,45.14,4474,199.23,7.84,8.52,8.7,0.44,4.21,0.15
2019,5,Vanuatu,1.03,104.43,7799.3,352.86,16.58,18.02,15,0.77,7.54,0.25
2019,6,Cook Islands,1.47,127.03,12366.46,556.08,22.53,24.49,25.04,1.25,12.19,0.41
2019,6,Fiji,3.71,193.61,17685.6,739.2,31.51,34.25,32.67,1.71,16.62,0.55
2019,6,Kiribati,4.51,301.54,31290.96,1389.38,53.82,58.5,62.55,3.15,29.72,1.52
2019,6,Marshall Islands,4.27,173.67,15496.83,683.88,29.35,31.9,31.34,1.57,15.93,4.23
2019,6,Micronesia,15,2545.26,188149.91,9067.72,415.09,451.18,392.93,19.33,215.99,102.81
2019,6,Nauru,0.92,32.28,4586.53,190.76,6.4,6.96,9.09,0.46,4.23,0.15
2019,6,Niue,0.22,23.41,2478.25,109.49,4.22,4.59,4.88,0.25,2.43,0.08
2019,6,Palau,3.87,666.48,44733.39,2216.56,105.01,114.14,93.6,4.58,49.77,17.66
2019,6,Papua New Guinea,46.91,6770.45,485660.58,23530.62,1091.8,1186.74,1012.66,49.75,553.41,242.7
2019,6,Samoa,0.29,16.27,1363.08,59.96,2.71,2.94,2.76,0.14,1.34,0.05
2019,6,Solomon Islands,3.75,333.96,24324.05,1187.79,54.37,59.1,50.78,2.48,24.07,0.83
2019,6,Tokelau,0.12,6.37,699.08,28.31,1.12,1.22,1.36,0.07,0.66,0.02
2019,6,Tonga,0.85,60.32,5950.6,241,10.34,11.24,11.23,0.58,5.75,0.19
2019,6,Tuvalu,0.27,17.74,1879.44,82.43,3.26,3.55,3.82,0.19,1.81,0.06
2019,6,Vanuatu,1.87,106.22,8048.91,360.04,16.89,18.36,15.51,0.79,7.75,0.26
2019,7,Cook Islands,1.42,147.38,13432.14,604.06,25.2,27.39,26.93,1.34,13.15,0.45
2019,7,Fiji,3.97,162.37,17037.24,726.36,28.72,31.22,33.5,1.68,16.4,0.56
2019,7,Kiribati,5.02,242.02,32175.43,1409.47,47.27,51.38,64.49,3.25,29.93,1.08
2019,7,Marshall Islands,3.62,203.82,16873.01,759.15,33.58,36.5,33.6,1.69,16.04,0.55
2019,7,Micronesia,14.68,2655.69,199544.76,9644.91,436.9,474.89,420.87,20.7,232.45,111.33
2019,7,Nauru,0.69,21.47,4021.03,166.34,4.86,5.28,8.01,0.41,3.67,0.14
2019,7,Niue,0.15,23.73,1981.21,87.91,3.96,4.3,3.93,0.2,1.96,0.06
2019,7,Palau,2.8,620.6,42048.01,2048.14,98.26,106.81,85.21,4.23,43.08,9.96
2019,7,Papua New Guinea,43.64,6743.39,488032.57,23547.65,1093.65,1188.75,1017.82,50.05,552.32,238.78
2019,7,Samoa,0.35,25.56,2089.75,93.99,4.25,4.62,4.24,0.21,2.05,0.07
2019,7,Solomon Islands,3.45,364.98,26309.58,1285.62,59.63,64.82,55.66,2.71,26.24,0.9
2019,7,Tokelau,0.22,9.66,1114.96,47.31,1.8,1.95,2.27,0.11,1.08,0.04
2019,7,Tonga,0.59,50.93,4557.51,195.4,8.62,9.37,9.01,0.45,4.46,0.15
2019,7,Tuvalu,0.55,23.83,3346.99,137.46,4.7,5.11,6.62,0.33,3.14,0.11
2019,7,Vanuatu,1.48,107.71,9136.24,397.83,17.68,19.22,17.68,0.9,8.78,0.3
2019,8,Cook Islands,2.04,168.26,16688.34,731.14,29.64,32.22,33.27,1.67,16.37,0.56
2019,8,Fiji,4.95,154.17,16809.69,739.77,28.04,30.48,33.45,1.67,16.3,0.56
2019,8,Kiribati,3.83,257.6,27406.06,1227.14,46.49,50.53,55.84,2.76,26.09,0.93
2019,8,Marshall Islands,2.46,186.35,17276.1,802.28,32.11,34.9,34.88,1.75,16.42,0.58
2019,8,Micronesia,16.22,2453,193147.05,9155.26,407.04,442.43,404,19.89,221.29,106.01
2019,8,Nauru,0.81,34.21,5663.04,239.33,7.3,7.94,11.14,0.57,5.2,0.19
2019,8,Niue,0.25,23.16,2786.39,116.71,4.36,4.74,5.39,0.28,2.73,0.09
2019,8,Palau,3.23,662.92,46802.28,2255.17,106.07,115.29,97.61,4.79,54.15,26.07
2019,8,Papua New Guinea,43.01,6474.9,465807.26,22568.86,1050.13,1141.44,977.96,47.97,536.81,248.94
2019,8,Samoa,0.65,23.1,1963.01,89.49,3.91,4.25,4.11,0.2,1.94,0.07
2019,8,Solomon Islands,3.02,336.81,24374.79,1203.36,55.12,59.91,51.54,2.51,24.3,0.84
2019,8,Tokelau,0.22,12.5,1526.57,66.14,2.35,2.55,3.08,0.15,1.43,0.05
2019,8,Tonga,0.75,46.57,5139.24,214.67,8.49,9.22,10.16,0.51,5.07,0.17
2019,8,Tuvalu,1.12,26.99,5311.03,225.48,6.15,6.69,10.96,0.52,4.98,0.19
2019,8,Vanuatu,1.58,95.54,8008.42,354.61,15.9,17.29,15.86,0.8,7.85,0.26
2019,9,Cook Islands,1.78,155.21,14471.94,613.84,24.7,26.85,27.63,1.42,13.5,0.46
2019,9,Fiji,4.2,149.61,16046.03,677.66,26.69,29.01,30.93,1.57,15.42,0.52
2019,9,Kiribati,4.71,362.79,34668.57,1480.84,59.6,64.78,66.64,3.43,31.8,1.11
2019,9,Marshall Islands,2.41,148.49,13767.97,604.56,25.4,27.61,27.51,1.39,12.97,0.52
2019,9,Micronesia,13.63,2281.3,175173.34,8265.51,374.65,407.23,361.04,17.81,195.36,92.91
2019,9,Nauru,0.25,21.02,2664.43,109.78,4,4.35,5.25,0.27,2.46,0.09
2019,9,Niue,0.24,26.04,2625.38,113.14,4.61,5.01,5.11,0.26,2.57,0.09
2019,9,Palau,3.85,695.5,48987.87,2368.75,110.96,120.61,100.56,4.96,54.26,22.69
2019,9,Papua New Guinea,44.89,6221.34,456084.89,21778.84,1008.4,1096.08,938.19,46.25,505.23,224.53
2019,9,Samoa,0.6,34.47,2615.5,119.77,5.64,6.13,5.36,0.26,2.59,0.09
2019,9,Solomon Islands,3.09,350.13,25140.47,1224.99,56.57,61.49,52.45,2.56,24.79,0.85
2019,9,Tokelau,0.2,14.06,1499.11,59.36,2.45,2.66,2.8,0.15,1.4,0.05
2019,9,Tonga,0.91,61.88,6860.23,278.45,11.18,12.15,13.23,0.68,6.71,0.22
2019,9,Tuvalu,1.18,25.42,5036.39,209.75,5.87,6.38,10.34,0.5,4.74,0.18
2019,9,Vanuatu,1.1,85.37,7381.55,328.05,14.24,15.48,14.36,0.73,7.09,0.24
2019,10,Cook Islands,1.5,187.46,14638.19,671.4,30.89,33.58,29.26,1.49,14.41,0.49
2019,10,Fiji,4.83,230.21,22516.23,907.91,39.11,42.51,41.8,2.17,21.41,0.71
2019,10,Kiribati,6.03,392.16,41938.33,1826.27,70.42,76.54,82.4,4.22,39.27,1.39
2019,10,Marshall Islands,2.81,230.53,19462.23,864.41,38.23,41.56,39.11,1.97,19.89,4.93
2019,10,Micronesia,15.9,2607.3,199066.32,9480.94,429.55,466.9,414.42,20.4,224.48,105.56
2019,10,Nauru,0.42,33.55,3544.36,148.11,5.86,6.37,6.77,0.35,3.3,0.11
2019,10,Niue,0.14,18.97,1677.53,75.85,3.23,3.51,3.33,0.17,1.65,0.06
2019,10,Palau,3.2,650.36,45139.87,2233.29,104.24,113.31,93.9,4.63,49.83,17.52
2019,10,Papua New Guinea,44.9,6769.48,488443.31,23471.09,1096.25,1191.57,1011.28,49.82,549.72,249.62
2019,10,Samoa,0.7,33.46,2646.95,118.64,5.49,5.96,5.32,0.27,2.55,0.09
2019,10,Solomon Islands,3.77,357.72,25678.51,1252.17,58.68,63.78,54.72,2.65,25.8,0.89
2019,10,Tokelau,0.23,11.67,1367.13,55.61,2.14,2.33,2.63,0.14,1.29,0.04
2019,10,Tonga,1.67,125.19,10897.78,427.61,20.77,22.57,20.03,1.08,10.61,0.35
2019,10,Tuvalu,1.42,39.16,8107.52,340.43,9.24,10.04,15.95,0.81,7.36,0.28
2019,10,Vanuatu,2.17,124.26,10250.23,421.51,19.31,20.99,19,1,9.64,0.32
2019,11,Cook Islands,1.18,165.9,11765.33,571.31,26.7,29.02,23.8,1.2,11.58,0.39
2019,11,Fiji,5.25,284.75,22714.37,971.65,46.16,50.17,43.42,2.25,21.92,0.73
2019,11,Kiribati,5.43,282.91,34506.2,1512.62,53.79,58.47,69.48,3.49,32.2,1.16
2019,11,Marshall Islands,2.71,172.32,15809,694.62,29.27,31.81,30.77,1.56,14.46,0.55
2019,11,Micronesia,14.5,2501.11,191308.79,9094.58,410.53,446.23,394.91,19.53,214.18,94.1
2019,11,Nauru,1.14,39.21,7219.04,301.03,8.86,9.63,14.54,0.74,6.6,0.25
2019,11,Niue,0.33,29.18,2062.81,95.05,4.63,5.04,4.15,0.21,2.03,0.07
2019,11,Palau,3.26,648.85,44932.52,2189.67,103.29,112.27,91.42,4.54,47.47,13.49
2019,11,Papua New Guinea,40.21,6734.46,485570.49,23519.12,1090.97,1185.84,1005.79,49.68,545.48,232.32
2019,11,Samoa,0.71,26.86,2046.53,92.7,4.36,4.74,4.2,0.21,2.02,0.07
2019,11,Solomon Islands,3.89,367.52,26817.93,1296.4,60.64,65.91,57.16,2.77,26.92,0.93
2019,11,Tokelau,0.21,13.17,1491.67,65.8,2.47,2.68,3.03,0.15,1.43,0.05
2019,11,Tonga,1.03,66.68,5648.56,236.04,10.96,11.92,10.92,0.56,5.46,0.18
2019,11,Tuvalu,2.11,49.91,9863.87,404.86,11.33,12.32,19.49,0.96,8.87,0.33
2019,11,Vanuatu,2.23,145.37,11314.16,459.14,23,25,21.16,1.11,10.9,0.36
2019,12,Cook Islands,2.09,198.33,13848.59,668.59,31.45,34.18,28.2,1.4,13.55,0.46
2019,12,Fiji,4.97,239.41,19020.9,843.33,38.9,42.28,37.77,1.9,18.33,0.63
2019,12,Kiribati,5.2,348.95,35473.85,1600.1,59.56,64.74,70.4,3.55,34.5,5.48
2019,12,Marshall Islands,2.58,169.33,14465.69,684.51,28.29,30.75,29.26,1.48,15.24,2.57
2019,12,Micronesia,15.49,2528.07,194920.39,9231.58,414.47,450.51,401.93,19.83,219.46,106.02
2019,12,Nauru,0.57,34.75,4542.71,194.52,6.68,7.26,9,0.46,4.19,0.15
2019,12,Niue,0.58,28.88,2012.21,91.18,4.53,4.93,4.03,0.21,1.96,0.07
2019,12,Palau,3.55,667.28,46481.18,2263.08,105.73,114.92,94.34,4.67,49.48,15.66
2019,12,Papua New Guinea,37.81,6894.07,496099.91,24174.78,1119.64,1217,1032.33,50.92,559.14,242.79
2019,12,Samoa,0.89,31.33,2428.07,113.32,5.16,5.61,4.95,0.25,2.4,0.08
2019,12,Solomon Islands,4.61,427.77,32261.28,1507.84,68.66,74.63,66.03,3.32,31.28,1.08
2019,12,Tokelau,0.12,12.99,1371.94,59.26,2.22,2.41,2.59,0.13,1.26,0.04
2019,12,Tonga,0.98,68.89,4933.7,216.53,10.92,11.87,9.74,0.5,4.82,0.16
2019,12,Tuvalu,1.75,69.46,9259.33,394.36,11.74,12.76,17.57,0.89,8.02,0.3
2019,12,Vanuatu,3.33,205.29,14574.19,601.67,27.86,30.29,25.7,1.4,12.74,0.43
2020,1,Cook Islands,1.4,174.28,11993.91,581.45,27.92,30.35,24.6,1.23,11.91,0.4
2020,1,Fiji,5.07,257.01,19441.18,814.43,40.82,44.37,36.85,1.91,18.68,0.62
2020,1,Kiribati,5.71,412.57,39282.77,1821.21,72.94,79.28,80.78,4.04,37.71,1.34
2020,1,Marshall Islands,2.9,196.46,16467.24,774.94,32.92,35.78,33.24,1.68,15.79,0.72
2020,1,Micronesia,12.99,2358.63,175511,8268.82,380.95,414.08,358.96,17.75,195.94,90.65
2020,1,Nauru,0.48,43.38,3979.71,182.25,7.57,8.22,8.32,0.41,3.9,0.14
2020,1,Niue,0.22,28.53,1949.66,90.94,4.56,4.96,3.97,0.2,1.94,0.07
2020,1,Palau,3.03,593.81,42020.16,2019.52,94.41,102.62,86.63,4.26,48.45,23.54
2020,1,Papua New Guinea,36.18,5786.44,429913.69,20348.2,939.54,1021.24,886.22,43.71,490.37,243.57
2020,1,Samoa,0.95,20.27,1516.26,69.22,3.33,3.62,3.15,0.15,1.51,0.05
2020,1,Solomon Islands,4.71,330.91,29340.16,1352.99,56.98,61.93,60.22,2.99,28.41,0.99
2020,1,Tokelau,0.11,14.99,1150.2,53.67,2.53,2.75,2.41,0.12,1.16,0.04
2020,1,Tonga,0.43,46.03,3334.9,144.54,7.37,8.01,6.59,0.34,3.29,0.11
2020,1,Tuvalu,0.96,46.73,5101.49,226.2,8.64,9.39,10.25,0.52,4.84,0.17
2020,1,Vanuatu,2.78,161.18,11359.74,461.93,24.36,26.47,21.14,1.12,10.82,0.36
2020,2,Cook Islands,1.45,204.55,13136.86,607.88,31.64,34.39,25.96,1.34,12.88,0.43
2020,2,Fiji,3.9,247.55,18103.44,817.11,39.66,43.11,36.04,1.85,17.67,0.6
2020,2,Kiribati,6.97,355.01,34697.38,1525.97,61.42,66.76,68.07,3.45,32.39,1.51
2020,2,Marshall Islands,2.5,140.73,12019.26,545.16,23.04,25.05,23.31,1.17,11.37,1.21
2020,2,Micronesia,13.1,1865.98,143844.83,6574.03,302.26,328.54,293.46,14.44,164.81,91.83
2020,2,Nauru,0.5,28.69,3365.14,146.36,5.4,5.87,6.96,0.34,3.23,0.12
2020,2,Niue,0.35,32.13,2158.98,95.32,4.89,5.32,4.11,0.22,2.06,0.07
2020,2,Palau,3.41,471.75,33198.3,1564.83,73.93,80.36,66.52,3.29,35.71,12.33
2020,2,Papua New Guinea,37.67,4991.97,372721.85,17360.82,808.25,878.53,767.9,37.63,426.74,220.08
2020,2,Samoa,1.05,25.97,2068.93,93.15,4.28,4.65,4.26,0.21,2.03,0.07
2020,2,Solomon Islands,4.98,339.57,25796.41,1197.57,55.58,60.41,53.02,2.61,25.38,0.87
2020,2,Tokelau,0.1,12.68,1045.99,47.75,2.16,2.35,2.16,0.11,1.04,0.04
2020,2,Tonga,0.77,78.78,5442.11,232.55,12.04,13.09,10.3,0.54,5.19,0.17
2020,2,Tuvalu,0.63,30.17,3529.74,146.5,5.49,5.96,6.77,0.35,3.28,0.11
2020,2,Vanuatu,1.86,123.78,9098.02,382.15,17.82,19.37,17.23,0.91,8.28,0.29
2020,3,Cook Islands,1.83,191.11,13311.34,638.8,30.28,32.91,26.73,1.34,13.11,0.44
2020,3,Fiji,4.5,221.65,17358.25,770.43,36.26,39.41,35.15,1.76,17.05,0.59
2020,3,Kiribati,6.32,335.49,32994.54,1492.27,58.84,63.96,66.71,3.32,31.3,1.11
2020,3,Marshall Islands,2.33,116.21,11474.73,507.73,20.2,21.96,22.81,1.15,10.96,0.5
2020,3,Micronesia,12.38,2194.04,168070.98,7830,357.63,388.72,345.65,17.03,191.59,98.45
2020,3,Nauru,1.16,38.92,6511.91,276.33,8.62,9.36,13.78,0.67,6.19,0.23
2020,3,Niue,0.31,35,2463.67,118.13,5.56,6.05,4.98,0.25,2.41,0.08
2020,3,Palau,2.98,533.28,37355.94,1762.35,84.28,91.61,76.34,3.75,41.59,18.15
2020,3,Papua New Guinea,35.97,5353.09,402677.12,18789.55,871.86,947.68,833.57,40.84,462.23,236.04
2020,3,Samoa,0.99,43.59,3130.58,146.54,7.08,7.69,6.49,0.32,3.12,0.11
2020,3,Solomon Islands,2.86,298.42,22324.96,1067.97,48.88,53.13,46.24,2.27,22.03,0.75
2020,3,Tokelau,0.17,16.05,1440.72,64.55,2.72,2.95,2.86,0.15,1.39,0.05
2020,3,Tonga,0.62,60.99,4445.22,196.24,9.83,10.68,8.86,0.46,4.37,0.15
2020,3,Tuvalu,0.73,53.8,5610.73,254.24,9.73,10.58,11.32,0.57,5.35,0.19
2020,3,Vanuatu,1.47,116.18,8382.55,378.78,18.39,19.98,16.54,0.84,8.22,0.28
2020,4,Cook Islands,1.41,153.14,11502.56,534.67,24.77,26.92,23,1.14,11.35,0.38
2020,4,Fiji,3.6,159.23,12142.81,566.74,25.79,28.03,24.43,1.21,11.83,0.4
2020,4,Kiribati,3.94,220.3,21357.7,952.82,38.38,41.72,43.97,2.13,20.49,0.95
2020,4,Marshall Islands,2.83,110.33,13781.82,592.41,20.82,22.63,27.93,1.39,14.41,5.36
2020,4,Micronesia,13.69,1998.99,159577.17,7382.35,328.99,357.6,326.09,16.09,179.62,90.83
2020,4,Nauru,1.22,35.01,6911.77,289.61,8.31,9.03,14.23,0.7,6.46,0.24
2020,4,Niue,0.14,24.16,1602.64,80.02,3.83,4.16,3.28,0.16,1.6,0.05
2020,4,Palau,3.19,615.54,40996.32,1961.74,95.88,104.22,83.1,4.11,44.09,13.52
2020,4,Papua New Guinea,38.47,5297.06,392147.82,18496.3,856.61,931.1,805.84,39.67,443.42,208.39
2020,4,Samoa,0.79,26.02,2016.38,92.77,4.3,4.67,4.2,0.21,2,0.07
2020,4,Solomon Islands,2.68,293.88,20991.17,1025.95,47.56,51.69,43.65,2.14,20.86,0.71
2020,4,Tokelau,0.12,13.17,1017.92,47.28,2.22,2.41,2.12,0.11,1.02,0.03
2020,4,Tonga,0.44,43.09,3231.14,149.99,7.01,7.62,6.55,0.33,3.18,0.11
2020,4,Tuvalu,0.58,23.29,3239.75,129.88,4.46,4.84,6.06,0.31,2.97,0.1
2020,4,Vanuatu,0.68,57.42,4211.31,202.07,9.26,10.07,8.52,0.42,4.17,0.14
2020,5,Cook Islands,1.3,106.95,9334.95,416.65,18.04,19.6,18.87,0.94,9.09,0.31
2020,5,Fiji,3.61,119.83,10351.37,470.05,20.16,21.92,20.66,1.03,10.06,0.34
2020,5,Kiribati,3.99,268.35,23770.95,1070.89,45.05,48.97,47.86,2.36,22.49,1.18
2020,5,Marshall Islands,1.61,131.29,12332.52,534.76,22.44,24.39,24.4,1.22,12.76,4.35
2020,5,Micronesia,15.45,2199.34,172297.39,8048.34,361.84,393.3,358.87,17.58,198.16,101.15
2020,5,Nauru,0.69,28.66,4449.39,186.29,5.94,6.46,8.85,0.44,4.15,0.15
2020,5,Niue,0.16,20.56,1450.59,68.57,3.28,3.56,2.93,0.15,1.44,0.05
2020,5,Palau,2.96,609.4,43352.57,2062.97,96.44,104.83,86.49,4.3,45.28,14.13
2020,5,Papua New Guinea,34.95,5367.13,395259.02,18708.61,868.46,943.98,820.29,40.27,453.6,219.71
2020,5,Samoa,0.34,18.2,1464.57,67.43,3.03,3.29,3.02,0.15,1.46,0.05
2020,5,Solomon Islands,3.13,295.39,21258.85,1022.21,47.79,51.95,44.45,2.16,21.07,0.72
2020,5,Tokelau,0.13,4.17,689.43,28.39,0.9,0.98,1.41,0.07,0.66,0.02
2020,5,Tonga,0.39,40.02,2959.83,133.47,6.45,7.02,5.97,0.3,2.9,0.1
2020,5,Tuvalu,0.73,36.92,4250.12,168.84,6.52,7.09,7.97,0.4,3.93,0.14
2020,5,Vanuatu,0.56,56.21,4131.46,198,9.17,9.96,8.5,0.42,4.11,0.14
2020,6,Cook Islands,1.77,88.45,10046.36,432.58,16.41,17.84,20.79,1.01,9.8,0.35
2020,6,Fiji,3.64,139.04,11555.23,525.29,23.09,25.1,23.18,1.15,11.24,0.38
2020,6,Kiribati,5.27,220.57,25732.06,1104.36,40.73,44.27,51.72,2.56,24.08,0.87
2020,6,Marshall Islands,1.7,94.87,10506.31,456.22,17.05,18.53,21.6,1.08,11.95,5
2020,6,Micronesia,13.22,2272.78,177470.74,8393.96,375.93,408.62,371.15,18.28,206.64,104.43
2020,6,Nauru,0.57,24.33,4495.08,184.52,5.47,5.95,8.9,0.45,4.18,0.15
2020,6,Niue,0.14,15.64,1201.06,56.35,2.61,2.84,2.5,0.12,1.22,0.04
2020,6,Palau,2.64,602.57,41367.93,2012.87,95.51,103.81,82.91,4.12,41.65,10.05
2020,6,Papua New Guinea,32.13,5660.04,406353.27,19621.7,915.55,995.17,850.19,41.77,465.7,209
2020,6,Samoa,0.28,16.55,1479.19,64.82,2.85,3.1,3.11,0.15,1.48,0.05
2020,6,Solomon Islands,2.55,301.16,20834.23,998.46,48.17,52.35,43.2,2.12,20.51,0.7
2020,6,Tokelau,0.18,6.53,1043.55,42.69,1.37,1.49,2.11,0.1,1,0.04
2020,6,Tonga,0.4,36.67,2804.5,120.83,5.98,6.5,5.64,0.28,2.76,0.09
2020,6,Tuvalu,0.78,34.09,3628.97,146.58,6,6.52,7.09,0.35,3.41,0.12
2020,6,Vanuatu,0.64,66.33,5001.89,235.38,10.68,11.61,10.16,0.5,4.89,0.17
2020,7,Cook Islands,1.81,101.44,11187.38,487,18.68,20.31,23.18,1.13,11.01,0.39
2020,7,Fiji,5.56,129.08,12642.89,559.54,22.54,24.5,25.25,1.26,12.2,0.42
2020,7,Kiribati,4.07,223.48,23661,1039.34,40.37,43.88,48.7,2.38,22.65,0.81
2020,7,Marshall Islands,1.63,131.72,12312.35,556.98,23.14,25.15,25.57,1.27,13.01,3.27
2020,7,Micronesia,12.28,2120.11,167073.78,7825.85,352.39,383.03,349.19,17.19,196.5,108.4
2020,7,Nauru,1.1,27.02,6111.21,249.93,6.81,7.4,12.52,0.62,5.68,0.21
2020,7,Niue,0.23,21.86,1678.16,76.15,3.56,3.87,3.37,0.17,1.66,0.06
2020,7,Palau,2.79,663.93,47423.57,2289.37,106.26,115.5,96.08,4.77,51.57,19.99
2020,7,Papua New Guinea,34.95,5449.95,404825.77,19222.59,888.53,965.8,843.34,41.46,468.23,236.42
2020,7,Samoa,0.43,29.91,2432.13,111.37,5.03,5.46,5.11,0.25,2.42,0.08
2020,7,Solomon Islands,2.86,292.92,20829.18,997.38,47.39,51.51,43.35,2.13,20.73,0.79
2020,7,Tokelau,0.16,13.02,1313.84,57.44,2.31,2.52,2.64,0.13,1.26,0.04
2020,7,Tonga,0.48,41.31,3419.11,150.67,6.85,7.45,6.84,0.35,3.31,0.11
2020,7,Tuvalu,0.75,28.5,3982.98,164.93,5.71,6.2,7.96,0.4,3.74,0.14
2020,7,Vanuatu,0.87,60.94,5358.01,243.24,10.36,11.26,11.02,0.54,5.28,0.18
2020,8,Cook Islands,1.69,125.85,12142.17,542.44,22.22,24.15,24.92,1.22,12,0.41
2020,8,Fiji,4.67,152.55,13850.33,617.74,26.13,28.4,27.99,1.39,13.44,0.46
2020,8,Kiribati,3.7,251.55,24877.16,1132.17,44.32,48.18,50.41,2.5,23.66,0.84
2020,8,Marshall Islands,1.7,134.91,11024.07,513.15,22.33,24.27,22.31,1.11,10.58,0.36
2020,8,Micronesia,11.06,2143.79,162480.73,7743.29,353.57,384.31,338.97,16.7,186.06,91
2020,8,Nauru,1.19,37.88,6368.14,269.09,8.37,9.1,13.23,0.65,6.03,0.22
2020,8,Niue,0.2,22.23,1871.95,88.34,3.84,4.17,3.91,0.19,1.89,0.06
2020,8,Palau,3.38,713.2,50428.86,2409.8,114.38,124.33,103.27,5.1,55.51,24.35
2020,8,Papua New Guinea,37.21,5919.25,434778.84,20806.76,964,1047.82,905.64,44.56,494.2,223.86
2020,8,Samoa,0.53,37.71,2939.27,137.68,6.2,6.74,6.15,0.3,2.91,0.1
2020,8,Solomon Islands,2.77,296.75,20367.58,984.59,47.53,51.66,42.49,2.09,20.29,0.69
2020,8,Tokelau,0.24,15.18,1657.91,72.74,2.72,2.95,3.33,0.17,1.56,0.06
2020,8,Tonga,0.47,46.71,3701.7,162.91,7.7,8.37,7.43,0.37,3.6,0.12
2020,8,Tuvalu,0.59,37.77,3876.92,172.89,6.67,7.25,7.73,0.39,3.67,0.13
2020,8,Vanuatu,1,62.82,5800.79,260.29,10.8,11.74,11.98,0.58,5.7,0.2
2020,9,Cook Islands,1.31,108.01,9728.02,436.24,18.48,20.09,19.97,0.97,9.62,0.33
2020,9,Fiji,4.69,123.27,12055.97,534.28,21.64,23.52,24.53,1.21,11.74,0.41
2020,9,Kiribati,4.09,257.79,26227.52,1159.27,45.5,49.46,52.62,2.62,24.6,0.88
2020,9,Marshall Islands,2.29,159.29,12969.39,620.37,26.39,28.69,27.42,1.33,13.61,1.37
2020,9,Micronesia,11.02,2123.37,164800.46,7759.01,351.05,381.58,340.41,16.81,188.28,98.34
2020,9,Nauru,0.35,43.97,3784.9,174.57,7.48,8.13,7.75,0.38,3.72,0.13
2020,9,Niue,0.14,15.69,1254.3,56.08,2.56,2.79,2.51,0.12,1.24,0.04
2020,9,Palau,3.03,717.76,50388.5,2443.43,115.42,125.45,102.78,5.1,53.9,18.89
2020,9,Papua New Guinea,30.39,5574.94,413733.66,19542.64,908.98,988.02,854.27,42.04,470.19,238.51
2020,9,Samoa,0.47,25.89,2037.26,94.63,4.32,4.7,4.31,0.21,2.02,0.07
2020,9,Solomon Islands,2.75,301.37,20762.45,1003.26,48.58,52.8,43.68,2.13,20.81,0.71
2020,9,Tokelau,0.31,19.54,2505.04,110.19,3.79,4.12,5.1,0.25,2.38,0.09
2020,9,Tonga,0.39,31.7,2760.22,118.74,5.26,5.72,5.44,0.27,2.63,0.09
2020,9,Tuvalu,1.34,31.47,6179.91,258.74,7.35,7.99,12.34,0.63,5.66,0.21
2020,9,Vanuatu,0.91,48.23,4454.4,198.39,8.28,9,9.2,0.44,4.39,0.15
2020,10,Cook Islands,1.19,130.51,9899.78,462.98,21.35,23.21,20.47,1,9.84,0.34
2020,10,Fiji,4.48,161.49,14573.11,654.93,27.68,30.09,29.66,1.46,14.25,0.49
2020,10,Kiribati,4.39,280.56,27411.3,1236.45,49.3,53.59,55.36,2.76,26.07,0.92
2020,10,Marshall Islands,2.05,118.24,12207.51,527.21,20.95,22.77,25.59,1.27,15.4,9.81
2020,10,Micronesia,12.04,2233.11,170469.74,8052.37,368.96,401.04,355.47,17.49,196.22,103.43
2020,10,Nauru,0.63,24.7,4508.61,188.56,5.66,6.15,9.48,0.46,4.24,0.16
2020,10,Niue,0.12,17.65,1333.79,63.95,2.91,3.17,2.74,0.14,1.34,0.04
2020,10,Palau,3.18,713.73,49764.06,2413.08,114.49,124.45,101.33,5.02,52.43,17.26
2020,10,Papua New Guinea,35.84,6003.99,438934.09,21011.43,979.84,1065.05,915.7,44.91,499.84,238.79
2020,10,Samoa,0.63,28.62,2203.91,101.85,4.75,5.16,4.69,0.23,2.21,0.08
2020,10,Solomon Islands,2.88,320.81,23096.22,1117.5,52.6,57.18,48.7,2.38,22.93,0.79
2020,10,Tokelau,0.28,27.77,2571.33,117.4,4.76,5.17,5.15,0.26,2.42,0.08
2020,10,Tonga,0.44,38.12,2992.16,132.15,6.27,6.82,6.16,0.3,2.98,0.1
2020,10,Tuvalu,1.45,45.47,6965.37,277.02,9.11,9.9,13.31,0.68,6.35,0.23
2020,10,Vanuatu,1.27,57.5,5577.34,251.56,10.28,11.17,11.99,0.57,5.58,0.2
2020,11,Cook Islands,0.86,91.43,7318.21,347.33,15.16,16.48,14.87,0.74,7.13,0.24
2020,11,Fiji,3.82,153.48,13740.44,620.99,26.05,28.32,27.79,1.37,13.37,0.46
2020,11,Kiribati,4.55,274.93,24132.72,1107.15,46.2,50.22,48.17,2.4,22.99,0.89
2020,11,Marshall Islands,1.53,110.14,9839.81,442.82,18.64,20.27,20.11,1.01,10.87,3.41
2020,11,Micronesia,12.38,2070.23,163578.38,7577.65,342.11,371.86,337.42,16.62,191.12,114.2
2020,11,Nauru,0.74,39.24,4504.91,197.77,7.36,8,9.15,0.45,4.36,0.15
2020,11,Niue,0.11,20.01,1367.33,65.45,3.17,3.45,2.75,0.14,1.34,0.04
2020,11,Palau,3.16,649.52,46654.79,2250.32,104.62,113.72,95,4.71,50.97,21.6
2020,11,Papua New Guinea,35.35,5575.87,422700.13,19945.03,914.6,994.14,876.4,43.14,490.4,267.79
2020,11,Samoa,0.67,33.56,2448.58,115.36,5.48,5.96,5.15,0.25,2.43,0.08
2020,11,Solomon Islands,2.92,300.1,22049.87,1058.09,49.34,53.63,46.29,2.28,21.87,0.75
2020,11,Tokelau,0.22,16.25,1681.34,76.56,2.94,3.2,3.46,0.17,1.61,0.06
2020,11,Tonga,0.35,41.51,3104.72,137.06,6.68,7.26,6.2,0.31,3,0.1
2020,11,Tuvalu,1.13,49.29,6845.04,280.36,9.51,10.34,13.03,0.66,6.26,0.22
2020,11,Vanuatu,1.15,59.28,5625.94,253.72,10.36,11.26,11.84,0.57,5.55,0.2
2020,12,Cook Islands,0.76,133.83,9363.92,466.01,21.89,23.8,19.73,0.96,9.52,0.32
2020,12,Fiji,3.68,184.17,15089.15,700.45,30.74,33.41,30.8,1.52,14.84,0.51
2020,12,Kiribati,4.1,372.19,31139.72,1483.57,63.36,68.87,64.02,3.17,30.33,1.05
2020,12,Marshall Islands,1.88,178.74,13885.14,643.5,29.42,31.97,28.19,1.41,14.16,2.09
2020,12,Micronesia,12.79,2394.74,180575.09,8631.15,392.82,426.98,377.38,18.58,210.31,108.32
2020,12,Nauru,0.88,39.54,6011.79,253.48,8.32,9.04,12.34,0.61,5.75,0.21
2020,12,Niue,0.11,22.99,1463.72,73.86,3.67,3.99,3.18,0.15,1.53,0.05
2020,12,Palau,3.08,613.5,42904.47,2096.5,98.11,106.64,88.37,4.37,48.08,20.14
2020,12,Papua New Guinea,39.38,6063.84,446468.11,21581,992.43,1078.72,937.37,46.11,520.76,256.15
2020,12,Samoa,0.89,33.08,2553.92,118.99,5.49,5.97,5.36,0.26,2.54,0.09
2020,12,Solomon Islands,2.91,330.19,23402.24,1166.97,54.23,58.95,49.81,2.43,23.49,0.81
2020,12,Tokelau,0.22,34.3,2451.31,124.54,5.66,6.15,5.21,0.26,2.48,0.08
2020,12,Tonga,0.37,41.86,2936.46,137.78,6.71,7.3,6.04,0.3,2.94,0.1
2020,12,Tuvalu,0.8,58.74,5658.94,237.37,10.07,10.95,10.88,0.55,5.34,0.18
2020,12,Vanuatu,1.3,56.77,5364.48,240.18,9.99,10.85,11.22,0.54,5.31,0.19
2021,1,Cook Islands,1.13,141.2,9597.15,495.17,22.83,24.81,20.01,0.99,9.59,0.32
2021,1,Fiji,4.49,191.35,15815.43,726.33,32.04,34.82,32.6,1.6,15.61,0.54
2021,1,Kiribati,4.37,409.8,31201.81,1571.57,67.97,73.88,64.46,3.2,30.75,1.05
2021,1,Marshall Islands,2.8,213.76,15413.01,749.24,34.56,37.57,31.73,1.59,15.98,2.11
2021,1,Micronesia,13.09,2277.45,170698.46,8138.24,371.93,404.27,353.65,17.4,195.72,103.47
2021,1,Nauru,0.76,40.2,4629.19,204.72,7.47,8.12,9.34,0.46,4.44,0.16
2021,1,Niue,0.26,15.18,1065.02,52.92,2.5,2.72,2.23,0.11,1.08,0.04
2021,1,Palau,2.78,600.89,41083.97,2004.08,95.68,104,85.44,4.21,46.21,17.84
2021,1,Papua New Guinea,37.42,5835.56,433093.51,20764.31,955.92,1039.04,904.79,44.46,497.36,244.61
2021,1,Samoa,1.02,44.78,3180.43,154.68,7.32,7.96,6.75,0.33,3.18,0.11
2021,1,Solomon Islands,3.51,285.66,22268.68,1052.58,47.26,51.37,46.16,2.27,21.94,0.75
2021,1,Tokelau,0.16,21.9,1735.75,88.77,3.68,4,3.62,0.18,1.68,0.06
2021,1,Tonga,0.53,38.41,2811.27,131.83,6.28,6.82,5.82,0.29,2.79,0.1
2021,1,Tuvalu,0.51,41.72,4425.69,196.93,7.44,8.08,8.71,0.44,4.14,0.15
2021,1,Vanuatu,0.88,64.14,5159.8,239.16,10.61,11.53,10.62,0.52,5.1,0.17
2021,2,Cook Islands,0.63,113.38,7718.98,390.21,18.31,19.91,16.04,0.8,7.71,0.26
2021,2,Fiji,3.61,170.51,14809.36,671.12,29.01,31.54,30.43,1.5,14.6,0.5
2021,2,Kiribati,3.89,264.29,22773.08,1056.59,44.54,48.42,45.89,2.29,21.86,0.76
2021,2,Marshall Islands,2.67,179.85,13702.09,645.85,29.33,31.88,28,1.4,14.99,3.86
2021,2,Micronesia,12.02,2003.13,151328.23,7163.16,327.26,355.71,316.19,15.54,179.47,99.54
2021,2,Nauru,0.95,38.08,5005.1,210.74,7.39,8.03,10,0.5,4.75,0.17
2021,2,Niue,0.11,26.77,1725.37,88.09,4.29,4.66,3.61,0.18,1.72,0.06
2021,2,Palau,2.88,586.54,38944.32,1919.09,92.29,100.32,80.83,3.97,43.25,15.13
2021,2,Papua New Guinea,34.06,5250.6,393443.05,18735.43,859.11,933.82,823.18,40.44,459.76,234.87
2021,2,Samoa,0.68,46.39,3162.61,153.06,7.5,8.15,6.68,0.33,3.17,0.11
2021,2,Solomon Islands,3.01,282.41,20368.63,980.53,46.39,50.42,43.06,2.1,20.41,0.7
2021,2,Tokelau,0.18,15.07,1566.75,71.72,2.78,3.02,3.22,0.16,1.51,0.05
2021,2,Tonga,0.33,53.72,3609.82,173.32,8.63,9.38,7.48,0.37,3.6,0.12
2021,2,Tuvalu,0.44,32.28,3338.13,141.53,5.73,6.23,6.59,0.33,3.18,0.11
2021,2,Vanuatu,0.58,48.56,3779.51,171.88,8.08,8.78,7.87,0.38,3.79,0.13
2021,3,Cook Islands,1.05,148.08,10779.3,526.94,24.18,26.28,22.27,1.1,10.7,0.36
2021,3,Fiji,4.22,184.82,15831.21,722.64,31.06,33.76,31.83,1.58,15.39,0.54
2021,3,Kiribati,4.84,375.33,31630.82,1503.46,63.72,69.26,64.69,3.22,30.64,1.06
2021,3,Marshall Islands,2.78,167.78,14630.07,675.72,28.65,31.14,30.9,1.52,18.33,12.18
2021,3,Micronesia,13.56,2328.04,175019.55,8327.29,381.2,414.35,364.34,17.95,199.48,94.89
2021,3,Nauru,0.75,45.65,5612.85,241.43,8.79,9.56,11.25,0.56,5.41,0.19
2021,3,Niue,0.1,16.44,1208.64,57.17,2.66,2.89,2.44,0.12,1.17,0.04
2021,3,Palau,3.66,675.71,47747.22,2322.71,108.24,117.65,100.93,4.94,58.85,33.84
2021,3,Papua New Guinea,37.59,5701.56,424315.95,20234.19,931.24,1012.22,889.34,43.6,498.9,264.69
2021,3,Samoa,0.74,16.83,1419.36,64.67,2.85,3.09,2.92,0.14,1.38,0.05
2021,3,Solomon Islands,2.76,340.5,24117.45,1168.82,55.19,59.99,50.19,2.47,23.97,0.81
2021,3,Tokelau,0.26,39.51,2827.12,139.66,6.43,6.98,5.87,0.29,2.8,0.1
2021,3,Tonga,0.38,45.47,3267.37,149.84,7.31,7.95,6.66,0.33,3.2,0.11
2021,3,Tuvalu,0.46,28.58,3000.01,130.96,5.2,5.65,6.12,0.3,2.92,0.1
2021,3,Vanuatu,0.86,84.2,6021.15,279.18,13.67,14.86,12.59,0.61,6.06,0.21
2021,4,Cook Islands,1.19,126.66,9258.53,447.71,20.54,22.32,18.91,0.94,9.13,0.31
2021,4,Fiji,4.06,152.44,12857.48,583.83,25.32,27.52,25.5,1.28,12.46,0.42
2021,4,Kiribati,4.98,359.85,30542.29,1425.1,60.58,65.85,61.55,3.08,29.39,1.01
2021,4,Marshall Islands,1.58,151.36,12037.57,570.83,25.18,27.37,24.53,1.23,11.68,0.55
2021,4,Micronesia,11.76,2095.49,160863.72,7626.49,345.75,375.82,337.57,16.55,189.95,106.73
2021,4,Nauru,1.02,42.83,6834.63,283.43,9.03,9.82,13.59,0.68,6.43,0.23
2021,4,Niue,0.1,17.91,1173.78,56.65,2.8,3.05,2.35,0.12,1.17,0.04
2021,4,Palau,3.38,669.73,47862.7,2307.55,107.61,116.97,97.82,4.83,53.5,25.13
2021,4,Papua New Guinea,37.65,5654.41,417173.31,20060.54,926.09,1006.62,877.64,43.03,490.23,262.24
2021,4,Samoa,0.58,9.12,1005.85,42.41,1.67,1.81,2.06,0.1,0.98,0.03
2021,4,Solomon Islands,3.03,336.75,24328.02,1188.19,55.41,60.22,51.44,2.52,24.41,0.83
2021,4,Tokelau,0.19,15.59,1523.57,74.95,2.78,3.02,3.12,0.15,1.48,0.05
2021,4,Tonga,0.5,43.86,3016.94,137.38,6.98,7.58,6.1,0.31,2.99,0.1
2021,4,Tuvalu,0.44,30.48,2843.54,130.43,5.3,5.76,5.73,0.29,2.77,0.09
2021,4,Vanuatu,1.05,69.63,4946.54,237.52,11.23,12.21,10.12,0.5,4.92,0.16
2021,5,Cook Islands,1.06,95.97,8142.95,389.66,16.38,17.81,16.93,0.83,8.04,0.28
2021,5,Fiji,3.97,174.12,13777.69,631.36,28.62,31.11,27.81,1.38,13.6,0.46
2021,5,Kiribati,5.41,292.99,29273.48,1280.78,51.5,55.98,58.09,2.92,27.89,1.51
2021,5,Marshall Islands,3.84,180,14463.68,664.66,29.56,32.13,29.04,1.46,15,3.22
2021,5,Micronesia,12.76,2206.88,165496.94,7905.39,361.87,393.33,346.92,17.08,192.85,95.31
2021,5,Nauru,1.16,45.65,7113.33,293.15,9.48,10.31,14.1,0.71,6.67,0.24
2021,5,Niue,0.11,20.39,1357.98,64.86,3.26,3.54,2.76,0.14,1.37,0.04
2021,5,Palau,3.32,716.29,48152.99,2401.79,115.03,125.03,101.8,5,53.99,19.66
2021,5,Papua New Guinea,33.08,5789.47,416556.78,20180.78,942.13,1024.05,877.64,43.08,485.8,233.22
2021,5,Samoa,0.65,13.19,1336.96,57.93,2.34,2.55,2.73,0.13,1.32,0.05
2021,5,Solomon Islands,2.49,315.91,21882.01,1064.87,51.47,55.95,46.48,2.27,22.02,0.75
2021,5,Tokelau,0.1,9.94,918.75,42.5,1.66,1.81,1.79,0.09,0.87,0.03
2021,5,Tonga,0.45,45.18,3211.46,148.57,7.23,7.85,6.49,0.32,3.18,0.11
2021,5,Tuvalu,0.59,43.83,3903.98,168.25,7.34,7.98,7.46,0.38,3.71,0.13
2021,5,Vanuatu,0.59,55.19,3812.66,185.71,8.9,9.68,7.97,0.39,3.82,0.13
2021,6,Cook Islands,1.32,114.14,9395.05,442.13,19.03,20.68,19.23,0.95,9.19,0.32
2021,6,Fiji,3.34,158.75,13232.45,607.44,26.64,28.96,26.79,1.33,13.05,0.44
2021,6,Kiribati,4.51,309.82,29058.32,1340.97,53.38,58.02,58.34,2.92,27.48,0.97
2021,6,Marshall Islands,3.71,129.65,12173.06,534.08,22.29,24.23,24.59,1.22,11.52,0.41
2021,6,Micronesia,14.06,2443.76,183796.91,8721.25,403.34,438.41,385.55,18.93,213.2,115.3
2021,6,Nauru,0.98,55.52,6545.12,274.14,10.3,11.19,12.8,0.65,6.23,0.22
2021,6,Niue,0.18,19.23,1260.93,61.34,3.05,3.32,2.56,0.13,1.27,0.04
2021,6,Palau,3.18,628.39,42682.48,2130.28,101.12,109.91,90.74,4.43,48.76,19.79
2021,6,Papua New Guinea,32.99,6089.47,436782.83,21067.65,991.91,1078.16,916.78,44.96,500.57,240.11
2021,6,Samoa,0.4,10.79,986.36,41.39,1.86,2.02,2.02,0.1,0.98,0.03
2021,6,Solomon Islands,2.3,322.82,21972.22,1092.15,52.81,57.41,47.2,2.3,22.32,0.76
2021,6,Tokelau,0.1,11.25,1006.22,42.5,1.84,2,1.93,0.1,0.95,0.03
2021,6,Tonga,0.45,42.89,3056.89,139.66,6.9,7.5,6.18,0.31,3.04,0.1
2021,6,Tuvalu,0.6,30.1,3597.01,143.09,5.38,5.85,6.72,0.34,3.3,0.11
2021,6,Vanuatu,0.56,46.56,3361.41,154.66,7.44,8.09,6.78,0.33,3.32,0.11
2021,7,Cook Islands,1.93,140.48,11483.28,541.57,23.66,25.71,23.85,1.16,11.43,0.39
2021,7,Fiji,3.71,161.08,13254.77,600.6,27.02,29.37,26.81,1.34,13.19,0.44
2021,7,Kiribati,4.76,319.86,27868.92,1291.91,54.86,59.63,57.12,2.83,27.14,0.94
2021,7,Marshall Islands,3.67,135.98,12430.58,543.23,23.15,25.17,24.58,1.24,11.9,0.44
2021,7,Micronesia,13.05,2449.77,178569.52,8614.09,401.87,436.81,376.02,18.51,206.25,97.6
2021,7,Nauru,1.29,49.8,7599.49,321.84,10.36,11.26,15.15,0.76,7.19,0.26
2021,7,Niue,0.11,23.08,1488.19,72.88,3.64,3.96,3.09,0.15,1.53,0.05
2021,7,Palau,3.64,692.16,46168.44,2315.68,111,120.65,98.07,4.81,51.78,17.03
2021,7,Papua New Guinea,34.43,6316.66,453023.98,21957.67,1029.5,1119.02,950.44,46.71,516.71,234.04
2021,7,Samoa,0.39,14.82,1110.34,50.82,2.48,2.7,2.37,0.11,1.13,0.04
2021,7,Solomon Islands,2.52,342.26,23137.28,1134.48,55.41,60.23,48.93,2.4,23.36,1.06
2021,7,Tokelau,0.15,19.86,1369.02,67.19,3.14,3.41,2.81,0.14,1.35,0.05
2021,7,Tonga,0.34,42.21,3056.23,132.58,6.76,7.35,6.08,0.31,3.02,0.1
2021,7,Tuvalu,0.6,46.95,4180.83,187.03,7.92,8.61,8.29,0.41,4,0.14
2021,7,Vanuatu,0.82,66.41,4519.95,216.89,10.68,11.61,9.42,0.46,4.56,0.15
2021,8,Cook Islands,1.43,81.75,7154.74,333.54,14.05,15.27,14.72,0.72,7.08,0.24
2021,8,Fiji,4.18,159.39,12788.83,572.81,26.2,28.48,25.64,1.28,12.61,0.42
2021,8,Kiribati,3.97,343.25,27438.39,1341.7,57.68,62.7,56.79,2.81,26.93,0.93
2021,8,Marshall Islands,3.76,185.86,16983.43,781.11,32.14,34.93,34.31,1.73,16.2,0.57
2021,8,Micronesia,13.39,2651.18,195385.04,9491.62,437.61,475.66,412.9,20.34,225.36,102.65
2021,8,Nauru,1.27,51.67,8871.93,373.01,11.5,12.51,17.81,0.89,8.4,0.3
2021,8,Niue,0.1,19.78,1282.82,62.02,3.08,3.35,2.56,0.13,1.27,0.04
2021,8,Palau,3.42,698.77,47704.35,2378.58,113.05,122.88,99.89,4.94,51.59,14.43
2021,8,Papua New Guinea,35.44,6233.54,451126.99,21817.15,1019.37,1108.01,945.73,46.58,515.18,232.92
2021,8,Samoa,0.33,13.08,1042.73,44.92,2.18,2.37,2.14,0.1,1.05,0.04
2021,8,Solomon Islands,2.77,338.7,22900.06,1129.38,55.21,60.01,49.03,2.4,23.24,0.81
2021,8,Tokelau,0.07,7.3,601.37,26.93,1.16,1.26,1.15,0.06,0.56,0.02
2021,8,Tonga,0.36,37.17,2881.6,127.74,6.05,6.58,5.74,0.29,2.81,0.09
2021,8,Tuvalu,0.36,27.04,2550.82,102.03,4.64,5.05,4.85,0.25,2.44,0.08
2021,8,Vanuatu,0.81,58.24,4003.36,191.16,9.35,10.16,8.23,0.41,4.01,0.13
2021,9,Cook Islands,0.75,105.22,7574.05,369.78,17.34,18.84,15.89,0.78,7.62,0.26
2021,9,Fiji,3.34,156.5,13330.33,598.5,26.32,28.6,26.63,1.34,13.16,0.48
2021,9,Kiribati,3.28,286.57,23513.73,1121.81,49.07,53.34,49.76,2.43,23.33,0.82
2021,9,Marshall Islands,2.63,148.62,12661.74,595.49,25.41,27.62,25.9,1.31,12.8,0.66
2021,9,Micronesia,12.86,2340.4,176654.49,8451.87,388.12,421.87,372.25,18.32,204.95,100.43
2021,9,Nauru,0.65,51.88,6227.38,269.59,9.91,10.77,12.57,0.63,6,0.21
2021,9,Niue,0.09,18.25,1227.91,58.67,2.92,3.18,2.5,0.13,1.23,0.04
2021,9,Palau,3.67,671.02,45505.25,2278.1,108.16,117.57,95.75,4.71,49.53,13.97
2021,9,Papua New Guinea,32.79,5794.44,425969.09,20453.2,948.92,1031.43,890.53,43.82,487.06,228.07
2021,9,Samoa,0.22,12.52,973.57,42.47,2.04,2.22,1.94,0.1,0.96,0.03
2021,9,Solomon Islands,2.59,317.25,21513.81,1054.54,51.39,55.86,45.72,2.24,21.7,0.74
2021,9,Tokelau,0.3,11.02,889.77,42.34,1.85,2.01,1.91,0.09,0.88,0.03
2021,9,Tonga,0.31,32.96,2477.7,109.47,5.35,5.82,4.91,0.25,2.45,0.08
2021,9,Tuvalu,0.32,28.86,2060.02,94.77,4.59,4.98,4.07,0.21,2.01,0.07
2021,9,Vanuatu,0.79,71.67,4904.13,240.43,11.58,12.58,10.24,0.51,4.93,0.17
2021,10,Cook Islands,0.75,128.5,8778.05,428.4,20.83,22.64,18.28,0.91,8.8,0.3
2021,10,Fiji,3.31,166.13,14336.16,661.48,28.3,30.76,29.25,1.45,14.2,0.48
2021,10,Kiribati,2.95,289.18,22959.04,1109.6,48.65,52.88,47.77,2.37,23.13,1.13
2021,10,Marshall Islands,2.32,136.29,11472.84,560.35,23.25,25.27,23.84,1.21,12.54,1.58
2021,10,Micronesia,11.74,2269.75,171440.96,8210.95,375.98,408.67,361.15,17.77,199.92,101.83
2021,10,Nauru,0.58,46.4,4970.04,219.56,8.56,9.31,10.11,0.5,4.89,0.17
2021,10,Niue,0.09,20.72,1337.49,63.93,3.34,3.63,2.8,0.14,1.35,0.05
2021,10,Palau,4.7,731.74,49631.32,2502.32,118.14,128.41,105.87,5.18,55.89,18.57
2021,10,Papua New Guinea,37.63,6243.63,456736.55,22023.43,1028.69,1118.14,968.59,47.4,536.59,278.14
2021,10,Samoa,0.2,10.69,869.89,36.48,1.8,1.96,1.82,0.09,0.88,0.03
2021,10,Solomon Islands,2.52,338.35,23420.98,1165.89,55.57,60.4,50.14,2.46,23.75,0.84
2021,10,Tokelau,0.2,33.55,2293.32,116.94,5.51,5.99,4.88,0.24,2.32,0.08
2021,10,Tonga,0.34,43.47,3065.12,138.52,7.04,7.65,6.27,0.31,3.04,0.1
2021,10,Tuvalu,0.65,46.64,4029.55,184.07,7.99,8.69,8.15,0.41,3.93,0.14
2021,10,Vanuatu,0.76,52.22,3941.63,188.02,8.7,9.46,8.33,0.41,3.97,0.14
2021,11,Cook Islands,0.88,112.48,8213.66,404.42,18.36,19.96,16.66,0.83,8.06,0.27
2021,11,Fiji,2.74,155.43,12656.5,573.92,25.7,27.94,25.25,1.27,12.41,0.42
2021,11,Kiribati,3.48,302.91,23661.23,1158.42,50.33,54.7,48.93,2.42,23.12,0.8
2021,11,Marshall Islands,3.08,168.31,13548.94,625.72,28.02,30.45,27.32,1.38,13.05,0.45
2021,11,Micronesia,13.31,2451.3,180596.63,8637.09,401.53,436.45,377.32,18.56,205.25,95.52
2021,11,Nauru,0.63,29.92,4079.42,172.41,5.95,6.46,8.19,0.41,3.93,0.14
2021,11,Niue,0.11,20.62,1491.1,72.03,3.35,3.64,2.99,0.15,1.45,0.05
2021,11,Palau,3.57,612.22,42833.17,2097.34,98.87,107.47,90.11,4.43,49.41,21.01
2021,11,Papua New Guinea,34.59,5971.07,441613.17,21089.49,981.33,1066.67,927.86,45.51,514.28,270.4
2021,11,Samoa,0.35,21.78,1638.65,74.82,3.59,3.9,3.39,0.17,1.64,0.06
2021,11,Solomon Islands,2.86,335.04,22934.62,1140.15,54.72,59.48,48.99,2.4,23.12,0.79
2021,11,Tokelau,0.13,12.31,980.72,45.98,2.03,2.2,1.96,0.1,0.95,0.03
2021,11,Tonga,0.27,38.74,2813.5,128.41,6.29,6.84,5.63,0.29,2.78,0.09
2021,11,Tuvalu,0.82,44.24,5060.69,210.22,8.15,8.86,9.91,0.5,4.75,0.17
2021,11,Vanuatu,1.12,68.22,5378.5,253.32,11.4,12.39,11.26,0.55,5.37,0.19
2021,12,Cook Islands,0.69,110.24,7560.4,364.4,17.73,19.27,15.62,0.78,7.56,0.37
2021,12,Fiji,3.34,192.55,15165.63,655.08,27.21,29.57,28,1.46,13.42,0.46
2021,12,Kiribati,3.79,326.4,26178.85,1233.81,54.36,59.08,54.15,2.69,25.68,1.41
2021,12,Marshall Islands,3.88,185.48,17002.9,791.04,31.9,34.67,34.83,1.75,19,6.03
2021,12,Micronesia,11.4,2242.35,169887.19,7958.51,368.06,400.07,354.28,17.42,200.58,114.98
2021,12,Nauru,0.59,36.33,4532.44,190.67,6.95,7.56,8.93,0.45,4.35,0.15
2021,12,Niue,0.09,19.07,1251.44,59.52,3.06,3.33,2.57,0.13,1.25,0.04
2021,12,Palau,3.64,656.79,45024.74,2200.57,104.48,113.57,92.86,4.59,49.2,16.57
2021,12,Papua New Guinea,36.94,5749.79,424567.23,20330.58,940.55,1022.34,889.59,43.77,499.34,261.28
2021,12,Samoa,0.49,21.95,1727.26,77.15,3.66,3.98,3.58,0.18,1.71,0.06
2021,12,Solomon Islands,3.03,320.38,23468.3,1123.53,52.97,57.58,49.54,2.44,23.6,1.46
2021,12,Tokelau,0.13,20.89,1417.37,68.94,3.4,3.7,2.98,0.15,1.43,0.05
2021,12,Tonga,0.27,41.6,2801.24,125.59,6.65,7.22,5.69,0.29,2.79,0.09
2021,12,Tuvalu,0.54,55.76,4210.52,167.13,6.46,7.02,7,0.39,3.24,0.12
2021,12,Vanuatu,1.1,61.21,4998.27,230.23,10.36,11.26,10.52,0.51,5.02,0.17
2022,1,Cook Islands,0.76,122.06,8373.42,409.01,19.71,21.43,17.59,0.86,8.43,0.29
2022,1,Fiji,3.92,138.38,11970.54,532.59,23.3,25.33,23.99,1.19,11.66,0.4
2022,1,Kiribati,4.42,363.53,31393.71,1485.85,62.76,68.22,65.48,3.24,32.51,5.49
2022,1,Marshall Islands,5.47,208.73,18244.01,853.71,35.8,38.91,37.87,1.88,19.82,5.43
2022,1,Micronesia,13.16,2359.58,173342.93,8296.67,383.17,416.49,361.04,17.79,201.8,101.51
2022,1,Nauru,0.53,51.84,4790.28,217.21,9.02,9.81,9.69,0.48,4.74,0.29
2022,1,Niue,0.05,12,795.65,37.62,1.91,2.08,1.64,0.08,0.78,0.03
2022,1,Palau,2.86,549.52,37721.46,1831.84,87.56,95.18,78.59,3.85,42.75,17.57
2022,1,Papua New Guinea,34.24,5666.14,418156.65,19982.23,925.05,1005.49,872.97,42.96,487.8,249.37
2022,1,Samoa,0.53,16.5,1397.81,61.93,2.79,3.03,2.84,0.14,1.36,0.05
2022,1,Solomon Islands,2.42,246.72,18096.96,877.41,40.71,44.25,38.19,1.88,18.52,2.02
2022,1,Tokelau,0.12,19.59,1624.31,77.89,3.39,3.68,3.38,0.17,1.59,0.06
2022,1,Tonga,0.68,35.07,2895.09,123.42,5.75,6.25,5.78,0.29,2.82,0.1
2022,1,Tuvalu,0.69,37.96,3351.93,149.83,6.5,7.06,6.76,0.34,3.25,0.11
2022,1,Vanuatu,0.64,52.82,4159.9,195.9,8.8,9.56,8.53,0.42,4.11,0.14
2022,2,Cook Islands,0.62,112.65,7570.12,369.85,18.1,19.67,15.63,0.78,7.49,0.25
2022,2,Fiji,3.5,148.94,12497.14,558.25,24.71,26.86,25.1,1.24,12.16,0.42
2022,2,Kiribati,2.99,255.78,21306.36,995.52,43.16,46.91,43.49,2.16,20.8,1.3
2022,2,Marshall Islands,3.67,166.86,14561.23,677.65,28.34,30.8,29.62,1.5,15.38,2.26
2022,2,Micronesia,8.7,1874.56,142657.15,6629.25,305.03,331.55,295.26,14.51,170.16,103.87
2022,2,Nauru,0.59,42.27,4683.42,204.21,7.86,8.54,9.52,0.47,4.57,0.16
2022,2,Niue,0.1,21.94,1441.43,72.95,3.53,3.83,3.01,0.15,1.46,0.05
2022,2,Palau,2.49,515.5,34832.37,1707.62,81.54,88.63,72.65,3.55,39.48,16.53
2022,2,Papua New Guinea,28.51,4844.87,357957.51,17042.07,788.71,857.29,748.05,36.73,422.67,227.6
2022,2,Samoa,0.62,21.95,1859.17,84.13,3.74,4.06,3.86,0.19,1.81,0.06
2022,2,Solomon Islands,2.73,242.57,18245.52,868.68,40.31,43.81,38.46,1.89,18.11,0.63
2022,2,Tokelau,0.33,24.22,1924.65,90.44,3.98,4.32,3.83,0.19,1.79,0.06
2022,2,Tonga,2.57,61.86,4496.88,191.73,10.03,10.9,9.41,0.46,4.53,0.16
2022,2,Tuvalu,0.55,37.95,3595.25,159.62,6.69,7.27,7.27,0.37,3.47,0.12
2022,2,Vanuatu,0.92,62.18,4762.31,217.82,10.14,11.02,9.85,0.48,4.71,0.16
2022,3,Cook Islands,1.11,183.59,12005.24,535.25,23.57,25.62,21.67,1.17,10.21,0.35
2022,3,Fiji,2.87,140.86,11865.04,536.96,23.52,25.57,23.58,1.18,11.5,0.39
2022,3,Kiribati,3.37,354.6,26519.13,1206.78,55.5,60.33,52.27,2.66,25.27,0.95
2022,3,Marshall Islands,3.54,151.84,12860.9,590.75,25.65,27.88,26.14,1.3,12.4,0.43
2022,3,Micronesia,11.11,2195.55,168597.97,7923.3,361.26,392.67,353.71,17.38,203.39,120.28
2022,3,Nauru,0.69,55.98,5903.21,255.05,10.18,11.06,11.96,0.59,5.74,0.2
2022,3,Niue,0.21,42.65,2651.03,107.03,4.11,4.47,3.99,0.24,1.82,0.06
2022,3,Palau,2.69,532.07,36504,1770.61,85.12,92.52,76.31,3.75,41.19,16
2022,3,Papua New Guinea,31.44,5320.95,399783.93,18897.14,873.4,949.34,839.51,41.18,479.8,276.86
2022,3,Samoa,0.38,14.73,1160.02,51.59,2.44,2.65,2.35,0.12,1.14,0.04
2022,3,Solomon Islands,2.98,310.11,23483.39,1139.17,51.86,56.37,49.64,2.44,23.47,1.07
2022,3,Tokelau,0.35,20.35,1826.85,84.79,3.57,3.88,3.8,0.19,1.77,0.06
2022,3,Tonga,0.78,68.94,4437.65,186.41,9.63,10.47,8.25,0.44,4.04,0.14
2022,3,Tuvalu,0.57,50.07,4518,201.49,8.74,9.51,9.23,0.46,4.43,0.15
2022,3,Vanuatu,1.07,58.53,4362.34,207.1,9.73,10.58,9.14,0.45,4.39,0.15
2022,4,Cook Islands,1.96,165.16,13336.24,620.09,27.4,29.79,26.58,1.34,13.03,0.44
2022,4,Fiji,3.76,164.42,15155.81,680.19,28.19,30.65,30.23,1.51,14.68,0.5
2022,4,Kiribati,3.15,329.83,27921.88,1297.47,56.25,61.14,57.29,2.85,27.64,1.98
2022,4,Marshall Islands,3.53,163.17,13905.14,630.9,27.38,29.76,27.96,1.4,13.46,0.86
2022,4,Micronesia,10.37,1990.65,153775.64,7175.79,327.23,355.68,317.37,15.67,178.3,96.27
2022,4,Nauru,0.7,32.72,4524.83,188.16,6.52,7.08,8.92,0.45,4.28,0.15
2022,4,Niue,0.31,28.31,2032.15,96.23,4.52,4.92,4.02,0.2,2,0.07
2022,4,Palau,3.74,701.79,48363.21,2351.09,112.23,121.98,100.58,4.95,53.85,20.32
2022,4,Papua New Guinea,33.24,5244.9,399003.36,18670.13,859.69,934.45,826.88,40.71,467.12,256.07
2022,4,Samoa,0.44,19.14,1553.12,68.68,3.19,3.47,3.15,0.16,1.51,0.05
2022,4,Solomon Islands,2.35,289.39,20776.58,1020.48,47.5,51.63,43.72,2.15,20.73,0.71
2022,4,Tokelau,0.4,23.46,1979.19,91.48,3.98,4.32,4.06,0.2,1.9,0.07
2022,4,Tonga,0.91,57.42,4523.37,210.15,9.41,10.23,8.97,0.45,4.4,0.15
2022,4,Tuvalu,0.43,32.78,2988.83,134.7,5.71,6.21,6.06,0.3,2.9,0.1
2022,4,Vanuatu,1.12,60.7,4878.21,223.85,10.12,11,10.05,0.49,4.86,0.17
2022,5,Cook Islands,3.91,185.83,33516.49,1312.36,40.36,43.87,63.56,3.25,31.84,1.86
2022,5,Fiji,3.87,151.26,22411.85,913.62,30.53,33.18,43.39,2.2,21.58,0.74
2022,5,Kiribati,3.64,367.83,32481.17,1472.03,62.52,67.95,64.97,3.26,31.29,1.56
2022,5,Marshall Islands,2.04,143.68,13662.77,620.4,24.94,27.11,27.42,1.39,13.32,0.69
2022,5,Micronesia,10.46,2320.76,170067.94,8075.56,377.24,410.04,352.75,17.39,194.68,95.26
2022,5,Nauru,0.33,35.56,2990.97,132.7,5.93,6.44,5.99,0.3,2.86,0.1
2022,5,Niue,0.16,18.64,1815.56,80.18,3.31,3.6,3.66,0.18,1.8,0.06
2022,5,Palau,3.36,619.72,42660.72,2081.78,98.97,107.58,89.24,4.38,47.95,18.33
2022,5,Papua New Guinea,34.35,5911.63,438938.52,20793.22,963.69,1047.49,907.97,44.82,501.87,240.29
2022,5,Samoa,0.27,13.34,1623.82,67.1,2.5,2.72,3.18,0.16,1.58,0.05
2022,5,Solomon Islands,2.55,321.51,24011.38,1153.34,53.46,58.11,50.48,2.49,24.11,0.82
2022,5,Tokelau,0.36,24.09,3592.3,143.76,4.79,5.2,6.67,0.34,3.3,0.55
2022,5,Tonga,0.43,34.9,3801.15,156.8,6.26,6.81,7.3,0.38,3.68,0.12
2022,5,Tuvalu,0.37,39.85,3574.97,157.26,6.76,7.35,6.83,0.35,3.32,0.71
2022,5,Vanuatu,0.99,61.51,6362.19,272.58,10.91,11.86,12.57,0.63,6.23,0.21
2022,6,Cook Islands,4.5,166.38,35304.82,1351.78,39.14,42.54,68.11,3.46,34.8,3.92
2022,6,Fiji,4.6,148.05,27959.38,1088.7,32.91,35.78,53.79,2.74,27.82,4.03
2022,6,Kiribati,3.52,312.45,28279.8,1269.69,53.66,58.33,57.07,2.85,27.56,0.95
2022,6,Marshall Islands,1.71,140.14,12219.36,552.12,23.69,25.75,24.55,1.24,12.13,0.64
2022,6,Micronesia,11.03,2317.5,168799.04,8058.49,377.55,410.38,352.81,17.38,193.35,88.63
2022,6,Nauru,0.36,33.99,2776.04,128.08,5.65,6.14,5.68,0.28,2.7,0.09
2022,6,Niue,0.24,29.32,2558.18,114.48,4.94,5.36,5,0.25,2.49,0.08
2022,6,Palau,3.83,580.33,39137.21,1900.39,92.55,100.6,81.61,4,42.43,13.38
2022,6,Papua New Guinea,32.42,5663.2,411768.59,19548.91,919.84,999.83,855.12,42.12,462.79,195.62
2022,6,Samoa,0.25,13.14,1796.52,71.13,2.59,2.81,3.54,0.18,1.75,0.06
2022,6,Solomon Islands,3.15,331.41,24806.6,1185.46,54.94,59.71,51.96,2.56,24.76,0.85
2022,6,Tokelau,0.18,15.82,1779.62,76.52,2.93,3.18,3.59,0.18,1.74,0.06
2022,6,Tonga,0.63,56.56,6051.67,246.44,10.03,10.91,11.81,0.6,6.79,3.06
2022,6,Tuvalu,0.33,33.58,2896.63,129.66,5.67,6.16,5.71,0.29,2.78,0.09
2022,6,Vanuatu,1.09,52.16,6922.19,288.29,10.17,11.06,13.8,0.69,6.78,0.23
2022,7,Cook Islands,4.74,168.44,33700.59,1308.73,38.58,41.93,65.2,3.31,32.82,2.45
2022,7,Fiji,5.59,152.72,30069.57,1165.1,34.66,37.67,57.86,2.95,29.91,4.1
2022,7,Kiribati,3.52,272.05,24718.43,1094.79,46.66,50.71,49.87,2.48,24.11,0.83
2022,7,Marshall Islands,1.54,124.18,10472.97,474.94,20.57,22.35,20.62,1.04,9.99,0.34
2022,7,Micronesia,11.58,2096.04,157249.86,7413.5,343.22,373.07,327.57,16.16,182.94,93.87
2022,7,Nauru,0.71,28.45,2903.04,139.62,5.15,5.59,6.22,0.3,2.81,0.1
2022,7,Niue,0.43,28.06,2813.11,119.86,4.94,5.37,5.68,0.28,3.35,1.85
2022,7,Palau,3.19,607.33,43144.47,2066.07,97.16,105.61,87.94,4.35,46.38,16.75
2022,7,Papua New Guinea,34.74,5362.42,398417.21,18766.35,875.31,951.42,831.4,40.8,464.37,236.65
2022,7,Samoa,0.22,15.7,1380.73,59.1,2.66,2.89,2.78,0.14,1.35,0.05
2022,7,Solomon Islands,3.07,309.52,23374.17,1108.88,51.33,55.8,49.25,2.42,24.26,3.52
2022,7,Tokelau,0.24,25.54,2224.69,102.15,4.33,4.71,4.5,0.22,2.17,0.07
2022,7,Tonga,0.78,58.4,5656.3,237.24,10.15,11.04,11.19,0.57,6.13,1.99
2022,7,Tuvalu,0.33,31.12,2764.52,127.64,5.26,5.71,5.43,0.28,2.65,0.09
2022,7,Vanuatu,1.78,58.14,12319.52,472.66,13.74,14.94,24.28,1.22,12.83,3.05
2022,8,Cook Islands,3.48,159.41,26551.52,1054.77,33.6,36.52,51.76,2.61,26.13,2.56
2022,8,Fiji,6.14,184.2,33351.9,1296.26,40.01,43.48,63.21,3.25,31.94,1.08
2022,8,Kiribati,3.81,319.5,30822.83,1395.92,56.01,60.88,62.24,3.1,30.02,1.03
2022,8,Marshall Islands,2.41,143.08,11483,541.67,23.72,25.78,23.23,1.16,11.1,0.38
2022,8,Micronesia,12,2319.21,173971.59,8257.45,379.13,412.09,364.59,17.95,204.59,108.24
2022,8,Nauru,0.4,23.83,2257.72,105.83,4.19,4.55,4.69,0.23,2.18,0.08
2022,8,Niue,0.2,20.41,2114.46,90.48,3.65,3.96,4.17,0.21,2.09,0.07
2022,8,Palau,2.81,574.08,39793.96,1933.28,91.92,99.91,83.75,4.11,47.13,22.36
2022,8,Papua New Guinea,35.52,5655.17,418278.85,19786.68,920.9,1000.98,873.88,42.94,489.48,248.75
2022,8,Samoa,0.29,13.98,1780.39,71.27,2.66,2.89,3.47,0.18,1.73,0.06
2022,8,Solomon Islands,2.62,309.12,22276.26,1078.56,50.01,54.36,46.74,2.29,23.28,4.9
2022,8,Tokelau,0.26,17.93,2065.21,87.96,3.29,3.58,4.08,0.2,1.98,0.07
2022,8,Tonga,0.79,46.33,5023.72,208.71,8.39,9.12,9.84,0.5,4.92,0.17
2022,8,Tuvalu,0.31,29.07,2464.01,107.58,4.86,5.28,4.84,0.25,2.37,0.08
2022,8,Vanuatu,2.32,89.5,15339.47,609.87,19.26,20.94,29.89,1.52,14.85,0.51
2022,9,Cook Islands,2.83,132.27,20204.59,814.69,26.8,29.13,39.13,1.98,19.41,0.66
2022,9,Fiji,6.32,192.22,34847.16,1360.47,42.07,45.73,66.88,3.42,33.48,1.14
2022,9,Kiribati,3.35,302.67,27715.56,1249.52,50.76,55.18,55.58,2.76,27.39,4.3
2022,9,Marshall Islands,1.69,109.44,10067.99,449.75,18.63,20.25,20.21,1.02,10.37,1.94
2022,9,Micronesia,13.04,2109.33,159309.29,7448.48,345.01,375.01,330.78,16.29,183.47,93.76
2022,9,Nauru,0.71,26.43,2500,121.38,4.68,5.09,5.22,0.26,2.4,0.09
2022,9,Niue,0.22,26.5,2642.89,113.12,4.7,5.11,5.2,0.27,2.6,0.09
2022,9,Palau,3.37,632.03,47870.2,2246.49,102.31,111.21,96.96,4.8,54.71,29.74
2022,9,Papua New Guinea,31.64,5421.42,400336.51,18900.18,881.72,958.39,834.78,40.99,468.45,240.96
2022,9,Samoa,0.35,17.76,1900.22,80.32,3.19,3.47,3.78,0.19,1.85,0.06
2022,9,Solomon Islands,2.72,307.83,23064.25,1097.16,50.1,54.46,47.9,2.36,22.68,0.78
2022,9,Tokelau,0.26,23.78,2016.97,91.8,3.94,4.28,4.01,0.2,1.94,0.07
2022,9,Tonga,0.6,56.3,5301.35,226.9,9.81,10.66,10.44,0.53,5.19,0.17
2022,9,Tuvalu,0.45,33.27,2929.47,134.91,5.7,6.19,5.99,0.3,2.89,0.1
2022,9,Vanuatu,1.91,67.32,13187.15,516.44,15.41,16.75,25.72,1.3,12.76,0.44
2022,10,Cook Islands,2.22,193.72,16616.6,687.25,31.85,34.62,31.52,1.65,16.02,0.53
2022,10,Fiji,6.86,245.26,36257.93,1389.57,48.07,52.25,67.26,3.51,34.63,1.16
2022,10,Kiribati,4.76,478.39,39194.78,1712.28,78.84,85.7,77.16,3.94,38.11,1.87
2022,10,Marshall Islands,2.2,152.8,13516.38,608.94,25.71,27.95,26.98,1.36,13.64,2.01
2022,10,Micronesia,12.34,2266.45,173843.07,8048,371.4,403.7,357.09,17.63,200.97,112.87
2022,10,Nauru,0.41,22.49,2494.92,107.77,4.08,4.44,4.98,0.25,2.35,0.08
2022,10,Niue,0.5,55,3952.67,162.16,8.51,9.25,7.15,0.39,3.79,0.12
2022,10,Palau,2.65,578.14,44298.21,2074.59,94.04,102.22,91.94,4.5,54.94,37.44
2022,10,Papua New Guinea,34.32,5790.26,431282.71,20180.19,943.52,1025.56,894.31,43.99,502.99,269.73
2022,10,Samoa,0.48,20.44,1706.3,64.14,3.23,3.52,3.02,0.16,1.62,0.05
2022,10,Solomon Islands,3.02,353.09,26627.42,1266.56,58.32,63.39,55.33,2.73,26.46,0.9
2022,10,Tokelau,0.27,19.74,1846.4,77.28,3.36,3.65,3.5,0.18,1.78,0.06
2022,10,Tonga,0.99,89.13,7169.77,289.02,14.28,15.52,13.13,0.7,6.89,0.22
2022,10,Tuvalu,0.6,33.62,3991.31,167.42,6.28,6.83,7.94,0.4,3.89,0.13
2022,10,Vanuatu,2.51,70.84,15772.03,602.41,17.02,18.5,30.29,1.54,15.14,0.52
2022,11,Cook Islands,1.38,137.92,13030.01,565.49,23.9,25.98,25.84,1.3,12.81,0.43
2022,11,Fiji,3.65,214.11,22967.27,990.71,38.73,42.1,45.01,2.29,22.43,0.76
2022,11,Kiribati,4.44,403.35,34614.46,1550.37,68.24,74.18,70.04,3.5,34.54,3.69
2022,11,Marshall Islands,2.51,163.72,14959.71,645.73,27.71,30.12,30.05,1.5,16.13,6.64
2022,11,Micronesia,13.62,2287.33,174006.74,8069.2,373.89,406.4,357.76,17.7,198.7,99.84
2022,11,Nauru,0.57,30.37,3248.42,141.44,5.5,5.98,6.79,0.33,3.72,1.73
2022,11,Niue,0.18,26.04,2107.99,93.55,4.33,4.7,4.19,0.21,2.12,0.07
2022,11,Palau,2.94,588.08,39615.35,1937.55,93.2,101.3,82.21,4.02,42.75,13.33
2022,11,Papua New Guinea,33.45,5734.42,422641.76,19741.01,930.24,1011.13,868.85,42.94,482.3,236.49
2022,11,Samoa,0.39,18.07,1678.59,72.56,3.11,3.38,3.34,0.17,1.64,0.06
2022,11,Solomon Islands,3.98,390.26,30680.68,1459.97,65.4,71.09,63.9,3.15,30.56,1.04
2022,11,Tokelau,0.31,24.18,2245.85,96.91,4.13,4.49,4.38,0.22,2.18,0.07
2022,11,Tonga,0.67,58.84,5337.9,230.45,10.09,10.97,10.5,0.54,5.25,0.18
2022,11,Tuvalu,0.92,59.65,6798.87,283.55,11.1,12.07,13.63,0.69,6.62,0.23
2022,11,Vanuatu,2.7,92.26,16046.83,606.77,19.67,21.38,30.49,1.57,15.41,0.52
2022,12,Cook Islands,1.56,220.42,16466.59,776.6,36.3,39.46,33.99,1.69,16.45,0.56
2022,12,Fiji,3.53,225.52,20133.21,882.56,38.23,41.55,39.57,2.02,19.51,0.66
2022,12,Kiribati,4.59,405.87,34043.57,1559.29,66.3,72.07,67.79,3.42,32.93,1.73
2022,12,Marshall Islands,2.71,230.85,17549.77,808.14,36.4,39.57,34.69,1.76,16.95,1.08
2022,12,Micronesia,14.45,2339.96,178040.42,8240.95,381.89,415.1,367.89,18.1,205.95,107.65
2022,12,Nauru,0.55,33.78,3595.11,169.2,6.16,6.7,7.5,0.38,3.82,0.42
2022,12,Niue,0.17,35.47,2471.1,124.47,5.68,6.18,5.17,0.26,2.94,0.45
2022,12,Palau,2.75,525.53,36505.6,1737.3,83.32,90.56,75.39,3.68,41.11,16.76
2022,12,Papua New Guinea,34.18,5691.5,416994.54,19548.4,923.2,1003.47,867.28,42.51,484.13,246.17
2022,12,Samoa,0.61,20.41,1841.44,79.7,3.5,3.81,3.81,0.19,1.81,0.06
2022,12,Solomon Islands,4.15,337.71,28295.27,1295.47,55.87,60.73,57.51,2.87,27.42,0.94
2022,12,Tokelau,0.21,23.97,2033.8,94.35,4.08,4.44,4.17,0.21,1.99,0.07
2022,12,Tonga,0.71,70.26,5450.65,254.73,11.56,12.56,11.14,0.57,5.89,0.59
2022,12,Tuvalu,0.67,41,4951.95,212.12,5.95,6.47,9.01,0.49,5.25,0.99
2022,12,Vanuatu,3.68,131.89,19498.19,727.86,25.29,27.48,36.73,1.91,18.47,0.63
2023,1,Cook Islands,1.08,140.29,10091.89,452.48,22.33,24.27,19.84,1.01,10.43,2.11
2023,1,Fiji,3.11,174.8,16529.42,719.7,30.3,32.94,33.01,1.66,16.03,0.55
2023,1,Kiribati,4.75,419.23,34294.2,1578.21,70.04,76.13,69.51,3.47,34.8,6.17
2023,1,Marshall Islands,3.6,275.82,21552.37,1019.42,45.16,49.09,44.05,2.19,22.07,3.2
2023,1,Micronesia,12.62,2075.43,164479.26,7523.02,340.09,369.66,336.48,16.61,191.49,108.79
2023,1,Nauru,0.42,22.01,2687.47,116.16,4.17,4.53,5.54,0.27,2.85,1.08
2023,1,Niue,0.22,28.46,1801.04,77.38,4.28,4.65,3.3,0.17,1.74,0.06
2023,1,Palau,2.97,512.29,35219.1,1680.37,80.77,87.79,72.95,3.55,40.2,18.07
2023,1,Papua New Guinea,33.08,5259.57,397758.33,18464.46,855.82,930.24,818.27,40.3,460.01,238.59
2023,1,Samoa,0.82,14.1,1823.04,74.09,2.72,2.96,3.83,0.18,1.8,0.06
2023,1,Solomon Islands,4.05,298.17,26144.73,1182.59,50.99,55.42,53.68,2.65,25.64,0.88
2023,1,Tokelau,0.11,19.25,1529.33,69.91,3.17,3.45,3.11,0.15,1.64,0.57
2023,1,Tonga,0.7,69.48,4801.68,206.46,10.88,11.82,9.27,0.48,4.68,0.16
2023,1,Tuvalu,0.48,26.68,3308.84,138.64,5.02,5.46,6.54,0.33,3.6,1.71
2023,1,Vanuatu,3.23,133.69,17063.44,637.86,25.13,27.31,32.83,1.67,16.53,0.56
2023,2,Cook Islands,1.43,141.01,12833.82,564.32,23.93,26.01,25.2,1.28,12.84,2.36
2023,2,Fiji,4.03,278.01,21708.46,902.61,44.62,48.5,40.9,2.16,20.93,0.7
2023,2,Kiribati,4.31,375.44,31054.33,1401.37,62.19,67.6,62.16,3.12,30.39,2.24
2023,2,Marshall Islands,1.9,138.77,11535.6,513.12,22.82,24.8,23.09,1.15,10.87,0.38
2023,2,Micronesia,10.9,1848.82,144621.31,6571.11,301.31,327.52,298.93,14.63,172.79,105.11
2023,2,Nauru,0.29,20.65,2059.95,92,3.64,3.95,4.13,0.21,1.94,0.07
2023,2,Niue,0.1,20.64,1284.83,64.73,3.23,3.51,2.61,0.13,1.29,0.04
2023,2,Palau,2.32,448.17,31768.39,1475.55,70.87,77.03,64.76,3.16,35.72,18.52
2023,2,Papua New Guinea,32.24,4802.35,366307.71,16799.53,783.95,852.12,760.05,37.1,430.68,242.7
2023,2,Samoa,0.67,22.22,1860.87,74.28,3.64,3.96,3.58,0.18,1.82,0.06
2023,2,Solomon Islands,3.55,268.62,22664.24,1023.89,45.54,49.5,46.69,2.29,22.3,0.8
2023,2,Tokelau,0.22,29.22,2279.93,102.68,4.75,5.16,4.45,0.23,2.37,0.69
2023,2,Tonga,0.92,113.8,7436.68,314.5,17.73,19.28,14.02,0.75,7.35,0.24
2023,2,Tuvalu,0.54,40.74,3357.95,144.57,6.64,7.21,6.26,0.33,3.15,0.11
2023,2,Vanuatu,2.6,115.79,14683.88,550.23,21.77,23.66,28.19,1.45,14.18,0.48
2023,3,Cook Islands,2.57,185.92,21507.19,889.28,34.35,37.34,42.81,2.13,20.97,0.72
2023,3,Fiji,2.9,172.4,15173.66,664.27,29.05,31.58,30.35,1.5,14.86,0.51
2023,3,Kiribati,4.05,357.98,29543.96,1311.44,58.67,63.78,58.72,2.92,28.57,0.97
2023,3,Marshall Islands,2.17,143.18,13401.75,598.3,24.55,26.69,26.83,1.34,13.19,1.8
2023,3,Micronesia,13.63,2155.55,163119.85,7570.63,350.55,381.04,334.84,16.47,181.44,83.71
2023,3,Nauru,0.35,27.23,2594.66,116.76,4.75,5.16,5.35,0.26,2.45,0.09
2023,3,Niue,0.17,34.02,2102.38,97.07,5.29,5.75,4.22,0.22,2.1,0.07
2023,3,Palau,3.15,577.92,45398.82,2039.47,93.3,101.41,91.72,4.51,55.77,42.53
2023,3,Papua New Guinea,35.18,5598.56,418239.32,19522.12,908.33,987.31,862.52,42.5,482.34,239.91
2023,3,Samoa,0.56,19.66,1783.01,73.55,3.32,3.61,3.49,0.18,1.74,0.06
2023,3,Solomon Islands,3.64,309.78,25654.74,1193.42,52.35,56.91,53.13,2.61,25.17,0.87
2023,3,Tokelau,0.22,26.33,2215.07,95.76,4.35,4.73,4.31,0.22,2.11,0.07
2023,3,Tonga,0.56,60.98,4635.57,201.37,9.87,10.73,9.16,0.46,4.54,0.15
2023,3,Tuvalu,0.42,33.3,3142.88,139.93,5.73,6.23,6.23,0.31,2.98,0.1
2023,3,Vanuatu,2.63,111.84,13221,527.74,20.55,22.34,25.9,1.3,12.87,0.44
2023,4,Cook Islands,4.03,255.1,31917.93,1256.94,47.99,52.16,62.03,3.14,30.75,1.05
2023,4,Fiji,3.85,216.75,19370.87,816.18,36.63,39.82,38.11,1.93,18.95,0.64
2023,4,Kiribati,5.46,411.72,37157.63,1563.07,69.81,75.88,73.41,3.73,35.95,1.41
2023,4,Marshall Islands,1.79,105.32,10417.52,437.03,18.33,19.92,20.91,1.04,10.39,2.03
2023,4,Micronesia,11.44,2049.14,153467.98,7239.5,333.13,362.1,317.8,15.68,175.53,79.8
2023,4,Nauru,0.86,30.94,3924.05,169.77,5.97,6.49,7.91,0.4,3.68,0.13
2023,4,Niue,0.17,26.69,1898.2,84.89,4.31,4.68,3.77,0.19,1.89,0.06
2023,4,Palau,3.25,604.63,43567.42,2061.48,96.73,105.14,90.64,4.44,52.75,31.79
2023,4,Papua New Guinea,32.67,5536.18,414578.5,19543.94,900.55,978.86,861.95,42.42,489.89,255.77
2023,4,Samoa,0.5,22.68,2138.94,84.96,3.84,4.18,4.2,0.21,2.1,0.07
2023,4,Solomon Islands,3.48,324.38,26325.42,1228.91,54.69,59.44,54.56,2.69,25.92,0.89
2023,4,Tokelau,0.15,27.4,1918.41,87.92,4.36,4.74,3.85,0.19,1.88,0.06
2023,4,Tonga,0.9,96.47,6986.19,298.96,15.27,16.6,13.39,0.7,6.81,0.23
2023,4,Tuvalu,0.54,41.2,3870.5,165.83,7.16,7.78,7.66,0.39,3.77,0.13
2023,4,Vanuatu,2.22,119.08,12081.85,486.18,20.79,22.6,23.33,1.19,11.73,0.4
2023,5,Cook Islands,4.1,134.88,28999.97,1069.96,31.78,34.55,56.39,2.8,27.87,1.6
2023,5,Fiji,4.64,200.44,25894.03,996.08,37.71,40.99,49.36,2.5,24.95,1.04
2023,5,Kiribati,6.75,339.75,36624.03,1529.93,60.69,65.97,72.7,3.63,34.92,1.51
2023,5,Marshall Islands,2.02,123.88,11431.96,493.72,20.93,22.76,22.43,1.13,10.85,1.31
2023,5,Micronesia,11.38,2099.49,156707.58,7257.71,335.2,364.35,319.11,15.8,175.68,84.52
2023,5,Nauru,0.72,38.23,4079.11,174.02,6.66,7.23,7.9,0.4,3.78,0.13
2023,5,Niue,0.35,18.69,3046.82,113.85,3.91,4.25,5.95,0.3,3.06,0.41
2023,5,Palau,3.68,616.96,45781.89,2151.07,98.75,107.34,93.45,4.6,53.39,30.55
2023,5,Papua New Guinea,32.96,5498.35,406851.43,19022.74,890.06,967.46,840.35,41.32,468.41,230.72
2023,5,Samoa,0.3,13.36,1648.22,64.8,2.51,2.73,3.25,0.16,1.6,0.05
2023,5,Solomon Islands,3.14,322.93,24968.77,1175.73,53.49,58.14,51.71,2.54,24.72,0.9
2023,5,Tokelau,0.13,9.16,988.4,41.49,1.59,1.73,1.86,0.09,0.87,0.03
2023,5,Tonga,1.01,59.56,7590.86,295.21,11.38,12.36,14.9,0.75,7.56,0.64
2023,5,Tuvalu,0.75,29.98,3620.57,148.86,5.6,6.09,7.02,0.35,3.43,0.12
2023,5,Vanuatu,2.25,130.47,13954.83,557.71,23.02,25.03,26.81,1.36,13.56,0.45
2023,6,Cook Islands,4.19,119.94,27011.81,1000.69,29.28,31.83,53.18,2.62,26.07,0.91
2023,6,Fiji,5.04,154.52,28380.05,1086.01,34.42,37.42,56.04,2.77,27.5,0.95
2023,6,Kiribati,7.25,313.88,35239.55,1470.26,56.75,61.68,69.51,3.47,33.57,1.16
2023,6,Marshall Islands,2.37,118.24,10307.58,441.8,19.63,21.33,20.26,1.03,9.68,0.33
2023,6,Micronesia,10.8,2056.98,152364.81,7177.88,334.37,363.45,314.67,15.52,172.45,81.33
2023,6,Nauru,0.43,23.31,1786.74,78.05,3.67,3.98,3.41,0.17,1.69,0.06
2023,6,Niue,0.25,21.1,2217.03,90.73,3.8,4.13,4.42,0.22,2.19,0.07
2023,6,Palau,3.25,733.49,50906.03,2457.07,116.86,127.02,106.2,5.2,58.63,27.44
2023,6,Papua New Guinea,33.78,5931.94,428529.46,20160.21,954.51,1037.51,885.07,43.58,489.94,227.74
2023,6,Samoa,0.49,12.77,1760.23,69.08,2.51,2.73,3.52,0.17,1.72,0.06
2023,6,Solomon Islands,3.3,336.29,25676.94,1187.2,55.32,60.13,52.65,2.6,25.29,0.97
2023,6,Tokelau,0.25,10.23,1471.58,58.74,2,2.17,2.88,0.14,1.39,0.05
2023,6,Tonga,1.33,60.84,9649.32,371.68,12.75,13.86,19.29,0.95,9.49,0.33
2023,6,Tuvalu,0.71,18.06,2196.87,90.93,3.37,3.66,4.29,0.22,2.1,0.07
2023,6,Vanuatu,1.94,107.5,10979.43,446.12,18.87,20.51,21.56,1.08,10.78,0.36
2023,7,Cook Islands,4.28,122.67,30709.87,1126.39,31.63,34.38,59.96,2.98,29.42,1.02
2023,7,Fiji,8.75,267.66,40876.87,1526.32,53.41,58.06,77.78,3.93,39.24,1.33
2023,7,Kiribati,5.99,275.41,33570.73,1374.53,51.27,55.73,66.48,3.31,31.8,1.12
2023,7,Marshall Islands,2.68,135.15,13102.95,552.48,23.06,25.07,25.88,1.3,13.32,3.76
2023,7,Micronesia,10.5,2122.6,153853.58,7197.15,342.44,372.22,317.52,15.64,172.78,77.85
2023,7,Nauru,0.52,31.99,2764.98,124.05,5.3,5.76,5.48,0.27,2.63,0.09
2023,7,Niue,0.43,25.26,3674.65,146.01,5.11,5.55,7.24,0.36,3.58,0.12
2023,7,Palau,3.22,598.99,44779.12,2040.96,95.8,104.13,90.93,4.45,52.48,32.99
2023,7,Papua New Guinea,32.23,5544.31,404377.35,18976.23,893.15,970.82,835.26,41.04,464.3,225.57
2023,7,Samoa,0.5,14.06,1787.54,71.34,2.69,2.93,3.59,0.18,1.76,0.06
2023,7,Solomon Islands,3.5,290.77,24006.17,1098.55,48.68,52.91,49.46,2.42,23.63,0.81
2023,7,Tokelau,0.17,14.1,1415.65,61.84,2.53,2.75,2.91,0.14,1.38,0.05
2023,7,Tonga,2.25,93.35,12813.6,482.93,18.02,19.59,24.68,1.24,12.46,0.42
2023,7,Tuvalu,0.44,25.76,2162.76,97.5,4.33,4.71,4.41,0.22,2.11,0.07
2023,7,Vanuatu,2.75,122.68,13405.22,529.93,21.65,23.53,25.5,1.3,12.97,0.43
2023,8,Cook Islands,3.86,118.14,28297.35,1032.42,29.67,32.25,55.37,2.74,27.21,0.95
2023,8,Fiji,8.15,253.14,41891.79,1552.25,52.17,56.71,79.68,4.03,40.15,1.37
2023,8,Kiribati,6.19,280.64,30855.17,1275.64,50.74,55.16,61.46,3.07,29.54,1.21
2023,8,Marshall Islands,2.81,177.29,16566.13,697.01,29.93,32.53,32.88,1.68,15.95,1.74
2023,8,Micronesia,11.99,1988.17,146088.25,6783.7,321.46,349.41,304.27,14.9,170.6,91.15
2023,8,Nauru,0.89,33.26,2759.89,118.8,5.41,5.88,5.44,0.27,2.61,0.09
2023,8,Niue,0.4,20.15,3365.62,127.18,4.28,4.65,6.53,0.33,3.26,0.11
2023,8,Palau,3.33,645.03,47218.3,2190.28,103.22,112.2,97.68,4.77,56.62,34.17
2023,8,Papua New Guinea,33.78,5335.73,392516.04,18323.4,860.49,935.32,816.91,39.95,465.58,252.85
2023,8,Samoa,0.42,16.79,2003.97,81.62,3.16,3.44,4.08,0.2,1.98,0.07
2023,8,Solomon Islands,3.8,270.34,22195.12,1012.26,45.21,49.14,46.09,2.24,21.9,0.75
2023,8,Tokelau,0.16,7.38,1111.38,47.42,1.56,1.7,2.29,0.11,1.07,0.04
2023,8,Tonga,1.41,75.89,10407.89,399.52,14.69,15.96,20.07,1.01,10.09,0.34
2023,8,Tuvalu,0.23,14,1259.09,51.92,2.38,2.59,2.5,0.13,1.21,0.04
2023,8,Vanuatu,2.54,121.56,15313.48,590.43,22.58,24.54,29.51,1.48,14.88,0.5
2023,9,Cook Islands,2.53,135.33,20565.34,797.86,27.58,29.98,40.37,2.01,19.8,0.68
2023,9,Fiji,7.05,231.2,40348.21,1514.44,49.45,53.75,78.28,3.9,38.91,1.34
2023,9,Kiribati,6.55,300.9,33348.27,1397.89,54.36,59.09,66.32,3.31,31.71,1.11
2023,9,Marshall Islands,2.73,119.57,13208.3,549.17,21.45,23.31,26.29,1.32,13.28,3.7
2023,9,Micronesia,11.77,1967.07,146570.92,6756.31,318.28,345.95,300.78,14.8,167.01,87.39
2023,9,Nauru,0.55,26.48,2096.77,91.98,4.19,4.56,3.96,0.2,1.98,0.07
2023,9,Niue,0.32,23.03,3046.18,123.45,4.52,4.91,6.12,0.3,2.97,0.1
2023,9,Palau,2.93,560,41061.65,1965.45,89.85,97.66,86.64,4.23,51.75,30.79
2023,9,Papua New Guinea,32.97,5151.94,379915.84,17617.02,828.49,900.53,781.87,38.36,441.38,234.22
2023,9,Samoa,0.47,18.88,2121.88,86.43,3.47,3.77,4.3,0.21,2.09,0.07
2023,9,Solomon Islands,3.86,273.01,24427.1,1103.33,47.02,51.11,50.59,2.47,23.99,0.83
2023,9,Tokelau,0.17,9.11,1001.8,40.89,1.65,1.8,2,0.1,0.97,0.03
2023,9,Tonga,1.19,60.26,8583.44,337.12,12.08,13.13,17.11,0.85,8.41,0.29
2023,9,Tuvalu,0.28,13.4,1956.64,77.75,2.67,2.9,3.73,0.19,1.83,0.06
2023,9,Vanuatu,3.17,122.26,17468,655.71,23.8,25.87,33.39,1.68,16.9,0.57
2023,10,Cook Islands,3.52,244.16,26381.82,1001.95,40.6,44.13,48.6,2.54,24.57,0.83
2023,10,Fiji,6.94,334.15,40808.1,1582.01,61.34,66.68,77.57,3.94,39.32,1.32
2023,10,Kiribati,10.35,551.17,51445.26,2070.01,90.99,98.91,97.71,5.07,48.39,1.66
2023,10,Marshall Islands,4.21,164.13,14901.26,639.89,27.72,30.13,29.79,1.49,14.81,3.11
2023,10,Micronesia,13.07,2219.45,169159.62,7797.85,360.35,391.68,349.8,17.25,198.77,110.48
2023,10,Nauru,0.33,27.45,1861.94,86.15,4.27,4.64,3.71,0.18,1.82,0.06
2023,10,Niue,0.45,38.74,3397.1,134.39,6.35,6.91,6.34,0.33,3.26,0.11
2023,10,Palau,3.22,563.89,44367.38,2023.2,90.61,98.49,88.68,4.42,53.84,36.11
2023,10,Papua New Guinea,35.01,5494.57,412065.39,19119.82,889.14,966.45,853.25,41.91,492.2,277.68
2023,10,Samoa,0.65,25.75,2502.83,100.43,4.46,4.85,5.01,0.25,2.48,0.08
2023,10,Solomon Islands,3.48,306.46,28043.66,1248.27,52.8,57.39,56.99,2.81,27.37,0.94
2023,10,Tokelau,0.13,10.05,925.17,39.14,1.66,1.8,1.74,0.09,0.87,0.03
2023,10,Tonga,2.13,171.65,15598.75,593.26,28.36,30.83,28.52,1.51,15.03,0.49
2023,10,Tuvalu,0.83,42.32,4531.43,190.32,7.54,8.2,8.85,0.45,4.31,0.15
2023,10,Vanuatu,2.33,117.92,13841.68,524.93,21.07,22.91,25.91,1.33,13.27,0.44
2023,11,Cook Islands,2.38,189.32,18286.71,757.57,32.32,35.14,35.24,1.78,17.59,0.59
2023,11,Fiji,4.8,228.64,25365.36,1006.62,40.87,44.43,48.64,2.47,24.53,0.83
2023,11,Kiribati,7.95,376.63,41295.52,1687.4,67.29,73.14,80.93,4.07,39.1,1.36
2023,11,Marshall Islands,2.86,138.47,12714.14,531.27,22.84,24.82,24.52,1.25,11.63,0.41
2023,11,Micronesia,13.46,2293.11,170144.7,7970.1,372.33,404.71,357.89,17.54,204.07,111.46
2023,11,Nauru,0.62,41.74,3039.9,140.66,6.33,6.88,6.16,0.3,2.86,0.1
2023,11,Niue,0.35,32.55,2271.44,91.11,5.04,5.48,4.13,0.22,2.24,0.07
2023,11,Palau,3.18,538.61,39283.01,1808.04,85.3,92.72,79.41,3.9,46.05,29.96
2023,11,Papua New Guinea,34.94,5721.55,423273.39,19814.43,927.17,1007.79,881.56,43.22,500.25,272.17
2023,11,Samoa,0.96,31.77,2460.26,107.22,5.36,5.82,5.45,0.25,2.57,0.09
2023,11,Solomon Islands,3.38,297.38,25536.08,1146.09,50.17,54.53,52.23,2.58,24.88,0.86
2023,11,Tokelau,0.37,17.25,1402.15,61.33,2.78,3.02,2.66,0.14,1.34,0.04
2023,11,Tonga,1.2,83.55,7804.95,302.41,13.82,15.02,14.23,0.75,7.46,0.24
2023,11,Tuvalu,1.67,54.67,7429.26,306.56,10.66,11.59,14.7,0.74,7.06,0.25
2023,11,Vanuatu,2.31,121.98,12485.88,484.48,19.9,21.63,23.6,1.21,11.69,0.4
2023,12,Cook Islands,2.66,195.24,16055.35,727.56,32.54,35.36,32.42,1.62,15.72,0.53
2023,12,Fiji,4.56,287.28,24700.23,1028.31,44.32,48.18,46.72,2.41,22.93,0.78
2023,12,Kiribati,6.94,398.58,38722.64,1674.39,67.02,72.85,75.69,3.83,36.28,1.26
2023,12,Marshall Islands,2.91,184.82,15951.02,705.3,30.6,33.27,31.1,1.58,15.57,1.72
2023,12,Micronesia,11.21,2135.11,164125.13,7561.96,345.62,375.67,333.82,16.54,186.51,95.74
2023,12,Nauru,0.45,28.68,2192.54,100.05,4.66,5.06,4.35,0.22,2.12,0.07
2023,12,Niue,0.23,39.64,2534.53,123.63,6.25,6.79,5.21,0.26,2.53,0.08
2023,12,Palau,3.34,570.72,39537.27,1883.37,89.88,97.7,80.69,3.98,44.37,18.96
2023,12,Papua New Guinea,32.98,5432.4,404316.38,18867.09,880.09,956.62,833.82,41.05,467.17,234.66
2023,12,Samoa,0.7,22.53,1885.27,84.27,3.83,4.17,4.01,0.19,1.91,0.07
2023,12,Solomon Islands,3.05,374.12,30010.16,1377.73,61.67,67.04,60.86,3,29.6,4.02
2023,12,Tokelau,0.44,24.82,1994.51,93.33,4.15,4.51,4.09,0.2,1.95,0.07
2023,12,Tonga,0.56,74.4,5231.03,247.87,12,13.04,10.72,0.54,5.21,0.18
2023,12,Tuvalu,1.8,87.83,9483.29,373.42,13.45,14.62,17.27,0.91,8.29,0.29
2023,12,Vanuatu,3.89,186.63,20976.47,800.21,30.89,33.58,39.26,2.03,19.37,0.85
2024,1,Cook Islands,2.25,195.5,17107.25,744.42,32.77,35.62,33.47,1.71,16.61,0.56
2024,1,Fiji,3.96,235.69,21553.1,901.83,39.67,43.12,41.09,2.12,20.96,0.69
2024,1,Kiribati,6.76,508.77,42302.06,1920.89,85.3,92.72,84.77,4.28,41.14,1.4
2024,1,Marshall Islands,4.05,367.77,28841.14,1338.86,58.95,64.08,57.48,2.91,28.58,2.66
2024,1,Micronesia,12,2196.65,161583.72,7469.63,350,380.43,329.54,16.29,182.84,90.36
2024,1,Nauru,0.39,24.97,1864.65,85.15,4.06,4.41,3.72,0.19,1.82,0.06
2024,1,Niue,0.14,27.01,1795.81,81.84,4.28,4.66,3.59,0.18,1.79,0.06
2024,1,Palau,3.46,536.07,38910.17,1774.33,84.11,91.43,77.6,3.83,44.68,27.45
2024,1,Papua New Guinea,34.49,5403.23,406126.62,18864.3,877.01,953.27,835.79,41.13,469.89,248.04
2024,1,Samoa,0.88,23.48,1920.14,81.01,3.82,4.15,3.79,0.19,1.89,0.06
2024,1,Solomon Islands,2.9,318.96,24954.32,1173.52,53.21,57.84,51.89,2.56,25.28,2.2
2024,1,Tokelau,0.22,20.89,1518,66.34,3.31,3.6,2.89,0.15,1.47,0.05
2024,1,Tonga,0.54,68.95,5070.47,230.91,11.12,12.09,10.06,0.51,5.01,0.17
2024,1,Tuvalu,1.72,67.18,8076.37,326.22,12.33,13.4,15.4,0.79,7.56,0.26
2024,1,Vanuatu,3.72,210.13,21901.99,839.97,32.78,35.64,39.28,2.12,19.88,0.67
2024,2,Cook Islands,2.36,203.8,17179.13,724.54,31.54,34.28,32.13,1.69,16.01,0.54
2024,2,Fiji,5.56,384.42,31414.05,1280.01,62.05,67.44,57.73,3.09,30.27,0.99
2024,2,Kiribati,6.24,451.19,37815.84,1655.05,70.81,76.97,72.83,3.75,35.11,1.26
2024,2,Marshall Islands,3.1,215.95,17653.96,791.16,35.58,38.67,35.33,1.77,16.88,0.58
2024,2,Micronesia,13.73,1868.7,144873.04,6537.81,301.86,328.11,295.47,14.62,167.48,85.71
2024,2,Nauru,1.17,31.82,3848.74,165.96,6.06,6.58,7.85,0.39,3.67,0.24
2024,2,Niue,0.22,30.83,1928.12,84.29,4.6,5,3.57,0.19,1.87,0.06
2024,2,Palau,2.89,459.17,33595.48,1556.15,72.71,79.03,69.14,3.4,41.02,24.53
2024,2,Papua New Guinea,30.56,4880.49,368248.6,16801.12,789.71,858.38,753.99,37.11,425.6,227.36
2024,2,Samoa,1.07,29.71,2203.82,92.4,4.68,5.09,4.25,0.22,2.15,0.07
2024,2,Solomon Islands,2.69,264.07,22464.48,1008.73,42.67,46.38,44.69,2.25,21.71,1.68
2024,2,Tokelau,0.11,15.92,1162.31,52.36,2.55,2.77,2.25,0.12,1.12,0.04
2024,2,Tonga,0.9,80.74,5562.36,227.71,12.31,13.38,10.1,0.54,5.32,0.17
2024,2,Tuvalu,1.33,42.81,4434.82,176.1,7.37,8.01,8.21,0.43,4.16,0.14
2024,2,Vanuatu,2.79,131.66,16230.12,621.99,24.14,26.23,30.23,1.6,15.57,0.52
2024,3,Cook Islands,2.61,199.3,22204.13,937.32,35.91,39.04,42.71,2.2,21.29,0.72
2024,3,Fiji,4.86,260.68,24034.43,1001.83,44.35,48.21,46.71,2.4,23.54,0.78
2024,3,Kiribati,5.33,344.5,34417.25,1466.8,59.81,65.01,67.29,3.41,33.11,1.67
2024,3,Marshall Islands,2.38,155.24,14254.42,611.16,26.12,28.4,28.17,1.41,15.09,6.18
2024,3,Micronesia,16.71,2195.18,172383.66,7822.03,355.88,386.83,352.05,17.44,200.39,112.82
2024,3,Nauru,0.32,26.7,1993.9,89.19,4.3,4.68,3.95,0.2,1.93,0.07
2024,3,Niue,0.25,46.74,3063.29,137.34,7.31,7.95,5.99,0.31,3.04,0.1
2024,3,Palau,3.86,597.68,41160.75,1972.65,94.16,102.35,84.05,4.15,45.01,15.48
2024,3,Papua New Guinea,36.24,5404.96,405059.92,18733.86,872.48,948.35,837.53,41.3,480.19,270.8
2024,3,Samoa,0.89,33.58,2549.04,116.09,5.51,5.99,5.23,0.26,2.54,0.09
2024,3,Solomon Islands,4.06,363.42,27819.05,1288.23,58.62,63.72,56.82,2.83,27.13,0.93
2024,3,Tokelau,0.14,10.46,977.34,43.01,1.79,1.95,1.91,0.1,0.94,0.03
2024,3,Tonga,0.64,78.43,5538.65,244.9,12.37,13.45,10.68,0.55,5.41,0.18
2024,3,Tuvalu,1.46,59.34,7097.89,294.94,11.01,11.96,13.91,0.71,6.61,0.23
2024,3,Vanuatu,2.41,147.92,15358.69,629.6,26.24,28.52,30.05,1.54,15.02,0.51
2024,4,Cook Islands,3.02,224.33,23099.15,946.37,37.74,41.03,43.13,2.27,21.67,0.73
2024,4,Fiji,5.09,273.11,25555.57,1050.22,46.4,50.43,48.63,2.54,24.85,0.82
2024,4,Kiribati,7.7,415.93,48683.29,1960.03,73.36,79.74,92.21,4.83,46.07,2.06
2024,4,Marshall Islands,1.52,103.9,10941.71,455.22,18.12,19.7,21.58,1.08,12.08,6.1
2024,4,Micronesia,15.19,2126.21,163151.81,7561.12,346.11,376.2,335.91,16.62,188.88,94.46
2024,4,Nauru,0.56,21.55,1597.84,77.54,3.52,3.83,3.26,0.16,1.56,0.05
2024,4,Niue,0.25,34.11,2385.11,101.5,5.3,5.76,4.37,0.23,2.28,0.07
2024,4,Palau,2.66,567.8,39817.54,1894.97,90.29,98.14,81.7,4.03,45.26,21.3
2024,4,Papua New Guinea,34.94,5333.83,397016.64,18566.25,863.77,938.88,819.43,40.47,464.88,238.57
2024,4,Samoa,0.82,31.49,2329.81,98.44,5.01,5.44,4.56,0.23,2.29,0.08
2024,4,Solomon Islands,4.24,342.09,28341.67,1309.1,57.53,62.53,57.61,2.88,27.78,0.95
2024,4,Tokelau,0.3,31.83,2549.85,109.28,5.16,5.6,4.71,0.25,2.46,0.08
2024,4,Tonga,0.73,90.98,6242.57,270.22,14.23,15.46,11.82,0.62,6.11,0.2
2024,4,Tuvalu,0.88,46.22,5483.41,238.2,8.56,9.3,10.7,0.55,5.07,0.18
2024,4,Vanuatu,1.71,120.05,10920.17,456.59,20.2,21.96,20.88,1.09,10.62,0.35
2024,5,Cook Islands,3.64,152.35,29372.57,1151.9,34.04,37,55.97,2.89,28.06,0.95
2024,5,Fiji,5.03,184.83,26066.5,1031.92,36.05,39.18,49.4,2.56,25.12,0.84
2024,5,Kiribati,5.98,254.01,40993.83,1643.83,52.54,57.11,79.41,4.05,38.96,1.34
2024,5,Marshall Islands,1.44,117.55,10722.65,470.67,19.97,21.71,21.49,1.08,10.51,0.59
2024,5,Micronesia,12.71,2031.66,157990.28,7262.88,331.9,360.76,324.98,16.09,185.5,100.13
2024,5,Nauru,0.12,15.61,1184.05,54.54,2.54,2.76,2.41,0.12,1.15,0.04
2024,5,Niue,0.37,22.89,3401.65,134.83,4.58,4.97,6.46,0.33,3.29,0.11
2024,5,Palau,4.87,699.13,48253.01,2294.95,110.3,119.89,97.66,4.83,52.08,19.79
2024,5,Papua New Guinea,38.4,5536.39,407383.43,18968.47,889.27,966.6,833.16,41.15,467.45,229.4
2024,5,Samoa,0.42,16.67,1447.65,63.58,2.82,3.07,2.94,0.15,1.44,0.05
2024,5,Solomon Islands,4.17,325.41,26129.65,1196.8,53.67,58.33,52.42,2.62,25.43,0.86
2024,5,Tokelau,0.14,7.15,1061.36,45.11,1.46,1.58,2.15,0.11,1.03,0.04
2024,5,Tonga,0.94,58.21,7489.75,309.49,11.11,12.07,14.53,0.74,7.29,0.24
2024,5,Tuvalu,0.75,31.97,3930.38,167.7,6.07,6.6,7.82,0.4,3.75,0.13
2024,5,Vanuatu,1.77,133.9,11279.53,465.14,21.72,23.61,20.91,1.1,10.92,0.36
2024,6,Cook Islands,2.88,125.2,19439.98,775.76,25.18,27.37,36.92,1.9,18.52,0.62
2024,6,Fiji,7.18,189.59,36167.88,1400.84,42.13,45.79,68.74,3.56,34.84,1.17
2024,6,Kiribati,4.75,246.78,31844.63,1335.4,46.82,50.89,62.25,3.16,30.36,1.04
2024,6,Marshall Islands,1.23,103.34,9772.01,441.88,17.9,19.45,19.84,1,9.85,0.87
2024,6,Micronesia,11.87,2044.62,154961.9,7241.49,332.68,361.61,319.28,15.78,176.9,85.8
2024,6,Nauru,0.3,14.25,1475.23,67.7,2.54,2.76,2.99,0.15,1.39,0.05
2024,6,Niue,0.34,14.63,2943.92,113.57,3.34,3.63,5.56,0.29,2.82,0.09
2024,6,Palau,3.76,601,44931.13,2072.07,96.81,105.23,92.8,4.54,54.77,37.43
2024,6,Papua New Guinea,36.9,5517.66,407446.8,19014.72,892.74,970.37,844.22,41.52,473.56,239.15
2024,6,Samoa,0.37,16.02,1567.02,66.44,2.78,3.02,3.16,0.16,1.56,0.05
2024,6,Solomon Islands,3.65,266.8,22331.92,1028.39,44.96,48.87,45.48,2.26,21.91,0.75
2024,6,Tokelau,0.07,6.6,632.42,29.34,1.16,1.26,1.29,0.06,0.61,0.02
2024,6,Tonga,1.58,55.62,10261.11,408.87,12.25,13.31,19.74,1.02,9.96,0.34
2024,6,Tuvalu,0.5,28.92,2900.85,123.47,4.98,5.41,5.64,0.29,2.76,0.09
2024,6,Vanuatu,2.24,110.22,11857.56,505.02,19.65,21.36,23.08,1.18,11.59,0.39
2024,7,Cook Islands,2.52,127.49,19062.78,768.18,25.59,27.82,36.89,1.89,18.34,0.62
2024,7,Fiji,9.35,238.22,42397.31,1620.82,50.79,55.21,79.66,4.15,40.79,1.36
2024,7,Kiribati,6.27,274.86,32990.81,1395.62,51.28,55.74,65.3,3.3,31.65,1.09
2024,7,Marshall Islands,2.02,133.31,11223.35,497.49,22.22,24.15,22.5,1.13,10.76,0.37
2024,7,Micronesia,12.88,2068.42,153230.55,7233.07,336.01,365.23,317.43,15.67,172.98,73.73
2024,7,Nauru,0.53,20.96,1904.82,88.8,3.61,3.93,3.85,0.19,1.83,0.06
2024,7,Niue,0.26,23.84,2556.65,104.65,4.18,4.54,4.84,0.25,2.47,0.08
2024,7,Palau,3.09,619.63,46557.52,2158.19,99.33,107.97,93.97,4.66,53.54,28.7
2024,7,Papua New Guinea,34.8,5358.07,400459.35,18664.34,866.48,941.83,825.87,40.58,464.64,242.36
2024,7,Samoa,0.3,14.38,1433.12,59.74,2.5,2.72,2.82,0.14,1.4,0.05
2024,7,Solomon Islands,3.38,258.16,22927.22,1031.23,44.13,47.97,46.37,2.32,22.46,0.76
2024,7,Tokelau,0.1,11.15,991.4,44.05,1.92,2.09,2.01,0.1,0.97,0.03
2024,7,Tonga,1.49,66.28,8672.62,343.03,12.45,13.53,16.34,0.85,8.39,0.28
2024,7,Tuvalu,0.63,18.59,3220.58,126.46,3.99,4.33,6.26,0.32,3.09,0.11
2024,7,Vanuatu,2.42,147.86,15504.13,606.83,25.25,27.44,28.31,1.5,14.89,0.49
2024,8,Cook Islands,2.85,139.17,21382.44,843.38,28.06,30.5,40.65,2.1,20.49,0.69
2024,8,Fiji,9.8,272.86,44849.5,1711.86,55.79,60.64,83.48,4.36,43.01,1.43
2024,8,Kiribati,5.85,280.88,30542.08,1313.41,50.54,54.94,60.56,3.06,29.37,1.01
2024,8,Marshall Islands,1.3,111.2,9967.41,437.62,18.95,20.6,20.23,1.01,9.58,0.52
2024,8,Micronesia,11.94,2129.98,156586.32,7307.5,345.7,375.76,325.97,16.02,180.27,91.12
2024,8,Nauru,0.69,26.89,2565.34,113.87,4.65,5.05,5.1,0.26,2.46,0.09
2024,8,Niue,0.36,22.55,3303.85,130.14,4.47,4.86,6.26,0.33,3.18,0.11
2024,8,Palau,3.01,575.66,42366.5,1999.19,92.39,100.42,88.35,4.34,52.21,31.13
2024,8,Papua New Guinea,33.33,5364.91,404074.54,18770.6,871.22,946.98,839.31,41.25,480.77,265.22
2024,8,Samoa,0.49,25.45,2094.1,91.41,4.31,4.68,4.42,0.21,2.13,0.07
2024,8,Solomon Islands,3.24,273.28,23204.44,1042.16,45.97,49.96,46.83,2.34,22.93,0.96
2024,8,Tokelau,0.13,6.63,1051.68,42.14,1.35,1.47,2,0.1,0.96,0.03
2024,8,Tonga,1.87,94.14,11354.29,447.82,16.95,18.42,20.89,1.1,10.88,0.36
2024,8,Tuvalu,0.89,31.51,5806.3,224.53,6.9,7.5,11.19,0.57,5.57,0.19
2024,8,Vanuatu,2.07,140.83,14785.29,618.26,24.89,27.05,28.4,1.47,14.49,0.48
2024,9,Cook Islands,2.6,141.65,19047.64,782.51,27.47,29.86,36.95,1.89,18.38,0.62
2024,9,Fiji,8.06,239.85,39730.44,1536.48,49.56,53.87,74.62,3.89,38.22,1.28
2024,9,Kiribati,5.4,327.75,32894.18,1447.03,57.29,62.27,65.04,3.29,31.45,1.08
2024,9,Marshall Islands,1.78,137.98,12098.05,532.14,23.04,25.05,23.95,1.2,11.34,0.8
2024,9,Micronesia,10.82,2150.08,161466.16,7453.51,349.1,379.45,333.37,16.43,187.51,101.55
2024,9,Nauru,0.49,27.37,2455.08,108.98,4.68,5.09,4.97,0.25,2.36,0.08
2024,9,Niue,0.45,20.69,3852.42,148.19,4.6,5,7.28,0.38,3.72,0.12
2024,9,Palau,3.17,545.41,42236.35,1916,88.46,96.15,88.39,4.32,55.09,41.91
2024,9,Papua New Guinea,35.45,5391.05,407980.8,18722.76,876.29,952.48,848.14,41.54,491.38,292.8
2024,9,Samoa,0.44,9.96,1131.4,46.75,1.89,2.06,2.41,0.12,1.15,0.04
2024,9,Solomon Islands,3.43,245.13,21801.79,977.09,42.07,45.72,44.2,2.21,21.52,0.81
2024,9,Tokelau,0.13,18.01,1408.11,65.38,3.02,3.28,2.91,0.14,1.38,0.05
2024,9,Tonga,1.34,43.07,7895.76,310.63,9.49,10.32,15.2,0.78,7.66,0.26
2024,9,Tuvalu,1.33,29.38,8587.34,326.77,8.27,8.99,16.67,0.85,8.24,0.29
2024,9,Vanuatu,2.5,145.33,14912.98,592.27,24.8,26.96,27.37,1.45,14.34,0.47
2024,10,Cook Islands,2.37,198.43,18917.53,779.4,33.93,36.88,36.25,1.89,18.28,0.61
2024,10,Fiji,8.41,262.64,48309.6,1819.43,56.67,61.6,89.25,4.7,46.11,1.54
2024,10,Kiribati,5.73,372.86,35904.39,1545.82,64.59,70.21,70.68,3.61,34.63,1.18
2024,10,Marshall Islands,1.65,155.81,13628.25,584.77,25.7,27.94,26.48,1.37,13.16,0.59
2024,10,Micronesia,12.37,2196.41,165153.92,7652.81,357.93,389.05,342.53,16.89,189.39,91.7
2024,10,Nauru,0.51,18.85,2055.71,92.26,3.44,3.74,4.11,0.21,1.95,0.07
2024,10,Niue,0.33,25.83,2645.17,103.71,4.45,4.83,4.89,0.26,2.56,0.08
2024,10,Palau,3.23,582.86,43196.78,2023.69,93.61,101.75,89.09,4.38,50.98,25.91
2024,10,Papua New Guinea,34.27,5577.13,422045.81,19468.91,905.83,984.6,868.96,42.86,491.59,258.78
2024,10,Samoa,0.98,39.46,3138,126.43,6.49,7.05,6.35,0.31,3.18,0.11
2024,10,Solomon Islands,3.87,310.07,28640.64,1290.21,53.94,58.63,57.88,2.91,28.04,0.96
2024,10,Tokelau,0.15,18.85,1332.18,55.68,2.83,3.08,2.33,0.13,1.24,0.04
2024,10,Tonga,2.3,142.77,15698.86,597.86,24.64,26.79,28,1.51,14.97,0.49
2024,10,Tuvalu,1.01,29.12,6385.64,247.2,7.05,7.67,12.39,0.63,6.15,0.21
2024,10,Vanuatu,3.16,142.69,19440.76,755.07,27.19,29.55,36.14,1.89,18.65,0.62
2024,11,Cook Islands,1.78,165.58,14197.52,605.95,26.99,29.34,26.7,1.38,13.51,0.45
2024,11,Fiji,5.17,227.48,28628.66,1091.42,41.84,45.48,52.44,2.76,27.42,0.9
2024,11,Kiribati,5.59,346.45,37602.29,1598.54,62.03,67.43,73.3,3.74,35.74,1.32
2024,11,Marshall Islands,2.04,192.67,16519.28,726.48,31.79,34.55,31.95,1.64,15.9,1.11
2024,11,Micronesia,11.39,2268.13,169362.91,7870.08,367.03,398.95,347.83,17.24,192.93,87.92
2024,11,Nauru,0.36,25.88,2178.5,99.79,4.36,4.74,4.4,0.22,2.12,0.07
2024,11,Niue,0.24,29.94,2228.49,93.96,4.7,5.11,4.14,0.22,2.15,0.07
2024,11,Palau,3.53,608.29,44296.31,2089.11,97.69,106.18,93.08,4.57,54.97,32.31
2024,11,Papua New Guinea,31.3,5559.71,418532.73,19453.91,903.31,981.86,868.34,42.78,497.69,268.48
2024,11,Samoa,0.4,30.72,2211.23,88.49,4.72,5.14,3.94,0.21,2.13,0.07
2024,11,Solomon Islands,3.91,317.77,29411.94,1311.53,55.25,60.05,59.07,2.97,28.8,1.24
2024,11,Tokelau,0.2,23.03,1588.55,65.57,3.46,3.77,2.77,0.15,1.45,0.05
2024,11,Tonga,0.96,84.98,8319.48,350.23,14.52,15.78,15.53,0.81,8,0.26
2024,11,Tuvalu,0.8,30.26,4879.76,195.44,6.34,6.89,9.49,0.48,4.66,0.16
2024,11,Vanuatu,3.02,118.41,17717.5,696.8,23.78,25.85,33.91,1.74,17.06,0.58
2024,12,Cook Islands,1.27,132.64,10968.46,507.4,21.95,23.85,21.83,1.1,10.47,0.36
2024,12,Fiji,3.94,210.21,23165.3,963.87,37.94,41.24,45.34,2.3,23.39,3.28
2024,12,Kiribati,5.82,438.18,42602.94,1924.22,75.94,82.55,84.92,4.27,40.79,3.21
2024,12,Marshall Islands,2.24,231.96,18089.3,832.48,37.97,41.28,36.52,1.83,17.42,0.6
2024,12,Micronesia,10.95,2146.4,163042.57,7494.06,347.88,378.13,335.45,16.58,191.87,102.99
2024,12,Nauru,0.28,23.7,2323.25,104.52,4.18,4.54,4.73,0.23,2.24,0.08
2024,12,Niue,0.16,30.82,2023.36,100.96,4.92,5.35,4.19,0.21,2.04,0.07
2024,12,Palau,3.1,609.57,43372.25,2076.89,97.08,105.52,90.64,4.46,52.16,25.04
2024,12,Papua New Guinea,30.99,5568.55,423972.93,19571.01,905.71,984.47,876.15,43.14,502.79,276.45
2024,12,Samoa,0.34,15.87,1408.34,60.41,2.71,2.94,2.93,0.14,1.5,0.33
2024,12,Solomon Islands,3.61,331.77,28112.92,1255.01,54.76,59.52,56.23,2.84,27.67,2.37
2024,12,Tokelau,0.09,11.37,972.84,46.63,1.83,1.99,1.86,0.09,0.91,0.2
2024,12,Tonga,0.66,103.05,7138.04,335.12,16.55,17.99,14.56,0.73,7.16,0.24
2024,12,Tuvalu,0.65,44.86,4020.11,170.87,6.56,7.13,7.37,0.39,3.53,0.12
2024,12,Vanuatu,4.19,183.34,23483.65,900.73,33.54,36.46,43.74,2.3,22.57,1.52
2025,1,Cook Islands,1.13,174.94,12306.78,588.24,28.3,30.76,25.25,1.26,12.12,0.41
2025,1,Fiji,4.33,221.24,23236.19,934.28,39.02,42.42,44.59,2.26,22.2,0.75
2025,1,Kiribati,7.31,539.97,54192.6,2344.3,97.21,105.66,110.19,5.48,53.07,2.85
2025,1,Marshall Islands,3.45,346.85,26392.32,1241.14,56.92,61.87,54.41,2.72,27.2,3.5
2025,1,Micronesia,11.81,1993.21,155808.92,7074.86,325,353.26,316.73,15.73,177.18,88.05
2025,1,Nauru,0.64,36.67,3080.38,147.8,6.23,6.77,6.37,0.31,2.96,0.1
2025,1,Niue,0.2,37.93,2510.98,120.88,6.02,6.54,5.1,0.26,2.48,0.08
2025,1,Palau,3.44,529.39,38809.7,1765.89,84.34,91.67,79.75,3.9,46.5,29.11
2025,1,Papua New Guinea,31.13,4805.79,378787.5,17105.09,786.32,854.7,774.95,38.27,452.95,277.36
2025,1,Samoa,0.34,12.77,1160.25,51.06,2.25,2.45,2.67,0.12,1.22,0.04
2025,1,Solomon Islands,3.42,309.76,24373.73,1112.28,51.26,55.72,49.4,2.46,24.51,2.96
2025,1,Tokelau,0.09,15.45,1122.59,52.96,2.56,2.78,2.34,0.12,1.12,0.04
2025,1,Tonga,0.57,86.71,6046.76,289.96,13.85,15.05,12.13,0.61,5.89,0.2
2025,1,Tuvalu,0.54,33.53,3849.32,170.84,6.25,6.8,7.81,0.39,3.8,0.75
2025,1,Vanuatu,3.75,144.63,20034.7,736.28,27.93,30.36,37.57,1.92,19.09,0.91
2025,2,Cook Islands,1.38,137.72,9555.8,425.3,21.28,23.13,18.39,0.94,9.41,0.43
2025,2,Fiji,3.9,192.34,20382.58,796.06,33.85,36.8,38.95,1.99,19.71,0.99
2025,2,Kiribati,5.63,380.63,41050.02,1726.71,68.29,74.23,81.07,4.06,39.48,1.47
2025,2,Marshall Islands,2.33,235.8,18701.75,844.52,38.64,42,37.83,1.9,18.69,1.14
2025,2,Micronesia,10.43,1736,130764.72,5986.78,278.52,302.74,264.55,13.12,147.08,70.71
2025,2,Nauru,0.47,36.99,3040.1,143.48,6.17,6.71,6.29,0.31,2.96,0.1
2025,2,Niue,0.3,29.2,1833.8,76.81,4.33,4.71,3.34,0.18,1.75,0.06
2025,2,Palau,3.46,480.4,35318.47,1610.2,76.46,83.11,73.83,3.58,44.53,30.01
2025,2,Papua New Guinea,30.64,4457.41,340545.16,15455.7,721.01,783.71,691.65,34.07,389.39,204.95
2025,2,Samoa,0.55,19.45,1446.87,55.36,3.07,3.33,2.91,0.14,1.46,0.05
2025,2,Solomon Islands,3.58,329.37,25509.23,1155.33,54.26,58.98,52.05,2.57,25.2,1.38
2025,2,Tokelau,0.22,20.68,1423.86,55.37,3.09,3.36,2.47,0.13,1.33,0.04
2025,2,Tonga,1.33,128.85,8352.65,333.46,19.46,21.15,15.31,0.82,8.07,0.26
2025,2,Tuvalu,0.57,31.78,3092,129.95,5.48,5.95,6.2,0.31,3.16,0.62
2025,2,Vanuatu,2.75,122.87,16294.38,630.5,23.87,25.94,31.73,1.6,15.76,0.94
2025,3,Cook Islands,1.51,154.58,14782.59,635.03,26.69,29.01,28.76,1.46,14.18,0.48
2025,3,Fiji,4.76,212.47,24910.87,974.94,39.25,42.66,48.39,2.45,24.02,0.82
2025,3,Kiribati,8.51,374.76,58790.44,2276.65,77.05,83.75,114.61,5.75,56.24,4.76
2025,3,Marshall Islands,3.03,249.04,20989.51,936.76,41.01,44.58,41.63,2.1,20.35,1.09
2025,3,Micronesia,14.36,2065.52,156430.16,7152.14,334.24,363.3,317.18,15.72,171.88,77.86
2025,3,Nauru,0.41,34.43,3209.24,140.55,5.88,6.39,6.35,0.32,2.98,0.11
2025,3,Niue,0.12,25.14,1688.69,81.07,4.04,4.39,3.48,0.17,1.67,0.06
2025,3,Palau,4.13,600.57,43547.79,2034.34,96.15,104.51,90.08,4.45,52.26,28.52
2025,3,Papua New Guinea,35.03,5201.05,394546.09,18265.5,845.87,919.43,810.35,40.04,457.72,239.51
2025,3,Samoa,0.36,19.31,1649.18,67.82,3.18,3.45,3.19,0.16,1.62,0.05
2025,3,Solomon Islands,2.97,331.33,26916.52,1232,55.61,60.44,55.62,2.75,28.49,5.36
2025,3,Tokelau,0.14,11.9,1226.17,49.91,1.99,2.17,2.2,0.12,1.1,0.04
2025,3,Tonga,0.43,70.19,4881.64,231.37,11.23,12.2,9.82,0.49,4.79,0.16
2025,3,Tuvalu,0.68,41.09,3819.73,168.87,6.94,7.55,7.32,0.37,3.52,0.12
2025,3,Vanuatu,1.87,101.59,10368.72,419.11,17.69,19.23,19.83,1.01,9.92,0.34
2025,4,Cook Islands,1.94,154.62,16090.35,650.8,27.44,29.83,30.98,1.58,15.49,0.52
2025,4,Fiji,3.84,197.4,23906.07,934.4,37.04,40.27,46.28,2.34,23.08,0.79
2025,4,Kiribati,8.8,366.14,56745.6,2192.72,75.28,81.83,110.36,5.56,54.15,2.61
2025,4,Marshall Islands,3.67,191.27,17330.69,772.77,32.56,35.39,34.94,1.77,17.63,2.11
2025,4,Micronesia,13.12,2167.57,159847.28,7368.1,350.47,380.94,322.99,16.08,168.93,61.49
2025,4,Nauru,0.64,45.67,3424.42,152.22,7.39,8.03,6.72,0.34,3.33,0.11
2025,4,Niue,0.22,28.16,2206.54,94.11,4.61,5.01,4.25,0.22,2.15,0.07
2025,4,Palau,3.63,619.52,44702.6,2113.76,99.9,108.59,94.9,4.65,56.27,33.58
2025,4,Papua New Guinea,34.12,5347.94,405916.67,18634.64,870.65,946.36,834.76,41.16,473.31,260.12
2025,4,Samoa,0.54,21.19,1736.11,72.64,3.55,3.86,3.64,0.17,1.78,0.06
2025,4,Solomon Islands,3.11,333.26,26600.3,1223.25,56.04,60.91,54.74,2.72,26.41,1.62
2025,4,Tokelau,0.17,19.93,1632.06,73.78,3.36,3.65,3.26,0.17,1.59,0.05
2025,4,Tonga,0.67,85.26,6168.81,272.86,13.55,14.73,11.89,0.61,6.01,0.2
2025,4,Tuvalu,0.62,33.56,3493.54,147.99,5.97,6.49,6.75,0.35,3.31,0.11
2025,4,Vanuatu,1.92,120,11961.79,487.89,20.95,22.77,23.15,1.17,11.52,0.39
2025,5,Cook Islands,2.34,111.21,17026.38,652.79,22.71,24.69,33,1.66,16.16,0.56
2025,5,Fiji,5.54,188.61,32072.89,1163.56,40.08,43.56,61.06,3.09,30.56,1.05
2025,5,Kiribati,7.32,334.13,39887.9,1614.52,61.95,67.34,78.61,3.94,38.35,2.07
2025,5,Marshall Islands,2.17,156,15263.97,666.27,27.09,29.44,30.81,1.56,15.47,1.94
2025,5,Micronesia,11.8,2089.2,156207.47,7147.06,337.98,367.37,320.45,15.87,179.15,88.81
2025,5,Nauru,0.69,33.84,2255.09,104.14,5.26,5.72,4.39,0.22,2.19,0.07
2025,5,Niue,0.39,17.71,3164.16,118.1,3.88,4.22,6.04,0.31,3,0.1
2025,5,Palau,3.15,678.57,46730.15,2221.53,107.94,117.33,98.04,4.8,55.12,27.83
2025,5,Papua New Guinea,30.35,5228.78,391659.94,18014.87,845.54,919.06,806.47,39.77,461.39,247.94
2025,5,Samoa,0.46,16.25,1474.12,62.32,2.79,3.03,3.05,0.15,1.48,0.05
2025,5,Solomon Islands,2.83,305.41,24552.38,1123.9,51.11,55.55,50.24,2.49,24.62,2.13
2025,5,Tokelau,0.11,14.89,1317.25,59.74,2.57,2.79,2.69,0.13,1.27,0.04
2025,5,Tonga,1.18,63.84,8819.31,347.35,12.56,13.65,17.19,0.86,8.46,0.29
2025,5,Tuvalu,0.4,21.17,2179.03,92.21,3.78,4.11,4.35,0.22,2.11,0.07
2025,5,Vanuatu,2.25,114.05,14238.53,550.9,21.44,23.3,27.07,1.39,13.62,0.46